料号	品牌	我方L3	标准属性code	数据源	源端category2	源端note摘要	源数据是否有	源端字段路径	我们的窄表值	得捷核对链接	商城是否有该参数	商城值	判定结论	处理动作
42-21A/GHC-YX1Y2N-1T	A-BRIGHT	led	emission_color	icpdf	可见光 LED	1.8毫米圆微型芯片LED	N	icpdf:prajson2.颜色		https://www.digikey.cn/zh/products?keywords=42-21A/GHC-YX1Y2N-1T			upstream_missing	源端无键且窄表空，上游缺口可接受
42-21A/GHC-YX1Y2N-1T	A-BRIGHT	led	forward_voltage_v	icpdf	可见光 LED	1.8毫米圆微型芯片LED	N	icpdf:prajson2.最大正向电压		https://www.digikey.cn/zh/products?keywords=42-21A/GHC-YX1Y2N-1T			upstream_missing	源端无键且窄表空，上游缺口可接受
42-21A/GHC-YX1Y2N-1T	A-BRIGHT	led	luminous_intensity_mcd	icpdf	可见光 LED	1.8毫米圆微型芯片LED	N	icpdf:prajson2.标称发光强度		https://www.digikey.cn/zh/products?keywords=42-21A/GHC-YX1Y2N-1T			upstream_missing	源端无键且窄表空，上游缺口可接受
42-21A/GHC-YX1Y2N-1T	A-BRIGHT	led	peak_wavelength_nm	icpdf	可见光 LED	1.8毫米圆微型芯片LED	N	icpdf:prajson2.峰值波长		https://www.digikey.cn/zh/products?keywords=42-21A/GHC-YX1Y2N-1T			upstream_missing	源端无键且窄表空，上游缺口可接受
42-21SURC/S530-A4	A-BRIGHT	led	emission_color	icpdf	可见光 LED	1.8毫米回合微型SMD贴片LED灯	N	icpdf:prajson2.颜色		https://www.digikey.cn/zh/products?keywords=42-21SURC/S530-A4			upstream_missing	源端无键且窄表空，上游缺口可接受
42-21SURC/S530-A4	A-BRIGHT	led	forward_voltage_v	icpdf	可见光 LED	1.8毫米回合微型SMD贴片LED灯	N	icpdf:prajson2.最大正向电压		https://www.digikey.cn/zh/products?keywords=42-21SURC/S530-A4			upstream_missing	源端无键且窄表空，上游缺口可接受
42-21SURC/S530-A4	A-BRIGHT	led	luminous_intensity_mcd	icpdf	可见光 LED	1.8毫米回合微型SMD贴片LED灯	N	icpdf:prajson2.标称发光强度		https://www.digikey.cn/zh/products?keywords=42-21SURC/S530-A4			upstream_missing	源端无键且窄表空，上游缺口可接受
42-21SURC/S530-A4	A-BRIGHT	led	peak_wavelength_nm	icpdf	可见光 LED	1.8毫米回合微型SMD贴片LED灯	N	icpdf:prajson2.峰值波长		https://www.digikey.cn/zh/products?keywords=42-21SURC/S530-A4			upstream_missing	源端无键且窄表空，上游缺口可接受
42-21UYC/S530-A4	A-BRIGHT	led	emission_color	icpdf	可见光 LED	1.8毫米回合微型SMD贴片LED灯	N	icpdf:prajson2.颜色		https://www.digikey.cn/zh/products?keywords=42-21UYC/S530-A4			upstream_missing	源端无键且窄表空，上游缺口可接受
42-21UYC/S530-A4	A-BRIGHT	led	forward_voltage_v	icpdf	可见光 LED	1.8毫米回合微型SMD贴片LED灯	N	icpdf:prajson2.最大正向电压		https://www.digikey.cn/zh/products?keywords=42-21UYC/S530-A4			upstream_missing	源端无键且窄表空，上游缺口可接受
42-21UYC/S530-A4	A-BRIGHT	led	luminous_intensity_mcd	icpdf	可见光 LED	1.8毫米回合微型SMD贴片LED灯	N	icpdf:prajson2.标称发光强度		https://www.digikey.cn/zh/products?keywords=42-21UYC/S530-A4			upstream_missing	源端无键且窄表空，上游缺口可接受
42-21UYC/S530-A4	A-BRIGHT	led	peak_wavelength_nm	icpdf	可见光 LED	1.8毫米回合微型SMD贴片LED灯	N	icpdf:prajson2.峰值波长		https://www.digikey.cn/zh/products?keywords=42-21UYC/S530-A4			upstream_missing	源端无键且窄表空，上游缺口可接受
67-21SUBC	A-BRIGHT	led	emission_color	icpdf	可见光 LED	顶视图的LED	N	icpdf:prajson2.颜色		https://www.digikey.cn/zh/products?keywords=67-21SUBC			upstream_missing	源端无键且窄表空，上游缺口可接受
67-21SUBC	A-BRIGHT	led	forward_voltage_v	icpdf	可见光 LED	顶视图的LED	N	icpdf:prajson2.最大正向电压		https://www.digikey.cn/zh/products?keywords=67-21SUBC			upstream_missing	源端无键且窄表空，上游缺口可接受
67-21SUBC	A-BRIGHT	led	luminous_intensity_mcd	icpdf	可见光 LED	顶视图的LED	N	icpdf:prajson2.标称发光强度		https://www.digikey.cn/zh/products?keywords=67-21SUBC			upstream_missing	源端无键且窄表空，上游缺口可接受
67-21SUBC	A-BRIGHT	led	peak_wavelength_nm	icpdf	可见光 LED	顶视图的LED	N	icpdf:prajson2.峰值波长		https://www.digikey.cn/zh/products?keywords=67-21SUBC			upstream_missing	源端无键且窄表空，上游缺口可接受
67-21SURC	A-BRIGHT	led	emission_color	icpdf	可见光 LED	顶视图的LED	N	icpdf:prajson2.颜色		https://www.digikey.cn/zh/products?keywords=67-21SURC			upstream_missing	源端无键且窄表空，上游缺口可接受
67-21SURC	A-BRIGHT	led	forward_voltage_v	icpdf	可见光 LED	顶视图的LED	N	icpdf:prajson2.最大正向电压		https://www.digikey.cn/zh/products?keywords=67-21SURC			upstream_missing	源端无键且窄表空，上游缺口可接受
67-21SURC	A-BRIGHT	led	luminous_intensity_mcd	icpdf	可见光 LED	顶视图的LED	N	icpdf:prajson2.标称发光强度		https://www.digikey.cn/zh/products?keywords=67-21SURC			upstream_missing	源端无键且窄表空，上游缺口可接受
67-21SURC	A-BRIGHT	led	peak_wavelength_nm	icpdf	可见光 LED	顶视图的LED	N	icpdf:prajson2.峰值波长		https://www.digikey.cn/zh/products?keywords=67-21SURC			upstream_missing	源端无键且窄表空，上游缺口可接受
AD9849AKST	ADI	led	emission_color	icpdf		CCD信号处理器，集成时序驱动器	N	icpdf:prajson2.颜色		https://www.digikey.cn/zh/products?keywords=AD9849AKST			upstream_missing	源端无键且窄表空，上游缺口可接受
AD9849AKST	ADI	led	forward_voltage_v	icpdf		CCD信号处理器，集成时序驱动器	N	icpdf:prajson2.最大正向电压		https://www.digikey.cn/zh/products?keywords=AD9849AKST			upstream_missing	源端无键且窄表空，上游缺口可接受
AD9849AKST	ADI	led	luminous_intensity_mcd	icpdf		CCD信号处理器，集成时序驱动器	N	icpdf:prajson2.标称发光强度		https://www.digikey.cn/zh/products?keywords=AD9849AKST			upstream_missing	源端无键且窄表空，上游缺口可接受
AD9849AKST	ADI	led	peak_wavelength_nm	icpdf		CCD信号处理器，集成时序驱动器	N	icpdf:prajson2.峰值波长		https://www.digikey.cn/zh/products?keywords=AD9849AKST			upstream_missing	源端无键且窄表空，上游缺口可接受
AD9945KCPRL	ADI	led	emission_color	icpdf		完整的12位40 MHz的CCD信号处理器	N	icpdf:prajson2.颜色		https://www.digikey.cn/zh/products?keywords=AD9945KCPRL			upstream_missing	源端无键且窄表空，上游缺口可接受
AD9945KCPRL	ADI	led	forward_voltage_v	icpdf		完整的12位40 MHz的CCD信号处理器	N	icpdf:prajson2.最大正向电压		https://www.digikey.cn/zh/products?keywords=AD9945KCPRL			upstream_missing	源端无键且窄表空，上游缺口可接受
AD9945KCPRL	ADI	led	luminous_intensity_mcd	icpdf		完整的12位40 MHz的CCD信号处理器	N	icpdf:prajson2.标称发光强度		https://www.digikey.cn/zh/products?keywords=AD9945KCPRL			upstream_missing	源端无键且窄表空，上游缺口可接受
AD9945KCPRL	ADI	led	peak_wavelength_nm	icpdf		完整的12位40 MHz的CCD信号处理器	N	icpdf:prajson2.峰值波长		https://www.digikey.cn/zh/products?keywords=AD9945KCPRL			upstream_missing	源端无键且窄表空，上游缺口可接受
1N6092	AGILENT	led	emission_color	icpdf	可见光 LED		Y	icpdf:prajson2.颜色	Red	https://www.digikey.cn/zh/products?keywords=1N6092			consistent	源端与窄表均有值
1N6092	AGILENT	led	forward_voltage_v	icpdf	可见光 LED		Y	icpdf:prajson2.最大正向电压	3	https://www.digikey.cn/zh/products?keywords=1N6092			consistent	源端与窄表均有值
1N6092	AGILENT	led	luminous_intensity_mcd	icpdf	可见光 LED		N	icpdf:prajson2.标称发光强度		https://www.digikey.cn/zh/products?keywords=1N6092			upstream_missing	源端无键且窄表空，上游缺口可接受
1N6092	AGILENT	led	peak_wavelength_nm	icpdf	可见光 LED		Y	icpdf:prajson2.峰值波长	630	https://www.digikey.cn/zh/products?keywords=1N6092			consistent	源端与窄表均有值
1N6093	AGILENT	led	emission_color	icpdf	可见光 LED		Y	icpdf:prajson2.颜色	Yellow	https://www.digikey.cn/zh/products?keywords=1N6093			consistent	源端与窄表均有值
1N6093	AGILENT	led	forward_voltage_v	icpdf	可见光 LED		Y	icpdf:prajson2.最大正向电压	3	https://www.digikey.cn/zh/products?keywords=1N6093			consistent	源端与窄表均有值
1N6093	AGILENT	led	luminous_intensity_mcd	icpdf	可见光 LED		N	icpdf:prajson2.标称发光强度		https://www.digikey.cn/zh/products?keywords=1N6093			upstream_missing	源端无键且窄表空，上游缺口可接受
1N6093	AGILENT	led	peak_wavelength_nm	icpdf	可见光 LED		Y	icpdf:prajson2.峰值波长	580	https://www.digikey.cn/zh/products?keywords=1N6093			consistent	源端与窄表均有值
1N6094	AGILENT	led	emission_color	icpdf	可见光 LED		Y	icpdf:prajson2.颜色	Green	https://www.digikey.cn/zh/products?keywords=1N6094			consistent	源端与窄表均有值
1N6094	AGILENT	led	forward_voltage_v	icpdf	可见光 LED		Y	icpdf:prajson2.最大正向电压	3	https://www.digikey.cn/zh/products?keywords=1N6094			consistent	源端与窄表均有值
1N6094	AGILENT	led	luminous_intensity_mcd	icpdf	可见光 LED		N	icpdf:prajson2.标称发光强度		https://www.digikey.cn/zh/products?keywords=1N6094			upstream_missing	源端无键且窄表空，上游缺口可接受
1N6094	AGILENT	led	peak_wavelength_nm	icpdf	可见光 LED		Y	icpdf:prajson2.峰值波长	560	https://www.digikey.cn/zh/products?keywords=1N6094			consistent	源端与窄表均有值
5082-4160	AGILENT	led	emission_color	icpdf	可见光 LED		Y	icpdf:prajson2.颜色	Red	https://www.digikey.cn/zh/products?keywords=5082-4160			consistent	源端与窄表均有值
5082-4160	AGILENT	led	forward_voltage_v	icpdf	可见光 LED		N	icpdf:prajson2.最大正向电压		https://www.digikey.cn/zh/products?keywords=5082-4160			upstream_missing	源端无键且窄表空，上游缺口可接受
5082-4160	AGILENT	led	luminous_intensity_mcd	icpdf	可见光 LED		Y	icpdf:prajson2.标称发光强度	3	https://www.digikey.cn/zh/products?keywords=5082-4160			consistent	源端与窄表均有值
5082-4160	AGILENT	led	peak_wavelength_nm	icpdf	可见光 LED		Y	icpdf:prajson2.峰值波长	635	https://www.digikey.cn/zh/products?keywords=5082-4160			consistent	源端与窄表均有值
5082-4468	AGILENT	led	emission_color	icpdf	可见光 LED		Y	icpdf:prajson2.颜色	Red	https://www.digikey.cn/zh/products?keywords=5082-4468			consistent	源端与窄表均有值
5082-4468	AGILENT	led	forward_voltage_v	icpdf	可见光 LED		N	icpdf:prajson2.最大正向电压		https://www.digikey.cn/zh/products?keywords=5082-4468			upstream_missing	源端无键且窄表空，上游缺口可接受
5082-4468	AGILENT	led	luminous_intensity_mcd	icpdf	可见光 LED		Y	icpdf:prajson2.标称发光强度	0.8	https://www.digikey.cn/zh/products?keywords=5082-4468			consistent	源端与窄表均有值
5082-4468	AGILENT	led	peak_wavelength_nm	icpdf	可见光 LED		Y	icpdf:prajson2.峰值波长	655	https://www.digikey.cn/zh/products?keywords=5082-4468			consistent	源端与窄表均有值
SEC2554C	ALLEGRO	led	emission_color	icpdf	可见光 LED		Y	icpdf:prajson2.颜色	Green	https://www.digikey.cn/zh/products?keywords=SEC2554C			consistent	源端与窄表均有值
SEC2554C	ALLEGRO	led	forward_voltage_v	icpdf	可见光 LED		N	icpdf:prajson2.最大正向电压		https://www.digikey.cn/zh/products?keywords=SEC2554C			upstream_missing	源端无键且窄表空，上游缺口可接受
SEC2554C	ALLEGRO	led	luminous_intensity_mcd	icpdf	可见光 LED		Y	icpdf:prajson2.标称发光强度	2.5	https://www.digikey.cn/zh/products?keywords=SEC2554C			consistent	源端与窄表均有值
SEC2554C	ALLEGRO	led	peak_wavelength_nm	icpdf	可见光 LED		Y	icpdf:prajson2.峰值波长	555	https://www.digikey.cn/zh/products?keywords=SEC2554C			consistent	源端与窄表均有值
SECU1E05C	ALLEGRO	led	emission_color	icpdf	可见光 LED		Y	icpdf:prajson2.颜色	Blue	https://www.digikey.cn/zh/products?keywords=SECU1E05C			consistent	源端与窄表均有值
SECU1E05C	ALLEGRO	led	forward_voltage_v	icpdf	可见光 LED		N	icpdf:prajson2.最大正向电压		https://www.digikey.cn/zh/products?keywords=SECU1E05C			upstream_missing	源端无键且窄表空，上游缺口可接受
SECU1E05C	ALLEGRO	led	luminous_intensity_mcd	icpdf	可见光 LED		Y	icpdf:prajson2.标称发光强度	40	https://www.digikey.cn/zh/products?keywords=SECU1E05C			consistent	源端与窄表均有值
SECU1E05C	ALLEGRO	led	peak_wavelength_nm	icpdf	可见光 LED		Y	icpdf:prajson2.峰值波长	468	https://www.digikey.cn/zh/products?keywords=SECU1E05C			consistent	源端与窄表均有值
SELU1253CM	ALLEGRO	led	emission_color	icpdf	可见光 LED		Y	icpdf:prajson2.颜色	Red	https://www.digikey.cn/zh/products?keywords=SELU1253CM			consistent	源端与窄表均有值
SELU1253CM	ALLEGRO	led	forward_voltage_v	icpdf	可见光 LED		N	icpdf:prajson2.最大正向电压		https://www.digikey.cn/zh/products?keywords=SELU1253CM			upstream_missing	源端无键且窄表空，上游缺口可接受
SELU1253CM	ALLEGRO	led	luminous_intensity_mcd	icpdf	可见光 LED		Y	icpdf:prajson2.标称发光强度	300	https://www.digikey.cn/zh/products?keywords=SELU1253CM			consistent	源端与窄表均有值
SELU1253CM	ALLEGRO	led	peak_wavelength_nm	icpdf	可见光 LED		Y	icpdf:prajson2.峰值波长	635	https://www.digikey.cn/zh/products?keywords=SELU1253CM			consistent	源端与窄表均有值
SML79455C	ALLEGRO	led	emission_color	icpdf	可见光 LED		N	icpdf:prajson2.颜色		https://www.digikey.cn/zh/products?keywords=SML79455C			upstream_missing	源端无键且窄表空，上游缺口可接受
SML79455C	ALLEGRO	led	forward_voltage_v	icpdf	可见光 LED		N	icpdf:prajson2.最大正向电压		https://www.digikey.cn/zh/products?keywords=SML79455C			upstream_missing	源端无键且窄表空，上游缺口可接受
SML79455C	ALLEGRO	led	luminous_intensity_mcd	icpdf	可见光 LED		N	icpdf:prajson2.标称发光强度		https://www.digikey.cn/zh/products?keywords=SML79455C			upstream_missing	源端无键且窄表空，上游缺口可接受
SML79455C	ALLEGRO	led	peak_wavelength_nm	icpdf	可见光 LED		N	icpdf:prajson2.峰值波长		https://www.digikey.cn/zh/products?keywords=SML79455C			upstream_missing	源端无键且窄表空，上游缺口可接受
KLM-163LAS	AUK	led	emission_color	icpdf	其他光电器件	LED点阵模块	N	icpdf:prajson2.颜色		https://www.digikey.cn/zh/products?keywords=KLM-163LAS			upstream_missing	源端无键且窄表空，上游缺口可接受
KLM-163LAS	AUK	led	forward_voltage_v	icpdf	其他光电器件	LED点阵模块	N	icpdf:prajson2.最大正向电压		https://www.digikey.cn/zh/products?keywords=KLM-163LAS			upstream_missing	源端无键且窄表空，上游缺口可接受
KLM-163LAS	AUK	led	luminous_intensity_mcd	icpdf	其他光电器件	LED点阵模块	N	icpdf:prajson2.标称发光强度		https://www.digikey.cn/zh/products?keywords=KLM-163LAS			upstream_missing	源端无键且窄表空，上游缺口可接受
KLM-163LAS	AUK	led	peak_wavelength_nm	icpdf	其他光电器件	LED点阵模块	N	icpdf:prajson2.峰值波长		https://www.digikey.cn/zh/products?keywords=KLM-163LAS			upstream_missing	源端无键且窄表空，上游缺口可接受
SA1316	AUK	led	emission_color	icpdf	可见光 LED	芯片LED灯	Y	icpdf:prajson2.颜色@波长	Orange	https://www.digikey.cn/zh/products?keywords=SA1316			consistent	源端与窄表均有值
SA1316	AUK	led	forward_voltage_v	icpdf	可见光 LED	芯片LED灯	Y	icpdf:prajson2.最大正向电压	2.8	https://www.digikey.cn/zh/products?keywords=SA1316			consistent	源端与窄表均有值
SA1316	AUK	led	luminous_intensity_mcd	icpdf	可见光 LED	芯片LED灯	N	icpdf:prajson2.标称发光强度		https://www.digikey.cn/zh/products?keywords=SA1316			upstream_missing	源端无键且窄表空，上游缺口可接受
SA1316	AUK	led	peak_wavelength_nm	icpdf	可见光 LED	芯片LED灯	Y	icpdf:prajson2.峰值波长	630	https://www.digikey.cn/zh/products?keywords=SA1316			consistent	源端与窄表均有值
SA1316-E	AUK	led	emission_color	icpdf	可见光 LED	LED芯片	N	icpdf:prajson2.颜色		https://www.digikey.cn/zh/products?keywords=SA1316-E			upstream_missing	源端无键且窄表空，上游缺口可接受
SA1316-E	AUK	led	forward_voltage_v	icpdf	可见光 LED	LED芯片	N	icpdf:prajson2.最大正向电压		https://www.digikey.cn/zh/products?keywords=SA1316-E			upstream_missing	源端无键且窄表空，上游缺口可接受
SA1316-E	AUK	led	luminous_intensity_mcd	icpdf	可见光 LED	LED芯片	N	icpdf:prajson2.标称发光强度		https://www.digikey.cn/zh/products?keywords=SA1316-E			upstream_missing	源端无键且窄表空，上游缺口可接受
SA1316-E	AUK	led	peak_wavelength_nm	icpdf	可见光 LED	LED芯片	N	icpdf:prajson2.峰值波长		https://www.digikey.cn/zh/products?keywords=SA1316-E			upstream_missing	源端无键且窄表空，上游缺口可接受
SA1316-H	AUK	led	emission_color	icpdf	可见光 LED	高亮度LED芯片	N	icpdf:prajson2.颜色		https://www.digikey.cn/zh/products?keywords=SA1316-H			upstream_missing	源端无键且窄表空，上游缺口可接受
SA1316-H	AUK	led	forward_voltage_v	icpdf	可见光 LED	高亮度LED芯片	N	icpdf:prajson2.最大正向电压		https://www.digikey.cn/zh/products?keywords=SA1316-H			upstream_missing	源端无键且窄表空，上游缺口可接受
SA1316-H	AUK	led	luminous_intensity_mcd	icpdf	可见光 LED	高亮度LED芯片	N	icpdf:prajson2.标称发光强度		https://www.digikey.cn/zh/products?keywords=SA1316-H			upstream_missing	源端无键且窄表空，上游缺口可接受
SA1316-H	AUK	led	peak_wavelength_nm	icpdf	可见光 LED	高亮度LED芯片	N	icpdf:prajson2.峰值波长		https://www.digikey.cn/zh/products?keywords=SA1316-H			upstream_missing	源端无键且窄表空，上游缺口可接受
SA2332	AUK	led	emission_color	icpdf	其他光电器件	高亮度芯片LED灯	Y	icpdf:prajson2.颜色@波长	Orange	https://www.digikey.cn/zh/products?keywords=SA2332			consistent	源端与窄表均有值
SA2332	AUK	led	forward_voltage_v	icpdf	其他光电器件	高亮度芯片LED灯	Y	icpdf:prajson2.最大正向电压	2.7	https://www.digikey.cn/zh/products?keywords=SA2332			consistent	源端与窄表均有值
SA2332	AUK	led	luminous_intensity_mcd	icpdf	其他光电器件	高亮度芯片LED灯	N	icpdf:prajson2.标称发光强度		https://www.digikey.cn/zh/products?keywords=SA2332			upstream_missing	源端无键且窄表空，上游缺口可接受
SA2332	AUK	led	peak_wavelength_nm	icpdf	其他光电器件	高亮度芯片LED灯	Y	icpdf:prajson2.峰值波长	630	https://www.digikey.cn/zh/products?keywords=SA2332			consistent	源端与窄表均有值
ACPL-782T-000E	AVAGO	led	emission_color	icpdf	隔离放大器	汽车隔离放大器与R2Couplerâ ?? ¢隔离	N	icpdf:prajson2.颜色		https://www.digikey.cn/zh/products?keywords=ACPL-782T-000E			upstream_missing	源端无键且窄表空，上游缺口可接受
ACPL-782T-000E	AVAGO	led	forward_voltage_v	icpdf	隔离放大器	汽车隔离放大器与R2Couplerâ ?? ¢隔离	N	icpdf:prajson2.最大正向电压		https://www.digikey.cn/zh/products?keywords=ACPL-782T-000E			upstream_missing	源端无键且窄表空，上游缺口可接受
ACPL-782T-000E	AVAGO	led	luminous_intensity_mcd	icpdf	隔离放大器	汽车隔离放大器与R2Couplerâ ?? ¢隔离	N	icpdf:prajson2.标称发光强度		https://www.digikey.cn/zh/products?keywords=ACPL-782T-000E			upstream_missing	源端无键且窄表空，上游缺口可接受
ACPL-782T-000E	AVAGO	led	peak_wavelength_nm	icpdf	隔离放大器	汽车隔离放大器与R2Couplerâ ?? ¢隔离	N	icpdf:prajson2.峰值波长		https://www.digikey.cn/zh/products?keywords=ACPL-782T-000E			upstream_missing	源端无键且窄表空，上游缺口可接受
ACPL-782T-300E	AVAGO	led	emission_color	icpdf	隔离放大器	汽车隔离放大器与R2Coupler隔离	N	icpdf:prajson2.颜色		https://www.digikey.cn/zh/products?keywords=ACPL-782T-300E			upstream_missing	源端无键且窄表空，上游缺口可接受
ACPL-782T-300E	AVAGO	led	forward_voltage_v	icpdf	隔离放大器	汽车隔离放大器与R2Coupler隔离	N	icpdf:prajson2.最大正向电压		https://www.digikey.cn/zh/products?keywords=ACPL-782T-300E			upstream_missing	源端无键且窄表空，上游缺口可接受
ACPL-782T-300E	AVAGO	led	luminous_intensity_mcd	icpdf	隔离放大器	汽车隔离放大器与R2Coupler隔离	N	icpdf:prajson2.标称发光强度		https://www.digikey.cn/zh/products?keywords=ACPL-782T-300E			upstream_missing	源端无键且窄表空，上游缺口可接受
ACPL-782T-300E	AVAGO	led	peak_wavelength_nm	icpdf	隔离放大器	汽车隔离放大器与R2Coupler隔离	N	icpdf:prajson2.峰值波长		https://www.digikey.cn/zh/products?keywords=ACPL-782T-300E			upstream_missing	源端无键且窄表空，上游缺口可接受
ACPL-796J-000E	AVAGO	led	emission_color	icpdf	模数转换器	光隔离式Σ-Δ调制器	N	icpdf:prajson2.颜色		https://www.digikey.cn/zh/products?keywords=ACPL-796J-000E			upstream_missing	源端无键且窄表空，上游缺口可接受
ACPL-796J-000E	AVAGO	led	forward_voltage_v	icpdf	模数转换器	光隔离式Σ-Δ调制器	N	icpdf:prajson2.最大正向电压		https://www.digikey.cn/zh/products?keywords=ACPL-796J-000E			upstream_missing	源端无键且窄表空，上游缺口可接受
ACPL-796J-000E	AVAGO	led	luminous_intensity_mcd	icpdf	模数转换器	光隔离式Σ-Δ调制器	N	icpdf:prajson2.标称发光强度		https://www.digikey.cn/zh/products?keywords=ACPL-796J-000E			upstream_missing	源端无键且窄表空，上游缺口可接受
ACPL-796J-000E	AVAGO	led	peak_wavelength_nm	icpdf	模数转换器	光隔离式Σ-Δ调制器	N	icpdf:prajson2.峰值波长		https://www.digikey.cn/zh/products?keywords=ACPL-796J-000E			upstream_missing	源端无键且窄表空，上游缺口可接受
ADJD-E622-QR999	AVAGO	led	emission_color	icpdf	其他光电器件	RGB颜色传感器的QFN封装	N	icpdf:prajson2.颜色		https://www.digikey.cn/zh/products?keywords=ADJD-E622-QR999			upstream_missing	源端无键且窄表空，上游缺口可接受
ADJD-E622-QR999	AVAGO	led	forward_voltage_v	icpdf	其他光电器件	RGB颜色传感器的QFN封装	N	icpdf:prajson2.最大正向电压		https://www.digikey.cn/zh/products?keywords=ADJD-E622-QR999			upstream_missing	源端无键且窄表空，上游缺口可接受
ADJD-E622-QR999	AVAGO	led	luminous_intensity_mcd	icpdf	其他光电器件	RGB颜色传感器的QFN封装	N	icpdf:prajson2.标称发光强度		https://www.digikey.cn/zh/products?keywords=ADJD-E622-QR999			upstream_missing	源端无键且窄表空，上游缺口可接受
ADJD-E622-QR999	AVAGO	led	peak_wavelength_nm	icpdf	其他光电器件	RGB颜色传感器的QFN封装	N	icpdf:prajson2.峰值波长		https://www.digikey.cn/zh/products?keywords=ADJD-E622-QR999			upstream_missing	源端无键且窄表空，上游缺口可接受
ADJD-MJ50	AVAGO	led	emission_color	icpdf	其他光电器件	高性能的RGB LED光源	N	icpdf:prajson2.颜色		https://www.digikey.cn/zh/products?keywords=ADJD-MJ50			upstream_missing	源端无键且窄表空，上游缺口可接受
ADJD-MJ50	AVAGO	led	forward_voltage_v	icpdf	其他光电器件	高性能的RGB LED光源	N	icpdf:prajson2.最大正向电压		https://www.digikey.cn/zh/products?keywords=ADJD-MJ50			upstream_missing	源端无键且窄表空，上游缺口可接受
ADJD-MJ50	AVAGO	led	luminous_intensity_mcd	icpdf	其他光电器件	高性能的RGB LED光源	N	icpdf:prajson2.标称发光强度		https://www.digikey.cn/zh/products?keywords=ADJD-MJ50			upstream_missing	源端无键且窄表空，上游缺口可接受
ADJD-MJ50	AVAGO	led	peak_wavelength_nm	icpdf	其他光电器件	高性能的RGB LED光源	N	icpdf:prajson2.峰值波长		https://www.digikey.cn/zh/products?keywords=ADJD-MJ50			upstream_missing	源端无键且窄表空，上游缺口可接受
AEMD-CM3L-Z1002	BOARDCOM	led	emission_color	icpdf	可见光 LED		N	icpdf:prajson2.颜色		https://www.digikey.cn/zh/products?keywords=AEMD-CM3L-Z1002			upstream_missing	源端无键且窄表空，上游缺口可接受
AEMD-CM3L-Z1002	BOARDCOM	led	forward_voltage_v	icpdf	可见光 LED		N	icpdf:prajson2.最大正向电压		https://www.digikey.cn/zh/products?keywords=AEMD-CM3L-Z1002			upstream_missing	源端无键且窄表空，上游缺口可接受
AEMD-CM3L-Z1002	BOARDCOM	led	luminous_intensity_mcd	icpdf	可见光 LED		N	icpdf:prajson2.标称发光强度		https://www.digikey.cn/zh/products?keywords=AEMD-CM3L-Z1002			upstream_missing	源端无键且窄表空，上游缺口可接受
AEMD-CM3L-Z1002	BOARDCOM	led	peak_wavelength_nm	icpdf	可见光 LED		N	icpdf:prajson2.峰值波长		https://www.digikey.cn/zh/products?keywords=AEMD-CM3L-Z1002			upstream_missing	源端无键且窄表空，上游缺口可接受
AEMD-EG3K-VW002	BOARDCOM	led	emission_color	icpdf	可见光 LED		N	icpdf:prajson2.颜色		https://www.digikey.cn/zh/products?keywords=AEMD-EG3K-VW002			upstream_missing	源端无键且窄表空，上游缺口可接受
AEMD-EG3K-VW002	BOARDCOM	led	forward_voltage_v	icpdf	可见光 LED		N	icpdf:prajson2.最大正向电压		https://www.digikey.cn/zh/products?keywords=AEMD-EG3K-VW002			upstream_missing	源端无键且窄表空，上游缺口可接受
AEMD-EG3K-VW002	BOARDCOM	led	luminous_intensity_mcd	icpdf	可见光 LED		N	icpdf:prajson2.标称发光强度		https://www.digikey.cn/zh/products?keywords=AEMD-EG3K-VW002			upstream_missing	源端无键且窄表空，上游缺口可接受
AEMD-EG3K-VW002	BOARDCOM	led	peak_wavelength_nm	icpdf	可见光 LED		N	icpdf:prajson2.峰值波长		https://www.digikey.cn/zh/products?keywords=AEMD-EG3K-VW002			upstream_missing	源端无键且窄表空，上游缺口可接受
ALMD-CB1E-VW002	BOARDCOM	led	emission_color	icpdf	可见光 LED		N	icpdf:prajson2.颜色		https://www.digikey.cn/zh/products?keywords=ALMD-CB1E-VW002			upstream_missing	源端无键且窄表空，上游缺口可接受
ALMD-CB1E-VW002	BOARDCOM	led	forward_voltage_v	icpdf	可见光 LED		N	icpdf:prajson2.最大正向电压		https://www.digikey.cn/zh/products?keywords=ALMD-CB1E-VW002			upstream_missing	源端无键且窄表空，上游缺口可接受
ALMD-CB1E-VW002	BOARDCOM	led	luminous_intensity_mcd	icpdf	可见光 LED		N	icpdf:prajson2.标称发光强度		https://www.digikey.cn/zh/products?keywords=ALMD-CB1E-VW002			upstream_missing	源端无键且窄表空，上游缺口可接受
ALMD-CB1E-VW002	BOARDCOM	led	peak_wavelength_nm	icpdf	可见光 LED		N	icpdf:prajson2.峰值波长		https://www.digikey.cn/zh/products?keywords=ALMD-CB1E-VW002			upstream_missing	源端无键且窄表空，上游缺口可接受
ALMD-CB2E-UV002	BOARDCOM	led	emission_color	icpdf	可见光 LED		N	icpdf:prajson2.颜色		https://www.digikey.cn/zh/products?keywords=ALMD-CB2E-UV002			upstream_missing	源端无键且窄表空，上游缺口可接受
ALMD-CB2E-UV002	BOARDCOM	led	forward_voltage_v	icpdf	可见光 LED		N	icpdf:prajson2.最大正向电压		https://www.digikey.cn/zh/products?keywords=ALMD-CB2E-UV002			upstream_missing	源端无键且窄表空，上游缺口可接受
ALMD-CB2E-UV002	BOARDCOM	led	luminous_intensity_mcd	icpdf	可见光 LED		N	icpdf:prajson2.标称发光强度		https://www.digikey.cn/zh/products?keywords=ALMD-CB2E-UV002			upstream_missing	源端无键且窄表空，上游缺口可接受
ALMD-CB2E-UV002	BOARDCOM	led	peak_wavelength_nm	icpdf	可见光 LED		N	icpdf:prajson2.峰值波长		https://www.digikey.cn/zh/products?keywords=ALMD-CB2E-UV002			upstream_missing	源端无键且窄表空，上游缺口可接受
ALMD-CM1F-34002	BOARDCOM	led	emission_color	icpdf	可见光 LED		N	icpdf:prajson2.颜色		https://www.digikey.cn/zh/products?keywords=ALMD-CM1F-34002			upstream_missing	源端无键且窄表空，上游缺口可接受
ALMD-CM1F-34002	BOARDCOM	led	forward_voltage_v	icpdf	可见光 LED		N	icpdf:prajson2.最大正向电压		https://www.digikey.cn/zh/products?keywords=ALMD-CM1F-34002			upstream_missing	源端无键且窄表空，上游缺口可接受
ALMD-CM1F-34002	BOARDCOM	led	luminous_intensity_mcd	icpdf	可见光 LED		N	icpdf:prajson2.标称发光强度		https://www.digikey.cn/zh/products?keywords=ALMD-CM1F-34002			upstream_missing	源端无键且窄表空，上游缺口可接受
ALMD-CM1F-34002	BOARDCOM	led	peak_wavelength_nm	icpdf	可见光 LED		N	icpdf:prajson2.峰值波长		https://www.digikey.cn/zh/products?keywords=ALMD-CM1F-34002			upstream_missing	源端无键且窄表空，上游缺口可接受
ORT2400R	BOT	led	emission_color	icpdf	其他光电器件	4元印刷电路板安装1.8毫米LED阵列	Y	icpdf:prajson2.颜色@波长	Red	https://www.digikey.cn/zh/products?keywords=ORT2400R			consistent	源端与窄表均有值
ORT2400R	BOT	led	forward_voltage_v	icpdf	其他光电器件	4元印刷电路板安装1.8毫米LED阵列	Y	icpdf:prajson2.最大正向电压	2	https://www.digikey.cn/zh/products?keywords=ORT2400R			consistent	源端与窄表均有值
ORT2400R	BOT	led	luminous_intensity_mcd	icpdf	其他光电器件	4元印刷电路板安装1.8毫米LED阵列	N	icpdf:prajson2.标称发光强度		https://www.digikey.cn/zh/products?keywords=ORT2400R			upstream_missing	源端无键且窄表空，上游缺口可接受
ORT2400R	BOT	led	peak_wavelength_nm	icpdf	其他光电器件	4元印刷电路板安装1.8毫米LED阵列	Y	icpdf:prajson2.峰值波长	660	https://www.digikey.cn/zh/products?keywords=ORT2400R			consistent	源端与窄表均有值
ORT43SBCGBCO	BOT	led	emission_color	icpdf	其他光电器件	3毫米LED电路板指示灯4 TIER SHROUDED	Y	icpdf:prajson2.颜色@波长	Multi-Color	https://www.digikey.cn/zh/products?keywords=ORT43SBCGBCO			consistent	源端与窄表均有值
ORT43SBCGBCO	BOT	led	forward_voltage_v	icpdf	其他光电器件	3毫米LED电路板指示灯4 TIER SHROUDED	Y	icpdf:prajson2.最大正向电压	2.6	https://www.digikey.cn/zh/products?keywords=ORT43SBCGBCO			consistent	源端与窄表均有值
ORT43SBCGBCO	BOT	led	luminous_intensity_mcd	icpdf	其他光电器件	3毫米LED电路板指示灯4 TIER SHROUDED	N	icpdf:prajson2.标称发光强度		https://www.digikey.cn/zh/products?keywords=ORT43SBCGBCO			upstream_missing	源端无键且窄表空，上游缺口可接受
ORT43SBCGBCO	BOT	led	peak_wavelength_nm	icpdf	其他光电器件	3毫米LED电路板指示灯4 TIER SHROUDED	N	icpdf:prajson2.峰值波长		https://www.digikey.cn/zh/products?keywords=ORT43SBCGBCO			upstream_missing	源端无键且窄表空，上游缺口可接受
ORT43SBCGGBC	BOT	led	emission_color	icpdf	其他光电器件	3毫米LED电路板指示灯4 TIER SHROUDED	Y	icpdf:prajson2.颜色@波长	Multi-Color	https://www.digikey.cn/zh/products?keywords=ORT43SBCGGBC			consistent	源端与窄表均有值
ORT43SBCGGBC	BOT	led	forward_voltage_v	icpdf	其他光电器件	3毫米LED电路板指示灯4 TIER SHROUDED	Y	icpdf:prajson2.最大正向电压	2.6	https://www.digikey.cn/zh/products?keywords=ORT43SBCGGBC			consistent	源端与窄表均有值
ORT43SBCGGBC	BOT	led	luminous_intensity_mcd	icpdf	其他光电器件	3毫米LED电路板指示灯4 TIER SHROUDED	N	icpdf:prajson2.标称发光强度		https://www.digikey.cn/zh/products?keywords=ORT43SBCGGBC			upstream_missing	源端无键且窄表空，上游缺口可接受
ORT43SBCGGBC	BOT	led	peak_wavelength_nm	icpdf	其他光电器件	3毫米LED电路板指示灯4 TIER SHROUDED	N	icpdf:prajson2.峰值波长		https://www.digikey.cn/zh/products?keywords=ORT43SBCGGBC			upstream_missing	源端无键且窄表空，上游缺口可接受
ORT43SBCGGG	BOT	led	emission_color	icpdf	其他光电器件	3毫米LED电路板指示灯4 TIER SHROUDED	Y	icpdf:prajson2.颜色@波长	Multi-Color	https://www.digikey.cn/zh/products?keywords=ORT43SBCGGG			consistent	源端与窄表均有值
ORT43SBCGGG	BOT	led	forward_voltage_v	icpdf	其他光电器件	3毫米LED电路板指示灯4 TIER SHROUDED	Y	icpdf:prajson2.最大正向电压	2.6	https://www.digikey.cn/zh/products?keywords=ORT43SBCGGG			consistent	源端与窄表均有值
ORT43SBCGGG	BOT	led	luminous_intensity_mcd	icpdf	其他光电器件	3毫米LED电路板指示灯4 TIER SHROUDED	N	icpdf:prajson2.标称发光强度		https://www.digikey.cn/zh/products?keywords=ORT43SBCGGG			upstream_missing	源端无键且窄表空，上游缺口可接受
ORT43SBCGGG	BOT	led	peak_wavelength_nm	icpdf	其他光电器件	3毫米LED电路板指示灯4 TIER SHROUDED	N	icpdf:prajson2.峰值波长		https://www.digikey.cn/zh/products?keywords=ORT43SBCGGG			upstream_missing	源端无键且窄表空，上游缺口可接受
ORT43SBCOBCG	BOT	led	emission_color	icpdf	其他光电器件	3毫米LED电路板指示灯4 TIER SHROUDED	Y	icpdf:prajson2.颜色@波长	Multi-Color	https://www.digikey.cn/zh/products?keywords=ORT43SBCOBCG			consistent	源端与窄表均有值
ORT43SBCOBCG	BOT	led	forward_voltage_v	icpdf	其他光电器件	3毫米LED电路板指示灯4 TIER SHROUDED	Y	icpdf:prajson2.最大正向电压	2.6	https://www.digikey.cn/zh/products?keywords=ORT43SBCOBCG			consistent	源端与窄表均有值
ORT43SBCOBCG	BOT	led	luminous_intensity_mcd	icpdf	其他光电器件	3毫米LED电路板指示灯4 TIER SHROUDED	N	icpdf:prajson2.标称发光强度		https://www.digikey.cn/zh/products?keywords=ORT43SBCOBCG			upstream_missing	源端无键且窄表空，上游缺口可接受
ORT43SBCOBCG	BOT	led	peak_wavelength_nm	icpdf	其他光电器件	3毫米LED电路板指示灯4 TIER SHROUDED	N	icpdf:prajson2.峰值波长		https://www.digikey.cn/zh/products?keywords=ORT43SBCOBCG			upstream_missing	源端无键且窄表空，上游缺口可接受
BVT-5E1QG4	BVLED	led	emission_color	icpdf	可见光 LED	超亮度LED灯	N	icpdf:prajson2.颜色		https://www.digikey.cn/zh/products?keywords=BVT-5E1QG4			upstream_missing	源端无键且窄表空，上游缺口可接受
BVT-5E1QG4	BVLED	led	forward_voltage_v	icpdf	可见光 LED	超亮度LED灯	N	icpdf:prajson2.最大正向电压		https://www.digikey.cn/zh/products?keywords=BVT-5E1QG4			upstream_missing	源端无键且窄表空，上游缺口可接受
BVT-5E1QG4	BVLED	led	luminous_intensity_mcd	icpdf	可见光 LED	超亮度LED灯	N	icpdf:prajson2.标称发光强度		https://www.digikey.cn/zh/products?keywords=BVT-5E1QG4			upstream_missing	源端无键且窄表空，上游缺口可接受
BVT-5E1QG4	BVLED	led	peak_wavelength_nm	icpdf	可见光 LED	超亮度LED灯	N	icpdf:prajson2.峰值波长		https://www.digikey.cn/zh/products?keywords=BVT-5E1QG4			upstream_missing	源端无键且窄表空，上游缺口可接受
32M41D-4001	CDIL	led	emission_color	icpdf	可见光 LED	3.1毫米圆型LED ，发光角度 - 60 °	N	icpdf:prajson2.颜色		https://www.digikey.cn/zh/products?keywords=32M41D-4001			upstream_missing	源端无键且窄表空，上游缺口可接受
32M41D-4001	CDIL	led	forward_voltage_v	icpdf	可见光 LED	3.1毫米圆型LED ，发光角度 - 60 °	N	icpdf:prajson2.最大正向电压		https://www.digikey.cn/zh/products?keywords=32M41D-4001			upstream_missing	源端无键且窄表空，上游缺口可接受
32M41D-4001	CDIL	led	luminous_intensity_mcd	icpdf	可见光 LED	3.1毫米圆型LED ，发光角度 - 60 °	N	icpdf:prajson2.标称发光强度		https://www.digikey.cn/zh/products?keywords=32M41D-4001			upstream_missing	源端无键且窄表空，上游缺口可接受
32M41D-4001	CDIL	led	peak_wavelength_nm	icpdf	可见光 LED	3.1毫米圆型LED ，发光角度 - 60 °	N	icpdf:prajson2.峰值波长		https://www.digikey.cn/zh/products?keywords=32M41D-4001			upstream_missing	源端无键且窄表空，上游缺口可接受
32T41D-4001	CDIL	led	emission_color	icpdf	可见光 LED		N	icpdf:prajson2.颜色		https://www.digikey.cn/zh/products?keywords=32T41D-4001			upstream_missing	源端无键且窄表空，上游缺口可接受
32T41D-4001	CDIL	led	forward_voltage_v	icpdf	可见光 LED		N	icpdf:prajson2.最大正向电压		https://www.digikey.cn/zh/products?keywords=32T41D-4001			upstream_missing	源端无键且窄表空，上游缺口可接受
32T41D-4001	CDIL	led	luminous_intensity_mcd	icpdf	可见光 LED		N	icpdf:prajson2.标称发光强度		https://www.digikey.cn/zh/products?keywords=32T41D-4001			upstream_missing	源端无键且窄表空，上游缺口可接受
32T41D-4001	CDIL	led	peak_wavelength_nm	icpdf	可见光 LED		N	icpdf:prajson2.峰值波长		https://www.digikey.cn/zh/products?keywords=32T41D-4001			upstream_missing	源端无键且窄表空，上游缺口可接受
52K3755W-9001	CDIL	led	emission_color	icpdf	可见光 LED	5.8毫米圆型双色LED与领 - 三信息	N	icpdf:prajson2.颜色		https://www.digikey.cn/zh/products?keywords=52K3755W-9001			upstream_missing	源端无键且窄表空，上游缺口可接受
52K3755W-9001	CDIL	led	forward_voltage_v	icpdf	可见光 LED	5.8毫米圆型双色LED与领 - 三信息	N	icpdf:prajson2.最大正向电压		https://www.digikey.cn/zh/products?keywords=52K3755W-9001			upstream_missing	源端无键且窄表空，上游缺口可接受
52K3755W-9001	CDIL	led	luminous_intensity_mcd	icpdf	可见光 LED	5.8毫米圆型双色LED与领 - 三信息	N	icpdf:prajson2.标称发光强度		https://www.digikey.cn/zh/products?keywords=52K3755W-9001			upstream_missing	源端无键且窄表空，上游缺口可接受
52K3755W-9001	CDIL	led	peak_wavelength_nm	icpdf	可见光 LED	5.8毫米圆型双色LED与领 - 三信息	N	icpdf:prajson2.峰值波长		https://www.digikey.cn/zh/products?keywords=52K3755W-9001			upstream_missing	源端无键且窄表空，上游缺口可接受
72A22C-4001	CDIL	led	emission_color	icpdf	可见光 LED	9.2毫米圆型有领的LED ，发光角度 - 36 °	N	icpdf:prajson2.颜色		https://www.digikey.cn/zh/products?keywords=72A22C-4001			upstream_missing	源端无键且窄表空，上游缺口可接受
72A22C-4001	CDIL	led	forward_voltage_v	icpdf	可见光 LED	9.2毫米圆型有领的LED ，发光角度 - 36 °	N	icpdf:prajson2.最大正向电压		https://www.digikey.cn/zh/products?keywords=72A22C-4001			upstream_missing	源端无键且窄表空，上游缺口可接受
72A22C-4001	CDIL	led	luminous_intensity_mcd	icpdf	可见光 LED	9.2毫米圆型有领的LED ，发光角度 - 36 °	N	icpdf:prajson2.标称发光强度		https://www.digikey.cn/zh/products?keywords=72A22C-4001			upstream_missing	源端无键且窄表空，上游缺口可接受
72A22C-4001	CDIL	led	peak_wavelength_nm	icpdf	可见光 LED	9.2毫米圆型有领的LED ，发光角度 - 36 °	N	icpdf:prajson2.峰值波长		https://www.digikey.cn/zh/products?keywords=72A22C-4001			upstream_missing	源端无键且窄表空，上游缺口可接受
72A61T-4001	CDIL	led	emission_color	icpdf	可见光 LED	9.2毫米圆型有领的LED ，发光角度 - 36 °	N	icpdf:prajson2.颜色		https://www.digikey.cn/zh/products?keywords=72A61T-4001			upstream_missing	源端无键且窄表空，上游缺口可接受
72A61T-4001	CDIL	led	forward_voltage_v	icpdf	可见光 LED	9.2毫米圆型有领的LED ，发光角度 - 36 °	N	icpdf:prajson2.最大正向电压		https://www.digikey.cn/zh/products?keywords=72A61T-4001			upstream_missing	源端无键且窄表空，上游缺口可接受
72A61T-4001	CDIL	led	luminous_intensity_mcd	icpdf	可见光 LED	9.2毫米圆型有领的LED ，发光角度 - 36 °	N	icpdf:prajson2.标称发光强度		https://www.digikey.cn/zh/products?keywords=72A61T-4001			upstream_missing	源端无键且窄表空，上游缺口可接受
72A61T-4001	CDIL	led	peak_wavelength_nm	icpdf	可见光 LED	9.2毫米圆型有领的LED ，发光角度 - 36 °	N	icpdf:prajson2.峰值波长		https://www.digikey.cn/zh/products?keywords=72A61T-4001			upstream_missing	源端无键且窄表空，上游缺口可接受
CIM-51S12RV	CITIZEN	led	emission_color	icpdf	红外 LED	红外兼容IrDA标准的收发器	N	icpdf:prajson2.颜色		https://www.digikey.cn/zh/products?keywords=CIM-51S12RV			upstream_missing	源端无键且窄表空，上游缺口可接受
CIM-51S12RV	CITIZEN	led	forward_voltage_v	icpdf	红外 LED	红外兼容IrDA标准的收发器	N	icpdf:prajson2.最大正向电压		https://www.digikey.cn/zh/products?keywords=CIM-51S12RV			upstream_missing	源端无键且窄表空，上游缺口可接受
CIM-51S12RV	CITIZEN	led	luminous_intensity_mcd	icpdf	红外 LED	红外兼容IrDA标准的收发器	N	icpdf:prajson2.标称发光强度		https://www.digikey.cn/zh/products?keywords=CIM-51S12RV			upstream_missing	源端无键且窄表空，上游缺口可接受
CIM-51S12RV	CITIZEN	led	peak_wavelength_nm	icpdf	红外 LED	红外兼容IrDA标准的收发器	Y	icpdf:prajson2.峰值波长	888	https://www.digikey.cn/zh/products?keywords=CIM-51S12RV			consistent	源端与窄表均有值
CIM-55S12RV	CITIZEN	led	emission_color	icpdf	红外 LED	红外兼容IrDA标准的收发器	N	icpdf:prajson2.颜色		https://www.digikey.cn/zh/products?keywords=CIM-55S12RV			upstream_missing	源端无键且窄表空，上游缺口可接受
CIM-55S12RV	CITIZEN	led	forward_voltage_v	icpdf	红外 LED	红外兼容IrDA标准的收发器	N	icpdf:prajson2.最大正向电压		https://www.digikey.cn/zh/products?keywords=CIM-55S12RV			upstream_missing	源端无键且窄表空，上游缺口可接受
CIM-55S12RV	CITIZEN	led	luminous_intensity_mcd	icpdf	红外 LED	红外兼容IrDA标准的收发器	N	icpdf:prajson2.标称发光强度		https://www.digikey.cn/zh/products?keywords=CIM-55S12RV			upstream_missing	源端无键且窄表空，上游缺口可接受
CIM-55S12RV	CITIZEN	led	peak_wavelength_nm	icpdf	红外 LED	红外兼容IrDA标准的收发器	Y	icpdf:prajson2.峰值波长	888	https://www.digikey.cn/zh/products?keywords=CIM-55S12RV			consistent	源端与窄表均有值
CL-120S-8WQ	CITIZEN	led	emission_color	icpdf	可见光 LED	对于LED闪光光源	Y	icpdf:prajson2.颜色	White	https://www.digikey.cn/zh/products?keywords=CL-120S-8WQ			consistent	源端与窄表均有值
CL-120S-8WQ	CITIZEN	led	forward_voltage_v	icpdf	可见光 LED	对于LED闪光光源	N	icpdf:prajson2.最大正向电压		https://www.digikey.cn/zh/products?keywords=CL-120S-8WQ			upstream_missing	源端无键且窄表空，上游缺口可接受
CL-120S-8WQ	CITIZEN	led	luminous_intensity_mcd	icpdf	可见光 LED	对于LED闪光光源	Y	icpdf:prajson2.标称发光强度	24000	https://www.digikey.cn/zh/products?keywords=CL-120S-8WQ			consistent	源端与窄表均有值
CL-120S-8WQ	CITIZEN	led	peak_wavelength_nm	icpdf	可见光 LED	对于LED闪光光源	N	icpdf:prajson2.峰值波长		https://www.digikey.cn/zh/products?keywords=CL-120S-8WQ			upstream_missing	源端无键且窄表空，上游缺口可接受
CL-150D	CITIZEN	led	emission_color	icpdf	可见光 LED	单色向上照式	Y	icpdf:prajson2.颜色	Orange	https://www.digikey.cn/zh/products?keywords=CL-150D			consistent	源端与窄表均有值
CL-150D	CITIZEN	led	forward_voltage_v	icpdf	可见光 LED	单色向上照式	Y	icpdf:prajson2.最大正向电压	2.6	https://www.digikey.cn/zh/products?keywords=CL-150D			consistent	源端与窄表均有值
CL-150D	CITIZEN	led	luminous_intensity_mcd	icpdf	可见光 LED	单色向上照式	Y	icpdf:prajson2.标称发光强度	7.1	https://www.digikey.cn/zh/products?keywords=CL-150D			consistent	源端与窄表均有值
CL-150D	CITIZEN	led	peak_wavelength_nm	icpdf	可见光 LED	单色向上照式	Y	icpdf:prajson2.峰值波长	605	https://www.digikey.cn/zh/products?keywords=CL-150D			consistent	源端与窄表均有值
CL-150FG	CITIZEN	led	emission_color	icpdf	可见光 LED	单色向上照式	Y	icpdf:prajson2.颜色	Green	https://www.digikey.cn/zh/products?keywords=CL-150FG			consistent	源端与窄表均有值
CL-150FG	CITIZEN	led	forward_voltage_v	icpdf	可见光 LED	单色向上照式	Y	icpdf:prajson2.最大正向电压	2.6	https://www.digikey.cn/zh/products?keywords=CL-150FG			consistent	源端与窄表均有值
CL-150FG	CITIZEN	led	luminous_intensity_mcd	icpdf	可见光 LED	单色向上照式	Y	icpdf:prajson2.标称发光强度	6.5	https://www.digikey.cn/zh/products?keywords=CL-150FG			consistent	源端与窄表均有值
CL-150FG	CITIZEN	led	peak_wavelength_nm	icpdf	可见光 LED	单色向上照式	Y	icpdf:prajson2.峰值波长	560	https://www.digikey.cn/zh/products?keywords=CL-150FG			consistent	源端与窄表均有值
CLE231	CLAIREX	led	emission_color	icpdf	红外 LED	高功率铝砷化镓IREDs	N	icpdf:prajson2.颜色		https://www.digikey.cn/zh/products?keywords=CLE231			upstream_missing	源端无键且窄表空，上游缺口可接受
CLE231	CLAIREX	led	forward_voltage_v	icpdf	红外 LED	高功率铝砷化镓IREDs	N	icpdf:prajson2.最大正向电压		https://www.digikey.cn/zh/products?keywords=CLE231			upstream_missing	源端无键且窄表空，上游缺口可接受
CLE231	CLAIREX	led	luminous_intensity_mcd	icpdf	红外 LED	高功率铝砷化镓IREDs	N	icpdf:prajson2.标称发光强度		https://www.digikey.cn/zh/products?keywords=CLE231			upstream_missing	源端无键且窄表空，上游缺口可接受
CLE231	CLAIREX	led	peak_wavelength_nm	icpdf	红外 LED	高功率铝砷化镓IREDs	N	icpdf:prajson2.峰值波长		https://www.digikey.cn/zh/products?keywords=CLE231			upstream_missing	源端无键且窄表空，上游缺口可接受
CLE535W	CLAIREX	led	emission_color	icpdf	可见光 LED	大功率LED绿色平板窗口都可以，密封式	Y	icpdf:prajson2.颜色	Green	https://www.digikey.cn/zh/products?keywords=CLE535W			consistent	源端与窄表均有值
CLE535W	CLAIREX	led	forward_voltage_v	icpdf	可见光 LED	大功率LED绿色平板窗口都可以，密封式	N	icpdf:prajson2.最大正向电压		https://www.digikey.cn/zh/products?keywords=CLE535W			upstream_missing	源端无键且窄表空，上游缺口可接受
CLE535W	CLAIREX	led	luminous_intensity_mcd	icpdf	可见光 LED	大功率LED绿色平板窗口都可以，密封式	N	icpdf:prajson2.标称发光强度		https://www.digikey.cn/zh/products?keywords=CLE535W			upstream_missing	源端无键且窄表空，上游缺口可接受
CLE535W	CLAIREX	led	peak_wavelength_nm	icpdf	可见光 LED	大功率LED绿色平板窗口都可以，密封式	Y	icpdf:prajson2.峰值波长	530	https://www.digikey.cn/zh/products?keywords=CLE535W			consistent	源端与窄表均有值
1050A1	CML	led	emission_color	icpdf	可见光 LED	霓虹灯，白炽灯指示灯	Y	icpdf:prajson2.颜色	Red	https://www.digikey.cn/zh/products?keywords=1050A1			consistent	源端与窄表均有值
1050A1	CML	led	forward_voltage_v	icpdf	可见光 LED	霓虹灯，白炽灯指示灯	N	icpdf:prajson2.最大正向电压		https://www.digikey.cn/zh/products?keywords=1050A1			upstream_missing	源端无键且窄表空，上游缺口可接受
1050A1	CML	led	luminous_intensity_mcd	icpdf	可见光 LED	霓虹灯，白炽灯指示灯	N	icpdf:prajson2.标称发光强度		https://www.digikey.cn/zh/products?keywords=1050A1			upstream_missing	源端无键且窄表空，上游缺口可接受
1050A1	CML	led	peak_wavelength_nm	icpdf	可见光 LED	霓虹灯，白炽灯指示灯	N	icpdf:prajson2.峰值波长		https://www.digikey.cn/zh/products?keywords=1050A1			upstream_missing	源端无键且窄表空，上游缺口可接受
1050A2	CML	led	emission_color	icpdf	可见光 LED	霓虹灯，白炽灯指示灯	Y	icpdf:prajson2.颜色	White	https://www.digikey.cn/zh/products?keywords=1050A2			consistent	源端与窄表均有值
1050A2	CML	led	forward_voltage_v	icpdf	可见光 LED	霓虹灯，白炽灯指示灯	N	icpdf:prajson2.最大正向电压		https://www.digikey.cn/zh/products?keywords=1050A2			upstream_missing	源端无键且窄表空，上游缺口可接受
1050A2	CML	led	luminous_intensity_mcd	icpdf	可见光 LED	霓虹灯，白炽灯指示灯	N	icpdf:prajson2.标称发光强度		https://www.digikey.cn/zh/products?keywords=1050A2			upstream_missing	源端无键且窄表空，上游缺口可接受
1050A2	CML	led	peak_wavelength_nm	icpdf	可见光 LED	霓虹灯，白炽灯指示灯	N	icpdf:prajson2.峰值波长		https://www.digikey.cn/zh/products?keywords=1050A2			upstream_missing	源端无键且窄表空，上游缺口可接受
1050A3	CML	led	emission_color	icpdf	可见光 LED	霓虹灯，白炽灯指示灯	Y	icpdf:prajson2.颜色	Orange	https://www.digikey.cn/zh/products?keywords=1050A3			consistent	源端与窄表均有值
1050A3	CML	led	forward_voltage_v	icpdf	可见光 LED	霓虹灯，白炽灯指示灯	N	icpdf:prajson2.最大正向电压		https://www.digikey.cn/zh/products?keywords=1050A3			upstream_missing	源端无键且窄表空，上游缺口可接受
1050A3	CML	led	luminous_intensity_mcd	icpdf	可见光 LED	霓虹灯，白炽灯指示灯	N	icpdf:prajson2.标称发光强度		https://www.digikey.cn/zh/products?keywords=1050A3			upstream_missing	源端无键且窄表空，上游缺口可接受
1050A3	CML	led	peak_wavelength_nm	icpdf	可见光 LED	霓虹灯，白炽灯指示灯	N	icpdf:prajson2.峰值波长		https://www.digikey.cn/zh/products?keywords=1050A3			upstream_missing	源端无键且窄表空，上游缺口可接受
1050A4	CML	led	emission_color	icpdf	可见光 LED	霓虹灯，白炽灯指示灯	Y	icpdf:prajson2.颜色	White	https://www.digikey.cn/zh/products?keywords=1050A4			consistent	源端与窄表均有值
1050A4	CML	led	forward_voltage_v	icpdf	可见光 LED	霓虹灯，白炽灯指示灯	N	icpdf:prajson2.最大正向电压		https://www.digikey.cn/zh/products?keywords=1050A4			upstream_missing	源端无键且窄表空，上游缺口可接受
1050A4	CML	led	luminous_intensity_mcd	icpdf	可见光 LED	霓虹灯，白炽灯指示灯	N	icpdf:prajson2.标称发光强度		https://www.digikey.cn/zh/products?keywords=1050A4			upstream_missing	源端无键且窄表空，上游缺口可接受
1050A4	CML	led	peak_wavelength_nm	icpdf	可见光 LED	霓虹灯，白炽灯指示灯	N	icpdf:prajson2.峰值波长		https://www.digikey.cn/zh/products?keywords=1050A4			upstream_missing	源端无键且窄表空，上游缺口可接受
1050C1	CML	led	emission_color	icpdf	可见光 LED	霓虹灯，白炽灯指示灯	Y	icpdf:prajson2.颜色	Red	https://www.digikey.cn/zh/products?keywords=1050C1			consistent	源端与窄表均有值
1050C1	CML	led	forward_voltage_v	icpdf	可见光 LED	霓虹灯，白炽灯指示灯	N	icpdf:prajson2.最大正向电压		https://www.digikey.cn/zh/products?keywords=1050C1			upstream_missing	源端无键且窄表空，上游缺口可接受
1050C1	CML	led	luminous_intensity_mcd	icpdf	可见光 LED	霓虹灯，白炽灯指示灯	N	icpdf:prajson2.标称发光强度		https://www.digikey.cn/zh/products?keywords=1050C1			upstream_missing	源端无键且窄表空，上游缺口可接受
1050C1	CML	led	peak_wavelength_nm	icpdf	可见光 LED	霓虹灯，白炽灯指示灯	N	icpdf:prajson2.峰值波长		https://www.digikey.cn/zh/products?keywords=1050C1			upstream_missing	源端无键且窄表空，上游缺口可接受
3XL7090AM-L100-0001	CREE	led	emission_color	icpdf	可见光 LED		Y	icpdf:prajson2.颜色	Yellow	https://www.digikey.cn/zh/products?keywords=3XL7090AM-L100-0001			consistent	源端与窄表均有值
3XL7090AM-L100-0001	CREE	led	forward_voltage_v	icpdf	可见光 LED		Y	icpdf:prajson2.最大正向电压	3	https://www.digikey.cn/zh/products?keywords=3XL7090AM-L100-0001			consistent	源端与窄表均有值
3XL7090AM-L100-0001	CREE	led	luminous_intensity_mcd	icpdf	可见光 LED		N	icpdf:prajson2.标称发光强度		https://www.digikey.cn/zh/products?keywords=3XL7090AM-L100-0001			upstream_missing	源端无键且窄表空，上游缺口可接受
3XL7090AM-L100-0001	CREE	led	peak_wavelength_nm	icpdf	可见光 LED		N	icpdf:prajson2.峰值波长		https://www.digikey.cn/zh/products?keywords=3XL7090AM-L100-0001			upstream_missing	源端无键且窄表空，上游缺口可接受
3XL7090AM-L100-A2-N-001	CREE	led	emission_color	icpdf	可见光 LED		Y	icpdf:prajson2.颜色	Orange	https://www.digikey.cn/zh/products?keywords=3XL7090AM-L100-A2-N-001			consistent	源端与窄表均有值
3XL7090AM-L100-A2-N-001	CREE	led	forward_voltage_v	icpdf	可见光 LED		N	icpdf:prajson2.最大正向电压		https://www.digikey.cn/zh/products?keywords=3XL7090AM-L100-A2-N-001			upstream_missing	源端无键且窄表空，上游缺口可接受
3XL7090AM-L100-A2-N-001	CREE	led	luminous_intensity_mcd	icpdf	可见光 LED		N	icpdf:prajson2.标称发光强度		https://www.digikey.cn/zh/products?keywords=3XL7090AM-L100-A2-N-001			upstream_missing	源端无键且窄表空，上游缺口可接受
3XL7090AM-L100-A2-N-001	CREE	led	peak_wavelength_nm	icpdf	可见光 LED		N	icpdf:prajson2.峰值波长		https://www.digikey.cn/zh/products?keywords=3XL7090AM-L100-A2-N-001			upstream_missing	源端无键且窄表空，上游缺口可接受
3XL7090AM-L100-A2-P-001	CREE	led	emission_color	icpdf	可见光 LED		Y	icpdf:prajson2.颜色	Orange	https://www.digikey.cn/zh/products?keywords=3XL7090AM-L100-A2-P-001			consistent	源端与窄表均有值
3XL7090AM-L100-A2-P-001	CREE	led	forward_voltage_v	icpdf	可见光 LED		N	icpdf:prajson2.最大正向电压		https://www.digikey.cn/zh/products?keywords=3XL7090AM-L100-A2-P-001			upstream_missing	源端无键且窄表空，上游缺口可接受
3XL7090AM-L100-A2-P-001	CREE	led	luminous_intensity_mcd	icpdf	可见光 LED		N	icpdf:prajson2.标称发光强度		https://www.digikey.cn/zh/products?keywords=3XL7090AM-L100-A2-P-001			upstream_missing	源端无键且窄表空，上游缺口可接受
3XL7090AM-L100-A2-P-001	CREE	led	peak_wavelength_nm	icpdf	可见光 LED		N	icpdf:prajson2.峰值波长		https://www.digikey.cn/zh/products?keywords=3XL7090AM-L100-A2-P-001			upstream_missing	源端无键且窄表空，上游缺口可接受
3XL7090AM-L100-A3-M-001	CREE	led	emission_color	icpdf	可见光 LED		Y	icpdf:prajson2.颜色	Orange	https://www.digikey.cn/zh/products?keywords=3XL7090AM-L100-A3-M-001			consistent	源端与窄表均有值
3XL7090AM-L100-A3-M-001	CREE	led	forward_voltage_v	icpdf	可见光 LED		N	icpdf:prajson2.最大正向电压		https://www.digikey.cn/zh/products?keywords=3XL7090AM-L100-A3-M-001			upstream_missing	源端无键且窄表空，上游缺口可接受
3XL7090AM-L100-A3-M-001	CREE	led	luminous_intensity_mcd	icpdf	可见光 LED		N	icpdf:prajson2.标称发光强度		https://www.digikey.cn/zh/products?keywords=3XL7090AM-L100-A3-M-001			upstream_missing	源端无键且窄表空，上游缺口可接受
3XL7090AM-L100-A3-M-001	CREE	led	peak_wavelength_nm	icpdf	可见光 LED		N	icpdf:prajson2.峰值波长		https://www.digikey.cn/zh/products?keywords=3XL7090AM-L100-A3-M-001			upstream_missing	源端无键且窄表空，上游缺口可接受
3XL7090AM-L100-A3-N-001	CREE	led	emission_color	icpdf	可见光 LED		Y	icpdf:prajson2.颜色	Orange	https://www.digikey.cn/zh/products?keywords=3XL7090AM-L100-A3-N-001			consistent	源端与窄表均有值
3XL7090AM-L100-A3-N-001	CREE	led	forward_voltage_v	icpdf	可见光 LED		N	icpdf:prajson2.最大正向电压		https://www.digikey.cn/zh/products?keywords=3XL7090AM-L100-A3-N-001			upstream_missing	源端无键且窄表空，上游缺口可接受
3XL7090AM-L100-A3-N-001	CREE	led	luminous_intensity_mcd	icpdf	可见光 LED		N	icpdf:prajson2.标称发光强度		https://www.digikey.cn/zh/products?keywords=3XL7090AM-L100-A3-N-001			upstream_missing	源端无键且窄表空，上游缺口可接受
3XL7090AM-L100-A3-N-001	CREE	led	peak_wavelength_nm	icpdf	可见光 LED		N	icpdf:prajson2.峰值波长		https://www.digikey.cn/zh/products?keywords=3XL7090AM-L100-A3-N-001			upstream_missing	源端无键且窄表空，上游缺口可接受
BTF-08BLCS-B5-P	DBLECTRO	led	emission_color	icpdf	可见光 LED	食人鱼	N	icpdf:prajson2.颜色		https://www.digikey.cn/zh/products?keywords=BTF-08BLCS-B5-P			upstream_missing	源端无键且窄表空，上游缺口可接受
BTF-08BLCS-B5-P	DBLECTRO	led	forward_voltage_v	icpdf	可见光 LED	食人鱼	N	icpdf:prajson2.最大正向电压		https://www.digikey.cn/zh/products?keywords=BTF-08BLCS-B5-P			upstream_missing	源端无键且窄表空，上游缺口可接受
BTF-08BLCS-B5-P	DBLECTRO	led	luminous_intensity_mcd	icpdf	可见光 LED	食人鱼	N	icpdf:prajson2.标称发光强度		https://www.digikey.cn/zh/products?keywords=BTF-08BLCS-B5-P			upstream_missing	源端无键且窄表空，上游缺口可接受
BTF-08BLCS-B5-P	DBLECTRO	led	peak_wavelength_nm	icpdf	可见光 LED	食人鱼	N	icpdf:prajson2.峰值波长		https://www.digikey.cn/zh/products?keywords=BTF-08BLCS-B5-P			upstream_missing	源端无键且窄表空，上游缺口可接受
BTF-08BLCS-B5-R	DBLECTRO	led	emission_color	icpdf	可见光 LED	食人鱼	N	icpdf:prajson2.颜色		https://www.digikey.cn/zh/products?keywords=BTF-08BLCS-B5-R			upstream_missing	源端无键且窄表空，上游缺口可接受
BTF-08BLCS-B5-R	DBLECTRO	led	forward_voltage_v	icpdf	可见光 LED	食人鱼	N	icpdf:prajson2.最大正向电压		https://www.digikey.cn/zh/products?keywords=BTF-08BLCS-B5-R			upstream_missing	源端无键且窄表空，上游缺口可接受
BTF-08BLCS-B5-R	DBLECTRO	led	luminous_intensity_mcd	icpdf	可见光 LED	食人鱼	N	icpdf:prajson2.标称发光强度		https://www.digikey.cn/zh/products?keywords=BTF-08BLCS-B5-R			upstream_missing	源端无键且窄表空，上游缺口可接受
BTF-08BLCS-B5-R	DBLECTRO	led	peak_wavelength_nm	icpdf	可见光 LED	食人鱼	N	icpdf:prajson2.峰值波长		https://www.digikey.cn/zh/products?keywords=BTF-08BLCS-B5-R			upstream_missing	源端无键且窄表空，上游缺口可接受
BTF-08BLCS-B6-P	DBLECTRO	led	emission_color	icpdf	可见光 LED	食人鱼	N	icpdf:prajson2.颜色		https://www.digikey.cn/zh/products?keywords=BTF-08BLCS-B6-P			upstream_missing	源端无键且窄表空，上游缺口可接受
BTF-08BLCS-B6-P	DBLECTRO	led	forward_voltage_v	icpdf	可见光 LED	食人鱼	N	icpdf:prajson2.最大正向电压		https://www.digikey.cn/zh/products?keywords=BTF-08BLCS-B6-P			upstream_missing	源端无键且窄表空，上游缺口可接受
BTF-08BLCS-B6-P	DBLECTRO	led	luminous_intensity_mcd	icpdf	可见光 LED	食人鱼	N	icpdf:prajson2.标称发光强度		https://www.digikey.cn/zh/products?keywords=BTF-08BLCS-B6-P			upstream_missing	源端无键且窄表空，上游缺口可接受
BTF-08BLCS-B6-P	DBLECTRO	led	peak_wavelength_nm	icpdf	可见光 LED	食人鱼	N	icpdf:prajson2.峰值波长		https://www.digikey.cn/zh/products?keywords=BTF-08BLCS-B6-P			upstream_missing	源端无键且窄表空，上游缺口可接受
BTF-08BLCS-B6-R	DBLECTRO	led	emission_color	icpdf	可见光 LED	食人鱼	N	icpdf:prajson2.颜色		https://www.digikey.cn/zh/products?keywords=BTF-08BLCS-B6-R			upstream_missing	源端无键且窄表空，上游缺口可接受
BTF-08BLCS-B6-R	DBLECTRO	led	forward_voltage_v	icpdf	可见光 LED	食人鱼	N	icpdf:prajson2.最大正向电压		https://www.digikey.cn/zh/products?keywords=BTF-08BLCS-B6-R			upstream_missing	源端无键且窄表空，上游缺口可接受
BTF-08BLCS-B6-R	DBLECTRO	led	luminous_intensity_mcd	icpdf	可见光 LED	食人鱼	N	icpdf:prajson2.标称发光强度		https://www.digikey.cn/zh/products?keywords=BTF-08BLCS-B6-R			upstream_missing	源端无键且窄表空，上游缺口可接受
BTF-08BLCS-B6-R	DBLECTRO	led	peak_wavelength_nm	icpdf	可见光 LED	食人鱼	N	icpdf:prajson2.峰值波长		https://www.digikey.cn/zh/products?keywords=BTF-08BLCS-B6-R			upstream_missing	源端无键且窄表空，上游缺口可接受
BTF-08BLCS-XX-P	DBLECTRO	led	emission_color	icpdf	可见光 LED	食人鱼	N	icpdf:prajson2.颜色		https://www.digikey.cn/zh/products?keywords=BTF-08BLCS-XX-P			upstream_missing	源端无键且窄表空，上游缺口可接受
BTF-08BLCS-XX-P	DBLECTRO	led	forward_voltage_v	icpdf	可见光 LED	食人鱼	N	icpdf:prajson2.最大正向电压		https://www.digikey.cn/zh/products?keywords=BTF-08BLCS-XX-P			upstream_missing	源端无键且窄表空，上游缺口可接受
BTF-08BLCS-XX-P	DBLECTRO	led	luminous_intensity_mcd	icpdf	可见光 LED	食人鱼	N	icpdf:prajson2.标称发光强度		https://www.digikey.cn/zh/products?keywords=BTF-08BLCS-XX-P			upstream_missing	源端无键且窄表空，上游缺口可接受
BTF-08BLCS-XX-P	DBLECTRO	led	peak_wavelength_nm	icpdf	可见光 LED	食人鱼	N	icpdf:prajson2.峰值波长		https://www.digikey.cn/zh/products?keywords=BTF-08BLCS-XX-P			upstream_missing	源端无键且窄表空，上游缺口可接受
004-2900-200	DIALIGHT	led	emission_color	icpdf	可见光 LED		N	icpdf:prajson2.颜色		https://www.digikey.cn/zh/products?keywords=004-2900-200			upstream_missing	源端无键且窄表空，上游缺口可接受
004-2900-200	DIALIGHT	led	forward_voltage_v	icpdf	可见光 LED		N	icpdf:prajson2.最大正向电压		https://www.digikey.cn/zh/products?keywords=004-2900-200			upstream_missing	源端无键且窄表空，上游缺口可接受
004-2900-200	DIALIGHT	led	luminous_intensity_mcd	icpdf	可见光 LED		N	icpdf:prajson2.标称发光强度		https://www.digikey.cn/zh/products?keywords=004-2900-200			upstream_missing	源端无键且窄表空，上游缺口可接受
004-2900-200	DIALIGHT	led	peak_wavelength_nm	icpdf	可见光 LED		N	icpdf:prajson2.峰值波长		https://www.digikey.cn/zh/products?keywords=004-2900-200			upstream_missing	源端无键且窄表空，上游缺口可接受
031-0111-300	DIALIGHT	led	emission_color	icpdf	可见光 LED	031系列1 “安装孔?? ¢摩擦配合-CAP	Y	icpdf:prajson2.颜色	Red	https://www.digikey.cn/zh/products?keywords=031-0111-300			consistent	源端与窄表均有值
031-0111-300	DIALIGHT	led	forward_voltage_v	icpdf	可见光 LED	031系列1 “安装孔?? ¢摩擦配合-CAP	N	icpdf:prajson2.最大正向电压		https://www.digikey.cn/zh/products?keywords=031-0111-300			upstream_missing	源端无键且窄表空，上游缺口可接受
031-0111-300	DIALIGHT	led	luminous_intensity_mcd	icpdf	可见光 LED	031系列1 “安装孔?? ¢摩擦配合-CAP	N	icpdf:prajson2.标称发光强度		https://www.digikey.cn/zh/products?keywords=031-0111-300			upstream_missing	源端无键且窄表空，上游缺口可接受
031-0111-300	DIALIGHT	led	peak_wavelength_nm	icpdf	可见光 LED	031系列1 “安装孔?? ¢摩擦配合-CAP	N	icpdf:prajson2.峰值波长		https://www.digikey.cn/zh/products?keywords=031-0111-300			upstream_missing	源端无键且窄表空，上游缺口可接受
031-0112-300	DIALIGHT	led	emission_color	icpdf	可见光 LED	031系列1 “安装孔?? ¢摩擦配合-CAP	Y	icpdf:prajson2.颜色	Green	https://www.digikey.cn/zh/products?keywords=031-0112-300			consistent	源端与窄表均有值
031-0112-300	DIALIGHT	led	forward_voltage_v	icpdf	可见光 LED	031系列1 “安装孔?? ¢摩擦配合-CAP	N	icpdf:prajson2.最大正向电压		https://www.digikey.cn/zh/products?keywords=031-0112-300			upstream_missing	源端无键且窄表空，上游缺口可接受
031-0112-300	DIALIGHT	led	luminous_intensity_mcd	icpdf	可见光 LED	031系列1 “安装孔?? ¢摩擦配合-CAP	N	icpdf:prajson2.标称发光强度		https://www.digikey.cn/zh/products?keywords=031-0112-300			upstream_missing	源端无键且窄表空，上游缺口可接受
031-0112-300	DIALIGHT	led	peak_wavelength_nm	icpdf	可见光 LED	031系列1 “安装孔?? ¢摩擦配合-CAP	N	icpdf:prajson2.峰值波长		https://www.digikey.cn/zh/products?keywords=031-0112-300			upstream_missing	源端无键且窄表空，上游缺口可接受
031-0113-300	DIALIGHT	led	emission_color	icpdf	可见光 LED	031系列1 “安装孔?? ¢摩擦配合-CAP	Y	icpdf:prajson2.颜色	Orange	https://www.digikey.cn/zh/products?keywords=031-0113-300			consistent	源端与窄表均有值
031-0113-300	DIALIGHT	led	forward_voltage_v	icpdf	可见光 LED	031系列1 “安装孔?? ¢摩擦配合-CAP	N	icpdf:prajson2.最大正向电压		https://www.digikey.cn/zh/products?keywords=031-0113-300			upstream_missing	源端无键且窄表空，上游缺口可接受
031-0113-300	DIALIGHT	led	luminous_intensity_mcd	icpdf	可见光 LED	031系列1 “安装孔?? ¢摩擦配合-CAP	N	icpdf:prajson2.标称发光强度		https://www.digikey.cn/zh/products?keywords=031-0113-300			upstream_missing	源端无键且窄表空，上游缺口可接受
031-0113-300	DIALIGHT	led	peak_wavelength_nm	icpdf	可见光 LED	031系列1 “安装孔?? ¢摩擦配合-CAP	N	icpdf:prajson2.峰值波长		https://www.digikey.cn/zh/products?keywords=031-0113-300			upstream_missing	源端无键且窄表空，上游缺口可接受
031-0135-300	DIALIGHT	led	emission_color	icpdf	可见光 LED	031系列1 “安装孔?? ¢摩擦配合-CAP	Y	icpdf:prajson2.颜色	White	https://www.digikey.cn/zh/products?keywords=031-0135-300			consistent	源端与窄表均有值
031-0135-300	DIALIGHT	led	forward_voltage_v	icpdf	可见光 LED	031系列1 “安装孔?? ¢摩擦配合-CAP	N	icpdf:prajson2.最大正向电压		https://www.digikey.cn/zh/products?keywords=031-0135-300			upstream_missing	源端无键且窄表空，上游缺口可接受
031-0135-300	DIALIGHT	led	luminous_intensity_mcd	icpdf	可见光 LED	031系列1 “安装孔?? ¢摩擦配合-CAP	N	icpdf:prajson2.标称发光强度		https://www.digikey.cn/zh/products?keywords=031-0135-300			upstream_missing	源端无键且窄表空，上游缺口可接受
031-0135-300	DIALIGHT	led	peak_wavelength_nm	icpdf	可见光 LED	031系列1 “安装孔?? ¢摩擦配合-CAP	N	icpdf:prajson2.峰值波长		https://www.digikey.cn/zh/products?keywords=031-0135-300			upstream_missing	源端无键且窄表空，上游缺口可接受
D6RTB-DJD-TU+UV+RS	DOMINANT	led	emission_color	icpdf	可见光 LED	多功能LED	N	icpdf:prajson2.颜色		https://www.digikey.cn/zh/products?keywords=D6RTB-DJD-TU+UV+RS			upstream_missing	源端无键且窄表空，上游缺口可接受
D6RTB-DJD-TU+UV+RS	DOMINANT	led	forward_voltage_v	icpdf	可见光 LED	多功能LED	N	icpdf:prajson2.最大正向电压		https://www.digikey.cn/zh/products?keywords=D6RTB-DJD-TU+UV+RS			upstream_missing	源端无键且窄表空，上游缺口可接受
D6RTB-DJD-TU+UV+RS	DOMINANT	led	luminous_intensity_mcd	icpdf	可见光 LED	多功能LED	N	icpdf:prajson2.标称发光强度		https://www.digikey.cn/zh/products?keywords=D6RTB-DJD-TU+UV+RS			upstream_missing	源端无键且窄表空，上游缺口可接受
D6RTB-DJD-TU+UV+RS	DOMINANT	led	peak_wavelength_nm	icpdf	可见光 LED	多功能LED	N	icpdf:prajson2.峰值波长		https://www.digikey.cn/zh/products?keywords=D6RTB-DJD-TU+UV+RS			upstream_missing	源端无键且窄表空，上游缺口可接受
D6RTB-DJD-TU+UV+RS-1	DOMINANT	led	emission_color	icpdf	可见光 LED		Y	icpdf:prajson2.颜色	Multi-Color	https://www.digikey.cn/zh/products?keywords=D6RTB-DJD-TU+UV+RS-1			consistent	源端与窄表均有值
D6RTB-DJD-TU+UV+RS-1	DOMINANT	led	forward_voltage_v	icpdf	可见光 LED		N	icpdf:prajson2.最大正向电压		https://www.digikey.cn/zh/products?keywords=D6RTB-DJD-TU+UV+RS-1			upstream_missing	源端无键且窄表空，上游缺口可接受
D6RTB-DJD-TU+UV+RS-1	DOMINANT	led	luminous_intensity_mcd	icpdf	可见光 LED		Y	icpdf:prajson2.标称发光强度	180	https://www.digikey.cn/zh/products?keywords=D6RTB-DJD-TU+UV+RS-1			consistent	源端与窄表均有值
D6RTB-DJD-TU+UV+RS-1	DOMINANT	led	peak_wavelength_nm	icpdf	可见光 LED		N	icpdf:prajson2.峰值波长		https://www.digikey.cn/zh/products?keywords=D6RTB-DJD-TU+UV+RS-1			upstream_missing	源端无键且窄表空，上游缺口可接受
D6RTB-DJD-TU+WX+TU-1	DOMINANT	led	emission_color	icpdf	可见光 LED		N	icpdf:prajson2.颜色		https://www.digikey.cn/zh/products?keywords=D6RTB-DJD-TU+WX+TU-1			upstream_missing	源端无键且窄表空，上游缺口可接受
D6RTB-DJD-TU+WX+TU-1	DOMINANT	led	forward_voltage_v	icpdf	可见光 LED		N	icpdf:prajson2.最大正向电压		https://www.digikey.cn/zh/products?keywords=D6RTB-DJD-TU+WX+TU-1			upstream_missing	源端无键且窄表空，上游缺口可接受
D6RTB-DJD-TU+WX+TU-1	DOMINANT	led	luminous_intensity_mcd	icpdf	可见光 LED		N	icpdf:prajson2.标称发光强度		https://www.digikey.cn/zh/products?keywords=D6RTB-DJD-TU+WX+TU-1			upstream_missing	源端无键且窄表空，上游缺口可接受
D6RTB-DJD-TU+WX+TU-1	DOMINANT	led	peak_wavelength_nm	icpdf	可见光 LED		N	icpdf:prajson2.峰值波长		https://www.digikey.cn/zh/products?keywords=D6RTB-DJD-TU+WX+TU-1			upstream_missing	源端无键且窄表空，上游缺口可接受
D6RTB-HJD-TU+UV+RS-1	DOMINANT	led	emission_color	icpdf	可见光 LED		Y	icpdf:prajson2.颜色	Multi-Color	https://www.digikey.cn/zh/products?keywords=D6RTB-HJD-TU+UV+RS-1			consistent	源端与窄表均有值
D6RTB-HJD-TU+UV+RS-1	DOMINANT	led	forward_voltage_v	icpdf	可见光 LED		N	icpdf:prajson2.最大正向电压		https://www.digikey.cn/zh/products?keywords=D6RTB-HJD-TU+UV+RS-1			upstream_missing	源端无键且窄表空，上游缺口可接受
D6RTB-HJD-TU+UV+RS-1	DOMINANT	led	luminous_intensity_mcd	icpdf	可见光 LED		Y	icpdf:prajson2.标称发光强度	202	https://www.digikey.cn/zh/products?keywords=D6RTB-HJD-TU+UV+RS-1			consistent	源端与窄表均有值
D6RTB-HJD-TU+UV+RS-1	DOMINANT	led	peak_wavelength_nm	icpdf	可见光 LED		N	icpdf:prajson2.峰值波长		https://www.digikey.cn/zh/products?keywords=D6RTB-HJD-TU+UV+RS-1			upstream_missing	源端无键且窄表空，上游缺口可接受
D6RTB-HJD-TU+UV+ST-1	DOMINANT	led	emission_color	icpdf	可见光 LED		Y	icpdf:prajson2.颜色	Multi-Color	https://www.digikey.cn/zh/products?keywords=D6RTB-HJD-TU+UV+ST-1			consistent	源端与窄表均有值
D6RTB-HJD-TU+UV+ST-1	DOMINANT	led	forward_voltage_v	icpdf	可见光 LED		N	icpdf:prajson2.最大正向电压		https://www.digikey.cn/zh/products?keywords=D6RTB-HJD-TU+UV+ST-1			upstream_missing	源端无键且窄表空，上游缺口可接受
D6RTB-HJD-TU+UV+ST-1	DOMINANT	led	luminous_intensity_mcd	icpdf	可见光 LED		Y	icpdf:prajson2.标称发光强度	285	https://www.digikey.cn/zh/products?keywords=D6RTB-HJD-TU+UV+ST-1			consistent	源端与窄表均有值
D6RTB-HJD-TU+UV+ST-1	DOMINANT	led	peak_wavelength_nm	icpdf	可见光 LED		N	icpdf:prajson2.峰值波长		https://www.digikey.cn/zh/products?keywords=D6RTB-HJD-TU+UV+ST-1			upstream_missing	源端无键且窄表空，上游缺口可接受
10-01-C84-YSC-AAS2T2DH-AM	EVERLIGHT	led	emission_color	icpdf	可见光 LED	平坦功率LED	Y	icpdf:prajson2.颜色	Yellow	https://www.digikey.cn/zh/products?keywords=10-01-C84-YSC-AAS2T2DH-AM			consistent	源端与窄表均有值
10-01-C84-YSC-AAS2T2DH-AM	EVERLIGHT	led	forward_voltage_v	icpdf	可见光 LED	平坦功率LED	N	icpdf:prajson2.最大正向电压		https://www.digikey.cn/zh/products?keywords=10-01-C84-YSC-AAS2T2DH-AM			upstream_missing	源端无键且窄表空，上游缺口可接受
10-01-C84-YSC-AAS2T2DH-AM	EVERLIGHT	led	luminous_intensity_mcd	icpdf	可见光 LED	平坦功率LED	N	icpdf:prajson2.标称发光强度		https://www.digikey.cn/zh/products?keywords=10-01-C84-YSC-AAS2T2DH-AM			upstream_missing	源端无键且窄表空，上游缺口可接受
10-01-C84-YSC-AAS2T2DH-AM	EVERLIGHT	led	peak_wavelength_nm	icpdf	可见光 LED	平坦功率LED	Y	icpdf:prajson2.峰值波长	594	https://www.digikey.cn/zh/products?keywords=10-01-C84-YSC-AAS2T2DH-AM			consistent	源端与窄表均有值
10-21/G7C-BM1N2B/3T	EVERLIGHT	led	emission_color	icpdf	可见光 LED	技术数据表（初稿） 0605封装贴片LED （0.5mm间距高）	Y	icpdf:prajson2.颜色	Multi-Color	https://www.digikey.cn/zh/products?keywords=10-21/G7C-BM1N2B/3T			consistent	源端与窄表均有值
10-21/G7C-BM1N2B/3T	EVERLIGHT	led	forward_voltage_v	icpdf	可见光 LED	技术数据表（初稿） 0605封装贴片LED （0.5mm间距高）	N	icpdf:prajson2.最大正向电压		https://www.digikey.cn/zh/products?keywords=10-21/G7C-BM1N2B/3T			upstream_missing	源端无键且窄表空，上游缺口可接受
10-21/G7C-BM1N2B/3T	EVERLIGHT	led	luminous_intensity_mcd	icpdf	可见光 LED	技术数据表（初稿） 0605封装贴片LED （0.5mm间距高）	Y	icpdf:prajson2.标称发光强度	31.5	https://www.digikey.cn/zh/products?keywords=10-21/G7C-BM1N2B/3T			consistent	源端与窄表均有值
10-21/G7C-BM1N2B/3T	EVERLIGHT	led	peak_wavelength_nm	icpdf	可见光 LED	技术数据表（初稿） 0605封装贴片LED （0.5mm间距高）	Y	icpdf:prajson2.峰值波长	575	https://www.digikey.cn/zh/products?keywords=10-21/G7C-BM1N2B/3T			consistent	源端与窄表均有值
1003GD	EVERLIGHT	led	emission_color	icpdf	可见光 LED	3.68 * 6.22毫米传奇矩形LED灯	Y	icpdf:prajson2.颜色@波长	Green	https://www.digikey.cn/zh/products?keywords=1003GD			consistent	源端与窄表均有值
1003GD	EVERLIGHT	led	forward_voltage_v	icpdf	可见光 LED	3.68 * 6.22毫米传奇矩形LED灯	Y	icpdf:prajson2.最大正向电压	2.8	https://www.digikey.cn/zh/products?keywords=1003GD			consistent	源端与窄表均有值
1003GD	EVERLIGHT	led	luminous_intensity_mcd	icpdf	可见光 LED	3.68 * 6.22毫米传奇矩形LED灯	N	icpdf:prajson2.标称发光强度		https://www.digikey.cn/zh/products?keywords=1003GD			upstream_missing	源端无键且窄表空，上游缺口可接受
1003GD	EVERLIGHT	led	peak_wavelength_nm	icpdf	可见光 LED	3.68 * 6.22毫米传奇矩形LED灯	Y	icpdf:prajson2.峰值波长	565	https://www.digikey.cn/zh/products?keywords=1003GD			consistent	源端与窄表均有值
1003SURD/S530-A3	EVERLIGHT	led	emission_color	icpdf	可见光 LED	3.68 * 6.22毫米传奇矩形LED灯	Y	icpdf:prajson2.颜色	Red	https://www.digikey.cn/zh/products?keywords=1003SURD/S530-A3			consistent	源端与窄表均有值
1003SURD/S530-A3	EVERLIGHT	led	forward_voltage_v	icpdf	可见光 LED	3.68 * 6.22毫米传奇矩形LED灯	N	icpdf:prajson2.最大正向电压		https://www.digikey.cn/zh/products?keywords=1003SURD/S530-A3			upstream_missing	源端无键且窄表空，上游缺口可接受
1003SURD/S530-A3	EVERLIGHT	led	luminous_intensity_mcd	icpdf	可见光 LED	3.68 * 6.22毫米传奇矩形LED灯	Y	icpdf:prajson2.标称发光强度	50	https://www.digikey.cn/zh/products?keywords=1003SURD/S530-A3			consistent	源端与窄表均有值
1003SURD/S530-A3	EVERLIGHT	led	peak_wavelength_nm	icpdf	可见光 LED	3.68 * 6.22毫米传奇矩形LED灯	Y	icpdf:prajson2.峰值波长	632	https://www.digikey.cn/zh/products?keywords=1003SURD/S530-A3			consistent	源端与窄表均有值
1003SYGD/S530-E2	EVERLIGHT	led	emission_color	icpdf	可见光 LED		Y	icpdf:prajson2.颜色	Multi-Color	https://www.digikey.cn/zh/products?keywords=1003SYGD/S530-E2			consistent	源端与窄表均有值
1003SYGD/S530-E2	EVERLIGHT	led	forward_voltage_v	icpdf	可见光 LED		Y	icpdf:prajson2.最大正向电压	2.4	https://www.digikey.cn/zh/products?keywords=1003SYGD/S530-E2			consistent	源端与窄表均有值
1003SYGD/S530-E2	EVERLIGHT	led	luminous_intensity_mcd	icpdf	可见光 LED		Y	icpdf:prajson2.标称发光强度	12.5	https://www.digikey.cn/zh/products?keywords=1003SYGD/S530-E2			consistent	源端与窄表均有值
1003SYGD/S530-E2	EVERLIGHT	led	peak_wavelength_nm	icpdf	可见光 LED		Y	icpdf:prajson2.峰值波长	575	https://www.digikey.cn/zh/products?keywords=1003SYGD/S530-E2			consistent	源端与窄表均有值
1N6264	FAIRCHILD	led	emission_color	icpdf	红外 LED	砷化镓红外发光二极管	N	icpdf:prajson2.颜色		https://www.digikey.cn/zh/products?keywords=1N6264			upstream_missing	源端无键且窄表空，上游缺口可接受
1N6264	FAIRCHILD	led	forward_voltage_v	icpdf	红外 LED	砷化镓红外发光二极管	Y	icpdf:prajson2.最大正向电压	1.7	https://www.digikey.cn/zh/products?keywords=1N6264			consistent	源端与窄表均有值
1N6264	FAIRCHILD	led	luminous_intensity_mcd	icpdf	红外 LED	砷化镓红外发光二极管	N	icpdf:prajson2.标称发光强度		https://www.digikey.cn/zh/products?keywords=1N6264			upstream_missing	源端无键且窄表空，上游缺口可接受
1N6264	FAIRCHILD	led	peak_wavelength_nm	icpdf	红外 LED	砷化镓红外发光二极管	Y	icpdf:prajson2.峰值波长	940	https://www.digikey.cn/zh/products?keywords=1N6264			consistent	源端与窄表均有值
1N6265	FAIRCHILD	led	emission_color	icpdf	红外 LED	砷化镓红外发光二极管	N	icpdf:prajson2.颜色		https://www.digikey.cn/zh/products?keywords=1N6265			upstream_missing	源端无键且窄表空，上游缺口可接受
1N6265	FAIRCHILD	led	forward_voltage_v	icpdf	红外 LED	砷化镓红外发光二极管	Y	icpdf:prajson2.最大正向电压	1.7	https://www.digikey.cn/zh/products?keywords=1N6265			consistent	源端与窄表均有值
1N6265	FAIRCHILD	led	luminous_intensity_mcd	icpdf	红外 LED	砷化镓红外发光二极管	N	icpdf:prajson2.标称发光强度		https://www.digikey.cn/zh/products?keywords=1N6265			upstream_missing	源端无键且窄表空，上游缺口可接受
1N6265	FAIRCHILD	led	peak_wavelength_nm	icpdf	红外 LED	砷化镓红外发光二极管	Y	icpdf:prajson2.峰值波长	940	https://www.digikey.cn/zh/products?keywords=1N6265			consistent	源端与窄表均有值
1N6266	FAIRCHILD	led	emission_color	icpdf	红外 LED	砷化镓红外发光二极管	N	icpdf:prajson2.颜色		https://www.digikey.cn/zh/products?keywords=1N6266			upstream_missing	源端无键且窄表空，上游缺口可接受
1N6266	FAIRCHILD	led	forward_voltage_v	icpdf	红外 LED	砷化镓红外发光二极管	Y	icpdf:prajson2.最大正向电压	1.7	https://www.digikey.cn/zh/products?keywords=1N6266			consistent	源端与窄表均有值
1N6266	FAIRCHILD	led	luminous_intensity_mcd	icpdf	红外 LED	砷化镓红外发光二极管	N	icpdf:prajson2.标称发光强度		https://www.digikey.cn/zh/products?keywords=1N6266			upstream_missing	源端无键且窄表空，上游缺口可接受
1N6266	FAIRCHILD	led	peak_wavelength_nm	icpdf	红外 LED	砷化镓红外发光二极管	Y	icpdf:prajson2.峰值波长	940	https://www.digikey.cn/zh/products?keywords=1N6266			consistent	源端与窄表均有值
CQX14	FAIRCHILD	led	emission_color	icpdf	红外 LED	砷化镓红外发光二极管	N	icpdf:prajson2.颜色		https://www.digikey.cn/zh/products?keywords=CQX14			upstream_missing	源端无键且窄表空，上游缺口可接受
CQX14	FAIRCHILD	led	forward_voltage_v	icpdf	红外 LED	砷化镓红外发光二极管	Y	icpdf:prajson2.最大正向电压	1.7	https://www.digikey.cn/zh/products?keywords=CQX14			consistent	源端与窄表均有值
CQX14	FAIRCHILD	led	luminous_intensity_mcd	icpdf	红外 LED	砷化镓红外发光二极管	N	icpdf:prajson2.标称发光强度		https://www.digikey.cn/zh/products?keywords=CQX14			upstream_missing	源端无键且窄表空，上游缺口可接受
CQX14	FAIRCHILD	led	peak_wavelength_nm	icpdf	红外 LED	砷化镓红外发光二极管	Y	icpdf:prajson2.峰值波长	940	https://www.digikey.cn/zh/products?keywords=CQX14			consistent	源端与窄表均有值
CQX15	FAIRCHILD	led	emission_color	icpdf	红外 LED	砷化镓红外发光二极管	N	icpdf:prajson2.颜色		https://www.digikey.cn/zh/products?keywords=CQX15			upstream_missing	源端无键且窄表空，上游缺口可接受
CQX15	FAIRCHILD	led	forward_voltage_v	icpdf	红外 LED	砷化镓红外发光二极管	Y	icpdf:prajson2.最大正向电压	1.7	https://www.digikey.cn/zh/products?keywords=CQX15			consistent	源端与窄表均有值
CQX15	FAIRCHILD	led	luminous_intensity_mcd	icpdf	红外 LED	砷化镓红外发光二极管	N	icpdf:prajson2.标称发光强度		https://www.digikey.cn/zh/products?keywords=CQX15			upstream_missing	源端无键且窄表空，上游缺口可接受
CQX15	FAIRCHILD	led	peak_wavelength_nm	icpdf	红外 LED	砷化镓红外发光二极管	Y	icpdf:prajson2.峰值波长	940	https://www.digikey.cn/zh/products?keywords=CQX15			consistent	源端与窄表均有值
L10596	HAMAMATSU	led	emission_color	icpdf	红外 LED	采用目前CON-斯内德片小排量现货LED	N	icpdf:prajson2.颜色		https://www.digikey.cn/zh/products?keywords=L10596			upstream_missing	源端无键且窄表空，上游缺口可接受
L10596	HAMAMATSU	led	forward_voltage_v	icpdf	红外 LED	采用目前CON-斯内德片小排量现货LED	N	icpdf:prajson2.最大正向电压		https://www.digikey.cn/zh/products?keywords=L10596			upstream_missing	源端无键且窄表空，上游缺口可接受
L10596	HAMAMATSU	led	luminous_intensity_mcd	icpdf	红外 LED	采用目前CON-斯内德片小排量现货LED	N	icpdf:prajson2.标称发光强度		https://www.digikey.cn/zh/products?keywords=L10596			upstream_missing	源端无键且窄表空，上游缺口可接受
L10596	HAMAMATSU	led	peak_wavelength_nm	icpdf	红外 LED	采用目前CON-斯内德片小排量现货LED	Y	icpdf:prajson2.峰值波长	870	https://www.digikey.cn/zh/products?keywords=L10596			consistent	源端与窄表均有值
L10596-02	HAMAMATSU	led	emission_color	icpdf	红外 LED	采用目前CON-斯内德片小排量现货LED	N	icpdf:prajson2.颜色		https://www.digikey.cn/zh/products?keywords=L10596-02			upstream_missing	源端无键且窄表空，上游缺口可接受
L10596-02	HAMAMATSU	led	forward_voltage_v	icpdf	红外 LED	采用目前CON-斯内德片小排量现货LED	N	icpdf:prajson2.最大正向电压		https://www.digikey.cn/zh/products?keywords=L10596-02			upstream_missing	源端无键且窄表空，上游缺口可接受
L10596-02	HAMAMATSU	led	luminous_intensity_mcd	icpdf	红外 LED	采用目前CON-斯内德片小排量现货LED	N	icpdf:prajson2.标称发光强度		https://www.digikey.cn/zh/products?keywords=L10596-02			upstream_missing	源端无键且窄表空，上游缺口可接受
L10596-02	HAMAMATSU	led	peak_wavelength_nm	icpdf	红外 LED	采用目前CON-斯内德片小排量现货LED	Y	icpdf:prajson2.峰值波长	870	https://www.digikey.cn/zh/products?keywords=L10596-02			consistent	源端与窄表均有值
L10596-03	HAMAMATSU	led	emission_color	icpdf	红外 LED	采用目前CON-斯内德片小排量现货LED	N	icpdf:prajson2.颜色		https://www.digikey.cn/zh/products?keywords=L10596-03			upstream_missing	源端无键且窄表空，上游缺口可接受
L10596-03	HAMAMATSU	led	forward_voltage_v	icpdf	红外 LED	采用目前CON-斯内德片小排量现货LED	N	icpdf:prajson2.最大正向电压		https://www.digikey.cn/zh/products?keywords=L10596-03			upstream_missing	源端无键且窄表空，上游缺口可接受
L10596-03	HAMAMATSU	led	luminous_intensity_mcd	icpdf	红外 LED	采用目前CON-斯内德片小排量现货LED	N	icpdf:prajson2.标称发光强度		https://www.digikey.cn/zh/products?keywords=L10596-03			upstream_missing	源端无键且窄表空，上游缺口可接受
L10596-03	HAMAMATSU	led	peak_wavelength_nm	icpdf	红外 LED	采用目前CON-斯内德片小排量现货LED	Y	icpdf:prajson2.峰值波长	870	https://www.digikey.cn/zh/products?keywords=L10596-03			consistent	源端与窄表均有值
L10660	HAMAMATSU	led	emission_color	icpdf	红外 LED		N	icpdf:prajson2.颜色		https://www.digikey.cn/zh/products?keywords=L10660			upstream_missing	源端无键且窄表空，上游缺口可接受
L10660	HAMAMATSU	led	forward_voltage_v	icpdf	红外 LED		N	icpdf:prajson2.最大正向电压		https://www.digikey.cn/zh/products?keywords=L10660			upstream_missing	源端无键且窄表空，上游缺口可接受
L10660	HAMAMATSU	led	luminous_intensity_mcd	icpdf	红外 LED		N	icpdf:prajson2.标称发光强度		https://www.digikey.cn/zh/products?keywords=L10660			upstream_missing	源端无键且窄表空，上游缺口可接受
L10660	HAMAMATSU	led	peak_wavelength_nm	icpdf	红外 LED		Y	icpdf:prajson2.峰值波长	1450	https://www.digikey.cn/zh/products?keywords=L10660			consistent	源端与窄表均有值
L10660-01	HAMAMATSU	led	emission_color	icpdf	红外 LED		N	icpdf:prajson2.颜色		https://www.digikey.cn/zh/products?keywords=L10660-01			upstream_missing	源端无键且窄表空，上游缺口可接受
L10660-01	HAMAMATSU	led	forward_voltage_v	icpdf	红外 LED		N	icpdf:prajson2.最大正向电压		https://www.digikey.cn/zh/products?keywords=L10660-01			upstream_missing	源端无键且窄表空，上游缺口可接受
L10660-01	HAMAMATSU	led	luminous_intensity_mcd	icpdf	红外 LED		N	icpdf:prajson2.标称发光强度		https://www.digikey.cn/zh/products?keywords=L10660-01			upstream_missing	源端无键且窄表空，上游缺口可接受
L10660-01	HAMAMATSU	led	peak_wavelength_nm	icpdf	红外 LED		Y	icpdf:prajson2.峰值波长	1450	https://www.digikey.cn/zh/products?keywords=L10660-01			consistent	源端与窄表均有值
AML91LA85	HONEYWELL	led	emission_color	icpdf	可见光 LED		N	icpdf:prajson2.颜色		https://www.digikey.cn/zh/products?keywords=AML91LA85			upstream_missing	源端无键且窄表空，上游缺口可接受
AML91LA85	HONEYWELL	led	forward_voltage_v	icpdf	可见光 LED		N	icpdf:prajson2.最大正向电压		https://www.digikey.cn/zh/products?keywords=AML91LA85			upstream_missing	源端无键且窄表空，上游缺口可接受
AML91LA85	HONEYWELL	led	luminous_intensity_mcd	icpdf	可见光 LED		N	icpdf:prajson2.标称发光强度		https://www.digikey.cn/zh/products?keywords=AML91LA85			upstream_missing	源端无键且窄表空，上游缺口可接受
AML91LA85	HONEYWELL	led	peak_wavelength_nm	icpdf	可见光 LED		N	icpdf:prajson2.峰值波长		https://www.digikey.cn/zh/products?keywords=AML91LA85			upstream_missing	源端无键且窄表空，上游缺口可接受
AML91LA86	HONEYWELL	led	emission_color	icpdf	可见光 LED		N	icpdf:prajson2.颜色		https://www.digikey.cn/zh/products?keywords=AML91LA86			upstream_missing	源端无键且窄表空，上游缺口可接受
AML91LA86	HONEYWELL	led	forward_voltage_v	icpdf	可见光 LED		N	icpdf:prajson2.最大正向电压		https://www.digikey.cn/zh/products?keywords=AML91LA86			upstream_missing	源端无键且窄表空，上游缺口可接受
AML91LA86	HONEYWELL	led	luminous_intensity_mcd	icpdf	可见光 LED		N	icpdf:prajson2.标称发光强度		https://www.digikey.cn/zh/products?keywords=AML91LA86			upstream_missing	源端无键且窄表空，上游缺口可接受
AML91LA86	HONEYWELL	led	peak_wavelength_nm	icpdf	可见光 LED		N	icpdf:prajson2.峰值波长		https://www.digikey.cn/zh/products?keywords=AML91LA86			upstream_missing	源端无键且窄表空，上游缺口可接受
HFE4000-012	HONEYWELL	led	emission_color	icpdf	红外 LED		N	icpdf:prajson2.颜色		https://www.digikey.cn/zh/products?keywords=HFE4000-012			upstream_missing	源端无键且窄表空，上游缺口可接受
HFE4000-012	HONEYWELL	led	forward_voltage_v	icpdf	红外 LED		Y	icpdf:prajson2.最大正向电压	2	https://www.digikey.cn/zh/products?keywords=HFE4000-012			consistent	源端与窄表均有值
HFE4000-012	HONEYWELL	led	luminous_intensity_mcd	icpdf	红外 LED		N	icpdf:prajson2.标称发光强度		https://www.digikey.cn/zh/products?keywords=HFE4000-012			upstream_missing	源端无键且窄表空，上游缺口可接受
HFE4000-012	HONEYWELL	led	peak_wavelength_nm	icpdf	红外 LED		Y	icpdf:prajson2.峰值波长	850	https://www.digikey.cn/zh/products?keywords=HFE4000-012			consistent	源端与窄表均有值
HFE4006-012	HONEYWELL	led	emission_color	icpdf	红外 LED		N	icpdf:prajson2.颜色		https://www.digikey.cn/zh/products?keywords=HFE4006-012			upstream_missing	源端无键且窄表空，上游缺口可接受
HFE4006-012	HONEYWELL	led	forward_voltage_v	icpdf	红外 LED		N	icpdf:prajson2.最大正向电压		https://www.digikey.cn/zh/products?keywords=HFE4006-012			upstream_missing	源端无键且窄表空，上游缺口可接受
HFE4006-012	HONEYWELL	led	luminous_intensity_mcd	icpdf	红外 LED		N	icpdf:prajson2.标称发光强度		https://www.digikey.cn/zh/products?keywords=HFE4006-012			upstream_missing	源端无键且窄表空，上游缺口可接受
HFE4006-012	HONEYWELL	led	peak_wavelength_nm	icpdf	红外 LED		N	icpdf:prajson2.峰值波长		https://www.digikey.cn/zh/products?keywords=HFE4006-012			upstream_missing	源端无键且窄表空，上游缺口可接受
HFE4010-012	HONEYWELL	led	emission_color	icpdf	红外 LED		N	icpdf:prajson2.颜色		https://www.digikey.cn/zh/products?keywords=HFE4010-012			upstream_missing	源端无键且窄表空，上游缺口可接受
HFE4010-012	HONEYWELL	led	forward_voltage_v	icpdf	红外 LED		N	icpdf:prajson2.最大正向电压		https://www.digikey.cn/zh/products?keywords=HFE4010-012			upstream_missing	源端无键且窄表空，上游缺口可接受
HFE4010-012	HONEYWELL	led	luminous_intensity_mcd	icpdf	红外 LED		N	icpdf:prajson2.标称发光强度		https://www.digikey.cn/zh/products?keywords=HFE4010-012			upstream_missing	源端无键且窄表空，上游缺口可接受
HFE4010-012	HONEYWELL	led	peak_wavelength_nm	icpdf	红外 LED		Y	icpdf:prajson2.峰值波长	850	https://www.digikey.cn/zh/products?keywords=HFE4010-012			consistent	源端与窄表均有值
HEMT-1001	HP	led	emission_color	icpdf	红外 LED	940纳米高辐射发射器	N	icpdf:prajson2.颜色		https://www.digikey.cn/zh/products?keywords=HEMT-1001			upstream_missing	源端无键且窄表空，上游缺口可接受
HEMT-1001	HP	led	forward_voltage_v	icpdf	红外 LED	940纳米高辐射发射器	N	icpdf:prajson2.最大正向电压		https://www.digikey.cn/zh/products?keywords=HEMT-1001			upstream_missing	源端无键且窄表空，上游缺口可接受
HEMT-1001	HP	led	luminous_intensity_mcd	icpdf	红外 LED	940纳米高辐射发射器	N	icpdf:prajson2.标称发光强度		https://www.digikey.cn/zh/products?keywords=HEMT-1001			upstream_missing	源端无键且窄表空，上游缺口可接受
HEMT-1001	HP	led	peak_wavelength_nm	icpdf	红外 LED	940纳米高辐射发射器	Y	icpdf:prajson2.峰值波长	940	https://www.digikey.cn/zh/products?keywords=HEMT-1001			consistent	源端与窄表均有值
HEMT-3301	HP	led	emission_color	icpdf	红外 LED	940纳米高辐射发射器	N	icpdf:prajson2.颜色		https://www.digikey.cn/zh/products?keywords=HEMT-3301			upstream_missing	源端无键且窄表空，上游缺口可接受
HEMT-3301	HP	led	forward_voltage_v	icpdf	红外 LED	940纳米高辐射发射器	N	icpdf:prajson2.最大正向电压		https://www.digikey.cn/zh/products?keywords=HEMT-3301			upstream_missing	源端无键且窄表空，上游缺口可接受
HEMT-3301	HP	led	luminous_intensity_mcd	icpdf	红外 LED	940纳米高辐射发射器	N	icpdf:prajson2.标称发光强度		https://www.digikey.cn/zh/products?keywords=HEMT-3301			upstream_missing	源端无键且窄表空，上游缺口可接受
HEMT-3301	HP	led	peak_wavelength_nm	icpdf	红外 LED	940纳米高辐射发射器	Y	icpdf:prajson2.峰值波长	940	https://www.digikey.cn/zh/products?keywords=HEMT-3301			consistent	源端与窄表均有值
HLMP-1700	HP	led	emission_color	icpdf	可见光 LED	的T- 13/4 （ 5毫米）的T- 1（ 3毫米），低电流LED灯具	Y	icpdf:prajson2.颜色	Red	https://www.digikey.cn/zh/products?keywords=HLMP-1700			consistent	源端与窄表均有值
HLMP-1700	HP	led	forward_voltage_v	icpdf	可见光 LED	的T- 13/4 （ 5毫米）的T- 1（ 3毫米），低电流LED灯具	Y	icpdf:prajson2.最大正向电压	2.2	https://www.digikey.cn/zh/products?keywords=HLMP-1700			consistent	源端与窄表均有值
HLMP-1700	HP	led	luminous_intensity_mcd	icpdf	可见光 LED	的T- 13/4 （ 5毫米）的T- 1（ 3毫米），低电流LED灯具	N	icpdf:prajson2.标称发光强度		https://www.digikey.cn/zh/products?keywords=HLMP-1700			upstream_missing	源端无键且窄表空，上游缺口可接受
HLMP-1700	HP	led	peak_wavelength_nm	icpdf	可见光 LED	的T- 13/4 （ 5毫米）的T- 1（ 3毫米），低电流LED灯具	Y	icpdf:prajson2.峰值波长	635	https://www.digikey.cn/zh/products?keywords=HLMP-1700			consistent	源端与窄表均有值
HLMP-1719	HP	led	emission_color	icpdf	可见光 LED	的T- 13/4 （ 5毫米）的T- 1（ 3毫米），低电流LED灯具	Y	icpdf:prajson2.颜色	Yellow	https://www.digikey.cn/zh/products?keywords=HLMP-1719			consistent	源端与窄表均有值
HLMP-1719	HP	led	forward_voltage_v	icpdf	可见光 LED	的T- 13/4 （ 5毫米）的T- 1（ 3毫米），低电流LED灯具	Y	icpdf:prajson2.最大正向电压	2.7	https://www.digikey.cn/zh/products?keywords=HLMP-1719			consistent	源端与窄表均有值
HLMP-1719	HP	led	luminous_intensity_mcd	icpdf	可见光 LED	的T- 13/4 （ 5毫米）的T- 1（ 3毫米），低电流LED灯具	N	icpdf:prajson2.标称发光强度		https://www.digikey.cn/zh/products?keywords=HLMP-1719			upstream_missing	源端无键且窄表空，上游缺口可接受
HLMP-1719	HP	led	peak_wavelength_nm	icpdf	可见光 LED	的T- 13/4 （ 5毫米）的T- 1（ 3毫米），低电流LED灯具	Y	icpdf:prajson2.峰值波长	583	https://www.digikey.cn/zh/products?keywords=HLMP-1719			consistent	源端与窄表均有值
HLMP-1790	HP	led	emission_color	icpdf	可见光 LED	的T- 13/4 （ 5毫米）的T- 1（ 3毫米），低电流LED灯具	Y	icpdf:prajson2.颜色	Green	https://www.digikey.cn/zh/products?keywords=HLMP-1790			consistent	源端与窄表均有值
HLMP-1790	HP	led	forward_voltage_v	icpdf	可见光 LED	的T- 13/4 （ 5毫米）的T- 1（ 3毫米），低电流LED灯具	Y	icpdf:prajson2.最大正向电压	2.2	https://www.digikey.cn/zh/products?keywords=HLMP-1790			consistent	源端与窄表均有值
HLMP-1790	HP	led	luminous_intensity_mcd	icpdf	可见光 LED	的T- 13/4 （ 5毫米）的T- 1（ 3毫米），低电流LED灯具	N	icpdf:prajson2.标称发光强度		https://www.digikey.cn/zh/products?keywords=HLMP-1790			upstream_missing	源端无键且窄表空，上游缺口可接受
HLMP-1790	HP	led	peak_wavelength_nm	icpdf	可见光 LED	的T- 13/4 （ 5毫米）的T- 1（ 3毫米），低电流LED灯具	Y	icpdf:prajson2.峰值波长	565	https://www.digikey.cn/zh/products?keywords=HLMP-1790			consistent	源端与窄表均有值
ISRC0158	IDEA	led	emission_color	icpdf	可见光 LED	表面贴装LED	N	icpdf:prajson2.颜色		https://www.digikey.cn/zh/products?keywords=ISRC0158			upstream_missing	源端无键且窄表空，上游缺口可接受
ISRC0158	IDEA	led	forward_voltage_v	icpdf	可见光 LED	表面贴装LED	N	icpdf:prajson2.最大正向电压		https://www.digikey.cn/zh/products?keywords=ISRC0158			upstream_missing	源端无键且窄表空，上游缺口可接受
ISRC0158	IDEA	led	luminous_intensity_mcd	icpdf	可见光 LED	表面贴装LED	N	icpdf:prajson2.标称发光强度		https://www.digikey.cn/zh/products?keywords=ISRC0158			upstream_missing	源端无键且窄表空，上游缺口可接受
ISRC0158	IDEA	led	peak_wavelength_nm	icpdf	可见光 LED	表面贴装LED	N	icpdf:prajson2.峰值波长		https://www.digikey.cn/zh/products?keywords=ISRC0158			upstream_missing	源端无键且窄表空，上游缺口可接受
ISRC0178	IDEA	led	emission_color	icpdf	可见光 LED	设计用于表面安装的微型透镜型	N	icpdf:prajson2.颜色		https://www.digikey.cn/zh/products?keywords=ISRC0178			upstream_missing	源端无键且窄表空，上游缺口可接受
ISRC0178	IDEA	led	forward_voltage_v	icpdf	可见光 LED	设计用于表面安装的微型透镜型	N	icpdf:prajson2.最大正向电压		https://www.digikey.cn/zh/products?keywords=ISRC0178			upstream_missing	源端无键且窄表空，上游缺口可接受
ISRC0178	IDEA	led	luminous_intensity_mcd	icpdf	可见光 LED	设计用于表面安装的微型透镜型	N	icpdf:prajson2.标称发光强度		https://www.digikey.cn/zh/products?keywords=ISRC0178			upstream_missing	源端无键且窄表空，上游缺口可接受
ISRC0178	IDEA	led	peak_wavelength_nm	icpdf	可见光 LED	设计用于表面安装的微型透镜型	N	icpdf:prajson2.峰值波长		https://www.digikey.cn/zh/products?keywords=ISRC0178			upstream_missing	源端无键且窄表空，上游缺口可接受
F0118G	INFINEON	led	emission_color	icpdf	红外 LED		N	icpdf:prajson2.颜色		https://www.digikey.cn/zh/products?keywords=F0118G			upstream_missing	源端无键且窄表空，上游缺口可接受
F0118G	INFINEON	led	forward_voltage_v	icpdf	红外 LED		Y	icpdf:prajson2.最大正向电压	1.55	https://www.digikey.cn/zh/products?keywords=F0118G			consistent	源端与窄表均有值
F0118G	INFINEON	led	luminous_intensity_mcd	icpdf	红外 LED		N	icpdf:prajson2.标称发光强度		https://www.digikey.cn/zh/products?keywords=F0118G			upstream_missing	源端无键且窄表空，上游缺口可接受
F0118G	INFINEON	led	peak_wavelength_nm	icpdf	红外 LED		Y	icpdf:prajson2.峰值波长	950	https://www.digikey.cn/zh/products?keywords=F0118G			consistent	源端与窄表均有值
F0285B	INFINEON	led	emission_color	icpdf	可见光 LED		N	icpdf:prajson2.颜色		https://www.digikey.cn/zh/products?keywords=F0285B			upstream_missing	源端无键且窄表空，上游缺口可接受
F0285B	INFINEON	led	forward_voltage_v	icpdf	可见光 LED		N	icpdf:prajson2.最大正向电压		https://www.digikey.cn/zh/products?keywords=F0285B			upstream_missing	源端无键且窄表空，上游缺口可接受
F0285B	INFINEON	led	luminous_intensity_mcd	icpdf	可见光 LED		N	icpdf:prajson2.标称发光强度		https://www.digikey.cn/zh/products?keywords=F0285B			upstream_missing	源端无键且窄表空，上游缺口可接受
F0285B	INFINEON	led	peak_wavelength_nm	icpdf	可见光 LED		N	icpdf:prajson2.峰值波长		https://www.digikey.cn/zh/products?keywords=F0285B			upstream_missing	源端无键且窄表空，上游缺口可接受
F0308A	INFINEON	led	emission_color	icpdf	可见光 LED		N	icpdf:prajson2.颜色		https://www.digikey.cn/zh/products?keywords=F0308A			upstream_missing	源端无键且窄表空，上游缺口可接受
F0308A	INFINEON	led	forward_voltage_v	icpdf	可见光 LED		N	icpdf:prajson2.最大正向电压		https://www.digikey.cn/zh/products?keywords=F0308A			upstream_missing	源端无键且窄表空，上游缺口可接受
F0308A	INFINEON	led	luminous_intensity_mcd	icpdf	可见光 LED		N	icpdf:prajson2.标称发光强度		https://www.digikey.cn/zh/products?keywords=F0308A			upstream_missing	源端无键且窄表空，上游缺口可接受
F0308A	INFINEON	led	peak_wavelength_nm	icpdf	可见光 LED		N	icpdf:prajson2.峰值波长		https://www.digikey.cn/zh/products?keywords=F0308A			upstream_missing	源端无键且窄表空，上游缺口可接受
F0460B	INFINEON	led	emission_color	icpdf	可见光 LED		N	icpdf:prajson2.颜色		https://www.digikey.cn/zh/products?keywords=F0460B			upstream_missing	源端无键且窄表空，上游缺口可接受
F0460B	INFINEON	led	forward_voltage_v	icpdf	可见光 LED		N	icpdf:prajson2.最大正向电压		https://www.digikey.cn/zh/products?keywords=F0460B			upstream_missing	源端无键且窄表空，上游缺口可接受
F0460B	INFINEON	led	luminous_intensity_mcd	icpdf	可见光 LED		N	icpdf:prajson2.标称发光强度		https://www.digikey.cn/zh/products?keywords=F0460B			upstream_missing	源端无键且窄表空，上游缺口可接受
F0460B	INFINEON	led	peak_wavelength_nm	icpdf	可见光 LED		N	icpdf:prajson2.峰值波长		https://www.digikey.cn/zh/products?keywords=F0460B			upstream_missing	源端无键且窄表空，上游缺口可接受
F0527B	INFINEON	led	emission_color	icpdf	可见光 LED		N	icpdf:prajson2.颜色		https://www.digikey.cn/zh/products?keywords=F0527B			upstream_missing	源端无键且窄表空，上游缺口可接受
F0527B	INFINEON	led	forward_voltage_v	icpdf	可见光 LED		N	icpdf:prajson2.最大正向电压		https://www.digikey.cn/zh/products?keywords=F0527B			upstream_missing	源端无键且窄表空，上游缺口可接受
F0527B	INFINEON	led	luminous_intensity_mcd	icpdf	可见光 LED		N	icpdf:prajson2.标称发光强度		https://www.digikey.cn/zh/products?keywords=F0527B			upstream_missing	源端无键且窄表空，上游缺口可接受
F0527B	INFINEON	led	peak_wavelength_nm	icpdf	可见光 LED		N	icpdf:prajson2.峰值波长		https://www.digikey.cn/zh/products?keywords=F0527B			upstream_missing	源端无键且窄表空，上游缺口可接受
ISL53124	ISOCOM	led	emission_color	icpdf	其他光电器件		Y	icpdf:prajson2.颜色@波长	Yellow	https://www.digikey.cn/zh/products?keywords=ISL53124			consistent	源端与窄表均有值
ISL53124	ISOCOM	led	forward_voltage_v	icpdf	其他光电器件		Y	icpdf:prajson2.最大正向电压	3	https://www.digikey.cn/zh/products?keywords=ISL53124			consistent	源端与窄表均有值
ISL53124	ISOCOM	led	luminous_intensity_mcd	icpdf	其他光电器件		N	icpdf:prajson2.标称发光强度		https://www.digikey.cn/zh/products?keywords=ISL53124			upstream_missing	源端无键且窄表空，上游缺口可接受
ISL53124	ISOCOM	led	peak_wavelength_nm	icpdf	其他光电器件		Y	icpdf:prajson2.峰值波长	585	https://www.digikey.cn/zh/products?keywords=ISL53124			consistent	源端与窄表均有值
AA1010PBC9	KINGBRIGHT	led	emission_color	icpdf	可见光 LED		Y	icpdf:prajson2.颜色	Blue	https://www.digikey.cn/zh/products?keywords=AA1010PBC9			consistent	源端与窄表均有值
AA1010PBC9	KINGBRIGHT	led	forward_voltage_v	icpdf	可见光 LED		N	icpdf:prajson2.最大正向电压		https://www.digikey.cn/zh/products?keywords=AA1010PBC9			upstream_missing	源端无键且窄表空，上游缺口可接受
AA1010PBC9	KINGBRIGHT	led	luminous_intensity_mcd	icpdf	可见光 LED		Y	icpdf:prajson2.标称发光强度	3	https://www.digikey.cn/zh/products?keywords=AA1010PBC9			consistent	源端与窄表均有值
AA1010PBC9	KINGBRIGHT	led	peak_wavelength_nm	icpdf	可见光 LED		Y	icpdf:prajson2.峰值波长	463	https://www.digikey.cn/zh/products?keywords=AA1010PBC9			consistent	源端与窄表均有值
AA1010PWC9	KINGBRIGHT	led	emission_color	icpdf	可见光 LED		N	icpdf:prajson2.颜色		https://www.digikey.cn/zh/products?keywords=AA1010PWC9			upstream_missing	源端无键且窄表空，上游缺口可接受
AA1010PWC9	KINGBRIGHT	led	forward_voltage_v	icpdf	可见光 LED		N	icpdf:prajson2.最大正向电压		https://www.digikey.cn/zh/products?keywords=AA1010PWC9			upstream_missing	源端无键且窄表空，上游缺口可接受
AA1010PWC9	KINGBRIGHT	led	luminous_intensity_mcd	icpdf	可见光 LED		N	icpdf:prajson2.标称发光强度		https://www.digikey.cn/zh/products?keywords=AA1010PWC9			upstream_missing	源端无键且窄表空，上游缺口可接受
AA1010PWC9	KINGBRIGHT	led	peak_wavelength_nm	icpdf	可见光 LED		N	icpdf:prajson2.峰值波长		https://www.digikey.cn/zh/products?keywords=AA1010PWC9			upstream_missing	源端无键且窄表空，上游缺口可接受
AA1010QW10ZC	KINGBRIGHT	led	emission_color	icpdf	可见光 LED	XPOWER	Y	icpdf:prajson2.颜色	White	https://www.digikey.cn/zh/products?keywords=AA1010QW10ZC			consistent	源端与窄表均有值
AA1010QW10ZC	KINGBRIGHT	led	forward_voltage_v	icpdf	可见光 LED	XPOWER	N	icpdf:prajson2.最大正向电压		https://www.digikey.cn/zh/products?keywords=AA1010QW10ZC			upstream_missing	源端无键且窄表空，上游缺口可接受
AA1010QW10ZC	KINGBRIGHT	led	luminous_intensity_mcd	icpdf	可见光 LED	XPOWER	Y	icpdf:prajson2.标称发光强度	20000	https://www.digikey.cn/zh/products?keywords=AA1010QW10ZC			consistent	源端与窄表均有值
AA1010QW10ZC	KINGBRIGHT	led	peak_wavelength_nm	icpdf	可见光 LED	XPOWER	N	icpdf:prajson2.峰值波长		https://www.digikey.cn/zh/products?keywords=AA1010QW10ZC			upstream_missing	源端无键且窄表空，上游缺口可接受
AA1010RWC9	KINGBRIGHT	led	emission_color	icpdf	可见光 LED		Y	icpdf:prajson2.颜色	White	https://www.digikey.cn/zh/products?keywords=AA1010RWC9			consistent	源端与窄表均有值
AA1010RWC9	KINGBRIGHT	led	forward_voltage_v	icpdf	可见光 LED		N	icpdf:prajson2.最大正向电压		https://www.digikey.cn/zh/products?keywords=AA1010RWC9			upstream_missing	源端无键且窄表空，上游缺口可接受
AA1010RWC9	KINGBRIGHT	led	luminous_intensity_mcd	icpdf	可见光 LED		Y	icpdf:prajson2.标称发光强度	12	https://www.digikey.cn/zh/products?keywords=AA1010RWC9			consistent	源端与窄表均有值
AA1010RWC9	KINGBRIGHT	led	peak_wavelength_nm	icpdf	可见光 LED		N	icpdf:prajson2.峰值波长		https://www.digikey.cn/zh/products?keywords=AA1010RWC9			upstream_missing	源端无键且窄表空，上游缺口可接受
AA1010SEC28	KINGBRIGHT	led	emission_color	icpdf	可见光 LED	XPOWER	Y	icpdf:prajson2.颜色	Orange	https://www.digikey.cn/zh/products?keywords=AA1010SEC28			consistent	源端与窄表均有值
AA1010SEC28	KINGBRIGHT	led	forward_voltage_v	icpdf	可见光 LED	XPOWER	N	icpdf:prajson2.最大正向电压		https://www.digikey.cn/zh/products?keywords=AA1010SEC28			upstream_missing	源端无键且窄表空，上游缺口可接受
AA1010SEC28	KINGBRIGHT	led	luminous_intensity_mcd	icpdf	可见光 LED	XPOWER	Y	icpdf:prajson2.标称发光强度	20000	https://www.digikey.cn/zh/products?keywords=AA1010SEC28			consistent	源端与窄表均有值
AA1010SEC28	KINGBRIGHT	led	peak_wavelength_nm	icpdf	可见光 LED	XPOWER	Y	icpdf:prajson2.峰值波长	640	https://www.digikey.cn/zh/products?keywords=AA1010SEC28			consistent	源端与窄表均有值
BL05-1101	KODENSHI	led	emission_color	icpdf	可见光 LED	针点LED（ AlGaInP中）	Y	icpdf:prajson2.颜色@波长	Red	https://www.digikey.cn/zh/products?keywords=BL05-1101			consistent	源端与窄表均有值
BL05-1101	KODENSHI	led	forward_voltage_v	icpdf	可见光 LED	针点LED（ AlGaInP中）	Y	icpdf:prajson2.最大正向电压	3	https://www.digikey.cn/zh/products?keywords=BL05-1101			consistent	源端与窄表均有值
BL05-1101	KODENSHI	led	luminous_intensity_mcd	icpdf	可见光 LED	针点LED（ AlGaInP中）	N	icpdf:prajson2.标称发光强度		https://www.digikey.cn/zh/products?keywords=BL05-1101			upstream_missing	源端无键且窄表空，上游缺口可接受
BL05-1101	KODENSHI	led	peak_wavelength_nm	icpdf	可见光 LED	针点LED（ AlGaInP中）	Y	icpdf:prajson2.峰值波长	650	https://www.digikey.cn/zh/products?keywords=BL05-1101			consistent	源端与窄表均有值
BL05-1211	KODENSHI	led	emission_color	icpdf	可见光 LED	针点LED（ AlGaInP中）	Y	icpdf:prajson2.颜色@波长	Red	https://www.digikey.cn/zh/products?keywords=BL05-1211			consistent	源端与窄表均有值
BL05-1211	KODENSHI	led	forward_voltage_v	icpdf	可见光 LED	针点LED（ AlGaInP中）	Y	icpdf:prajson2.最大正向电压	3	https://www.digikey.cn/zh/products?keywords=BL05-1211			consistent	源端与窄表均有值
BL05-1211	KODENSHI	led	luminous_intensity_mcd	icpdf	可见光 LED	针点LED（ AlGaInP中）	N	icpdf:prajson2.标称发光强度		https://www.digikey.cn/zh/products?keywords=BL05-1211			upstream_missing	源端无键且窄表空，上游缺口可接受
BL05-1211	KODENSHI	led	peak_wavelength_nm	icpdf	可见光 LED	针点LED（ AlGaInP中）	Y	icpdf:prajson2.峰值波长	650	https://www.digikey.cn/zh/products?keywords=BL05-1211			consistent	源端与窄表均有值
BL15-1212	KODENSHI	led	emission_color	icpdf	可见光 LED	针点LED（ AlGaInP中）	Y	icpdf:prajson2.颜色@波长	Red	https://www.digikey.cn/zh/products?keywords=BL15-1212			consistent	源端与窄表均有值
BL15-1212	KODENSHI	led	forward_voltage_v	icpdf	可见光 LED	针点LED（ AlGaInP中）	Y	icpdf:prajson2.最大正向电压	2.8	https://www.digikey.cn/zh/products?keywords=BL15-1212			consistent	源端与窄表均有值
BL15-1212	KODENSHI	led	luminous_intensity_mcd	icpdf	可见光 LED	针点LED（ AlGaInP中）	N	icpdf:prajson2.标称发光强度		https://www.digikey.cn/zh/products?keywords=BL15-1212			upstream_missing	源端无键且窄表空，上游缺口可接受
BL15-1212	KODENSHI	led	peak_wavelength_nm	icpdf	可见光 LED	针点LED（ AlGaInP中）	Y	icpdf:prajson2.峰值波长	650	https://www.digikey.cn/zh/products?keywords=BL15-1212			consistent	源端与窄表均有值
CL-1CL3	KODENSHI	led	emission_color	icpdf	红外 LED	红外发射二极管（ GaAlAs的）	N	icpdf:prajson2.颜色		https://www.digikey.cn/zh/products?keywords=CL-1CL3			upstream_missing	源端无键且窄表空，上游缺口可接受
CL-1CL3	KODENSHI	led	forward_voltage_v	icpdf	红外 LED	红外发射二极管（ GaAlAs的）	Y	icpdf:prajson2.最大正向电压	1.5	https://www.digikey.cn/zh/products?keywords=CL-1CL3			consistent	源端与窄表均有值
CL-1CL3	KODENSHI	led	luminous_intensity_mcd	icpdf	红外 LED	红外发射二极管（ GaAlAs的）	N	icpdf:prajson2.标称发光强度		https://www.digikey.cn/zh/products?keywords=CL-1CL3			upstream_missing	源端无键且窄表空，上游缺口可接受
CL-1CL3	KODENSHI	led	peak_wavelength_nm	icpdf	红外 LED	红外发射二极管（ GaAlAs的）	Y	icpdf:prajson2.峰值波长	880	https://www.digikey.cn/zh/products?keywords=CL-1CL3			consistent	源端与窄表均有值
CL-1KL3	KODENSHI	led	emission_color	icpdf	红外 LED	红外发射二极管（ GaAlAs的）	N	icpdf:prajson2.颜色		https://www.digikey.cn/zh/products?keywords=CL-1KL3			upstream_missing	源端无键且窄表空，上游缺口可接受
CL-1KL3	KODENSHI	led	forward_voltage_v	icpdf	红外 LED	红外发射二极管（ GaAlAs的）	Y	icpdf:prajson2.最大正向电压	1.7	https://www.digikey.cn/zh/products?keywords=CL-1KL3			consistent	源端与窄表均有值
CL-1KL3	KODENSHI	led	luminous_intensity_mcd	icpdf	红外 LED	红外发射二极管（ GaAlAs的）	N	icpdf:prajson2.标称发光强度		https://www.digikey.cn/zh/products?keywords=CL-1KL3			upstream_missing	源端无键且窄表空，上游缺口可接受
CL-1KL3	KODENSHI	led	peak_wavelength_nm	icpdf	红外 LED	红外发射二极管（ GaAlAs的）	Y	icpdf:prajson2.峰值波长	880	https://www.digikey.cn/zh/products?keywords=CL-1KL3			consistent	源端与窄表均有值
21PCT170TWRG4B	LEDTRONICS	led	emission_color	icpdf	可见光 LED		Y	icpdf:prajson2.颜色	Multi-Color	https://www.digikey.cn/zh/products?keywords=21PCT170TWRG4B			consistent	源端与窄表均有值
21PCT170TWRG4B	LEDTRONICS	led	forward_voltage_v	icpdf	可见光 LED		N	icpdf:prajson2.最大正向电压		https://www.digikey.cn/zh/products?keywords=21PCT170TWRG4B			upstream_missing	源端无键且窄表空，上游缺口可接受
21PCT170TWRG4B	LEDTRONICS	led	luminous_intensity_mcd	icpdf	可见光 LED		Y	icpdf:prajson2.标称发光强度	30	https://www.digikey.cn/zh/products?keywords=21PCT170TWRG4B			consistent	源端与窄表均有值
21PCT170TWRG4B	LEDTRONICS	led	peak_wavelength_nm	icpdf	可见光 LED		Y	icpdf:prajson2.峰值波长	568	https://www.digikey.cn/zh/products?keywords=21PCT170TWRG4B			consistent	源端与窄表均有值
555M-2001	LEDTRONICS	led	emission_color	icpdf	可见光 LED	LED印刷电路板	Y	icpdf:prajson2.颜色	Red	https://www.digikey.cn/zh/products?keywords=555M-2001			consistent	源端与窄表均有值
555M-2001	LEDTRONICS	led	forward_voltage_v	icpdf	可见光 LED	LED印刷电路板	Y	icpdf:prajson2.最大正向电压	2	https://www.digikey.cn/zh/products?keywords=555M-2001			consistent	源端与窄表均有值
555M-2001	LEDTRONICS	led	luminous_intensity_mcd	icpdf	可见光 LED	LED印刷电路板	Y	icpdf:prajson2.标称发光强度	3.2	https://www.digikey.cn/zh/products?keywords=555M-2001			consistent	源端与窄表均有值
555M-2001	LEDTRONICS	led	peak_wavelength_nm	icpdf	可见光 LED	LED印刷电路板	Y	icpdf:prajson2.峰值波长	655	https://www.digikey.cn/zh/products?keywords=555M-2001			consistent	源端与窄表均有值
555M-3001	LEDTRONICS	led	emission_color	icpdf	可见光 LED	LED印刷电路板	Y	icpdf:prajson2.颜色	Red	https://www.digikey.cn/zh/products?keywords=555M-3001			consistent	源端与窄表均有值
555M-3001	LEDTRONICS	led	forward_voltage_v	icpdf	可见光 LED	LED印刷电路板	Y	icpdf:prajson2.最大正向电压	2	https://www.digikey.cn/zh/products?keywords=555M-3001			consistent	源端与窄表均有值
555M-3001	LEDTRONICS	led	luminous_intensity_mcd	icpdf	可见光 LED	LED印刷电路板	Y	icpdf:prajson2.标称发光强度	3.2	https://www.digikey.cn/zh/products?keywords=555M-3001			consistent	源端与窄表均有值
555M-3001	LEDTRONICS	led	peak_wavelength_nm	icpdf	可见光 LED	LED印刷电路板	Y	icpdf:prajson2.峰值波长	655	https://www.digikey.cn/zh/products?keywords=555M-3001			consistent	源端与窄表均有值
555M-3003	LEDTRONICS	led	emission_color	icpdf	可见光 LED	LED印刷电路板	Y	icpdf:prajson2.颜色	Red	https://www.digikey.cn/zh/products?keywords=555M-3003			consistent	源端与窄表均有值
555M-3003	LEDTRONICS	led	forward_voltage_v	icpdf	可见光 LED	LED印刷电路板	Y	icpdf:prajson2.最大正向电压	6	https://www.digikey.cn/zh/products?keywords=555M-3003			consistent	源端与窄表均有值
555M-3003	LEDTRONICS	led	luminous_intensity_mcd	icpdf	可见光 LED	LED印刷电路板	Y	icpdf:prajson2.标称发光强度	1.2	https://www.digikey.cn/zh/products?keywords=555M-3003			consistent	源端与窄表均有值
555M-3003	LEDTRONICS	led	peak_wavelength_nm	icpdf	可见光 LED	LED印刷电路板	Y	icpdf:prajson2.峰值波长	655	https://www.digikey.cn/zh/products?keywords=555M-3003			consistent	源端与窄表均有值
555M-3004	LEDTRONICS	led	emission_color	icpdf	可见光 LED	LED印刷电路板	Y	icpdf:prajson2.颜色	Red	https://www.digikey.cn/zh/products?keywords=555M-3004			consistent	源端与窄表均有值
555M-3004	LEDTRONICS	led	forward_voltage_v	icpdf	可见光 LED	LED印刷电路板	Y	icpdf:prajson2.最大正向电压	6	https://www.digikey.cn/zh/products?keywords=555M-3004			consistent	源端与窄表均有值
555M-3004	LEDTRONICS	led	luminous_intensity_mcd	icpdf	可见光 LED	LED印刷电路板	Y	icpdf:prajson2.标称发光强度	3	https://www.digikey.cn/zh/products?keywords=555M-3004			consistent	源端与窄表均有值
555M-3004	LEDTRONICS	led	peak_wavelength_nm	icpdf	可见光 LED	LED印刷电路板	Y	icpdf:prajson2.峰值波长	655	https://www.digikey.cn/zh/products?keywords=555M-3004			consistent	源端与窄表均有值
L12URF3333S-PF	LIGITEK	led	emission_color	icpdf	可见光 LED	SUPER BRIGHT ROUND型LED灯	N	icpdf:prajson2.颜色		https://www.digikey.cn/zh/products?keywords=L12URF3333S-PF			upstream_missing	源端无键且窄表空，上游缺口可接受
L12URF3333S-PF	LIGITEK	led	forward_voltage_v	icpdf	可见光 LED	SUPER BRIGHT ROUND型LED灯	N	icpdf:prajson2.最大正向电压		https://www.digikey.cn/zh/products?keywords=L12URF3333S-PF			upstream_missing	源端无键且窄表空，上游缺口可接受
L12URF3333S-PF	LIGITEK	led	luminous_intensity_mcd	icpdf	可见光 LED	SUPER BRIGHT ROUND型LED灯	N	icpdf:prajson2.标称发光强度		https://www.digikey.cn/zh/products?keywords=L12URF3333S-PF			upstream_missing	源端无键且窄表空，上游缺口可接受
L12URF3333S-PF	LIGITEK	led	peak_wavelength_nm	icpdf	可见光 LED	SUPER BRIGHT ROUND型LED灯	N	icpdf:prajson2.峰值波长		https://www.digikey.cn/zh/products?keywords=L12URF3333S-PF			upstream_missing	源端无键且窄表空，上游缺口可接受
L12URF9653S-30D-AM	LIGITEK	led	emission_color	icpdf	可见光 LED	方用4LEADS型LED灯	N	icpdf:prajson2.颜色		https://www.digikey.cn/zh/products?keywords=L12URF9653S-30D-AM			upstream_missing	源端无键且窄表空，上游缺口可接受
L12URF9653S-30D-AM	LIGITEK	led	forward_voltage_v	icpdf	可见光 LED	方用4LEADS型LED灯	N	icpdf:prajson2.最大正向电压		https://www.digikey.cn/zh/products?keywords=L12URF9653S-30D-AM			upstream_missing	源端无键且窄表空，上游缺口可接受
L12URF9653S-30D-AM	LIGITEK	led	luminous_intensity_mcd	icpdf	可见光 LED	方用4LEADS型LED灯	N	icpdf:prajson2.标称发光强度		https://www.digikey.cn/zh/products?keywords=L12URF9653S-30D-AM			upstream_missing	源端无键且窄表空，上游缺口可接受
L12URF9653S-30D-AM	LIGITEK	led	peak_wavelength_nm	icpdf	可见光 LED	方用4LEADS型LED灯	N	icpdf:prajson2.峰值波长		https://www.digikey.cn/zh/products?keywords=L12URF9653S-30D-AM			upstream_missing	源端无键且窄表空，上游缺口可接受
L12URF9653S-50A	LIGITEK	led	emission_color	icpdf	可见光 LED	方用4LEADS型LED灯	N	icpdf:prajson2.颜色		https://www.digikey.cn/zh/products?keywords=L12URF9653S-50A			upstream_missing	源端无键且窄表空，上游缺口可接受
L12URF9653S-50A	LIGITEK	led	forward_voltage_v	icpdf	可见光 LED	方用4LEADS型LED灯	N	icpdf:prajson2.最大正向电压		https://www.digikey.cn/zh/products?keywords=L12URF9653S-50A			upstream_missing	源端无键且窄表空，上游缺口可接受
L12URF9653S-50A	LIGITEK	led	luminous_intensity_mcd	icpdf	可见光 LED	方用4LEADS型LED灯	N	icpdf:prajson2.标称发光强度		https://www.digikey.cn/zh/products?keywords=L12URF9653S-50A			upstream_missing	源端无键且窄表空，上游缺口可接受
L12URF9653S-50A	LIGITEK	led	peak_wavelength_nm	icpdf	可见光 LED	方用4LEADS型LED灯	N	icpdf:prajson2.峰值波长		https://www.digikey.cn/zh/products?keywords=L12URF9653S-50A			upstream_missing	源端无键且窄表空，上游缺口可接受
L12URF9653S-50B-AM	LIGITEK	led	emission_color	icpdf	可见光 LED	方用4LEADS型LED灯	N	icpdf:prajson2.颜色		https://www.digikey.cn/zh/products?keywords=L12URF9653S-50B-AM			upstream_missing	源端无键且窄表空，上游缺口可接受
L12URF9653S-50B-AM	LIGITEK	led	forward_voltage_v	icpdf	可见光 LED	方用4LEADS型LED灯	N	icpdf:prajson2.最大正向电压		https://www.digikey.cn/zh/products?keywords=L12URF9653S-50B-AM			upstream_missing	源端无键且窄表空，上游缺口可接受
L12URF9653S-50B-AM	LIGITEK	led	luminous_intensity_mcd	icpdf	可见光 LED	方用4LEADS型LED灯	N	icpdf:prajson2.标称发光强度		https://www.digikey.cn/zh/products?keywords=L12URF9653S-50B-AM			upstream_missing	源端无键且窄表空，上游缺口可接受
L12URF9653S-50B-AM	LIGITEK	led	peak_wavelength_nm	icpdf	可见光 LED	方用4LEADS型LED灯	N	icpdf:prajson2.峰值波长		https://www.digikey.cn/zh/products?keywords=L12URF9653S-50B-AM			upstream_missing	源端无键且窄表空，上游缺口可接受
L12URF9653S-50B-AM-B01	LIGITEK	led	emission_color	icpdf	可见光 LED		N	icpdf:prajson2.颜色		https://www.digikey.cn/zh/products?keywords=L12URF9653S-50B-AM-B01			upstream_missing	源端无键且窄表空，上游缺口可接受
L12URF9653S-50B-AM-B01	LIGITEK	led	forward_voltage_v	icpdf	可见光 LED		N	icpdf:prajson2.最大正向电压		https://www.digikey.cn/zh/products?keywords=L12URF9653S-50B-AM-B01			upstream_missing	源端无键且窄表空，上游缺口可接受
L12URF9653S-50B-AM-B01	LIGITEK	led	luminous_intensity_mcd	icpdf	可见光 LED		N	icpdf:prajson2.标称发光强度		https://www.digikey.cn/zh/products?keywords=L12URF9653S-50B-AM-B01			upstream_missing	源端无键且窄表空，上游缺口可接受
L12URF9653S-50B-AM-B01	LIGITEK	led	peak_wavelength_nm	icpdf	可见光 LED		N	icpdf:prajson2.峰值波长		https://www.digikey.cn/zh/products?keywords=L12URF9653S-50B-AM-B01			upstream_missing	源端无键且窄表空，上游缺口可接受
ASDL-4263-C31	LITEON	led	emission_color	icpdf	红外 LED		N	icpdf:prajson2.颜色		https://www.digikey.cn/zh/products?keywords=ASDL-4263-C31			upstream_missing	源端无键且窄表空，上游缺口可接受
ASDL-4263-C31	LITEON	led	forward_voltage_v	icpdf	红外 LED		N	icpdf:prajson2.最大正向电压		https://www.digikey.cn/zh/products?keywords=ASDL-4263-C31			upstream_missing	源端无键且窄表空，上游缺口可接受
ASDL-4263-C31	LITEON	led	luminous_intensity_mcd	icpdf	红外 LED		N	icpdf:prajson2.标称发光强度		https://www.digikey.cn/zh/products?keywords=ASDL-4263-C31			upstream_missing	源端无键且窄表空，上游缺口可接受
ASDL-4263-C31	LITEON	led	peak_wavelength_nm	icpdf	红外 LED		N	icpdf:prajson2.峰值波长		https://www.digikey.cn/zh/products?keywords=ASDL-4263-C31			upstream_missing	源端无键且窄表空，上游缺口可接受
ASDL-4264-C31	LITEON	led	emission_color	icpdf	红外 LED		N	icpdf:prajson2.颜色		https://www.digikey.cn/zh/products?keywords=ASDL-4264-C31			upstream_missing	源端无键且窄表空，上游缺口可接受
ASDL-4264-C31	LITEON	led	forward_voltage_v	icpdf	红外 LED		N	icpdf:prajson2.最大正向电压		https://www.digikey.cn/zh/products?keywords=ASDL-4264-C31			upstream_missing	源端无键且窄表空，上游缺口可接受
ASDL-4264-C31	LITEON	led	luminous_intensity_mcd	icpdf	红外 LED		N	icpdf:prajson2.标称发光强度		https://www.digikey.cn/zh/products?keywords=ASDL-4264-C31			upstream_missing	源端无键且窄表空，上游缺口可接受
ASDL-4264-C31	LITEON	led	peak_wavelength_nm	icpdf	红外 LED		Y	icpdf:prajson2.峰值波长	940	https://www.digikey.cn/zh/products?keywords=ASDL-4264-C31			consistent	源端与窄表均有值
HSDL-4250	LITEON	led	emission_color	icpdf	红外 LED	高性能T-1 ¾ （5毫米）的AlGaAs红外线（ 870nm ）灯	N	icpdf:prajson2.颜色		https://www.digikey.cn/zh/products?keywords=HSDL-4250			upstream_missing	源端无键且窄表空，上游缺口可接受
HSDL-4250	LITEON	led	forward_voltage_v	icpdf	红外 LED	高性能T-1 ¾ （5毫米）的AlGaAs红外线（ 870nm ）灯	Y	icpdf:prajson2.最大正向电压	1.6	https://www.digikey.cn/zh/products?keywords=HSDL-4250			consistent	源端与窄表均有值
HSDL-4250	LITEON	led	luminous_intensity_mcd	icpdf	红外 LED	高性能T-1 ¾ （5毫米）的AlGaAs红外线（ 870nm ）灯	N	icpdf:prajson2.标称发光强度		https://www.digikey.cn/zh/products?keywords=HSDL-4250			upstream_missing	源端无键且窄表空，上游缺口可接受
HSDL-4250	LITEON	led	peak_wavelength_nm	icpdf	红外 LED	高性能T-1 ¾ （5毫米）的AlGaAs红外线（ 870nm ）灯	Y	icpdf:prajson2.峰值波长	870	https://www.digikey.cn/zh/products?keywords=HSDL-4250			consistent	源端与窄表均有值
HSDL-4251	LITEON	led	emission_color	icpdf	红外 LED	高性能T-1 ¾ （5毫米）的AlGaAs红外线（ 870nm ）灯	N	icpdf:prajson2.颜色		https://www.digikey.cn/zh/products?keywords=HSDL-4251			upstream_missing	源端无键且窄表空，上游缺口可接受
HSDL-4251	LITEON	led	forward_voltage_v	icpdf	红外 LED	高性能T-1 ¾ （5毫米）的AlGaAs红外线（ 870nm ）灯	Y	icpdf:prajson2.最大正向电压	1.6	https://www.digikey.cn/zh/products?keywords=HSDL-4251			consistent	源端与窄表均有值
HSDL-4251	LITEON	led	luminous_intensity_mcd	icpdf	红外 LED	高性能T-1 ¾ （5毫米）的AlGaAs红外线（ 870nm ）灯	N	icpdf:prajson2.标称发光强度		https://www.digikey.cn/zh/products?keywords=HSDL-4251			upstream_missing	源端无键且窄表空，上游缺口可接受
HSDL-4251	LITEON	led	peak_wavelength_nm	icpdf	红外 LED	高性能T-1 ¾ （5毫米）的AlGaAs红外线（ 870nm ）灯	Y	icpdf:prajson2.峰值波长	870	https://www.digikey.cn/zh/products?keywords=HSDL-4251			consistent	源端与窄表均有值
HSDL-4260	LITEON	led	emission_color	icpdf	红外 LED	高功率T- 1.75 （5毫米）的AlGaAs红外线（ 875nm ）灯	N	icpdf:prajson2.颜色		https://www.digikey.cn/zh/products?keywords=HSDL-4260			upstream_missing	源端无键且窄表空，上游缺口可接受
HSDL-4260	LITEON	led	forward_voltage_v	icpdf	红外 LED	高功率T- 1.75 （5毫米）的AlGaAs红外线（ 875nm ）灯	Y	icpdf:prajson2.最大正向电压	1.9	https://www.digikey.cn/zh/products?keywords=HSDL-4260			consistent	源端与窄表均有值
HSDL-4260	LITEON	led	luminous_intensity_mcd	icpdf	红外 LED	高功率T- 1.75 （5毫米）的AlGaAs红外线（ 875nm ）灯	N	icpdf:prajson2.标称发光强度		https://www.digikey.cn/zh/products?keywords=HSDL-4260			upstream_missing	源端无键且窄表空，上游缺口可接受
HSDL-4260	LITEON	led	peak_wavelength_nm	icpdf	红外 LED	高功率T- 1.75 （5毫米）的AlGaAs红外线（ 875nm ）灯	Y	icpdf:prajson2.峰值波长	875	https://www.digikey.cn/zh/products?keywords=HSDL-4260			consistent	源端与窄表均有值
LL-304VC4B-V1-2BD	LUCKY-LIGHT	led	emission_color	icpdf	可见光 LED	3毫米圆头跟法兰型超红的LED技术数据表	N	icpdf:prajson2.颜色		https://www.digikey.cn/zh/products?keywords=LL-304VC4B-V1-2BD			upstream_missing	源端无键且窄表空，上游缺口可接受
LL-304VC4B-V1-2BD	LUCKY-LIGHT	led	forward_voltage_v	icpdf	可见光 LED	3毫米圆头跟法兰型超红的LED技术数据表	N	icpdf:prajson2.最大正向电压		https://www.digikey.cn/zh/products?keywords=LL-304VC4B-V1-2BD			upstream_missing	源端无键且窄表空，上游缺口可接受
LL-304VC4B-V1-2BD	LUCKY-LIGHT	led	luminous_intensity_mcd	icpdf	可见光 LED	3毫米圆头跟法兰型超红的LED技术数据表	N	icpdf:prajson2.标称发光强度		https://www.digikey.cn/zh/products?keywords=LL-304VC4B-V1-2BD			upstream_missing	源端无键且窄表空，上游缺口可接受
LL-304VC4B-V1-2BD	LUCKY-LIGHT	led	peak_wavelength_nm	icpdf	可见光 LED	3毫米圆头跟法兰型超红的LED技术数据表	N	icpdf:prajson2.峰值波长		https://www.digikey.cn/zh/products?keywords=LL-304VC4B-V1-2BD			upstream_missing	源端无键且窄表空，上游缺口可接受
CCL-CRS10G	LUMEX	led	emission_color	icpdf	可见光 LED		Y	icpdf:prajson2.颜色	Green	https://www.digikey.cn/zh/products?keywords=CCL-CRS10G			consistent	源端与窄表均有值
CCL-CRS10G	LUMEX	led	forward_voltage_v	icpdf	可见光 LED		Y	icpdf:prajson2.最大正向电压	2.8	https://www.digikey.cn/zh/products?keywords=CCL-CRS10G			consistent	源端与窄表均有值
CCL-CRS10G	LUMEX	led	luminous_intensity_mcd	icpdf	可见光 LED		Y	icpdf:prajson2.标称发光强度	12	https://www.digikey.cn/zh/products?keywords=CCL-CRS10G			consistent	源端与窄表均有值
CCL-CRS10G	LUMEX	led	peak_wavelength_nm	icpdf	可见光 LED		Y	icpdf:prajson2.峰值波长	565	https://www.digikey.cn/zh/products?keywords=CCL-CRS10G			consistent	源端与窄表均有值
CCL-CRS10R	LUMEX	led	emission_color	icpdf	可见光 LED		Y	icpdf:prajson2.颜色	Red	https://www.digikey.cn/zh/products?keywords=CCL-CRS10R			consistent	源端与窄表均有值
CCL-CRS10R	LUMEX	led	forward_voltage_v	icpdf	可见光 LED		Y	icpdf:prajson2.最大正向电压	2.8	https://www.digikey.cn/zh/products?keywords=CCL-CRS10R			consistent	源端与窄表均有值
CCL-CRS10R	LUMEX	led	luminous_intensity_mcd	icpdf	可见光 LED		Y	icpdf:prajson2.标称发光强度	12	https://www.digikey.cn/zh/products?keywords=CCL-CRS10R			consistent	源端与窄表均有值
CCL-CRS10R	LUMEX	led	peak_wavelength_nm	icpdf	可见光 LED		Y	icpdf:prajson2.峰值波长	635	https://www.digikey.cn/zh/products?keywords=CCL-CRS10R			consistent	源端与窄表均有值
CCL-CRS10USB-A	LUMEX	led	emission_color	icpdf	可见光 LED		N	icpdf:prajson2.颜色		https://www.digikey.cn/zh/products?keywords=CCL-CRS10USB-A			upstream_missing	源端无键且窄表空，上游缺口可接受
CCL-CRS10USB-A	LUMEX	led	forward_voltage_v	icpdf	可见光 LED		N	icpdf:prajson2.最大正向电压		https://www.digikey.cn/zh/products?keywords=CCL-CRS10USB-A			upstream_missing	源端无键且窄表空，上游缺口可接受
CCL-CRS10USB-A	LUMEX	led	luminous_intensity_mcd	icpdf	可见光 LED		N	icpdf:prajson2.标称发光强度		https://www.digikey.cn/zh/products?keywords=CCL-CRS10USB-A			upstream_missing	源端无键且窄表空，上游缺口可接受
CCL-CRS10USB-A	LUMEX	led	peak_wavelength_nm	icpdf	可见光 LED		N	icpdf:prajson2.峰值波长		https://www.digikey.cn/zh/products?keywords=CCL-CRS10USB-A			upstream_missing	源端无键且窄表空，上游缺口可接受
CCL-LX45GT	LUMEX	led	emission_color	icpdf	可见光 LED	ECN编号和版本评论	Y	icpdf:prajson2.颜色	Green	https://www.digikey.cn/zh/products?keywords=CCL-LX45GT			consistent	源端与窄表均有值
CCL-LX45GT	LUMEX	led	forward_voltage_v	icpdf	可见光 LED	ECN编号和版本评论	N	icpdf:prajson2.最大正向电压		https://www.digikey.cn/zh/products?keywords=CCL-LX45GT			upstream_missing	源端无键且窄表空，上游缺口可接受
CCL-LX45GT	LUMEX	led	luminous_intensity_mcd	icpdf	可见光 LED	ECN编号和版本评论	Y	icpdf:prajson2.标称发光强度	7	https://www.digikey.cn/zh/products?keywords=CCL-LX45GT			consistent	源端与窄表均有值
CCL-LX45GT	LUMEX	led	peak_wavelength_nm	icpdf	可见光 LED	ECN编号和版本评论	Y	icpdf:prajson2.峰值波长	565	https://www.digikey.cn/zh/products?keywords=CCL-LX45GT			consistent	源端与窄表均有值
CCL-LX45IT	LUMEX	led	emission_color	icpdf	可见光 LED		Y	icpdf:prajson2.颜色	Red	https://www.digikey.cn/zh/products?keywords=CCL-LX45IT			consistent	源端与窄表均有值
CCL-LX45IT	LUMEX	led	forward_voltage_v	icpdf	可见光 LED		N	icpdf:prajson2.最大正向电压		https://www.digikey.cn/zh/products?keywords=CCL-LX45IT			upstream_missing	源端无键且窄表空，上游缺口可接受
CCL-LX45IT	LUMEX	led	luminous_intensity_mcd	icpdf	可见光 LED		Y	icpdf:prajson2.标称发光强度	7.2	https://www.digikey.cn/zh/products?keywords=CCL-LX45IT			consistent	源端与窄表均有值
CCL-LX45IT	LUMEX	led	peak_wavelength_nm	icpdf	可见光 LED		Y	icpdf:prajson2.峰值波长	635	https://www.digikey.cn/zh/products?keywords=CCL-LX45IT			consistent	源端与窄表均有值
A1DL-S627L	LUMILEDS	led	emission_color	icpdf	可见光 LED		N	icpdf:prajson2.颜色		https://www.digikey.cn/zh/products?keywords=A1DL-S627L			upstream_missing	源端无键且窄表空，上游缺口可接受
A1DL-S627L	LUMILEDS	led	forward_voltage_v	icpdf	可见光 LED		N	icpdf:prajson2.最大正向电压		https://www.digikey.cn/zh/products?keywords=A1DL-S627L			upstream_missing	源端无键且窄表空，上游缺口可接受
A1DL-S627L	LUMILEDS	led	luminous_intensity_mcd	icpdf	可见光 LED		N	icpdf:prajson2.标称发光强度		https://www.digikey.cn/zh/products?keywords=A1DL-S627L			upstream_missing	源端无键且窄表空，上游缺口可接受
A1DL-S627L	LUMILEDS	led	peak_wavelength_nm	icpdf	可见光 LED		N	icpdf:prajson2.峰值波长		https://www.digikey.cn/zh/products?keywords=A1DL-S627L			upstream_missing	源端无键且窄表空，上游缺口可接受
A1DL-S627L12U3AF00	LUMILEDS	led	emission_color	icpdf	可见光 LED		N	icpdf:prajson2.颜色		https://www.digikey.cn/zh/products?keywords=A1DL-S627L12U3AF00			upstream_missing	源端无键且窄表空，上游缺口可接受
A1DL-S627L12U3AF00	LUMILEDS	led	forward_voltage_v	icpdf	可见光 LED		N	icpdf:prajson2.最大正向电压		https://www.digikey.cn/zh/products?keywords=A1DL-S627L12U3AF00			upstream_missing	源端无键且窄表空，上游缺口可接受
A1DL-S627L12U3AF00	LUMILEDS	led	luminous_intensity_mcd	icpdf	可见光 LED		N	icpdf:prajson2.标称发光强度		https://www.digikey.cn/zh/products?keywords=A1DL-S627L12U3AF00			upstream_missing	源端无键且窄表空，上游缺口可接受
A1DL-S627L12U3AF00	LUMILEDS	led	peak_wavelength_nm	icpdf	可见光 LED		N	icpdf:prajson2.峰值波长		https://www.digikey.cn/zh/products?keywords=A1DL-S627L12U3AF00			upstream_missing	源端无键且窄表空，上游缺口可接受
HPWA-DH00	LUMILEDS	led	emission_color	icpdf	可见光 LED	食人鱼LED灯	N	icpdf:prajson2.颜色		https://www.digikey.cn/zh/products?keywords=HPWA-DH00			upstream_missing	源端无键且窄表空，上游缺口可接受
HPWA-DH00	LUMILEDS	led	forward_voltage_v	icpdf	可见光 LED	食人鱼LED灯	N	icpdf:prajson2.最大正向电压		https://www.digikey.cn/zh/products?keywords=HPWA-DH00			upstream_missing	源端无键且窄表空，上游缺口可接受
HPWA-DH00	LUMILEDS	led	luminous_intensity_mcd	icpdf	可见光 LED	食人鱼LED灯	N	icpdf:prajson2.标称发光强度		https://www.digikey.cn/zh/products?keywords=HPWA-DH00			upstream_missing	源端无键且窄表空，上游缺口可接受
HPWA-DH00	LUMILEDS	led	peak_wavelength_nm	icpdf	可见光 LED	食人鱼LED灯	N	icpdf:prajson2.峰值波长		https://www.digikey.cn/zh/products?keywords=HPWA-DH00			upstream_missing	源端无键且窄表空，上游缺口可接受
HPWA-DH00-B4000	LUMILEDS	led	emission_color	icpdf	可见光 LED		N	icpdf:prajson2.颜色		https://www.digikey.cn/zh/products?keywords=HPWA-DH00-B4000			upstream_missing	源端无键且窄表空，上游缺口可接受
HPWA-DH00-B4000	LUMILEDS	led	forward_voltage_v	icpdf	可见光 LED		N	icpdf:prajson2.最大正向电压		https://www.digikey.cn/zh/products?keywords=HPWA-DH00-B4000			upstream_missing	源端无键且窄表空，上游缺口可接受
HPWA-DH00-B4000	LUMILEDS	led	luminous_intensity_mcd	icpdf	可见光 LED		N	icpdf:prajson2.标称发光强度		https://www.digikey.cn/zh/products?keywords=HPWA-DH00-B4000			upstream_missing	源端无键且窄表空，上游缺口可接受
HPWA-DH00-B4000	LUMILEDS	led	peak_wavelength_nm	icpdf	可见光 LED		N	icpdf:prajson2.峰值波长		https://www.digikey.cn/zh/products?keywords=HPWA-DH00-B4000			upstream_missing	源端无键且窄表空，上游缺口可接受
HPWA-DH02-B4000	LUMILEDS	led	emission_color	icpdf	可见光 LED	无铅食人鱼LED灯	N	icpdf:prajson2.颜色		https://www.digikey.cn/zh/products?keywords=HPWA-DH02-B4000			upstream_missing	源端无键且窄表空，上游缺口可接受
HPWA-DH02-B4000	LUMILEDS	led	forward_voltage_v	icpdf	可见光 LED	无铅食人鱼LED灯	N	icpdf:prajson2.最大正向电压		https://www.digikey.cn/zh/products?keywords=HPWA-DH02-B4000			upstream_missing	源端无键且窄表空，上游缺口可接受
HPWA-DH02-B4000	LUMILEDS	led	luminous_intensity_mcd	icpdf	可见光 LED	无铅食人鱼LED灯	N	icpdf:prajson2.标称发光强度		https://www.digikey.cn/zh/products?keywords=HPWA-DH02-B4000			upstream_missing	源端无键且窄表空，上游缺口可接受
HPWA-DH02-B4000	LUMILEDS	led	peak_wavelength_nm	icpdf	可见光 LED	无铅食人鱼LED灯	N	icpdf:prajson2.峰值波长		https://www.digikey.cn/zh/products?keywords=HPWA-DH02-B4000			upstream_missing	源端无键且窄表空，上游缺口可接受
CBT-90-B-L11-G100	LUMINUS	led	emission_color	icpdf	可见光 LED		N	icpdf:prajson2.颜色		https://www.digikey.cn/zh/products?keywords=CBT-90-B-L11-G100			upstream_missing	源端无键且窄表空，上游缺口可接受
CBT-90-B-L11-G100	LUMINUS	led	forward_voltage_v	icpdf	可见光 LED		N	icpdf:prajson2.最大正向电压		https://www.digikey.cn/zh/products?keywords=CBT-90-B-L11-G100			upstream_missing	源端无键且窄表空，上游缺口可接受
CBT-90-B-L11-G100	LUMINUS	led	luminous_intensity_mcd	icpdf	可见光 LED		N	icpdf:prajson2.标称发光强度		https://www.digikey.cn/zh/products?keywords=CBT-90-B-L11-G100			upstream_missing	源端无键且窄表空，上游缺口可接受
CBT-90-B-L11-G100	LUMINUS	led	peak_wavelength_nm	icpdf	可见光 LED		N	icpdf:prajson2.峰值波长		https://www.digikey.cn/zh/products?keywords=CBT-90-B-L11-G100			upstream_missing	源端无键且窄表空，上游缺口可接受
CBT-90-G-L11-CK100	LUMINUS	led	emission_color	icpdf	可见光 LED		N	icpdf:prajson2.颜色		https://www.digikey.cn/zh/products?keywords=CBT-90-G-L11-CK100			upstream_missing	源端无键且窄表空，上游缺口可接受
CBT-90-G-L11-CK100	LUMINUS	led	forward_voltage_v	icpdf	可见光 LED		N	icpdf:prajson2.最大正向电压		https://www.digikey.cn/zh/products?keywords=CBT-90-G-L11-CK100			upstream_missing	源端无键且窄表空，上游缺口可接受
CBT-90-G-L11-CK100	LUMINUS	led	luminous_intensity_mcd	icpdf	可见光 LED		N	icpdf:prajson2.标称发光强度		https://www.digikey.cn/zh/products?keywords=CBT-90-G-L11-CK100			upstream_missing	源端无键且窄表空，上游缺口可接受
CBT-90-G-L11-CK100	LUMINUS	led	peak_wavelength_nm	icpdf	可见光 LED		N	icpdf:prajson2.峰值波长		https://www.digikey.cn/zh/products?keywords=CBT-90-G-L11-CK100			upstream_missing	源端无键且窄表空，上游缺口可接受
CHM-11-65-80-36-XH20-F3-3	LUMINUS	led	emission_color	icpdf	可见光 LED		N	icpdf:prajson2.颜色		https://www.digikey.cn/zh/products?keywords=CHM-11-65-80-36-XH20-F3-3			upstream_missing	源端无键且窄表空，上游缺口可接受
CHM-11-65-80-36-XH20-F3-3	LUMINUS	led	forward_voltage_v	icpdf	可见光 LED		N	icpdf:prajson2.最大正向电压		https://www.digikey.cn/zh/products?keywords=CHM-11-65-80-36-XH20-F3-3			upstream_missing	源端无键且窄表空，上游缺口可接受
CHM-11-65-80-36-XH20-F3-3	LUMINUS	led	luminous_intensity_mcd	icpdf	可见光 LED		N	icpdf:prajson2.标称发光强度		https://www.digikey.cn/zh/products?keywords=CHM-11-65-80-36-XH20-F3-3			upstream_missing	源端无键且窄表空，上游缺口可接受
CHM-11-65-80-36-XH20-F3-3	LUMINUS	led	peak_wavelength_nm	icpdf	可见光 LED		N	icpdf:prajson2.峰值波长		https://www.digikey.cn/zh/products?keywords=CHM-11-65-80-36-XH20-F3-3			upstream_missing	源端无键且窄表空，上游缺口可接受
CHM-11-65-80-36-XH20-F3-5	LUMINUS	led	emission_color	icpdf	可见光 LED		N	icpdf:prajson2.颜色		https://www.digikey.cn/zh/products?keywords=CHM-11-65-80-36-XH20-F3-5			upstream_missing	源端无键且窄表空，上游缺口可接受
CHM-11-65-80-36-XH20-F3-5	LUMINUS	led	forward_voltage_v	icpdf	可见光 LED		N	icpdf:prajson2.最大正向电压		https://www.digikey.cn/zh/products?keywords=CHM-11-65-80-36-XH20-F3-5			upstream_missing	源端无键且窄表空，上游缺口可接受
CHM-11-65-80-36-XH20-F3-5	LUMINUS	led	luminous_intensity_mcd	icpdf	可见光 LED		N	icpdf:prajson2.标称发光强度		https://www.digikey.cn/zh/products?keywords=CHM-11-65-80-36-XH20-F3-5			upstream_missing	源端无键且窄表空，上游缺口可接受
CHM-11-65-80-36-XH20-F3-5	LUMINUS	led	peak_wavelength_nm	icpdf	可见光 LED		N	icpdf:prajson2.峰值波长		https://www.digikey.cn/zh/products?keywords=CHM-11-65-80-36-XH20-F3-5			upstream_missing	源端无键且窄表空，上游缺口可接受
CHM-14-27-80-36-XH20-F3-3	LUMINUS	led	emission_color	icpdf	可见光 LED		N	icpdf:prajson2.颜色		https://www.digikey.cn/zh/products?keywords=CHM-14-27-80-36-XH20-F3-3			upstream_missing	源端无键且窄表空，上游缺口可接受
CHM-14-27-80-36-XH20-F3-3	LUMINUS	led	forward_voltage_v	icpdf	可见光 LED		N	icpdf:prajson2.最大正向电压		https://www.digikey.cn/zh/products?keywords=CHM-14-27-80-36-XH20-F3-3			upstream_missing	源端无键且窄表空，上游缺口可接受
CHM-14-27-80-36-XH20-F3-3	LUMINUS	led	luminous_intensity_mcd	icpdf	可见光 LED		N	icpdf:prajson2.标称发光强度		https://www.digikey.cn/zh/products?keywords=CHM-14-27-80-36-XH20-F3-3			upstream_missing	源端无键且窄表空，上游缺口可接受
CHM-14-27-80-36-XH20-F3-3	LUMINUS	led	peak_wavelength_nm	icpdf	可见光 LED		N	icpdf:prajson2.峰值波长		https://www.digikey.cn/zh/products?keywords=CHM-14-27-80-36-XH20-F3-3			upstream_missing	源端无键且窄表空，上游缺口可接受
CR10A	MARKTECH	led	emission_color	icpdf	可见光 LED	琥珀180 ？角陶瓷芯片	N	icpdf:prajson2.颜色		https://www.digikey.cn/zh/products?keywords=CR10A			upstream_missing	源端无键且窄表空，上游缺口可接受
CR10A	MARKTECH	led	forward_voltage_v	icpdf	可见光 LED	琥珀180 ？角陶瓷芯片	N	icpdf:prajson2.最大正向电压		https://www.digikey.cn/zh/products?keywords=CR10A			upstream_missing	源端无键且窄表空，上游缺口可接受
CR10A	MARKTECH	led	luminous_intensity_mcd	icpdf	可见光 LED	琥珀180 ？角陶瓷芯片	N	icpdf:prajson2.标称发光强度		https://www.digikey.cn/zh/products?keywords=CR10A			upstream_missing	源端无键且窄表空，上游缺口可接受
CR10A	MARKTECH	led	peak_wavelength_nm	icpdf	可见光 LED	琥珀180 ？角陶瓷芯片	N	icpdf:prajson2.峰值波长		https://www.digikey.cn/zh/products?keywords=CR10A			upstream_missing	源端无键且窄表空，上游缺口可接受
CR10SG	MARKTECH	led	emission_color	icpdf	可见光 LED		N	icpdf:prajson2.颜色		https://www.digikey.cn/zh/products?keywords=CR10SG			upstream_missing	源端无键且窄表空，上游缺口可接受
CR10SG	MARKTECH	led	forward_voltage_v	icpdf	可见光 LED		N	icpdf:prajson2.最大正向电压		https://www.digikey.cn/zh/products?keywords=CR10SG			upstream_missing	源端无键且窄表空，上游缺口可接受
CR10SG	MARKTECH	led	luminous_intensity_mcd	icpdf	可见光 LED		N	icpdf:prajson2.标称发光强度		https://www.digikey.cn/zh/products?keywords=CR10SG			upstream_missing	源端无键且窄表空，上游缺口可接受
CR10SG	MARKTECH	led	peak_wavelength_nm	icpdf	可见光 LED		N	icpdf:prajson2.峰值波长		https://www.digikey.cn/zh/products?keywords=CR10SG			upstream_missing	源端无键且窄表空，上游缺口可接受
CR10YG	MARKTECH	led	emission_color	icpdf	可见光 LED	黄绿色180 ？角陶瓷芯片	N	icpdf:prajson2.颜色		https://www.digikey.cn/zh/products?keywords=CR10YG			upstream_missing	源端无键且窄表空，上游缺口可接受
CR10YG	MARKTECH	led	forward_voltage_v	icpdf	可见光 LED	黄绿色180 ？角陶瓷芯片	N	icpdf:prajson2.最大正向电压		https://www.digikey.cn/zh/products?keywords=CR10YG			upstream_missing	源端无键且窄表空，上游缺口可接受
CR10YG	MARKTECH	led	luminous_intensity_mcd	icpdf	可见光 LED	黄绿色180 ？角陶瓷芯片	N	icpdf:prajson2.标称发光强度		https://www.digikey.cn/zh/products?keywords=CR10YG			upstream_missing	源端无键且窄表空，上游缺口可接受
CR10YG	MARKTECH	led	peak_wavelength_nm	icpdf	可见光 LED	黄绿色180 ？角陶瓷芯片	N	icpdf:prajson2.峰值波长		https://www.digikey.cn/zh/products?keywords=CR10YG			upstream_missing	源端无键且窄表空，上游缺口可接受
CR12YG	MARKTECH	led	emission_color	icpdf	可见光 LED		N	icpdf:prajson2.颜色		https://www.digikey.cn/zh/products?keywords=CR12YG			upstream_missing	源端无键且窄表空，上游缺口可接受
CR12YG	MARKTECH	led	forward_voltage_v	icpdf	可见光 LED		N	icpdf:prajson2.最大正向电压		https://www.digikey.cn/zh/products?keywords=CR12YG			upstream_missing	源端无键且窄表空，上游缺口可接受
CR12YG	MARKTECH	led	luminous_intensity_mcd	icpdf	可见光 LED		N	icpdf:prajson2.标称发光强度		https://www.digikey.cn/zh/products?keywords=CR12YG			upstream_missing	源端无键且窄表空，上游缺口可接受
CR12YG	MARKTECH	led	peak_wavelength_nm	icpdf	可见光 LED		N	icpdf:prajson2.峰值波长		https://www.digikey.cn/zh/products?keywords=CR12YG			upstream_missing	源端无键且窄表空，上游缺口可接受
LC307PBG1-30Q-A3	MARKTECH	led	emission_color	icpdf	可见光 LED	的InGaN蓝绿色超高亮度LED 3毫米	N	icpdf:prajson2.颜色		https://www.digikey.cn/zh/products?keywords=LC307PBG1-30Q-A3			upstream_missing	源端无键且窄表空，上游缺口可接受
LC307PBG1-30Q-A3	MARKTECH	led	forward_voltage_v	icpdf	可见光 LED	的InGaN蓝绿色超高亮度LED 3毫米	N	icpdf:prajson2.最大正向电压		https://www.digikey.cn/zh/products?keywords=LC307PBG1-30Q-A3			upstream_missing	源端无键且窄表空，上游缺口可接受
LC307PBG1-30Q-A3	MARKTECH	led	luminous_intensity_mcd	icpdf	可见光 LED	的InGaN蓝绿色超高亮度LED 3毫米	N	icpdf:prajson2.标称发光强度		https://www.digikey.cn/zh/products?keywords=LC307PBG1-30Q-A3			upstream_missing	源端无键且窄表空，上游缺口可接受
LC307PBG1-30Q-A3	MARKTECH	led	peak_wavelength_nm	icpdf	可见光 LED	的InGaN蓝绿色超高亮度LED 3毫米	N	icpdf:prajson2.峰值波长		https://www.digikey.cn/zh/products?keywords=LC307PBG1-30Q-A3			upstream_missing	源端无键且窄表空，上游缺口可接受
01-101-214-20	MARL	led	emission_color	icpdf	可见光 LED		Y	icpdf:prajson2.颜色	Green	https://www.digikey.cn/zh/products?keywords=01-101-214-20			consistent	源端与窄表均有值
01-101-214-20	MARL	led	forward_voltage_v	icpdf	可见光 LED		N	icpdf:prajson2.最大正向电压		https://www.digikey.cn/zh/products?keywords=01-101-214-20			upstream_missing	源端无键且窄表空，上游缺口可接受
01-101-214-20	MARL	led	luminous_intensity_mcd	icpdf	可见光 LED		Y	icpdf:prajson2.标称发光强度	7	https://www.digikey.cn/zh/products?keywords=01-101-214-20			consistent	源端与窄表均有值
01-101-214-20	MARL	led	peak_wavelength_nm	icpdf	可见光 LED		Y	icpdf:prajson2.峰值波长	565	https://www.digikey.cn/zh/products?keywords=01-101-214-20			consistent	源端与窄表均有值
01-103-305-04	MARL	led	emission_color	icpdf	可见光 LED		Y	icpdf:prajson2.颜色	Red	https://www.digikey.cn/zh/products?keywords=01-103-305-04			consistent	源端与窄表均有值
01-103-305-04	MARL	led	forward_voltage_v	icpdf	可见光 LED		N	icpdf:prajson2.最大正向电压		https://www.digikey.cn/zh/products?keywords=01-103-305-04			upstream_missing	源端无键且窄表空，上游缺口可接受
01-103-305-04	MARL	led	luminous_intensity_mcd	icpdf	可见光 LED		Y	icpdf:prajson2.标称发光强度	40	https://www.digikey.cn/zh/products?keywords=01-103-305-04			consistent	源端与窄表均有值
01-103-305-04	MARL	led	peak_wavelength_nm	icpdf	可见光 LED		Y	icpdf:prajson2.峰值波长	627	https://www.digikey.cn/zh/products?keywords=01-103-305-04			consistent	源端与窄表均有值
01-103-330-04	MARL	led	emission_color	icpdf	可见光 LED		Y	icpdf:prajson2.颜色	Multi-Color	https://www.digikey.cn/zh/products?keywords=01-103-330-04			consistent	源端与窄表均有值
01-103-330-04	MARL	led	forward_voltage_v	icpdf	可见光 LED		N	icpdf:prajson2.最大正向电压		https://www.digikey.cn/zh/products?keywords=01-103-330-04			upstream_missing	源端无键且窄表空，上游缺口可接受
01-103-330-04	MARL	led	luminous_intensity_mcd	icpdf	可见光 LED		Y	icpdf:prajson2.标称发光强度	16	https://www.digikey.cn/zh/products?keywords=01-103-330-04			consistent	源端与窄表均有值
01-103-330-04	MARL	led	peak_wavelength_nm	icpdf	可见光 LED		Y	icpdf:prajson2.峰值波长	565	https://www.digikey.cn/zh/products?keywords=01-103-330-04			consistent	源端与窄表均有值
01-103-381-20	MARL	led	emission_color	icpdf	可见光 LED		Y	icpdf:prajson2.颜色	Red	https://www.digikey.cn/zh/products?keywords=01-103-381-20			consistent	源端与窄表均有值
01-103-381-20	MARL	led	forward_voltage_v	icpdf	可见光 LED		N	icpdf:prajson2.最大正向电压		https://www.digikey.cn/zh/products?keywords=01-103-381-20			upstream_missing	源端无键且窄表空，上游缺口可接受
01-103-381-20	MARL	led	luminous_intensity_mcd	icpdf	可见光 LED		Y	icpdf:prajson2.标称发光强度	20	https://www.digikey.cn/zh/products?keywords=01-103-381-20			consistent	源端与窄表均有值
01-103-381-20	MARL	led	peak_wavelength_nm	icpdf	可见光 LED		Y	icpdf:prajson2.峰值波长	627	https://www.digikey.cn/zh/products?keywords=01-103-381-20			consistent	源端与窄表均有值
01-107-305-04	MARL	led	emission_color	icpdf	可见光 LED		Y	icpdf:prajson2.颜色	Red	https://www.digikey.cn/zh/products?keywords=01-107-305-04			consistent	源端与窄表均有值
01-107-305-04	MARL	led	forward_voltage_v	icpdf	可见光 LED		N	icpdf:prajson2.最大正向电压		https://www.digikey.cn/zh/products?keywords=01-107-305-04			upstream_missing	源端无键且窄表空，上游缺口可接受
01-107-305-04	MARL	led	luminous_intensity_mcd	icpdf	可见光 LED		Y	icpdf:prajson2.标称发光强度	40	https://www.digikey.cn/zh/products?keywords=01-107-305-04			consistent	源端与窄表均有值
01-107-305-04	MARL	led	peak_wavelength_nm	icpdf	可见光 LED		Y	icpdf:prajson2.峰值波长	627	https://www.digikey.cn/zh/products?keywords=01-107-305-04			consistent	源端与窄表均有值
L72CB/1G1YDA	MICRO-ELECTRONICS	led	emission_color	icpdf	可见光 LED		Y	icpdf:prajson2.颜色	Multi-Color	https://www.digikey.cn/zh/products?keywords=L72CB/1G1YDA			consistent	源端与窄表均有值
L72CB/1G1YDA	MICRO-ELECTRONICS	led	forward_voltage_v	icpdf	可见光 LED		Y	icpdf:prajson2.最大正向电压	3	https://www.digikey.cn/zh/products?keywords=L72CB/1G1YDA			consistent	源端与窄表均有值
L72CB/1G1YDA	MICRO-ELECTRONICS	led	luminous_intensity_mcd	icpdf	可见光 LED		N	icpdf:prajson2.标称发光强度		https://www.digikey.cn/zh/products?keywords=L72CB/1G1YDA			upstream_missing	源端无键且窄表空，上游缺口可接受
L72CB/1G1YDA	MICRO-ELECTRONICS	led	peak_wavelength_nm	icpdf	可见光 LED		Y	icpdf:prajson2.峰值波长	565	https://www.digikey.cn/zh/products?keywords=L72CB/1G1YDA			consistent	源端与窄表均有值
L72CB/1G1YDA-2	MICRO-ELECTRONICS	led	emission_color	icpdf	可见光 LED		Y	icpdf:prajson2.颜色	Multi-Color	https://www.digikey.cn/zh/products?keywords=L72CB/1G1YDA-2			consistent	源端与窄表均有值
L72CB/1G1YDA-2	MICRO-ELECTRONICS	led	forward_voltage_v	icpdf	可见光 LED		Y	icpdf:prajson2.最大正向电压	3	https://www.digikey.cn/zh/products?keywords=L72CB/1G1YDA-2			consistent	源端与窄表均有值
L72CB/1G1YDA-2	MICRO-ELECTRONICS	led	luminous_intensity_mcd	icpdf	可见光 LED		N	icpdf:prajson2.标称发光强度		https://www.digikey.cn/zh/products?keywords=L72CB/1G1YDA-2			upstream_missing	源端无键且窄表空，上游缺口可接受
L72CB/1G1YDA-2	MICRO-ELECTRONICS	led	peak_wavelength_nm	icpdf	可见光 LED		Y	icpdf:prajson2.峰值波长	565	https://www.digikey.cn/zh/products?keywords=L72CB/1G1YDA-2			consistent	源端与窄表均有值
L72CB/1G1YDA-2L	MICRO-ELECTRONICS	led	emission_color	icpdf	可见光 LED		Y	icpdf:prajson2.颜色	Multi-Color	https://www.digikey.cn/zh/products?keywords=L72CB/1G1YDA-2L			consistent	源端与窄表均有值
L72CB/1G1YDA-2L	MICRO-ELECTRONICS	led	forward_voltage_v	icpdf	可见光 LED		Y	icpdf:prajson2.最大正向电压	3	https://www.digikey.cn/zh/products?keywords=L72CB/1G1YDA-2L			consistent	源端与窄表均有值
L72CB/1G1YDA-2L	MICRO-ELECTRONICS	led	luminous_intensity_mcd	icpdf	可见光 LED		N	icpdf:prajson2.标称发光强度		https://www.digikey.cn/zh/products?keywords=L72CB/1G1YDA-2L			upstream_missing	源端无键且窄表空，上游缺口可接受
L72CB/1G1YDA-2L	MICRO-ELECTRONICS	led	peak_wavelength_nm	icpdf	可见光 LED		Y	icpdf:prajson2.峰值波长	565	https://www.digikey.cn/zh/products?keywords=L72CB/1G1YDA-2L			consistent	源端与窄表均有值
L72CB/1G1YDA-L	MICRO-ELECTRONICS	led	emission_color	icpdf	可见光 LED		Y	icpdf:prajson2.颜色	Multi-Color	https://www.digikey.cn/zh/products?keywords=L72CB/1G1YDA-L			consistent	源端与窄表均有值
L72CB/1G1YDA-L	MICRO-ELECTRONICS	led	forward_voltage_v	icpdf	可见光 LED		N	icpdf:prajson2.最大正向电压		https://www.digikey.cn/zh/products?keywords=L72CB/1G1YDA-L			upstream_missing	源端无键且窄表空，上游缺口可接受
L72CB/1G1YDA-L	MICRO-ELECTRONICS	led	luminous_intensity_mcd	icpdf	可见光 LED		N	icpdf:prajson2.标称发光强度		https://www.digikey.cn/zh/products?keywords=L72CB/1G1YDA-L			upstream_missing	源端无键且窄表空，上游缺口可接受
L72CB/1G1YDA-L	MICRO-ELECTRONICS	led	peak_wavelength_nm	icpdf	可见光 LED		N	icpdf:prajson2.峰值波长		https://www.digikey.cn/zh/products?keywords=L72CB/1G1YDA-L			upstream_missing	源端无键且窄表空，上游缺口可接受
L72CB/1GDA	MICRO-ELECTRONICS	led	emission_color	icpdf	可见光 LED		Y	icpdf:prajson2.颜色	Green	https://www.digikey.cn/zh/products?keywords=L72CB/1GDA			consistent	源端与窄表均有值
L72CB/1GDA	MICRO-ELECTRONICS	led	forward_voltage_v	icpdf	可见光 LED		Y	icpdf:prajson2.最大正向电压	2.8	https://www.digikey.cn/zh/products?keywords=L72CB/1GDA			consistent	源端与窄表均有值
L72CB/1GDA	MICRO-ELECTRONICS	led	luminous_intensity_mcd	icpdf	可见光 LED		N	icpdf:prajson2.标称发光强度		https://www.digikey.cn/zh/products?keywords=L72CB/1GDA			upstream_missing	源端无键且窄表空，上游缺口可接受
L72CB/1GDA	MICRO-ELECTRONICS	led	peak_wavelength_nm	icpdf	可见光 LED		Y	icpdf:prajson2.峰值波长	570	https://www.digikey.cn/zh/products?keywords=L72CB/1GDA			consistent	源端与窄表均有值
ME7021	MITSUBISHI	led	emission_color	icpdf	红外 LED		N	icpdf:prajson2.颜色		https://www.digikey.cn/zh/products?keywords=ME7021			upstream_missing	源端无键且窄表空，上游缺口可接受
ME7021	MITSUBISHI	led	forward_voltage_v	icpdf	红外 LED		Y	icpdf:prajson2.最大正向电压	2	https://www.digikey.cn/zh/products?keywords=ME7021			consistent	源端与窄表均有值
ME7021	MITSUBISHI	led	luminous_intensity_mcd	icpdf	红外 LED		N	icpdf:prajson2.标称发光强度		https://www.digikey.cn/zh/products?keywords=ME7021			upstream_missing	源端无键且窄表空，上游缺口可接受
ME7021	MITSUBISHI	led	peak_wavelength_nm	icpdf	红外 LED		Y	icpdf:prajson2.峰值波长	1340	https://www.digikey.cn/zh/products?keywords=ME7021			consistent	源端与窄表均有值
MLED76	MOTOROLA	led	emission_color	icpdf	可见光 LED		Y	icpdf:prajson2.颜色	Red	https://www.digikey.cn/zh/products?keywords=MLED76			consistent	源端与窄表均有值
MLED76	MOTOROLA	led	forward_voltage_v	icpdf	可见光 LED		Y	icpdf:prajson2.最大正向电压	2.2	https://www.digikey.cn/zh/products?keywords=MLED76			consistent	源端与窄表均有值
MLED76	MOTOROLA	led	luminous_intensity_mcd	icpdf	可见光 LED		N	icpdf:prajson2.标称发光强度		https://www.digikey.cn/zh/products?keywords=MLED76			upstream_missing	源端无键且窄表空，上游缺口可接受
MLED76	MOTOROLA	led	peak_wavelength_nm	icpdf	可见光 LED		Y	icpdf:prajson2.峰值波长	660	https://www.digikey.cn/zh/products?keywords=MLED76			consistent	源端与窄表均有值
MLEDC1000CP	MOTOROLA	led	emission_color	icpdf	红外 LED		N	icpdf:prajson2.颜色		https://www.digikey.cn/zh/products?keywords=MLEDC1000CP			upstream_missing	源端无键且窄表空，上游缺口可接受
MLEDC1000CP	MOTOROLA	led	forward_voltage_v	icpdf	红外 LED		N	icpdf:prajson2.最大正向电压		https://www.digikey.cn/zh/products?keywords=MLEDC1000CP			upstream_missing	源端无键且窄表空，上游缺口可接受
MLEDC1000CP	MOTOROLA	led	luminous_intensity_mcd	icpdf	红外 LED		N	icpdf:prajson2.标称发光强度		https://www.digikey.cn/zh/products?keywords=MLEDC1000CP			upstream_missing	源端无键且窄表空，上游缺口可接受
MLEDC1000CP	MOTOROLA	led	peak_wavelength_nm	icpdf	红外 LED		Y	icpdf:prajson2.峰值波长	940	https://www.digikey.cn/zh/products?keywords=MLEDC1000CP			consistent	源端与窄表均有值
FL1M-8SJ-3-Y24V	MSPI	led	emission_color	icpdf	可见光 LED		N	icpdf:prajson2.颜色		https://www.digikey.cn/zh/products?keywords=FL1M-8SJ-3-Y24V			upstream_missing	源端无键且窄表空，上游缺口可接受
FL1M-8SJ-3-Y24V	MSPI	led	forward_voltage_v	icpdf	可见光 LED		N	icpdf:prajson2.最大正向电压		https://www.digikey.cn/zh/products?keywords=FL1M-8SJ-3-Y24V			upstream_missing	源端无键且窄表空，上游缺口可接受
FL1M-8SJ-3-Y24V	MSPI	led	luminous_intensity_mcd	icpdf	可见光 LED		N	icpdf:prajson2.标称发光强度		https://www.digikey.cn/zh/products?keywords=FL1M-8SJ-3-Y24V			upstream_missing	源端无键且窄表空，上游缺口可接受
FL1M-8SJ-3-Y24V	MSPI	led	peak_wavelength_nm	icpdf	可见光 LED		N	icpdf:prajson2.峰值波长		https://www.digikey.cn/zh/products?keywords=FL1M-8SJ-3-Y24V			upstream_missing	源端无键且窄表空，上游缺口可接受
SE303A-C	NEC	led	emission_color	icpdf	红外 LED		N	icpdf:prajson2.颜色		https://www.digikey.cn/zh/products?keywords=SE303A-C			upstream_missing	源端无键且窄表空，上游缺口可接受
SE303A-C	NEC	led	forward_voltage_v	icpdf	红外 LED		N	icpdf:prajson2.最大正向电压		https://www.digikey.cn/zh/products?keywords=SE303A-C			upstream_missing	源端无键且窄表空，上游缺口可接受
SE303A-C	NEC	led	luminous_intensity_mcd	icpdf	红外 LED		N	icpdf:prajson2.标称发光强度		https://www.digikey.cn/zh/products?keywords=SE303A-C			upstream_missing	源端无键且窄表空，上游缺口可接受
SE303A-C	NEC	led	peak_wavelength_nm	icpdf	红外 LED		Y	icpdf:prajson2.峰值波长	940	https://www.digikey.cn/zh/products?keywords=SE303A-C			consistent	源端与窄表均有值
SR106D	NEC	led	emission_color	icpdf	可见光 LED		Y	icpdf:prajson2.颜色	Red	https://www.digikey.cn/zh/products?keywords=SR106D			consistent	源端与窄表均有值
SR106D	NEC	led	forward_voltage_v	icpdf	可见光 LED		N	icpdf:prajson2.最大正向电压		https://www.digikey.cn/zh/products?keywords=SR106D			upstream_missing	源端无键且窄表空，上游缺口可接受
SR106D	NEC	led	luminous_intensity_mcd	icpdf	可见光 LED		N	icpdf:prajson2.标称发光强度		https://www.digikey.cn/zh/products?keywords=SR106D			upstream_missing	源端无键且窄表空，上游缺口可接受
SR106D	NEC	led	peak_wavelength_nm	icpdf	可见光 LED		N	icpdf:prajson2.峰值波长		https://www.digikey.cn/zh/products?keywords=SR106D			upstream_missing	源端无键且窄表空，上游缺口可接受
NCSA170BT	NICHIA	led	emission_color	icpdf	可见光 LED		N	icpdf:prajson2.颜色		https://www.digikey.cn/zh/products?keywords=NCSA170BT			upstream_missing	源端无键且窄表空，上游缺口可接受
NCSA170BT	NICHIA	led	forward_voltage_v	icpdf	可见光 LED		N	icpdf:prajson2.最大正向电压		https://www.digikey.cn/zh/products?keywords=NCSA170BT			upstream_missing	源端无键且窄表空，上游缺口可接受
NCSA170BT	NICHIA	led	luminous_intensity_mcd	icpdf	可见光 LED		N	icpdf:prajson2.标称发光强度		https://www.digikey.cn/zh/products?keywords=NCSA170BT			upstream_missing	源端无键且窄表空，上游缺口可接受
NCSA170BT	NICHIA	led	peak_wavelength_nm	icpdf	可见光 LED		N	icpdf:prajson2.峰值波长		https://www.digikey.cn/zh/products?keywords=NCSA170BT			upstream_missing	源端无键且窄表空，上游缺口可接受
NCSL119T-H1	NICHIA	led	emission_color	icpdf	可见光 LED		N	icpdf:prajson2.颜色		https://www.digikey.cn/zh/products?keywords=NCSL119T-H1			upstream_missing	源端无键且窄表空，上游缺口可接受
NCSL119T-H1	NICHIA	led	forward_voltage_v	icpdf	可见光 LED		N	icpdf:prajson2.最大正向电压		https://www.digikey.cn/zh/products?keywords=NCSL119T-H1			upstream_missing	源端无键且窄表空，上游缺口可接受
NCSL119T-H1	NICHIA	led	luminous_intensity_mcd	icpdf	可见光 LED		N	icpdf:prajson2.标称发光强度		https://www.digikey.cn/zh/products?keywords=NCSL119T-H1			upstream_missing	源端无键且窄表空，上游缺口可接受
NCSL119T-H1	NICHIA	led	peak_wavelength_nm	icpdf	可见光 LED		N	icpdf:prajson2.峰值波长		https://www.digikey.cn/zh/products?keywords=NCSL119T-H1			upstream_missing	源端无键且窄表空，上游缺口可接受
NCSL119T-H3	NICHIA	led	emission_color	icpdf	可见光 LED		N	icpdf:prajson2.颜色		https://www.digikey.cn/zh/products?keywords=NCSL119T-H3			upstream_missing	源端无键且窄表空，上游缺口可接受
NCSL119T-H3	NICHIA	led	forward_voltage_v	icpdf	可见光 LED		N	icpdf:prajson2.最大正向电压		https://www.digikey.cn/zh/products?keywords=NCSL119T-H3			upstream_missing	源端无键且窄表空，上游缺口可接受
NCSL119T-H3	NICHIA	led	luminous_intensity_mcd	icpdf	可见光 LED		N	icpdf:prajson2.标称发光强度		https://www.digikey.cn/zh/products?keywords=NCSL119T-H3			upstream_missing	源端无键且窄表空，上游缺口可接受
NCSL119T-H3	NICHIA	led	peak_wavelength_nm	icpdf	可见光 LED		N	icpdf:prajson2.峰值波长		https://www.digikey.cn/zh/products?keywords=NCSL119T-H3			upstream_missing	源端无键且窄表空，上游缺口可接受
NCSL219AT-H1	NICHIA	led	emission_color	icpdf	可见光 LED		N	icpdf:prajson2.颜色		https://www.digikey.cn/zh/products?keywords=NCSL219AT-H1			upstream_missing	源端无键且窄表空，上游缺口可接受
NCSL219AT-H1	NICHIA	led	forward_voltage_v	icpdf	可见光 LED		N	icpdf:prajson2.最大正向电压		https://www.digikey.cn/zh/products?keywords=NCSL219AT-H1			upstream_missing	源端无键且窄表空，上游缺口可接受
NCSL219AT-H1	NICHIA	led	luminous_intensity_mcd	icpdf	可见光 LED		N	icpdf:prajson2.标称发光强度		https://www.digikey.cn/zh/products?keywords=NCSL219AT-H1			upstream_missing	源端无键且窄表空，上游缺口可接受
NCSL219AT-H1	NICHIA	led	peak_wavelength_nm	icpdf	可见光 LED		N	icpdf:prajson2.峰值波长		https://www.digikey.cn/zh/products?keywords=NCSL219AT-H1			upstream_missing	源端无键且窄表空，上游缺口可接受
NCSL219BT	NICHIA	led	emission_color	icpdf	可见光 LED	规格暖白光LED	N	icpdf:prajson2.颜色		https://www.digikey.cn/zh/products?keywords=NCSL219BT			upstream_missing	源端无键且窄表空，上游缺口可接受
NCSL219BT	NICHIA	led	forward_voltage_v	icpdf	可见光 LED	规格暖白光LED	N	icpdf:prajson2.最大正向电压		https://www.digikey.cn/zh/products?keywords=NCSL219BT			upstream_missing	源端无键且窄表空，上游缺口可接受
NCSL219BT	NICHIA	led	luminous_intensity_mcd	icpdf	可见光 LED	规格暖白光LED	N	icpdf:prajson2.标称发光强度		https://www.digikey.cn/zh/products?keywords=NCSL219BT			upstream_missing	源端无键且窄表空，上游缺口可接受
NCSL219BT	NICHIA	led	peak_wavelength_nm	icpdf	可见光 LED	规格暖白光LED	N	icpdf:prajson2.峰值波长		https://www.digikey.cn/zh/products?keywords=NCSL219BT			upstream_missing	源端无键且窄表空，上游缺口可接受
ECG3020	NTE	led	emission_color	icpdf	可见光 LED		Y	icpdf:prajson2.颜色@波长	Red	https://www.digikey.cn/zh/products?keywords=ECG3020			consistent	源端与窄表均有值
ECG3020	NTE	led	forward_voltage_v	icpdf	可见光 LED		Y	icpdf:prajson2.最大正向电压	1.7	https://www.digikey.cn/zh/products?keywords=ECG3020			consistent	源端与窄表均有值
ECG3020	NTE	led	luminous_intensity_mcd	icpdf	可见光 LED		N	icpdf:prajson2.标称发光强度		https://www.digikey.cn/zh/products?keywords=ECG3020			upstream_missing	源端无键且窄表空，上游缺口可接受
ECG3020	NTE	led	peak_wavelength_nm	icpdf	可见光 LED		N	icpdf:prajson2.峰值波长		https://www.digikey.cn/zh/products?keywords=ECG3020			upstream_missing	源端无键且窄表空，上游缺口可接受
ECG3022	NTE	led	emission_color	icpdf	可见光 LED		Y	icpdf:prajson2.颜色@波长	Red	https://www.digikey.cn/zh/products?keywords=ECG3022			consistent	源端与窄表均有值
ECG3022	NTE	led	forward_voltage_v	icpdf	可见光 LED		Y	icpdf:prajson2.最大正向电压	2	https://www.digikey.cn/zh/products?keywords=ECG3022			consistent	源端与窄表均有值
ECG3022	NTE	led	luminous_intensity_mcd	icpdf	可见光 LED		N	icpdf:prajson2.标称发光强度		https://www.digikey.cn/zh/products?keywords=ECG3022			upstream_missing	源端无键且窄表空，上游缺口可接受
ECG3022	NTE	led	peak_wavelength_nm	icpdf	可见光 LED		N	icpdf:prajson2.峰值波长		https://www.digikey.cn/zh/products?keywords=ECG3022			upstream_missing	源端无键且窄表空，上游缺口可接受
ECG3023	NTE	led	emission_color	icpdf	可见光 LED		Y	icpdf:prajson2.颜色@波长	Orange	https://www.digikey.cn/zh/products?keywords=ECG3023			consistent	源端与窄表均有值
ECG3023	NTE	led	forward_voltage_v	icpdf	可见光 LED		Y	icpdf:prajson2.最大正向电压	2	https://www.digikey.cn/zh/products?keywords=ECG3023			consistent	源端与窄表均有值
ECG3023	NTE	led	luminous_intensity_mcd	icpdf	可见光 LED		N	icpdf:prajson2.标称发光强度		https://www.digikey.cn/zh/products?keywords=ECG3023			upstream_missing	源端无键且窄表空，上游缺口可接受
ECG3023	NTE	led	peak_wavelength_nm	icpdf	可见光 LED		N	icpdf:prajson2.峰值波长		https://www.digikey.cn/zh/products?keywords=ECG3023			upstream_missing	源端无键且窄表空，上游缺口可接受
ECG3024	NTE	led	emission_color	icpdf	可见光 LED		Y	icpdf:prajson2.颜色@波长	Green	https://www.digikey.cn/zh/products?keywords=ECG3024			consistent	源端与窄表均有值
ECG3024	NTE	led	forward_voltage_v	icpdf	可见光 LED		Y	icpdf:prajson2.最大正向电压	2.2	https://www.digikey.cn/zh/products?keywords=ECG3024			consistent	源端与窄表均有值
ECG3024	NTE	led	luminous_intensity_mcd	icpdf	可见光 LED		N	icpdf:prajson2.标称发光强度		https://www.digikey.cn/zh/products?keywords=ECG3024			upstream_missing	源端无键且窄表空，上游缺口可接受
ECG3024	NTE	led	peak_wavelength_nm	icpdf	可见光 LED		N	icpdf:prajson2.峰值波长		https://www.digikey.cn/zh/products?keywords=ECG3024			upstream_missing	源端无键且窄表空，上游缺口可接受
ECG3115	NTE	led	emission_color	icpdf	可见光 LED		Y	icpdf:prajson2.颜色@波长	Red	https://www.digikey.cn/zh/products?keywords=ECG3115			consistent	源端与窄表均有值
ECG3115	NTE	led	forward_voltage_v	icpdf	可见光 LED		Y	icpdf:prajson2.最大正向电压	2.5	https://www.digikey.cn/zh/products?keywords=ECG3115			consistent	源端与窄表均有值
ECG3115	NTE	led	luminous_intensity_mcd	icpdf	可见光 LED		N	icpdf:prajson2.标称发光强度		https://www.digikey.cn/zh/products?keywords=ECG3115			upstream_missing	源端无键且窄表空，上游缺口可接受
ECG3115	NTE	led	peak_wavelength_nm	icpdf	可见光 LED		N	icpdf:prajson2.峰值波长		https://www.digikey.cn/zh/products?keywords=ECG3115			upstream_missing	源端无键且窄表空，上游缺口可接受
BD-1801R	OKAYA	led	emission_color	icpdf	可见光 LED		Y	icpdf:prajson2.颜色	Red	https://www.digikey.cn/zh/products?keywords=BD-1801R			consistent	源端与窄表均有值
BD-1801R	OKAYA	led	forward_voltage_v	icpdf	可见光 LED		N	icpdf:prajson2.最大正向电压		https://www.digikey.cn/zh/products?keywords=BD-1801R			upstream_missing	源端无键且窄表空，上游缺口可接受
BD-1801R	OKAYA	led	luminous_intensity_mcd	icpdf	可见光 LED		N	icpdf:prajson2.标称发光强度		https://www.digikey.cn/zh/products?keywords=BD-1801R			upstream_missing	源端无键且窄表空，上游缺口可接受
BD-1801R	OKAYA	led	peak_wavelength_nm	icpdf	可见光 LED		N	icpdf:prajson2.峰值波长		https://www.digikey.cn/zh/products?keywords=BD-1801R			upstream_missing	源端无键且窄表空，上游缺口可接受
OLD122B	OKI	led	emission_color	icpdf	红外 LED		N	icpdf:prajson2.颜色		https://www.digikey.cn/zh/products?keywords=OLD122B			upstream_missing	源端无键且窄表空，上游缺口可接受
OLD122B	OKI	led	forward_voltage_v	icpdf	红外 LED		N	icpdf:prajson2.最大正向电压		https://www.digikey.cn/zh/products?keywords=OLD122B			upstream_missing	源端无键且窄表空，上游缺口可接受
OLD122B	OKI	led	luminous_intensity_mcd	icpdf	红外 LED		N	icpdf:prajson2.标称发光强度		https://www.digikey.cn/zh/products?keywords=OLD122B			upstream_missing	源端无键且窄表空，上游缺口可接受
OLD122B	OKI	led	peak_wavelength_nm	icpdf	红外 LED		Y	icpdf:prajson2.峰值波长	940	https://www.digikey.cn/zh/products?keywords=OLD122B			consistent	源端与窄表均有值
AR0134CSSM00SPCA0-DPBR1	ONSEMI	led	emission_color	icpdf			N	icpdf:prajson2.颜色		https://www.digikey.cn/zh/products?keywords=AR0134CSSM00SPCA0-DPBR1			upstream_missing	源端无键且窄表空，上游缺口可接受
AR0134CSSM00SPCA0-DPBR1	ONSEMI	led	forward_voltage_v	icpdf			N	icpdf:prajson2.最大正向电压		https://www.digikey.cn/zh/products?keywords=AR0134CSSM00SPCA0-DPBR1			upstream_missing	源端无键且窄表空，上游缺口可接受
AR0134CSSM00SPCA0-DPBR1	ONSEMI	led	luminous_intensity_mcd	icpdf			N	icpdf:prajson2.标称发光强度		https://www.digikey.cn/zh/products?keywords=AR0134CSSM00SPCA0-DPBR1			upstream_missing	源端无键且窄表空，上游缺口可接受
AR0134CSSM00SPCA0-DPBR1	ONSEMI	led	peak_wavelength_nm	icpdf			N	icpdf:prajson2.峰值波长		https://www.digikey.cn/zh/products?keywords=AR0134CSSM00SPCA0-DPBR1			upstream_missing	源端无键且窄表空，上游缺口可接受
AR0140AT3C00XUEA0-DPBR1	ONSEMI	led	emission_color	icpdf			N	icpdf:prajson2.颜色		https://www.digikey.cn/zh/products?keywords=AR0140AT3C00XUEA0-DPBR1			upstream_missing	源端无键且窄表空，上游缺口可接受
AR0140AT3C00XUEA0-DPBR1	ONSEMI	led	forward_voltage_v	icpdf			N	icpdf:prajson2.最大正向电压		https://www.digikey.cn/zh/products?keywords=AR0140AT3C00XUEA0-DPBR1			upstream_missing	源端无键且窄表空，上游缺口可接受
AR0140AT3C00XUEA0-DPBR1	ONSEMI	led	luminous_intensity_mcd	icpdf			N	icpdf:prajson2.标称发光强度		https://www.digikey.cn/zh/products?keywords=AR0140AT3C00XUEA0-DPBR1			upstream_missing	源端无键且窄表空，上游缺口可接受
AR0140AT3C00XUEA0-DPBR1	ONSEMI	led	peak_wavelength_nm	icpdf			N	icpdf:prajson2.峰值波长		https://www.digikey.cn/zh/products?keywords=AR0140AT3C00XUEA0-DPBR1			upstream_missing	源端无键且窄表空，上游缺口可接受
P1326	ONSEMI	led	emission_color	icpdf	可见光 LED		Y	icpdf:prajson2.颜色@波长	Multi-Color	https://www.digikey.cn/zh/products?keywords=P1326			consistent	源端与窄表均有值
P1326	ONSEMI	led	forward_voltage_v	icpdf	可见光 LED		Y	icpdf:prajson2.最大正向电压	1.8	https://www.digikey.cn/zh/products?keywords=P1326			consistent	源端与窄表均有值
P1326	ONSEMI	led	luminous_intensity_mcd	icpdf	可见光 LED		N	icpdf:prajson2.标称发光强度		https://www.digikey.cn/zh/products?keywords=P1326			upstream_missing	源端无键且窄表空，上游缺口可接受
P1326	ONSEMI	led	peak_wavelength_nm	icpdf	可见光 LED		Y	icpdf:prajson2.峰值波长	660	https://www.digikey.cn/zh/products?keywords=P1326			consistent	源端与窄表均有值
QEB363	ONSEMI	led	emission_color	icpdf	红外 LED		N	icpdf:prajson2.颜色		https://www.digikey.cn/zh/products?keywords=QEB363			upstream_missing	源端无键且窄表空，上游缺口可接受
QEB363	ONSEMI	led	forward_voltage_v	icpdf	红外 LED		Y	icpdf:prajson2.最大正向电压	1.6	https://www.digikey.cn/zh/products?keywords=QEB363			consistent	源端与窄表均有值
QEB363	ONSEMI	led	luminous_intensity_mcd	icpdf	红外 LED		N	icpdf:prajson2.标称发光强度		https://www.digikey.cn/zh/products?keywords=QEB363			upstream_missing	源端无键且窄表空，上游缺口可接受
QEB363	ONSEMI	led	peak_wavelength_nm	icpdf	红外 LED		Y	icpdf:prajson2.峰值波长	940	https://www.digikey.cn/zh/products?keywords=QEB363			consistent	源端与窄表均有值
QEB363GR	ONSEMI	led	emission_color	icpdf	红外 LED		N	icpdf:prajson2.颜色		https://www.digikey.cn/zh/products?keywords=QEB363GR			upstream_missing	源端无键且窄表空，上游缺口可接受
QEB363GR	ONSEMI	led	forward_voltage_v	icpdf	红外 LED		Y	icpdf:prajson2.最大正向电压	1.6	https://www.digikey.cn/zh/products?keywords=QEB363GR			consistent	源端与窄表均有值
QEB363GR	ONSEMI	led	luminous_intensity_mcd	icpdf	红外 LED		N	icpdf:prajson2.标称发光强度		https://www.digikey.cn/zh/products?keywords=QEB363GR			upstream_missing	源端无键且窄表空，上游缺口可接受
QEB363GR	ONSEMI	led	peak_wavelength_nm	icpdf	红外 LED		Y	icpdf:prajson2.峰值波长	940	https://www.digikey.cn/zh/products?keywords=QEB363GR			consistent	源端与窄表均有值
131254-970	OSA	led	emission_color	icpdf	红外 LED		N	icpdf:prajson2.颜色		https://www.digikey.cn/zh/products?keywords=131254-970			upstream_missing	源端无键且窄表空，上游缺口可接受
131254-970	OSA	led	forward_voltage_v	icpdf	红外 LED		N	icpdf:prajson2.最大正向电压		https://www.digikey.cn/zh/products?keywords=131254-970			upstream_missing	源端无键且窄表空，上游缺口可接受
131254-970	OSA	led	luminous_intensity_mcd	icpdf	红外 LED		N	icpdf:prajson2.标称发光强度		https://www.digikey.cn/zh/products?keywords=131254-970			upstream_missing	源端无键且窄表空，上游缺口可接受
131254-970	OSA	led	peak_wavelength_nm	icpdf	红外 LED		N	icpdf:prajson2.峰值波长		https://www.digikey.cn/zh/products?keywords=131254-970			upstream_missing	源端无键且窄表空，上游缺口可接受
150234-1050	OSA	led	emission_color	icpdf	红外 LED		N	icpdf:prajson2.颜色		https://www.digikey.cn/zh/products?keywords=150234-1050			upstream_missing	源端无键且窄表空，上游缺口可接受
150234-1050	OSA	led	forward_voltage_v	icpdf	红外 LED		N	icpdf:prajson2.最大正向电压		https://www.digikey.cn/zh/products?keywords=150234-1050			upstream_missing	源端无键且窄表空，上游缺口可接受
150234-1050	OSA	led	luminous_intensity_mcd	icpdf	红外 LED		N	icpdf:prajson2.标称发光强度		https://www.digikey.cn/zh/products?keywords=150234-1050			upstream_missing	源端无键且窄表空，上游缺口可接受
150234-1050	OSA	led	peak_wavelength_nm	icpdf	红外 LED		N	icpdf:prajson2.峰值波长		https://www.digikey.cn/zh/products?keywords=150234-1050			upstream_missing	源端无键且窄表空，上游缺口可接受
150234-1060	OSA	led	emission_color	icpdf	红外 LED		N	icpdf:prajson2.颜色		https://www.digikey.cn/zh/products?keywords=150234-1060			upstream_missing	源端无键且窄表空，上游缺口可接受
150234-1060	OSA	led	forward_voltage_v	icpdf	红外 LED		N	icpdf:prajson2.最大正向电压		https://www.digikey.cn/zh/products?keywords=150234-1060			upstream_missing	源端无键且窄表空，上游缺口可接受
150234-1060	OSA	led	luminous_intensity_mcd	icpdf	红外 LED		N	icpdf:prajson2.标称发光强度		https://www.digikey.cn/zh/products?keywords=150234-1060			upstream_missing	源端无键且窄表空，上游缺口可接受
150234-1060	OSA	led	peak_wavelength_nm	icpdf	红外 LED		N	icpdf:prajson2.峰值波长		https://www.digikey.cn/zh/products?keywords=150234-1060			upstream_missing	源端无键且窄表空，上游缺口可接受
EOLD-1060-525	OSA	led	emission_color	icpdf	红外 LED		N	icpdf:prajson2.颜色		https://www.digikey.cn/zh/products?keywords=EOLD-1060-525			upstream_missing	源端无键且窄表空，上游缺口可接受
EOLD-1060-525	OSA	led	forward_voltage_v	icpdf	红外 LED		N	icpdf:prajson2.最大正向电压		https://www.digikey.cn/zh/products?keywords=EOLD-1060-525			upstream_missing	源端无键且窄表空，上游缺口可接受
EOLD-1060-525	OSA	led	luminous_intensity_mcd	icpdf	红外 LED		N	icpdf:prajson2.标称发光强度		https://www.digikey.cn/zh/products?keywords=EOLD-1060-525			upstream_missing	源端无键且窄表空，上游缺口可接受
EOLD-1060-525	OSA	led	peak_wavelength_nm	icpdf	红外 LED		N	icpdf:prajson2.峰值波长		https://www.digikey.cn/zh/products?keywords=EOLD-1060-525			upstream_missing	源端无键且窄表空，上游缺口可接受
EOLD-1300-525	OSA	led	emission_color	icpdf	红外 LED		N	icpdf:prajson2.颜色		https://www.digikey.cn/zh/products?keywords=EOLD-1300-525			upstream_missing	源端无键且窄表空，上游缺口可接受
EOLD-1300-525	OSA	led	forward_voltage_v	icpdf	红外 LED		N	icpdf:prajson2.最大正向电压		https://www.digikey.cn/zh/products?keywords=EOLD-1300-525			upstream_missing	源端无键且窄表空，上游缺口可接受
EOLD-1300-525	OSA	led	luminous_intensity_mcd	icpdf	红外 LED		N	icpdf:prajson2.标称发光强度		https://www.digikey.cn/zh/products?keywords=EOLD-1300-525			upstream_missing	源端无键且窄表空，上游缺口可接受
EOLD-1300-525	OSA	led	peak_wavelength_nm	icpdf	红外 LED		N	icpdf:prajson2.峰值波长		https://www.digikey.cn/zh/products?keywords=EOLD-1300-525			upstream_missing	源端无键且窄表空，上游缺口可接受
F0094U	OSRAM	led	emission_color	icpdf	红外 LED	的GaAs红外发光二极管（ 950纳米， 12密耳）的	N	icpdf:prajson2.颜色		https://www.digikey.cn/zh/products?keywords=F0094U			upstream_missing	源端无键且窄表空，上游缺口可接受
F0094U	OSRAM	led	forward_voltage_v	icpdf	红外 LED	的GaAs红外发光二极管（ 950纳米， 12密耳）的	N	icpdf:prajson2.最大正向电压		https://www.digikey.cn/zh/products?keywords=F0094U			upstream_missing	源端无键且窄表空，上游缺口可接受
F0094U	OSRAM	led	luminous_intensity_mcd	icpdf	红外 LED	的GaAs红外发光二极管（ 950纳米， 12密耳）的	N	icpdf:prajson2.标称发光强度		https://www.digikey.cn/zh/products?keywords=F0094U			upstream_missing	源端无键且窄表空，上游缺口可接受
F0094U	OSRAM	led	peak_wavelength_nm	icpdf	红外 LED	的GaAs红外发光二极管（ 950纳米， 12密耳）的	Y	icpdf:prajson2.峰值波长	950	https://www.digikey.cn/zh/products?keywords=F0094U			consistent	源端与窄表均有值
F0094V	OSRAM	led	emission_color	icpdf	红外 LED	的GaAs红外发光二极管（ 950纳米， 12密耳）的	N	icpdf:prajson2.颜色		https://www.digikey.cn/zh/products?keywords=F0094V			upstream_missing	源端无键且窄表空，上游缺口可接受
F0094V	OSRAM	led	forward_voltage_v	icpdf	红外 LED	的GaAs红外发光二极管（ 950纳米， 12密耳）的	N	icpdf:prajson2.最大正向电压		https://www.digikey.cn/zh/products?keywords=F0094V			upstream_missing	源端无键且窄表空，上游缺口可接受
F0094V	OSRAM	led	luminous_intensity_mcd	icpdf	红外 LED	的GaAs红外发光二极管（ 950纳米， 12密耳）的	N	icpdf:prajson2.标称发光强度		https://www.digikey.cn/zh/products?keywords=F0094V			upstream_missing	源端无键且窄表空，上游缺口可接受
F0094V	OSRAM	led	peak_wavelength_nm	icpdf	红外 LED	的GaAs红外发光二极管（ 950纳米， 12密耳）的	Y	icpdf:prajson2.峰值波长	950	https://www.digikey.cn/zh/products?keywords=F0094V			consistent	源端与窄表均有值
F2000D	OSRAM	led	emission_color	icpdf	可见光 LED	InGaAlP系，高亮度， Lumineszenzdiode （ 617nm ，大电流和磁场）的InGaAlP高亮度LED（ 617nm ，大电流和磁场）	Y	icpdf:prajson2.颜色	Red	https://www.digikey.cn/zh/products?keywords=F2000D			consistent	源端与窄表均有值
F2000D	OSRAM	led	forward_voltage_v	icpdf	可见光 LED	InGaAlP系，高亮度， Lumineszenzdiode （ 617nm ，大电流和磁场）的InGaAlP高亮度LED（ 617nm ，大电流和磁场）	N	icpdf:prajson2.最大正向电压		https://www.digikey.cn/zh/products?keywords=F2000D			upstream_missing	源端无键且窄表空，上游缺口可接受
F2000D	OSRAM	led	luminous_intensity_mcd	icpdf	可见光 LED	InGaAlP系，高亮度， Lumineszenzdiode （ 617nm ，大电流和磁场）的InGaAlP高亮度LED（ 617nm ，大电流和磁场）	N	icpdf:prajson2.标称发光强度		https://www.digikey.cn/zh/products?keywords=F2000D			upstream_missing	源端无键且窄表空，上游缺口可接受
F2000D	OSRAM	led	peak_wavelength_nm	icpdf	可见光 LED	InGaAlP系，高亮度， Lumineszenzdiode （ 617nm ，大电流和磁场）的InGaAlP高亮度LED（ 617nm ，大电流和磁场）	N	icpdf:prajson2.峰值波长		https://www.digikey.cn/zh/products?keywords=F2000D			upstream_missing	源端无键且窄表空，上游缺口可接受
GACSHPM1.23-KSKU-W3	OSRAM	led	emission_color	icpdf	可见光 LED		N	icpdf:prajson2.颜色		https://www.digikey.cn/zh/products?keywords=GACSHPM1.23-KSKU-W3			upstream_missing	源端无键且窄表空，上游缺口可接受
GACSHPM1.23-KSKU-W3	OSRAM	led	forward_voltage_v	icpdf	可见光 LED		N	icpdf:prajson2.最大正向电压		https://www.digikey.cn/zh/products?keywords=GACSHPM1.23-KSKU-W3			upstream_missing	源端无键且窄表空，上游缺口可接受
GACSHPM1.23-KSKU-W3	OSRAM	led	luminous_intensity_mcd	icpdf	可见光 LED		N	icpdf:prajson2.标称发光强度		https://www.digikey.cn/zh/products?keywords=GACSHPM1.23-KSKU-W3			upstream_missing	源端无键且窄表空，上游缺口可接受
GACSHPM1.23-KSKU-W3	OSRAM	led	peak_wavelength_nm	icpdf	可见光 LED		N	icpdf:prajson2.峰值波长		https://www.digikey.cn/zh/products?keywords=GACSHPM1.23-KSKU-W3			upstream_missing	源端无键且窄表空，上游缺口可接受
GDDASPA2.14-ROSK-24-LM	OSRAM	led	emission_color	icpdf	可见光 LED		N	icpdf:prajson2.颜色		https://www.digikey.cn/zh/products?keywords=GDDASPA2.14-ROSK-24-LM			upstream_missing	源端无键且窄表空，上游缺口可接受
GDDASPA2.14-ROSK-24-LM	OSRAM	led	forward_voltage_v	icpdf	可见光 LED		N	icpdf:prajson2.最大正向电压		https://www.digikey.cn/zh/products?keywords=GDDASPA2.14-ROSK-24-LM			upstream_missing	源端无键且窄表空，上游缺口可接受
GDDASPA2.14-ROSK-24-LM	OSRAM	led	luminous_intensity_mcd	icpdf	可见光 LED		N	icpdf:prajson2.标称发光强度		https://www.digikey.cn/zh/products?keywords=GDDASPA2.14-ROSK-24-LM			upstream_missing	源端无键且窄表空，上游缺口可接受
GDDASPA2.14-ROSK-24-LM	OSRAM	led	peak_wavelength_nm	icpdf	可见光 LED		N	icpdf:prajson2.峰值波长		https://www.digikey.cn/zh/products?keywords=GDDASPA2.14-ROSK-24-LM			upstream_missing	源端无键且窄表空，上游缺口可接受
PL0018-WCW24Z	P-TEC	led	emission_color	icpdf	可见光 LED	超亮白边查看SMD LED	N	icpdf:prajson2.颜色		https://www.digikey.cn/zh/products?keywords=PL0018-WCW24Z			upstream_missing	源端无键且窄表空，上游缺口可接受
PL0018-WCW24Z	P-TEC	led	forward_voltage_v	icpdf	可见光 LED	超亮白边查看SMD LED	N	icpdf:prajson2.最大正向电压		https://www.digikey.cn/zh/products?keywords=PL0018-WCW24Z			upstream_missing	源端无键且窄表空，上游缺口可接受
PL0018-WCW24Z	P-TEC	led	luminous_intensity_mcd	icpdf	可见光 LED	超亮白边查看SMD LED	N	icpdf:prajson2.标称发光强度		https://www.digikey.cn/zh/products?keywords=PL0018-WCW24Z			upstream_missing	源端无键且窄表空，上游缺口可接受
PL0018-WCW24Z	P-TEC	led	peak_wavelength_nm	icpdf	可见光 LED	超亮白边查看SMD LED	N	icpdf:prajson2.峰值波长		https://www.digikey.cn/zh/products?keywords=PL0018-WCW24Z			upstream_missing	源端无键且窄表空，上游缺口可接受
PL00182-WCRG2713	P-TEC	led	emission_color	icpdf	其他光电器件	双色SMD LED封装1210	N	icpdf:prajson2.颜色		https://www.digikey.cn/zh/products?keywords=PL00182-WCRG2713			upstream_missing	源端无键且窄表空，上游缺口可接受
PL00182-WCRG2713	P-TEC	led	forward_voltage_v	icpdf	其他光电器件	双色SMD LED封装1210	N	icpdf:prajson2.最大正向电压		https://www.digikey.cn/zh/products?keywords=PL00182-WCRG2713			upstream_missing	源端无键且窄表空，上游缺口可接受
PL00182-WCRG2713	P-TEC	led	luminous_intensity_mcd	icpdf	其他光电器件	双色SMD LED封装1210	N	icpdf:prajson2.标称发光强度		https://www.digikey.cn/zh/products?keywords=PL00182-WCRG2713			upstream_missing	源端无键且窄表空，上游缺口可接受
PL00182-WCRG2713	P-TEC	led	peak_wavelength_nm	icpdf	其他光电器件	双色SMD LED封装1210	N	icpdf:prajson2.峰值波长		https://www.digikey.cn/zh/products?keywords=PL00182-WCRG2713			upstream_missing	源端无键且窄表空，上游缺口可接受
PL00200-WCA04	P-TEC	led	emission_color	icpdf	可见光 LED	SMD LED封装1206	N	icpdf:prajson2.颜色		https://www.digikey.cn/zh/products?keywords=PL00200-WCA04			upstream_missing	源端无键且窄表空，上游缺口可接受
PL00200-WCA04	P-TEC	led	forward_voltage_v	icpdf	可见光 LED	SMD LED封装1206	N	icpdf:prajson2.最大正向电压		https://www.digikey.cn/zh/products?keywords=PL00200-WCA04			upstream_missing	源端无键且窄表空，上游缺口可接受
PL00200-WCA04	P-TEC	led	luminous_intensity_mcd	icpdf	可见光 LED	SMD LED封装1206	N	icpdf:prajson2.标称发光强度		https://www.digikey.cn/zh/products?keywords=PL00200-WCA04			upstream_missing	源端无键且窄表空，上游缺口可接受
PL00200-WCA04	P-TEC	led	peak_wavelength_nm	icpdf	可见光 LED	SMD LED封装1206	N	icpdf:prajson2.峰值波长		https://www.digikey.cn/zh/products?keywords=PL00200-WCA04			upstream_missing	源端无键且窄表空，上游缺口可接受
PL00200-WCB08	P-TEC	led	emission_color	icpdf	可见光 LED	SMD LED封装1206	N	icpdf:prajson2.颜色		https://www.digikey.cn/zh/products?keywords=PL00200-WCB08			upstream_missing	源端无键且窄表空，上游缺口可接受
PL00200-WCB08	P-TEC	led	forward_voltage_v	icpdf	可见光 LED	SMD LED封装1206	N	icpdf:prajson2.最大正向电压		https://www.digikey.cn/zh/products?keywords=PL00200-WCB08			upstream_missing	源端无键且窄表空，上游缺口可接受
PL00200-WCB08	P-TEC	led	luminous_intensity_mcd	icpdf	可见光 LED	SMD LED封装1206	N	icpdf:prajson2.标称发光强度		https://www.digikey.cn/zh/products?keywords=PL00200-WCB08			upstream_missing	源端无键且窄表空，上游缺口可接受
PL00200-WCB08	P-TEC	led	peak_wavelength_nm	icpdf	可见光 LED	SMD LED封装1206	N	icpdf:prajson2.峰值波长		https://www.digikey.cn/zh/products?keywords=PL00200-WCB08			upstream_missing	源端无键且窄表空，上游缺口可接受
PL00200-WCG05	P-TEC	led	emission_color	icpdf	可见光 LED	SMD LED封装1206	N	icpdf:prajson2.颜色		https://www.digikey.cn/zh/products?keywords=PL00200-WCG05			upstream_missing	源端无键且窄表空，上游缺口可接受
PL00200-WCG05	P-TEC	led	forward_voltage_v	icpdf	可见光 LED	SMD LED封装1206	N	icpdf:prajson2.最大正向电压		https://www.digikey.cn/zh/products?keywords=PL00200-WCG05			upstream_missing	源端无键且窄表空，上游缺口可接受
PL00200-WCG05	P-TEC	led	luminous_intensity_mcd	icpdf	可见光 LED	SMD LED封装1206	N	icpdf:prajson2.标称发光强度		https://www.digikey.cn/zh/products?keywords=PL00200-WCG05			upstream_missing	源端无键且窄表空，上游缺口可接受
PL00200-WCG05	P-TEC	led	peak_wavelength_nm	icpdf	可见光 LED	SMD LED封装1206	N	icpdf:prajson2.峰值波长		https://www.digikey.cn/zh/products?keywords=PL00200-WCG05			upstream_missing	源端无键且窄表空，上游缺口可接受
LN01201C(Q)-(L)	PANASONIC	led	emission_color	icpdf	可见光 LED		Y	icpdf:prajson2.颜色	Red	https://www.digikey.cn/zh/products?keywords=LN01201C(Q)-(L)			consistent	源端与窄表均有值
LN01201C(Q)-(L)	PANASONIC	led	forward_voltage_v	icpdf	可见光 LED		Y	icpdf:prajson2.最大正向电压	2.8	https://www.digikey.cn/zh/products?keywords=LN01201C(Q)-(L)			consistent	源端与窄表均有值
LN01201C(Q)-(L)	PANASONIC	led	luminous_intensity_mcd	icpdf	可见光 LED		Y	icpdf:prajson2.标称发光强度	1.5	https://www.digikey.cn/zh/products?keywords=LN01201C(Q)-(L)			consistent	源端与窄表均有值
LN01201C(Q)-(L)	PANASONIC	led	peak_wavelength_nm	icpdf	可见光 LED		Y	icpdf:prajson2.峰值波长	700	https://www.digikey.cn/zh/products?keywords=LN01201C(Q)-(L)			consistent	源端与窄表均有值
LN01201CQ	PANASONIC	led	emission_color	icpdf	可见光 LED		Y	icpdf:prajson2.颜色	Red	https://www.digikey.cn/zh/products?keywords=LN01201CQ			consistent	源端与窄表均有值
LN01201CQ	PANASONIC	led	forward_voltage_v	icpdf	可见光 LED		Y	icpdf:prajson2.最大正向电压	2.8	https://www.digikey.cn/zh/products?keywords=LN01201CQ			consistent	源端与窄表均有值
LN01201CQ	PANASONIC	led	luminous_intensity_mcd	icpdf	可见光 LED		Y	icpdf:prajson2.标称发光强度	1.5	https://www.digikey.cn/zh/products?keywords=LN01201CQ			consistent	源端与窄表均有值
LN01201CQ	PANASONIC	led	peak_wavelength_nm	icpdf	可见光 LED		Y	icpdf:prajson2.峰值波长	700	https://www.digikey.cn/zh/products?keywords=LN01201CQ			consistent	源端与窄表均有值
LN01301C(Q)-(L)	PANASONIC	led	emission_color	icpdf	可见光 LED		Y	icpdf:prajson2.颜色	Green	https://www.digikey.cn/zh/products?keywords=LN01301C(Q)-(L)			consistent	源端与窄表均有值
LN01301C(Q)-(L)	PANASONIC	led	forward_voltage_v	icpdf	可见光 LED		Y	icpdf:prajson2.最大正向电压	2.8	https://www.digikey.cn/zh/products?keywords=LN01301C(Q)-(L)			consistent	源端与窄表均有值
LN01301C(Q)-(L)	PANASONIC	led	luminous_intensity_mcd	icpdf	可见光 LED		Y	icpdf:prajson2.标称发光强度	10	https://www.digikey.cn/zh/products?keywords=LN01301C(Q)-(L)			consistent	源端与窄表均有值
LN01301C(Q)-(L)	PANASONIC	led	peak_wavelength_nm	icpdf	可见光 LED		Y	icpdf:prajson2.峰值波长	565	https://www.digikey.cn/zh/products?keywords=LN01301C(Q)-(L)			consistent	源端与窄表均有值
LN01303C-(L)	PANASONIC	led	emission_color	icpdf	可见光 LED		Y	icpdf:prajson2.颜色	Green	https://www.digikey.cn/zh/products?keywords=LN01303C-(L)			consistent	源端与窄表均有值
LN01303C-(L)	PANASONIC	led	forward_voltage_v	icpdf	可见光 LED		N	icpdf:prajson2.最大正向电压		https://www.digikey.cn/zh/products?keywords=LN01303C-(L)			upstream_missing	源端无键且窄表空，上游缺口可接受
LN01303C-(L)	PANASONIC	led	luminous_intensity_mcd	icpdf	可见光 LED		N	icpdf:prajson2.标称发光强度		https://www.digikey.cn/zh/products?keywords=LN01303C-(L)			upstream_missing	源端无键且窄表空，上游缺口可接受
LN01303C-(L)	PANASONIC	led	peak_wavelength_nm	icpdf	可见光 LED		N	icpdf:prajson2.峰值波长		https://www.digikey.cn/zh/products?keywords=LN01303C-(L)			upstream_missing	源端无键且窄表空，上游缺口可接受
LN01401C(Q)-(L)	PANASONIC	led	emission_color	icpdf	可见光 LED		Y	icpdf:prajson2.颜色	Orange	https://www.digikey.cn/zh/products?keywords=LN01401C(Q)-(L)			consistent	源端与窄表均有值
LN01401C(Q)-(L)	PANASONIC	led	forward_voltage_v	icpdf	可见光 LED		Y	icpdf:prajson2.最大正向电压	2.8	https://www.digikey.cn/zh/products?keywords=LN01401C(Q)-(L)			consistent	源端与窄表均有值
LN01401C(Q)-(L)	PANASONIC	led	luminous_intensity_mcd	icpdf	可见光 LED		Y	icpdf:prajson2.标称发光强度	5	https://www.digikey.cn/zh/products?keywords=LN01401C(Q)-(L)			consistent	源端与窄表均有值
LN01401C(Q)-(L)	PANASONIC	led	peak_wavelength_nm	icpdf	可见光 LED		Y	icpdf:prajson2.峰值波长	590	https://www.digikey.cn/zh/products?keywords=LN01401C(Q)-(L)			consistent	源端与窄表均有值
A-1804E	PARALIGHT	led	emission_color	icpdf	可见光 LED		N	icpdf:prajson2.颜色		https://www.digikey.cn/zh/products?keywords=A-1804E			upstream_missing	源端无键且窄表空，上游缺口可接受
A-1804E	PARALIGHT	led	forward_voltage_v	icpdf	可见光 LED		N	icpdf:prajson2.最大正向电压		https://www.digikey.cn/zh/products?keywords=A-1804E			upstream_missing	源端无键且窄表空，上游缺口可接受
A-1804E	PARALIGHT	led	luminous_intensity_mcd	icpdf	可见光 LED		N	icpdf:prajson2.标称发光强度		https://www.digikey.cn/zh/products?keywords=A-1804E			upstream_missing	源端无键且窄表空，上游缺口可接受
A-1804E	PARALIGHT	led	peak_wavelength_nm	icpdf	可见光 LED		N	icpdf:prajson2.峰值波长		https://www.digikey.cn/zh/products?keywords=A-1804E			upstream_missing	源端无键且窄表空，上游缺口可接受
A-1804G	PARALIGHT	led	emission_color	icpdf	可见光 LED		N	icpdf:prajson2.颜色		https://www.digikey.cn/zh/products?keywords=A-1804G			upstream_missing	源端无键且窄表空，上游缺口可接受
A-1804G	PARALIGHT	led	forward_voltage_v	icpdf	可见光 LED		N	icpdf:prajson2.最大正向电压		https://www.digikey.cn/zh/products?keywords=A-1804G			upstream_missing	源端无键且窄表空，上游缺口可接受
A-1804G	PARALIGHT	led	luminous_intensity_mcd	icpdf	可见光 LED		N	icpdf:prajson2.标称发光强度		https://www.digikey.cn/zh/products?keywords=A-1804G			upstream_missing	源端无键且窄表空，上游缺口可接受
A-1804G	PARALIGHT	led	peak_wavelength_nm	icpdf	可见光 LED		N	icpdf:prajson2.峰值波长		https://www.digikey.cn/zh/products?keywords=A-1804G			upstream_missing	源端无键且窄表空，上游缺口可接受
A-1804SR	PARALIGHT	led	emission_color	icpdf	可见光 LED		N	icpdf:prajson2.颜色		https://www.digikey.cn/zh/products?keywords=A-1804SR			upstream_missing	源端无键且窄表空，上游缺口可接受
A-1804SR	PARALIGHT	led	forward_voltage_v	icpdf	可见光 LED		N	icpdf:prajson2.最大正向电压		https://www.digikey.cn/zh/products?keywords=A-1804SR			upstream_missing	源端无键且窄表空，上游缺口可接受
A-1804SR	PARALIGHT	led	luminous_intensity_mcd	icpdf	可见光 LED		N	icpdf:prajson2.标称发光强度		https://www.digikey.cn/zh/products?keywords=A-1804SR			upstream_missing	源端无键且窄表空，上游缺口可接受
A-1804SR	PARALIGHT	led	peak_wavelength_nm	icpdf	可见光 LED		N	icpdf:prajson2.峰值波长		https://www.digikey.cn/zh/products?keywords=A-1804SR			upstream_missing	源端无键且窄表空，上游缺口可接受
A-1804Y	PARALIGHT	led	emission_color	icpdf	可见光 LED		N	icpdf:prajson2.颜色		https://www.digikey.cn/zh/products?keywords=A-1804Y			upstream_missing	源端无键且窄表空，上游缺口可接受
A-1804Y	PARALIGHT	led	forward_voltage_v	icpdf	可见光 LED		N	icpdf:prajson2.最大正向电压		https://www.digikey.cn/zh/products?keywords=A-1804Y			upstream_missing	源端无键且窄表空，上游缺口可接受
A-1804Y	PARALIGHT	led	luminous_intensity_mcd	icpdf	可见光 LED		N	icpdf:prajson2.标称发光强度		https://www.digikey.cn/zh/products?keywords=A-1804Y			upstream_missing	源端无键且窄表空，上游缺口可接受
A-1804Y	PARALIGHT	led	peak_wavelength_nm	icpdf	可见光 LED		N	icpdf:prajson2.峰值波长		https://www.digikey.cn/zh/products?keywords=A-1804Y			upstream_missing	源端无键且窄表空，上游缺口可接受
A-2304E	PARALIGHT	led	emission_color	icpdf	可见光 LED		N	icpdf:prajson2.颜色		https://www.digikey.cn/zh/products?keywords=A-2304E			upstream_missing	源端无键且窄表空，上游缺口可接受
A-2304E	PARALIGHT	led	forward_voltage_v	icpdf	可见光 LED		N	icpdf:prajson2.最大正向电压		https://www.digikey.cn/zh/products?keywords=A-2304E			upstream_missing	源端无键且窄表空，上游缺口可接受
A-2304E	PARALIGHT	led	luminous_intensity_mcd	icpdf	可见光 LED		N	icpdf:prajson2.标称发光强度		https://www.digikey.cn/zh/products?keywords=A-2304E			upstream_missing	源端无键且窄表空，上游缺口可接受
A-2304E	PARALIGHT	led	peak_wavelength_nm	icpdf	可见光 LED		N	icpdf:prajson2.峰值波长		https://www.digikey.cn/zh/products?keywords=A-2304E			upstream_missing	源端无键且窄表空，上游缺口可接受
C1943P	PERKINELMER	led	emission_color	icpdf	可见光 LED	通道光电倍增管	N	icpdf:prajson2.颜色		https://www.digikey.cn/zh/products?keywords=C1943P			upstream_missing	源端无键且窄表空，上游缺口可接受
C1943P	PERKINELMER	led	forward_voltage_v	icpdf	可见光 LED	通道光电倍增管	N	icpdf:prajson2.最大正向电压		https://www.digikey.cn/zh/products?keywords=C1943P			upstream_missing	源端无键且窄表空，上游缺口可接受
C1943P	PERKINELMER	led	luminous_intensity_mcd	icpdf	可见光 LED	通道光电倍增管	N	icpdf:prajson2.标称发光强度		https://www.digikey.cn/zh/products?keywords=C1943P			upstream_missing	源端无键且窄表空，上游缺口可接受
C1943P	PERKINELMER	led	peak_wavelength_nm	icpdf	可见光 LED	通道光电倍增管	N	icpdf:prajson2.峰值波长		https://www.digikey.cn/zh/products?keywords=C1943P			upstream_missing	源端无键且窄表空，上游缺口可接受
VTE1281W-1	PERKINELMER	led	emission_color	icpdf	红外 LED	GaAlAs的红外发光二极管	N	icpdf:prajson2.颜色		https://www.digikey.cn/zh/products?keywords=VTE1281W-1			upstream_missing	源端无键且窄表空，上游缺口可接受
VTE1281W-1	PERKINELMER	led	forward_voltage_v	icpdf	红外 LED	GaAlAs的红外发光二极管	N	icpdf:prajson2.最大正向电压		https://www.digikey.cn/zh/products?keywords=VTE1281W-1			upstream_missing	源端无键且窄表空，上游缺口可接受
VTE1281W-1	PERKINELMER	led	luminous_intensity_mcd	icpdf	红外 LED	GaAlAs的红外发光二极管	N	icpdf:prajson2.标称发光强度		https://www.digikey.cn/zh/products?keywords=VTE1281W-1			upstream_missing	源端无键且窄表空，上游缺口可接受
VTE1281W-1	PERKINELMER	led	peak_wavelength_nm	icpdf	红外 LED	GaAlAs的红外发光二极管	N	icpdf:prajson2.峰值波长		https://www.digikey.cn/zh/products?keywords=VTE1281W-1			upstream_missing	源端无键且窄表空，上游缺口可接受
ECG3116	PHILIPS	led	emission_color	icpdf	可见光 LED		Y	icpdf:prajson2.颜色@波长	Green	https://www.digikey.cn/zh/products?keywords=ECG3116			consistent	源端与窄表均有值
ECG3116	PHILIPS	led	forward_voltage_v	icpdf	可见光 LED		Y	icpdf:prajson2.最大正向电压	3	https://www.digikey.cn/zh/products?keywords=ECG3116			consistent	源端与窄表均有值
ECG3116	PHILIPS	led	luminous_intensity_mcd	icpdf	可见光 LED		N	icpdf:prajson2.标称发光强度		https://www.digikey.cn/zh/products?keywords=ECG3116			upstream_missing	源端无键且窄表空，上游缺口可接受
ECG3116	PHILIPS	led	peak_wavelength_nm	icpdf	可见光 LED		N	icpdf:prajson2.峰值波长		https://www.digikey.cn/zh/products?keywords=ECG3116			upstream_missing	源端无键且窄表空，上游缺口可接受
AND-2307GAL	PURDY	led	emission_color	icpdf	其他光电器件		Y	icpdf:prajson2.颜色@波长	Red	https://www.digikey.cn/zh/products?keywords=AND-2307GAL			consistent	源端与窄表均有值
AND-2307GAL	PURDY	led	forward_voltage_v	icpdf	其他光电器件		N	icpdf:prajson2.最大正向电压		https://www.digikey.cn/zh/products?keywords=AND-2307GAL			upstream_missing	源端无键且窄表空，上游缺口可接受
AND-2307GAL	PURDY	led	luminous_intensity_mcd	icpdf	其他光电器件		N	icpdf:prajson2.标称发光强度		https://www.digikey.cn/zh/products?keywords=AND-2307GAL			upstream_missing	源端无键且窄表空，上游缺口可接受
AND-2307GAL	PURDY	led	peak_wavelength_nm	icpdf	其他光电器件		Y	icpdf:prajson2.峰值波长	635	https://www.digikey.cn/zh/products?keywords=AND-2307GAL			consistent	源端与窄表均有值
AND-2307SAL	PURDY	led	emission_color	icpdf	其他光电器件		Y	icpdf:prajson2.颜色@波长	Red	https://www.digikey.cn/zh/products?keywords=AND-2307SAL			consistent	源端与窄表均有值
AND-2307SAL	PURDY	led	forward_voltage_v	icpdf	其他光电器件		N	icpdf:prajson2.最大正向电压		https://www.digikey.cn/zh/products?keywords=AND-2307SAL			upstream_missing	源端无键且窄表空，上游缺口可接受
AND-2307SAL	PURDY	led	luminous_intensity_mcd	icpdf	其他光电器件		N	icpdf:prajson2.标称发光强度		https://www.digikey.cn/zh/products?keywords=AND-2307SAL			upstream_missing	源端无键且窄表空，上游缺口可接受
AND-2307SAL	PURDY	led	peak_wavelength_nm	icpdf	其他光电器件		Y	icpdf:prajson2.峰值波长	635	https://www.digikey.cn/zh/products?keywords=AND-2307SAL			consistent	源端与窄表均有值
AND-2307SCL	PURDY	led	emission_color	icpdf	其他光电器件		Y	icpdf:prajson2.颜色@波长	Red	https://www.digikey.cn/zh/products?keywords=AND-2307SCL			consistent	源端与窄表均有值
AND-2307SCL	PURDY	led	forward_voltage_v	icpdf	其他光电器件		N	icpdf:prajson2.最大正向电压		https://www.digikey.cn/zh/products?keywords=AND-2307SCL			upstream_missing	源端无键且窄表空，上游缺口可接受
AND-2307SCL	PURDY	led	luminous_intensity_mcd	icpdf	其他光电器件		N	icpdf:prajson2.标称发光强度		https://www.digikey.cn/zh/products?keywords=AND-2307SCL			upstream_missing	源端无键且窄表空，上游缺口可接受
AND-2307SCL	PURDY	led	peak_wavelength_nm	icpdf	其他光电器件		Y	icpdf:prajson2.峰值波长	635	https://www.digikey.cn/zh/products?keywords=AND-2307SCL			consistent	源端与窄表均有值
AND-4310GAL	PURDY	led	emission_color	icpdf	其他光电器件		Y	icpdf:prajson2.颜色@波长	Green	https://www.digikey.cn/zh/products?keywords=AND-4310GAL			consistent	源端与窄表均有值
AND-4310GAL	PURDY	led	forward_voltage_v	icpdf	其他光电器件		Y	icpdf:prajson2.最大正向电压	2.5	https://www.digikey.cn/zh/products?keywords=AND-4310GAL			consistent	源端与窄表均有值
AND-4310GAL	PURDY	led	luminous_intensity_mcd	icpdf	其他光电器件		N	icpdf:prajson2.标称发光强度		https://www.digikey.cn/zh/products?keywords=AND-4310GAL			upstream_missing	源端无键且窄表空，上游缺口可接受
AND-4310GAL	PURDY	led	peak_wavelength_nm	icpdf	其他光电器件		Y	icpdf:prajson2.峰值波长	555	https://www.digikey.cn/zh/products?keywords=AND-4310GAL			consistent	源端与窄表均有值
AND-4310GCL	PURDY	led	emission_color	icpdf	其他光电器件		Y	icpdf:prajson2.颜色@波长	Green	https://www.digikey.cn/zh/products?keywords=AND-4310GCL			consistent	源端与窄表均有值
AND-4310GCL	PURDY	led	forward_voltage_v	icpdf	其他光电器件		Y	icpdf:prajson2.最大正向电压	2.5	https://www.digikey.cn/zh/products?keywords=AND-4310GCL			consistent	源端与窄表均有值
AND-4310GCL	PURDY	led	luminous_intensity_mcd	icpdf	其他光电器件		N	icpdf:prajson2.标称发光强度		https://www.digikey.cn/zh/products?keywords=AND-4310GCL			upstream_missing	源端无键且窄表空，上游缺口可接受
AND-4310GCL	PURDY	led	peak_wavelength_nm	icpdf	其他光电器件		Y	icpdf:prajson2.峰值波长	555	https://www.digikey.cn/zh/products?keywords=AND-4310GCL			consistent	源端与窄表均有值
1N6264	QT	led	emission_color	icpdf	红外 LED	砷化镓红外发光二极管	N	icpdf:prajson2.颜色		https://www.digikey.cn/zh/products?keywords=1N6264			upstream_missing	源端无键且窄表空，上游缺口可接受
1N6264	QT	led	forward_voltage_v	icpdf	红外 LED	砷化镓红外发光二极管	Y	icpdf:prajson2.最大正向电压	1.7	https://www.digikey.cn/zh/products?keywords=1N6264			consistent	源端与窄表均有值
1N6264	QT	led	luminous_intensity_mcd	icpdf	红外 LED	砷化镓红外发光二极管	N	icpdf:prajson2.标称发光强度		https://www.digikey.cn/zh/products?keywords=1N6264			upstream_missing	源端无键且窄表空，上游缺口可接受
1N6264	QT	led	peak_wavelength_nm	icpdf	红外 LED	砷化镓红外发光二极管	Y	icpdf:prajson2.峰值波长	940	https://www.digikey.cn/zh/products?keywords=1N6264			consistent	源端与窄表均有值
1N6265	QT	led	emission_color	icpdf	红外 LED	砷化镓红外发光二极管	N	icpdf:prajson2.颜色		https://www.digikey.cn/zh/products?keywords=1N6265			upstream_missing	源端无键且窄表空，上游缺口可接受
1N6265	QT	led	forward_voltage_v	icpdf	红外 LED	砷化镓红外发光二极管	Y	icpdf:prajson2.最大正向电压	1.7	https://www.digikey.cn/zh/products?keywords=1N6265			consistent	源端与窄表均有值
1N6265	QT	led	luminous_intensity_mcd	icpdf	红外 LED	砷化镓红外发光二极管	N	icpdf:prajson2.标称发光强度		https://www.digikey.cn/zh/products?keywords=1N6265			upstream_missing	源端无键且窄表空，上游缺口可接受
1N6265	QT	led	peak_wavelength_nm	icpdf	红外 LED	砷化镓红外发光二极管	Y	icpdf:prajson2.峰值波长	940	https://www.digikey.cn/zh/products?keywords=1N6265			consistent	源端与窄表均有值
1N6266	QT	led	emission_color	icpdf	红外 LED	砷化镓红外发光二极管	N	icpdf:prajson2.颜色		https://www.digikey.cn/zh/products?keywords=1N6266			upstream_missing	源端无键且窄表空，上游缺口可接受
1N6266	QT	led	forward_voltage_v	icpdf	红外 LED	砷化镓红外发光二极管	Y	icpdf:prajson2.最大正向电压	1.7	https://www.digikey.cn/zh/products?keywords=1N6266			consistent	源端与窄表均有值
1N6266	QT	led	luminous_intensity_mcd	icpdf	红外 LED	砷化镓红外发光二极管	N	icpdf:prajson2.标称发光强度		https://www.digikey.cn/zh/products?keywords=1N6266			upstream_missing	源端无键且窄表空，上游缺口可接受
1N6266	QT	led	peak_wavelength_nm	icpdf	红外 LED	砷化镓红外发光二极管	Y	icpdf:prajson2.峰值波长	940	https://www.digikey.cn/zh/products?keywords=1N6266			consistent	源端与窄表均有值
CQX14	QT	led	emission_color	icpdf	红外 LED	砷化镓红外发光二极管	N	icpdf:prajson2.颜色		https://www.digikey.cn/zh/products?keywords=CQX14			upstream_missing	源端无键且窄表空，上游缺口可接受
CQX14	QT	led	forward_voltage_v	icpdf	红外 LED	砷化镓红外发光二极管	Y	icpdf:prajson2.最大正向电压	1.7	https://www.digikey.cn/zh/products?keywords=CQX14			consistent	源端与窄表均有值
CQX14	QT	led	luminous_intensity_mcd	icpdf	红外 LED	砷化镓红外发光二极管	N	icpdf:prajson2.标称发光强度		https://www.digikey.cn/zh/products?keywords=CQX14			upstream_missing	源端无键且窄表空，上游缺口可接受
CQX14	QT	led	peak_wavelength_nm	icpdf	红外 LED	砷化镓红外发光二极管	Y	icpdf:prajson2.峰值波长	940	https://www.digikey.cn/zh/products?keywords=CQX14			consistent	源端与窄表均有值
CQX15	QT	led	emission_color	icpdf	红外 LED	砷化镓红外发光二极管	N	icpdf:prajson2.颜色		https://www.digikey.cn/zh/products?keywords=CQX15			upstream_missing	源端无键且窄表空，上游缺口可接受
CQX15	QT	led	forward_voltage_v	icpdf	红外 LED	砷化镓红外发光二极管	Y	icpdf:prajson2.最大正向电压	1.7	https://www.digikey.cn/zh/products?keywords=CQX15			consistent	源端与窄表均有值
CQX15	QT	led	luminous_intensity_mcd	icpdf	红外 LED	砷化镓红外发光二极管	N	icpdf:prajson2.标称发光强度		https://www.digikey.cn/zh/products?keywords=CQX15			upstream_missing	源端无键且窄表空，上游缺口可接受
CQX15	QT	led	peak_wavelength_nm	icpdf	红外 LED	砷化镓红外发光二极管	Y	icpdf:prajson2.峰值波长	940	https://www.digikey.cn/zh/products?keywords=CQX15			consistent	源端与窄表均有值
HLP40RGD	RENESAS	led	emission_color	icpdf	红外 LED		N	icpdf:prajson2.颜色		https://www.digikey.cn/zh/products?keywords=HLP40RGD			upstream_missing	源端无键且窄表空，上游缺口可接受
HLP40RGD	RENESAS	led	forward_voltage_v	icpdf	红外 LED		N	icpdf:prajson2.最大正向电压		https://www.digikey.cn/zh/products?keywords=HLP40RGD			upstream_missing	源端无键且窄表空，上游缺口可接受
HLP40RGD	RENESAS	led	luminous_intensity_mcd	icpdf	红外 LED		N	icpdf:prajson2.标称发光强度		https://www.digikey.cn/zh/products?keywords=HLP40RGD			upstream_missing	源端无键且窄表空，上游缺口可接受
HLP40RGD	RENESAS	led	peak_wavelength_nm	icpdf	红外 LED		Y	icpdf:prajson2.峰值波长	880	https://www.digikey.cn/zh/products?keywords=HLP40RGD			consistent	源端与窄表均有值
OD8365DA	RENESAS	led	emission_color	icpdf	红外 LED		N	icpdf:prajson2.颜色		https://www.digikey.cn/zh/products?keywords=OD8365DA			upstream_missing	源端无键且窄表空，上游缺口可接受
OD8365DA	RENESAS	led	forward_voltage_v	icpdf	红外 LED		N	icpdf:prajson2.最大正向电压		https://www.digikey.cn/zh/products?keywords=OD8365DA			upstream_missing	源端无键且窄表空，上游缺口可接受
OD8365DA	RENESAS	led	luminous_intensity_mcd	icpdf	红外 LED		N	icpdf:prajson2.标称发光强度		https://www.digikey.cn/zh/products?keywords=OD8365DA			upstream_missing	源端无键且窄表空，上游缺口可接受
OD8365DA	RENESAS	led	peak_wavelength_nm	icpdf	红外 LED		Y	icpdf:prajson2.峰值波长	850	https://www.digikey.cn/zh/products?keywords=OD8365DA			consistent	源端与窄表均有值
CSL0201DT1	ROHM	led	emission_color	icpdf	可见光 LED		Y	icpdf:prajson2.颜色	Orange	https://www.digikey.cn/zh/products?keywords=CSL0201DT1			consistent	源端与窄表均有值
CSL0201DT1	ROHM	led	forward_voltage_v	icpdf	可见光 LED		N	icpdf:prajson2.最大正向电压		https://www.digikey.cn/zh/products?keywords=CSL0201DT1			upstream_missing	源端无键且窄表空，上游缺口可接受
CSL0201DT1	ROHM	led	luminous_intensity_mcd	icpdf	可见光 LED		Y	icpdf:prajson2.标称发光强度	13000	https://www.digikey.cn/zh/products?keywords=CSL0201DT1			consistent	源端与窄表均有值
CSL0201DT1	ROHM	led	peak_wavelength_nm	icpdf	可见光 LED		N	icpdf:prajson2.峰值波长		https://www.digikey.cn/zh/products?keywords=CSL0201DT1			upstream_missing	源端无键且窄表空，上游缺口可接受
CSL0406WBCW1	ROHM	led	emission_color	icpdf			N	icpdf:prajson2.颜色		https://www.digikey.cn/zh/products?keywords=CSL0406WBCW1			upstream_missing	源端无键且窄表空，上游缺口可接受
CSL0406WBCW1	ROHM	led	forward_voltage_v	icpdf			N	icpdf:prajson2.最大正向电压		https://www.digikey.cn/zh/products?keywords=CSL0406WBCW1			upstream_missing	源端无键且窄表空，上游缺口可接受
CSL0406WBCW1	ROHM	led	luminous_intensity_mcd	icpdf			N	icpdf:prajson2.标称发光强度		https://www.digikey.cn/zh/products?keywords=CSL0406WBCW1			upstream_missing	源端无键且窄表空，上游缺口可接受
CSL0406WBCW1	ROHM	led	peak_wavelength_nm	icpdf			N	icpdf:prajson2.峰值波长		https://www.digikey.cn/zh/products?keywords=CSL0406WBCW1			upstream_missing	源端无键且窄表空，上游缺口可接受
CSL0701DT5	ROHM	led	emission_color	icpdf	可见光 LED		N	icpdf:prajson2.颜色		https://www.digikey.cn/zh/products?keywords=CSL0701DT5			upstream_missing	源端无键且窄表空，上游缺口可接受
CSL0701DT5	ROHM	led	forward_voltage_v	icpdf	可见光 LED		N	icpdf:prajson2.最大正向电压		https://www.digikey.cn/zh/products?keywords=CSL0701DT5			upstream_missing	源端无键且窄表空，上游缺口可接受
CSL0701DT5	ROHM	led	luminous_intensity_mcd	icpdf	可见光 LED		N	icpdf:prajson2.标称发光强度		https://www.digikey.cn/zh/products?keywords=CSL0701DT5			upstream_missing	源端无键且窄表空，上游缺口可接受
CSL0701DT5	ROHM	led	peak_wavelength_nm	icpdf	可见光 LED		N	icpdf:prajson2.峰值波长		https://www.digikey.cn/zh/products?keywords=CSL0701DT5			upstream_missing	源端无键且窄表空，上游缺口可接受
CSL0701UT5	ROHM	led	emission_color	icpdf	可见光 LED		N	icpdf:prajson2.颜色		https://www.digikey.cn/zh/products?keywords=CSL0701UT5			upstream_missing	源端无键且窄表空，上游缺口可接受
CSL0701UT5	ROHM	led	forward_voltage_v	icpdf	可见光 LED		N	icpdf:prajson2.最大正向电压		https://www.digikey.cn/zh/products?keywords=CSL0701UT5			upstream_missing	源端无键且窄表空，上游缺口可接受
CSL0701UT5	ROHM	led	luminous_intensity_mcd	icpdf	可见光 LED		N	icpdf:prajson2.标称发光强度		https://www.digikey.cn/zh/products?keywords=CSL0701UT5			upstream_missing	源端无键且窄表空，上游缺口可接受
CSL0701UT5	ROHM	led	peak_wavelength_nm	icpdf	可见光 LED		N	icpdf:prajson2.峰值波长		https://www.digikey.cn/zh/products?keywords=CSL0701UT5			upstream_missing	源端无键且窄表空，上游缺口可接受
CSL0901DT	ROHM	led	emission_color	icpdf	可见光 LED		Y	icpdf:prajson2.颜色	Orange	https://www.digikey.cn/zh/products?keywords=CSL0901DT			consistent	源端与窄表均有值
CSL0901DT	ROHM	led	forward_voltage_v	icpdf	可见光 LED		N	icpdf:prajson2.最大正向电压		https://www.digikey.cn/zh/products?keywords=CSL0901DT			upstream_missing	源端无键且窄表空，上游缺口可接受
CSL0901DT	ROHM	led	luminous_intensity_mcd	icpdf	可见光 LED		Y	icpdf:prajson2.标称发光强度	405	https://www.digikey.cn/zh/products?keywords=CSL0901DT			consistent	源端与窄表均有值
CSL0901DT	ROHM	led	peak_wavelength_nm	icpdf	可见光 LED		N	icpdf:prajson2.峰值波长		https://www.digikey.cn/zh/products?keywords=CSL0901DT			upstream_missing	源端无键且窄表空，上游缺口可接受
23-21UBGC/TR8	ROITHNER	led	emission_color	icpdf	可见光 LED	反向套餐LED芯片	N	icpdf:prajson2.颜色		https://www.digikey.cn/zh/products?keywords=23-21UBGC/TR8			upstream_missing	源端无键且窄表空，上游缺口可接受
23-21UBGC/TR8	ROITHNER	led	forward_voltage_v	icpdf	可见光 LED	反向套餐LED芯片	N	icpdf:prajson2.最大正向电压		https://www.digikey.cn/zh/products?keywords=23-21UBGC/TR8			upstream_missing	源端无键且窄表空，上游缺口可接受
23-21UBGC/TR8	ROITHNER	led	luminous_intensity_mcd	icpdf	可见光 LED	反向套餐LED芯片	N	icpdf:prajson2.标称发光强度		https://www.digikey.cn/zh/products?keywords=23-21UBGC/TR8			upstream_missing	源端无键且窄表空，上游缺口可接受
23-21UBGC/TR8	ROITHNER	led	peak_wavelength_nm	icpdf	可见光 LED	反向套餐LED芯片	N	icpdf:prajson2.峰值波长		https://www.digikey.cn/zh/products?keywords=23-21UBGC/TR8			upstream_missing	源端无键且窄表空，上游缺口可接受
333-2UBC/C430	ROITHNER	led	emission_color	icpdf	可见光 LED	T-1 3/4 （5毫米）高亮度LED	N	icpdf:prajson2.颜色		https://www.digikey.cn/zh/products?keywords=333-2UBC/C430			upstream_missing	源端无键且窄表空，上游缺口可接受
333-2UBC/C430	ROITHNER	led	forward_voltage_v	icpdf	可见光 LED	T-1 3/4 （5毫米）高亮度LED	N	icpdf:prajson2.最大正向电压		https://www.digikey.cn/zh/products?keywords=333-2UBC/C430			upstream_missing	源端无键且窄表空，上游缺口可接受
333-2UBC/C430	ROITHNER	led	luminous_intensity_mcd	icpdf	可见光 LED	T-1 3/4 （5毫米）高亮度LED	N	icpdf:prajson2.标称发光强度		https://www.digikey.cn/zh/products?keywords=333-2UBC/C430			upstream_missing	源端无键且窄表空，上游缺口可接受
333-2UBC/C430	ROITHNER	led	peak_wavelength_nm	icpdf	可见光 LED	T-1 3/4 （5毫米）高亮度LED	N	icpdf:prajson2.峰值波长		https://www.digikey.cn/zh/products?keywords=333-2UBC/C430			upstream_missing	源端无键且窄表空，上游缺口可接受
35L3-HB-60	ROITHNER	led	emission_color	icpdf	可见光 LED	大功率LED	N	icpdf:prajson2.颜色		https://www.digikey.cn/zh/products?keywords=35L3-HB-60			upstream_missing	源端无键且窄表空，上游缺口可接受
35L3-HB-60	ROITHNER	led	forward_voltage_v	icpdf	可见光 LED	大功率LED	N	icpdf:prajson2.最大正向电压		https://www.digikey.cn/zh/products?keywords=35L3-HB-60			upstream_missing	源端无键且窄表空，上游缺口可接受
35L3-HB-60	ROITHNER	led	luminous_intensity_mcd	icpdf	可见光 LED	大功率LED	N	icpdf:prajson2.标称发光强度		https://www.digikey.cn/zh/products?keywords=35L3-HB-60			upstream_missing	源端无键且窄表空，上游缺口可接受
35L3-HB-60	ROITHNER	led	peak_wavelength_nm	icpdf	可见光 LED	大功率LED	N	icpdf:prajson2.峰值波长		https://www.digikey.cn/zh/products?keywords=35L3-HB-60			upstream_missing	源端无键且窄表空，上游缺口可接受
35L3-HG-60	ROITHNER	led	emission_color	icpdf	可见光 LED	大功率LED	N	icpdf:prajson2.颜色		https://www.digikey.cn/zh/products?keywords=35L3-HG-60			upstream_missing	源端无键且窄表空，上游缺口可接受
35L3-HG-60	ROITHNER	led	forward_voltage_v	icpdf	可见光 LED	大功率LED	N	icpdf:prajson2.最大正向电压		https://www.digikey.cn/zh/products?keywords=35L3-HG-60			upstream_missing	源端无键且窄表空，上游缺口可接受
35L3-HG-60	ROITHNER	led	luminous_intensity_mcd	icpdf	可见光 LED	大功率LED	N	icpdf:prajson2.标称发光强度		https://www.digikey.cn/zh/products?keywords=35L3-HG-60			upstream_missing	源端无键且窄表空，上游缺口可接受
35L3-HG-60	ROITHNER	led	peak_wavelength_nm	icpdf	可见光 LED	大功率LED	N	icpdf:prajson2.峰值波长		https://www.digikey.cn/zh/products?keywords=35L3-HG-60			upstream_missing	源端无键且窄表空，上游缺口可接受
35L3-HR-60	ROITHNER	led	emission_color	icpdf	可见光 LED	大功率LED	N	icpdf:prajson2.颜色		https://www.digikey.cn/zh/products?keywords=35L3-HR-60			upstream_missing	源端无键且窄表空，上游缺口可接受
35L3-HR-60	ROITHNER	led	forward_voltage_v	icpdf	可见光 LED	大功率LED	N	icpdf:prajson2.最大正向电压		https://www.digikey.cn/zh/products?keywords=35L3-HR-60			upstream_missing	源端无键且窄表空，上游缺口可接受
35L3-HR-60	ROITHNER	led	luminous_intensity_mcd	icpdf	可见光 LED	大功率LED	N	icpdf:prajson2.标称发光强度		https://www.digikey.cn/zh/products?keywords=35L3-HR-60			upstream_missing	源端无键且窄表空，上游缺口可接受
35L3-HR-60	ROITHNER	led	peak_wavelength_nm	icpdf	可见光 LED	大功率LED	N	icpdf:prajson2.峰值波长		https://www.digikey.cn/zh/products?keywords=35L3-HR-60			upstream_missing	源端无键且窄表空，上游缺口可接受
LTM150XH-L01	SAMSUNG	led	emission_color	icpdf	其他光电器件	TFT LCD	N	icpdf:prajson2.颜色		https://www.digikey.cn/zh/products?keywords=LTM150XH-L01			upstream_missing	源端无键且窄表空，上游缺口可接受
LTM150XH-L01	SAMSUNG	led	forward_voltage_v	icpdf	其他光电器件	TFT LCD	N	icpdf:prajson2.最大正向电压		https://www.digikey.cn/zh/products?keywords=LTM150XH-L01			upstream_missing	源端无键且窄表空，上游缺口可接受
LTM150XH-L01	SAMSUNG	led	luminous_intensity_mcd	icpdf	其他光电器件	TFT LCD	N	icpdf:prajson2.标称发光强度		https://www.digikey.cn/zh/products?keywords=LTM150XH-L01			upstream_missing	源端无键且窄表空，上游缺口可接受
LTM150XH-L01	SAMSUNG	led	peak_wavelength_nm	icpdf	其他光电器件	TFT LCD	N	icpdf:prajson2.峰值波长		https://www.digikey.cn/zh/products?keywords=LTM150XH-L01			upstream_missing	源端无键且窄表空，上游缺口可接受
LTM150XH-L06	SAMSUNG	led	emission_color	icpdf	其他光电器件		N	icpdf:prajson2.颜色		https://www.digikey.cn/zh/products?keywords=LTM150XH-L06			upstream_missing	源端无键且窄表空，上游缺口可接受
LTM150XH-L06	SAMSUNG	led	forward_voltage_v	icpdf	其他光电器件		N	icpdf:prajson2.最大正向电压		https://www.digikey.cn/zh/products?keywords=LTM150XH-L06			upstream_missing	源端无键且窄表空，上游缺口可接受
LTM150XH-L06	SAMSUNG	led	luminous_intensity_mcd	icpdf	其他光电器件		N	icpdf:prajson2.标称发光强度		https://www.digikey.cn/zh/products?keywords=LTM150XH-L06			upstream_missing	源端无键且窄表空，上游缺口可接受
LTM150XH-L06	SAMSUNG	led	peak_wavelength_nm	icpdf	其他光电器件		N	icpdf:prajson2.峰值波长		https://www.digikey.cn/zh/products?keywords=LTM150XH-L06			upstream_missing	源端无键且窄表空，上游缺口可接受
LTM213U4-L01	SAMSUNG	led	emission_color	icpdf	其他光电器件		N	icpdf:prajson2.颜色		https://www.digikey.cn/zh/products?keywords=LTM213U4-L01			upstream_missing	源端无键且窄表空，上游缺口可接受
LTM213U4-L01	SAMSUNG	led	forward_voltage_v	icpdf	其他光电器件		N	icpdf:prajson2.最大正向电压		https://www.digikey.cn/zh/products?keywords=LTM213U4-L01			upstream_missing	源端无键且窄表空，上游缺口可接受
LTM213U4-L01	SAMSUNG	led	luminous_intensity_mcd	icpdf	其他光电器件		N	icpdf:prajson2.标称发光强度		https://www.digikey.cn/zh/products?keywords=LTM213U4-L01			upstream_missing	源端无键且窄表空，上游缺口可接受
LTM213U4-L01	SAMSUNG	led	peak_wavelength_nm	icpdf	其他光电器件		N	icpdf:prajson2.峰值波长		https://www.digikey.cn/zh/products?keywords=LTM213U4-L01			upstream_missing	源端无键且窄表空，上游缺口可接受
SCP7PT78HPL1PLS06E	SAMSUNG	led	emission_color	icpdf	可见光 LED		N	icpdf:prajson2.颜色		https://www.digikey.cn/zh/products?keywords=SCP7PT78HPL1PLS06E			upstream_missing	源端无键且窄表空，上游缺口可接受
SCP7PT78HPL1PLS06E	SAMSUNG	led	forward_voltage_v	icpdf	可见光 LED		N	icpdf:prajson2.最大正向电压		https://www.digikey.cn/zh/products?keywords=SCP7PT78HPL1PLS06E			upstream_missing	源端无键且窄表空，上游缺口可接受
SCP7PT78HPL1PLS06E	SAMSUNG	led	luminous_intensity_mcd	icpdf	可见光 LED		N	icpdf:prajson2.标称发光强度		https://www.digikey.cn/zh/products?keywords=SCP7PT78HPL1PLS06E			upstream_missing	源端无键且窄表空，上游缺口可接受
SCP7PT78HPL1PLS06E	SAMSUNG	led	peak_wavelength_nm	icpdf	可见光 LED		N	icpdf:prajson2.峰值波长		https://www.digikey.cn/zh/products?keywords=SCP7PT78HPL1PLS06E			upstream_missing	源端无键且窄表空，上游缺口可接受
SCP7TT78HEL1TLS06E	SAMSUNG	led	emission_color	icpdf	可见光 LED		N	icpdf:prajson2.颜色		https://www.digikey.cn/zh/products?keywords=SCP7TT78HEL1TLS06E			upstream_missing	源端无键且窄表空，上游缺口可接受
SCP7TT78HEL1TLS06E	SAMSUNG	led	forward_voltage_v	icpdf	可见光 LED		N	icpdf:prajson2.最大正向电压		https://www.digikey.cn/zh/products?keywords=SCP7TT78HEL1TLS06E			upstream_missing	源端无键且窄表空，上游缺口可接受
SCP7TT78HEL1TLS06E	SAMSUNG	led	luminous_intensity_mcd	icpdf	可见光 LED		N	icpdf:prajson2.标称发光强度		https://www.digikey.cn/zh/products?keywords=SCP7TT78HEL1TLS06E			upstream_missing	源端无键且窄表空，上游缺口可接受
SCP7TT78HEL1TLS06E	SAMSUNG	led	peak_wavelength_nm	icpdf	可见光 LED		N	icpdf:prajson2.峰值波长		https://www.digikey.cn/zh/products?keywords=SCP7TT78HEL1TLS06E			upstream_missing	源端无键且窄表空，上游缺口可接受
SEC1101C	SANKEN	led	emission_color	icpdf	可见光 LED	LED芯片	Y	icpdf:prajson2.颜色	Red	https://www.digikey.cn/zh/products?keywords=SEC1101C			consistent	源端与窄表均有值
SEC1101C	SANKEN	led	forward_voltage_v	icpdf	可见光 LED	LED芯片	N	icpdf:prajson2.最大正向电压		https://www.digikey.cn/zh/products?keywords=SEC1101C			upstream_missing	源端无键且窄表空，上游缺口可接受
SEC1101C	SANKEN	led	luminous_intensity_mcd	icpdf	可见光 LED	LED芯片	Y	icpdf:prajson2.标称发光强度	1.5	https://www.digikey.cn/zh/products?keywords=SEC1101C			consistent	源端与窄表均有值
SEC1101C	SANKEN	led	peak_wavelength_nm	icpdf	可见光 LED	LED芯片	Y	icpdf:prajson2.峰值波长	700	https://www.digikey.cn/zh/products?keywords=SEC1101C			consistent	源端与窄表均有值
SEC1203C	SANKEN	led	emission_color	icpdf	可见光 LED	LED芯片	Y	icpdf:prajson2.颜色	Red	https://www.digikey.cn/zh/products?keywords=SEC1203C			consistent	源端与窄表均有值
SEC1203C	SANKEN	led	forward_voltage_v	icpdf	可见光 LED	LED芯片	N	icpdf:prajson2.最大正向电压		https://www.digikey.cn/zh/products?keywords=SEC1203C			upstream_missing	源端无键且窄表空，上游缺口可接受
SEC1203C	SANKEN	led	luminous_intensity_mcd	icpdf	可见光 LED	LED芯片	Y	icpdf:prajson2.标称发光强度	15	https://www.digikey.cn/zh/products?keywords=SEC1203C			consistent	源端与窄表均有值
SEC1203C	SANKEN	led	peak_wavelength_nm	icpdf	可见光 LED	LED芯片	Y	icpdf:prajson2.峰值波长	630	https://www.digikey.cn/zh/products?keywords=SEC1203C			consistent	源端与窄表均有值
SEC1401CB	SANKEN	led	emission_color	icpdf	其他光电器件		Y	icpdf:prajson2.颜色@波长	Green	https://www.digikey.cn/zh/products?keywords=SEC1401CB			consistent	源端与窄表均有值
SEC1401CB	SANKEN	led	forward_voltage_v	icpdf	其他光电器件		Y	icpdf:prajson2.最大正向电压	2.5	https://www.digikey.cn/zh/products?keywords=SEC1401CB			consistent	源端与窄表均有值
SEC1401CB	SANKEN	led	luminous_intensity_mcd	icpdf	其他光电器件		N	icpdf:prajson2.标称发光强度		https://www.digikey.cn/zh/products?keywords=SEC1401CB			upstream_missing	源端无键且窄表空，上游缺口可接受
SEC1401CB	SANKEN	led	peak_wavelength_nm	icpdf	其他光电器件		Y	icpdf:prajson2.峰值波长	560	https://www.digikey.cn/zh/products?keywords=SEC1401CB			consistent	源端与窄表均有值
SEC1401CC	SANKEN	led	emission_color	icpdf	其他光电器件		Y	icpdf:prajson2.颜色@波长	Green	https://www.digikey.cn/zh/products?keywords=SEC1401CC			consistent	源端与窄表均有值
SEC1401CC	SANKEN	led	forward_voltage_v	icpdf	其他光电器件		Y	icpdf:prajson2.最大正向电压	2.5	https://www.digikey.cn/zh/products?keywords=SEC1401CC			consistent	源端与窄表均有值
SEC1401CC	SANKEN	led	luminous_intensity_mcd	icpdf	其他光电器件		N	icpdf:prajson2.标称发光强度		https://www.digikey.cn/zh/products?keywords=SEC1401CC			upstream_missing	源端无键且窄表空，上游缺口可接受
SEC1401CC	SANKEN	led	peak_wavelength_nm	icpdf	其他光电器件		Y	icpdf:prajson2.峰值波长	560	https://www.digikey.cn/zh/products?keywords=SEC1401CC			consistent	源端与窄表均有值
SEC1401CD	SANKEN	led	emission_color	icpdf	其他光电器件		Y	icpdf:prajson2.颜色@波长	Green	https://www.digikey.cn/zh/products?keywords=SEC1401CD			consistent	源端与窄表均有值
SEC1401CD	SANKEN	led	forward_voltage_v	icpdf	其他光电器件		Y	icpdf:prajson2.最大正向电压	2.5	https://www.digikey.cn/zh/products?keywords=SEC1401CD			consistent	源端与窄表均有值
SEC1401CD	SANKEN	led	luminous_intensity_mcd	icpdf	其他光电器件		N	icpdf:prajson2.标称发光强度		https://www.digikey.cn/zh/products?keywords=SEC1401CD			upstream_missing	源端无键且窄表空，上游缺口可接受
SEC1401CD	SANKEN	led	peak_wavelength_nm	icpdf	其他光电器件		Y	icpdf:prajson2.峰值波长	560	https://www.digikey.cn/zh/products?keywords=SEC1401CD			consistent	源端与窄表均有值
0035.0604	SCHURTER	led	emission_color	icpdf	可见光 LED	LFM （与T1 LED）	Y	icpdf:prajson2.颜色	Red	https://www.digikey.cn/zh/products?keywords=0035.0604			consistent	源端与窄表均有值
0035.0604	SCHURTER	led	forward_voltage_v	icpdf	可见光 LED	LFM （与T1 LED）	N	icpdf:prajson2.最大正向电压		https://www.digikey.cn/zh/products?keywords=0035.0604			upstream_missing	源端无键且窄表空，上游缺口可接受
0035.0604	SCHURTER	led	luminous_intensity_mcd	icpdf	可见光 LED	LFM （与T1 LED）	Y	icpdf:prajson2.标称发光强度	5.25	https://www.digikey.cn/zh/products?keywords=0035.0604			consistent	源端与窄表均有值
0035.0604	SCHURTER	led	peak_wavelength_nm	icpdf	可见光 LED	LFM （与T1 LED）	Y	icpdf:prajson2.峰值波长	635	https://www.digikey.cn/zh/products?keywords=0035.0604			consistent	源端与窄表均有值
0035.0606	SCHURTER	led	emission_color	icpdf	可见光 LED	LFM （与T1 LED）	Y	icpdf:prajson2.颜色	Yellow	https://www.digikey.cn/zh/products?keywords=0035.0606			consistent	源端与窄表均有值
0035.0606	SCHURTER	led	forward_voltage_v	icpdf	可见光 LED	LFM （与T1 LED）	N	icpdf:prajson2.最大正向电压		https://www.digikey.cn/zh/products?keywords=0035.0606			upstream_missing	源端无键且窄表空，上游缺口可接受
0035.0606	SCHURTER	led	luminous_intensity_mcd	icpdf	可见光 LED	LFM （与T1 LED）	Y	icpdf:prajson2.标称发光强度	3.75	https://www.digikey.cn/zh/products?keywords=0035.0606			consistent	源端与窄表均有值
0035.0606	SCHURTER	led	peak_wavelength_nm	icpdf	可见光 LED	LFM （与T1 LED）	Y	icpdf:prajson2.峰值波长	586	https://www.digikey.cn/zh/products?keywords=0035.0606			consistent	源端与窄表均有值
0035.0607	SCHURTER	led	emission_color	icpdf	可见光 LED	LFM （与T1 LED）	Y	icpdf:prajson2.颜色	Red	https://www.digikey.cn/zh/products?keywords=0035.0607			consistent	源端与窄表均有值
0035.0607	SCHURTER	led	forward_voltage_v	icpdf	可见光 LED	LFM （与T1 LED）	N	icpdf:prajson2.最大正向电压		https://www.digikey.cn/zh/products?keywords=0035.0607			upstream_missing	源端无键且窄表空，上游缺口可接受
0035.0607	SCHURTER	led	luminous_intensity_mcd	icpdf	可见光 LED	LFM （与T1 LED）	Y	icpdf:prajson2.标称发光强度	5.25	https://www.digikey.cn/zh/products?keywords=0035.0607			consistent	源端与窄表均有值
0035.0607	SCHURTER	led	peak_wavelength_nm	icpdf	可见光 LED	LFM （与T1 LED）	Y	icpdf:prajson2.峰值波长	635	https://www.digikey.cn/zh/products?keywords=0035.0607			consistent	源端与窄表均有值
0035.0608	SCHURTER	led	emission_color	icpdf	可见光 LED	LFM （与T1 LED）	Y	icpdf:prajson2.颜色	Green	https://www.digikey.cn/zh/products?keywords=0035.0608			consistent	源端与窄表均有值
0035.0608	SCHURTER	led	forward_voltage_v	icpdf	可见光 LED	LFM （与T1 LED）	N	icpdf:prajson2.最大正向电压		https://www.digikey.cn/zh/products?keywords=0035.0608			upstream_missing	源端无键且窄表空，上游缺口可接受
0035.0608	SCHURTER	led	luminous_intensity_mcd	icpdf	可见光 LED	LFM （与T1 LED）	Y	icpdf:prajson2.标称发光强度	5.25	https://www.digikey.cn/zh/products?keywords=0035.0608			consistent	源端与窄表均有值
0035.0608	SCHURTER	led	peak_wavelength_nm	icpdf	可见光 LED	LFM （与T1 LED）	Y	icpdf:prajson2.峰值波长	565	https://www.digikey.cn/zh/products?keywords=0035.0608			consistent	源端与窄表均有值
0035.0609	SCHURTER	led	emission_color	icpdf	可见光 LED	LFM （与T1 LED）	Y	icpdf:prajson2.颜色	Yellow	https://www.digikey.cn/zh/products?keywords=0035.0609			consistent	源端与窄表均有值
0035.0609	SCHURTER	led	forward_voltage_v	icpdf	可见光 LED	LFM （与T1 LED）	N	icpdf:prajson2.最大正向电压		https://www.digikey.cn/zh/products?keywords=0035.0609			upstream_missing	源端无键且窄表空，上游缺口可接受
0035.0609	SCHURTER	led	luminous_intensity_mcd	icpdf	可见光 LED	LFM （与T1 LED）	Y	icpdf:prajson2.标称发光强度	3.75	https://www.digikey.cn/zh/products?keywords=0035.0609			consistent	源端与窄表均有值
0035.0609	SCHURTER	led	peak_wavelength_nm	icpdf	可见光 LED	LFM （与T1 LED）	Y	icpdf:prajson2.峰值波长	586	https://www.digikey.cn/zh/products?keywords=0035.0609			consistent	源端与窄表均有值
LC0326-GG	SENSITRON	led	emission_color	icpdf	可见光 LED		Y	icpdf:prajson2.颜色	Green	https://www.digikey.cn/zh/products?keywords=LC0326-GG			consistent	源端与窄表均有值
LC0326-GG	SENSITRON	led	forward_voltage_v	icpdf	可见光 LED		N	icpdf:prajson2.最大正向电压		https://www.digikey.cn/zh/products?keywords=LC0326-GG			upstream_missing	源端无键且窄表空，上游缺口可接受
LC0326-GG	SENSITRON	led	luminous_intensity_mcd	icpdf	可见光 LED		Y	icpdf:prajson2.标称发光强度	12.5	https://www.digikey.cn/zh/products?keywords=LC0326-GG			consistent	源端与窄表均有值
LC0326-GG	SENSITRON	led	peak_wavelength_nm	icpdf	可见光 LED		Y	icpdf:prajson2.峰值波长	565	https://www.digikey.cn/zh/products?keywords=LC0326-GG			consistent	源端与窄表均有值
LC0326-RERE	SENSITRON	led	emission_color	icpdf	可见光 LED		Y	icpdf:prajson2.颜色	Red	https://www.digikey.cn/zh/products?keywords=LC0326-RERE			consistent	源端与窄表均有值
LC0326-RERE	SENSITRON	led	forward_voltage_v	icpdf	可见光 LED		N	icpdf:prajson2.最大正向电压		https://www.digikey.cn/zh/products?keywords=LC0326-RERE			upstream_missing	源端无键且窄表空，上游缺口可接受
LC0326-RERE	SENSITRON	led	luminous_intensity_mcd	icpdf	可见光 LED		Y	icpdf:prajson2.标称发光强度	20	https://www.digikey.cn/zh/products?keywords=LC0326-RERE			consistent	源端与窄表均有值
LC0326-RERE	SENSITRON	led	peak_wavelength_nm	icpdf	可见光 LED		Y	icpdf:prajson2.峰值波长	635	https://www.digikey.cn/zh/products?keywords=LC0326-RERE			consistent	源端与窄表均有值
LC0326-RR	SENSITRON	led	emission_color	icpdf	可见光 LED		Y	icpdf:prajson2.颜色	Red	https://www.digikey.cn/zh/products?keywords=LC0326-RR			consistent	源端与窄表均有值
LC0326-RR	SENSITRON	led	forward_voltage_v	icpdf	可见光 LED		N	icpdf:prajson2.最大正向电压		https://www.digikey.cn/zh/products?keywords=LC0326-RR			upstream_missing	源端无键且窄表空，上游缺口可接受
LC0326-RR	SENSITRON	led	luminous_intensity_mcd	icpdf	可见光 LED		Y	icpdf:prajson2.标称发光强度	5	https://www.digikey.cn/zh/products?keywords=LC0326-RR			consistent	源端与窄表均有值
LC0326-RR	SENSITRON	led	peak_wavelength_nm	icpdf	可见光 LED		Y	icpdf:prajson2.峰值波长	700	https://www.digikey.cn/zh/products?keywords=LC0326-RR			consistent	源端与窄表均有值
LC0326-YEYE	SENSITRON	led	emission_color	icpdf	可见光 LED		Y	icpdf:prajson2.颜色	Yellow	https://www.digikey.cn/zh/products?keywords=LC0326-YEYE			consistent	源端与窄表均有值
LC0326-YEYE	SENSITRON	led	forward_voltage_v	icpdf	可见光 LED		N	icpdf:prajson2.最大正向电压		https://www.digikey.cn/zh/products?keywords=LC0326-YEYE			upstream_missing	源端无键且窄表空，上游缺口可接受
LC0326-YEYE	SENSITRON	led	luminous_intensity_mcd	icpdf	可见光 LED		Y	icpdf:prajson2.标称发光强度	12.5	https://www.digikey.cn/zh/products?keywords=LC0326-YEYE			consistent	源端与窄表均有值
LC0326-YEYE	SENSITRON	led	peak_wavelength_nm	icpdf	可见光 LED		Y	icpdf:prajson2.峰值波长	585	https://www.digikey.cn/zh/products?keywords=LC0326-YEYE			consistent	源端与窄表均有值
LC0333-GGYE	SENSITRON	led	emission_color	icpdf	可见光 LED		Y	icpdf:prajson2.颜色	Multi-Color	https://www.digikey.cn/zh/products?keywords=LC0333-GGYE			consistent	源端与窄表均有值
LC0333-GGYE	SENSITRON	led	forward_voltage_v	icpdf	可见光 LED		N	icpdf:prajson2.最大正向电压		https://www.digikey.cn/zh/products?keywords=LC0333-GGYE			upstream_missing	源端无键且窄表空，上游缺口可接受
LC0333-GGYE	SENSITRON	led	luminous_intensity_mcd	icpdf	可见光 LED		Y	icpdf:prajson2.标称发光强度	12.5	https://www.digikey.cn/zh/products?keywords=LC0333-GGYE			consistent	源端与窄表均有值
LC0333-GGYE	SENSITRON	led	peak_wavelength_nm	icpdf	可见光 LED		Y	icpdf:prajson2.峰值波长	565	https://www.digikey.cn/zh/products?keywords=LC0333-GGYE			consistent	源端与窄表均有值
A10191	SEOUL	led	emission_color	icpdf	可见光 LED		Y	icpdf:prajson2.颜色	Orange	https://www.digikey.cn/zh/products?keywords=A10191			consistent	源端与窄表均有值
A10191	SEOUL	led	forward_voltage_v	icpdf	可见光 LED		N	icpdf:prajson2.最大正向电压		https://www.digikey.cn/zh/products?keywords=A10191			upstream_missing	源端无键且窄表空，上游缺口可接受
A10191	SEOUL	led	luminous_intensity_mcd	icpdf	可见光 LED		N	icpdf:prajson2.标称发光强度		https://www.digikey.cn/zh/products?keywords=A10191			upstream_missing	源端无键且窄表空，上游缺口可接受
A10191	SEOUL	led	peak_wavelength_nm	icpdf	可见光 LED		N	icpdf:prajson2.峰值波长		https://www.digikey.cn/zh/products?keywords=A10191			upstream_missing	源端无键且窄表空，上游缺口可接受
A10192	SEOUL	led	emission_color	icpdf	可见光 LED		Y	icpdf:prajson2.颜色	Orange	https://www.digikey.cn/zh/products?keywords=A10192			consistent	源端与窄表均有值
A10192	SEOUL	led	forward_voltage_v	icpdf	可见光 LED		N	icpdf:prajson2.最大正向电压		https://www.digikey.cn/zh/products?keywords=A10192			upstream_missing	源端无键且窄表空，上游缺口可接受
A10192	SEOUL	led	luminous_intensity_mcd	icpdf	可见光 LED		N	icpdf:prajson2.标称发光强度		https://www.digikey.cn/zh/products?keywords=A10192			upstream_missing	源端无键且窄表空，上游缺口可接受
A10192	SEOUL	led	peak_wavelength_nm	icpdf	可见光 LED		N	icpdf:prajson2.峰值波长		https://www.digikey.cn/zh/products?keywords=A10192			upstream_missing	源端无键且窄表空，上游缺口可接受
A10490	SEOUL	led	emission_color	icpdf	可见光 LED		N	icpdf:prajson2.颜色		https://www.digikey.cn/zh/products?keywords=A10490			upstream_missing	源端无键且窄表空，上游缺口可接受
A10490	SEOUL	led	forward_voltage_v	icpdf	可见光 LED		N	icpdf:prajson2.最大正向电压		https://www.digikey.cn/zh/products?keywords=A10490			upstream_missing	源端无键且窄表空，上游缺口可接受
A10490	SEOUL	led	luminous_intensity_mcd	icpdf	可见光 LED		N	icpdf:prajson2.标称发光强度		https://www.digikey.cn/zh/products?keywords=A10490			upstream_missing	源端无键且窄表空，上游缺口可接受
A10490	SEOUL	led	peak_wavelength_nm	icpdf	可见光 LED		N	icpdf:prajson2.峰值波长		https://www.digikey.cn/zh/products?keywords=A10490			upstream_missing	源端无键且窄表空，上游缺口可接受
A11190	SEOUL	led	emission_color	icpdf	可见光 LED		Y	icpdf:prajson2.颜色	Orange	https://www.digikey.cn/zh/products?keywords=A11190			consistent	源端与窄表均有值
A11190	SEOUL	led	forward_voltage_v	icpdf	可见光 LED		N	icpdf:prajson2.最大正向电压		https://www.digikey.cn/zh/products?keywords=A11190			upstream_missing	源端无键且窄表空，上游缺口可接受
A11190	SEOUL	led	luminous_intensity_mcd	icpdf	可见光 LED		N	icpdf:prajson2.标称发光强度		https://www.digikey.cn/zh/products?keywords=A11190			upstream_missing	源端无键且窄表空，上游缺口可接受
A11190	SEOUL	led	peak_wavelength_nm	icpdf	可见光 LED		N	icpdf:prajson2.峰值波长		https://www.digikey.cn/zh/products?keywords=A11190			upstream_missing	源端无键且窄表空，上游缺口可接受
A11191	SEOUL	led	emission_color	icpdf	可见光 LED		Y	icpdf:prajson2.颜色	Orange	https://www.digikey.cn/zh/products?keywords=A11191			consistent	源端与窄表均有值
A11191	SEOUL	led	forward_voltage_v	icpdf	可见光 LED		N	icpdf:prajson2.最大正向电压		https://www.digikey.cn/zh/products?keywords=A11191			upstream_missing	源端无键且窄表空，上游缺口可接受
A11191	SEOUL	led	luminous_intensity_mcd	icpdf	可见光 LED		N	icpdf:prajson2.标称发光强度		https://www.digikey.cn/zh/products?keywords=A11191			upstream_missing	源端无键且窄表空，上游缺口可接受
A11191	SEOUL	led	peak_wavelength_nm	icpdf	可见光 LED		N	icpdf:prajson2.峰值波长		https://www.digikey.cn/zh/products?keywords=A11191			upstream_missing	源端无键且窄表空，上游缺口可接受
GL046LR	SHARP	led	emission_color	icpdf	可见光 LED		Y	icpdf:prajson2.颜色	Red	https://www.digikey.cn/zh/products?keywords=GL046LR			consistent	源端与窄表均有值
GL046LR	SHARP	led	forward_voltage_v	icpdf	可见光 LED		N	icpdf:prajson2.最大正向电压		https://www.digikey.cn/zh/products?keywords=GL046LR			upstream_missing	源端无键且窄表空，上游缺口可接受
GL046LR	SHARP	led	luminous_intensity_mcd	icpdf	可见光 LED		Y	icpdf:prajson2.标称发光强度	12.5	https://www.digikey.cn/zh/products?keywords=GL046LR			consistent	源端与窄表均有值
GL046LR	SHARP	led	peak_wavelength_nm	icpdf	可见光 LED		Y	icpdf:prajson2.峰值波长	660	https://www.digikey.cn/zh/products?keywords=GL046LR			consistent	源端与窄表均有值
GL046TR	SHARP	led	emission_color	icpdf	可见光 LED		Y	icpdf:prajson2.颜色	Red	https://www.digikey.cn/zh/products?keywords=GL046TR			consistent	源端与窄表均有值
GL046TR	SHARP	led	forward_voltage_v	icpdf	可见光 LED		N	icpdf:prajson2.最大正向电压		https://www.digikey.cn/zh/products?keywords=GL046TR			upstream_missing	源端无键且窄表空，上游缺口可接受
GL046TR	SHARP	led	luminous_intensity_mcd	icpdf	可见光 LED		Y	icpdf:prajson2.标称发光强度	8	https://www.digikey.cn/zh/products?keywords=GL046TR			consistent	源端与窄表均有值
GL046TR	SHARP	led	peak_wavelength_nm	icpdf	可见光 LED		Y	icpdf:prajson2.峰值波长	660	https://www.digikey.cn/zh/products?keywords=GL046TR			consistent	源端与窄表均有值
GL046UR	SHARP	led	emission_color	icpdf	可见光 LED		Y	icpdf:prajson2.颜色	Red	https://www.digikey.cn/zh/products?keywords=GL046UR			consistent	源端与窄表均有值
GL046UR	SHARP	led	forward_voltage_v	icpdf	可见光 LED		N	icpdf:prajson2.最大正向电压		https://www.digikey.cn/zh/products?keywords=GL046UR			upstream_missing	源端无键且窄表空，上游缺口可接受
GL046UR	SHARP	led	luminous_intensity_mcd	icpdf	可见光 LED		Y	icpdf:prajson2.标称发光强度	25	https://www.digikey.cn/zh/products?keywords=GL046UR			consistent	源端与窄表均有值
GL046UR	SHARP	led	peak_wavelength_nm	icpdf	可见光 LED		Y	icpdf:prajson2.峰值波长	660	https://www.digikey.cn/zh/products?keywords=GL046UR			consistent	源端与窄表均有值
GL047EG	SHARP	led	emission_color	icpdf	可见光 LED		Y	icpdf:prajson2.颜色	Multi-Color	https://www.digikey.cn/zh/products?keywords=GL047EG			consistent	源端与窄表均有值
GL047EG	SHARP	led	forward_voltage_v	icpdf	可见光 LED		N	icpdf:prajson2.最大正向电压		https://www.digikey.cn/zh/products?keywords=GL047EG			upstream_missing	源端无键且窄表空，上游缺口可接受
GL047EG	SHARP	led	luminous_intensity_mcd	icpdf	可见光 LED		N	icpdf:prajson2.标称发光强度		https://www.digikey.cn/zh/products?keywords=GL047EG			upstream_missing	源端无键且窄表空，上游缺口可接受
GL047EG	SHARP	led	peak_wavelength_nm	icpdf	可见光 LED		Y	icpdf:prajson2.峰值波长	565	https://www.digikey.cn/zh/products?keywords=GL047EG			consistent	源端与窄表均有值
GL047HD	SHARP	led	emission_color	icpdf	可见光 LED		Y	icpdf:prajson2.颜色	Red	https://www.digikey.cn/zh/products?keywords=GL047HD			consistent	源端与窄表均有值
GL047HD	SHARP	led	forward_voltage_v	icpdf	可见光 LED		N	icpdf:prajson2.最大正向电压		https://www.digikey.cn/zh/products?keywords=GL047HD			upstream_missing	源端无键且窄表空，上游缺口可接受
GL047HD	SHARP	led	luminous_intensity_mcd	icpdf	可见光 LED		N	icpdf:prajson2.标称发光强度		https://www.digikey.cn/zh/products?keywords=GL047HD			upstream_missing	源端无键且窄表空，上游缺口可接受
GL047HD	SHARP	led	peak_wavelength_nm	icpdf	可见光 LED		Y	icpdf:prajson2.峰值波长	630	https://www.digikey.cn/zh/products?keywords=GL047HD			consistent	源端与窄表均有值
AA1101W	STANLEY	led	emission_color	icpdf	可见光 LED	1101W系列标准型平面透镜的SMT LED	Y	icpdf:prajson2.颜色	Orange	https://www.digikey.cn/zh/products?keywords=AA1101W			consistent	源端与窄表均有值
AA1101W	STANLEY	led	forward_voltage_v	icpdf	可见光 LED	1101W系列标准型平面透镜的SMT LED	Y	icpdf:prajson2.最大正向电压	2.5	https://www.digikey.cn/zh/products?keywords=AA1101W			consistent	源端与窄表均有值
AA1101W	STANLEY	led	luminous_intensity_mcd	icpdf	可见光 LED	1101W系列标准型平面透镜的SMT LED	Y	icpdf:prajson2.标称发光强度	5.6	https://www.digikey.cn/zh/products?keywords=AA1101W			consistent	源端与窄表均有值
AA1101W	STANLEY	led	peak_wavelength_nm	icpdf	可见光 LED	1101W系列标准型平面透镜的SMT LED	Y	icpdf:prajson2.峰值波长	605	https://www.digikey.cn/zh/products?keywords=AA1101W			consistent	源端与窄表均有值
AA1111C	STANLEY	led	emission_color	icpdf	可见光 LED	平镜头类型1.6×0.8mm的	Y	icpdf:prajson2.颜色	Orange	https://www.digikey.cn/zh/products?keywords=AA1111C			consistent	源端与窄表均有值
AA1111C	STANLEY	led	forward_voltage_v	icpdf	可见光 LED	平镜头类型1.6×0.8mm的	Y	icpdf:prajson2.最大正向电压	2.8	https://www.digikey.cn/zh/products?keywords=AA1111C			consistent	源端与窄表均有值
AA1111C	STANLEY	led	luminous_intensity_mcd	icpdf	可见光 LED	平镜头类型1.6×0.8mm的	Y	icpdf:prajson2.标称发光强度	3.4	https://www.digikey.cn/zh/products?keywords=AA1111C			consistent	源端与窄表均有值
AA1111C	STANLEY	led	peak_wavelength_nm	icpdf	可见光 LED	平镜头类型1.6×0.8mm的	Y	icpdf:prajson2.峰值波长	605	https://www.digikey.cn/zh/products?keywords=AA1111C			consistent	源端与窄表均有值
AA5305S	STANLEY	led	emission_color	icpdf	可见光 LED	单色ヵ5圆型类型	Y	icpdf:prajson2.颜色	Orange	https://www.digikey.cn/zh/products?keywords=AA5305S			consistent	源端与窄表均有值
AA5305S	STANLEY	led	forward_voltage_v	icpdf	可见光 LED	单色ヵ5圆型类型	Y	icpdf:prajson2.最大正向电压	2.5	https://www.digikey.cn/zh/products?keywords=AA5305S			consistent	源端与窄表均有值
AA5305S	STANLEY	led	luminous_intensity_mcd	icpdf	可见光 LED	单色ヵ5圆型类型	Y	icpdf:prajson2.标称发光强度	30	https://www.digikey.cn/zh/products?keywords=AA5305S			consistent	源端与窄表均有值
AA5305S	STANLEY	led	peak_wavelength_nm	icpdf	可见光 LED	单色ヵ5圆型类型	Y	icpdf:prajson2.峰值波长	605	https://www.digikey.cn/zh/products?keywords=AA5305S			consistent	源端与窄表均有值
AA5307S	STANLEY	led	emission_color	icpdf	可见光 LED	单色ヵ5圆型类型	Y	icpdf:prajson2.颜色	Orange	https://www.digikey.cn/zh/products?keywords=AA5307S			consistent	源端与窄表均有值
AA5307S	STANLEY	led	forward_voltage_v	icpdf	可见光 LED	单色ヵ5圆型类型	Y	icpdf:prajson2.最大正向电压	2.5	https://www.digikey.cn/zh/products?keywords=AA5307S			consistent	源端与窄表均有值
AA5307S	STANLEY	led	luminous_intensity_mcd	icpdf	可见光 LED	单色ヵ5圆型类型	Y	icpdf:prajson2.标称发光强度	6	https://www.digikey.cn/zh/products?keywords=AA5307S			consistent	源端与窄表均有值
AA5307S	STANLEY	led	peak_wavelength_nm	icpdf	可见光 LED	单色ヵ5圆型类型	Y	icpdf:prajson2.峰值波长	605	https://www.digikey.cn/zh/products?keywords=AA5307S			consistent	源端与窄表均有值
AA7351K	STANLEY	led	emission_color	icpdf	可见光 LED	单色矩形形状类型	Y	icpdf:prajson2.颜色	Orange	https://www.digikey.cn/zh/products?keywords=AA7351K			consistent	源端与窄表均有值
AA7351K	STANLEY	led	forward_voltage_v	icpdf	可见光 LED	单色矩形形状类型	Y	icpdf:prajson2.最大正向电压	2.2	https://www.digikey.cn/zh/products?keywords=AA7351K			consistent	源端与窄表均有值
AA7351K	STANLEY	led	luminous_intensity_mcd	icpdf	可见光 LED	单色矩形形状类型	Y	icpdf:prajson2.标称发光强度	2.4	https://www.digikey.cn/zh/products?keywords=AA7351K			consistent	源端与窄表均有值
AA7351K	STANLEY	led	peak_wavelength_nm	icpdf	可见光 LED	单色矩形形状类型	Y	icpdf:prajson2.峰值波长	605	https://www.digikey.cn/zh/products?keywords=AA7351K			consistent	源端与窄表均有值
BMR34D	SUNLED	led	emission_color	icpdf	可见光 LED	T-1 （3毫米）闪烁的LED灯	Y	icpdf:prajson2.颜色	Red	https://www.digikey.cn/zh/products?keywords=BMR34D			consistent	源端与窄表均有值
BMR34D	SUNLED	led	forward_voltage_v	icpdf	可见光 LED	T-1 （3毫米）闪烁的LED灯	N	icpdf:prajson2.最大正向电压		https://www.digikey.cn/zh/products?keywords=BMR34D			upstream_missing	源端无键且窄表空，上游缺口可接受
BMR34D	SUNLED	led	luminous_intensity_mcd	icpdf	可见光 LED	T-1 （3毫米）闪烁的LED灯	Y	icpdf:prajson2.标称发光强度	198	https://www.digikey.cn/zh/products?keywords=BMR34D			consistent	源端与窄表均有值
BMR34D	SUNLED	led	peak_wavelength_nm	icpdf	可见光 LED	T-1 （3毫米）闪烁的LED灯	Y	icpdf:prajson2.峰值波长	660	https://www.digikey.cn/zh/products?keywords=BMR34D			consistent	源端与窄表均有值
BMR53D	SUNLED	led	emission_color	icpdf	可见光 LED	T-1 3/4 （5毫米）闪烁的LED灯	Y	icpdf:prajson2.颜色	Red	https://www.digikey.cn/zh/products?keywords=BMR53D			consistent	源端与窄表均有值
BMR53D	SUNLED	led	forward_voltage_v	icpdf	可见光 LED	T-1 3/4 （5毫米）闪烁的LED灯	N	icpdf:prajson2.最大正向电压		https://www.digikey.cn/zh/products?keywords=BMR53D			upstream_missing	源端无键且窄表空，上游缺口可接受
BMR53D	SUNLED	led	luminous_intensity_mcd	icpdf	可见光 LED	T-1 3/4 （5毫米）闪烁的LED灯	Y	icpdf:prajson2.标称发光强度	198	https://www.digikey.cn/zh/products?keywords=BMR53D			consistent	源端与窄表均有值
BMR53D	SUNLED	led	peak_wavelength_nm	icpdf	可见光 LED	T-1 3/4 （5毫米）闪烁的LED灯	Y	icpdf:prajson2.峰值波长	660	https://www.digikey.cn/zh/products?keywords=BMR53D			consistent	源端与窄表均有值
BUG34D	SUNLED	led	emission_color	icpdf	可见光 LED	T-1 （3毫米）闪烁的LED灯	Y	icpdf:prajson2.颜色	Green	https://www.digikey.cn/zh/products?keywords=BUG34D			consistent	源端与窄表均有值
BUG34D	SUNLED	led	forward_voltage_v	icpdf	可见光 LED	T-1 （3毫米）闪烁的LED灯	N	icpdf:prajson2.最大正向电压		https://www.digikey.cn/zh/products?keywords=BUG34D			upstream_missing	源端无键且窄表空，上游缺口可接受
BUG34D	SUNLED	led	luminous_intensity_mcd	icpdf	可见光 LED	T-1 （3毫米）闪烁的LED灯	Y	icpdf:prajson2.标称发光强度	14	https://www.digikey.cn/zh/products?keywords=BUG34D			consistent	源端与窄表均有值
BUG34D	SUNLED	led	peak_wavelength_nm	icpdf	可见光 LED	T-1 （3毫米）闪烁的LED灯	Y	icpdf:prajson2.峰值波长	565	https://www.digikey.cn/zh/products?keywords=BUG34D			consistent	源端与窄表均有值
BUR34D	SUNLED	led	emission_color	icpdf	可见光 LED	T-1 （3毫米）闪烁的LED灯	Y	icpdf:prajson2.颜色	Red	https://www.digikey.cn/zh/products?keywords=BUR34D			consistent	源端与窄表均有值
BUR34D	SUNLED	led	forward_voltage_v	icpdf	可见光 LED	T-1 （3毫米）闪烁的LED灯	N	icpdf:prajson2.最大正向电压		https://www.digikey.cn/zh/products?keywords=BUR34D			upstream_missing	源端无键且窄表空，上游缺口可接受
BUR34D	SUNLED	led	luminous_intensity_mcd	icpdf	可见光 LED	T-1 （3毫米）闪烁的LED灯	Y	icpdf:prajson2.标称发光强度	19	https://www.digikey.cn/zh/products?keywords=BUR34D			consistent	源端与窄表均有值
BUR34D	SUNLED	led	peak_wavelength_nm	icpdf	可见光 LED	T-1 （3毫米）闪烁的LED灯	Y	icpdf:prajson2.峰值波长	627	https://www.digikey.cn/zh/products?keywords=BUR34D			consistent	源端与窄表均有值
BUR53D	SUNLED	led	emission_color	icpdf	可见光 LED	T-1 3/4 （5毫米）闪烁的LED灯	Y	icpdf:prajson2.颜色	Red	https://www.digikey.cn/zh/products?keywords=BUR53D			consistent	源端与窄表均有值
BUR53D	SUNLED	led	forward_voltage_v	icpdf	可见光 LED	T-1 3/4 （5毫米）闪烁的LED灯	N	icpdf:prajson2.最大正向电压		https://www.digikey.cn/zh/products?keywords=BUR53D			upstream_missing	源端无键且窄表空，上游缺口可接受
BUR53D	SUNLED	led	luminous_intensity_mcd	icpdf	可见光 LED	T-1 3/4 （5毫米）闪烁的LED灯	Y	icpdf:prajson2.标称发光强度	38	https://www.digikey.cn/zh/products?keywords=BUR53D			consistent	源端与窄表均有值
BUR53D	SUNLED	led	peak_wavelength_nm	icpdf	可见光 LED	T-1 3/4 （5毫米）闪烁的LED灯	Y	icpdf:prajson2.峰值波长	627	https://www.digikey.cn/zh/products?keywords=BUR53D			consistent	源端与窄表均有值
CQX48A	TEMIC	led	emission_color	icpdf	红外 LED		N	icpdf:prajson2.颜色		https://www.digikey.cn/zh/products?keywords=CQX48A			upstream_missing	源端无键且窄表空，上游缺口可接受
CQX48A	TEMIC	led	forward_voltage_v	icpdf	红外 LED		N	icpdf:prajson2.最大正向电压		https://www.digikey.cn/zh/products?keywords=CQX48A			upstream_missing	源端无键且窄表空，上游缺口可接受
CQX48A	TEMIC	led	luminous_intensity_mcd	icpdf	红外 LED		N	icpdf:prajson2.标称发光强度		https://www.digikey.cn/zh/products?keywords=CQX48A			upstream_missing	源端无键且窄表空，上游缺口可接受
CQX48A	TEMIC	led	peak_wavelength_nm	icpdf	红外 LED		Y	icpdf:prajson2.峰值波长	950	https://www.digikey.cn/zh/products?keywords=CQX48A			consistent	源端与窄表均有值
CQX48B	TEMIC	led	emission_color	icpdf	红外 LED		N	icpdf:prajson2.颜色		https://www.digikey.cn/zh/products?keywords=CQX48B			upstream_missing	源端无键且窄表空，上游缺口可接受
CQX48B	TEMIC	led	forward_voltage_v	icpdf	红外 LED		N	icpdf:prajson2.最大正向电压		https://www.digikey.cn/zh/products?keywords=CQX48B			upstream_missing	源端无键且窄表空，上游缺口可接受
CQX48B	TEMIC	led	luminous_intensity_mcd	icpdf	红外 LED		N	icpdf:prajson2.标称发光强度		https://www.digikey.cn/zh/products?keywords=CQX48B			upstream_missing	源端无键且窄表空，上游缺口可接受
CQX48B	TEMIC	led	peak_wavelength_nm	icpdf	红外 LED		Y	icpdf:prajson2.峰值波长	950	https://www.digikey.cn/zh/products?keywords=CQX48B			consistent	源端与窄表均有值
CQY37N	TEMIC	led	emission_color	icpdf	红外 LED		N	icpdf:prajson2.颜色		https://www.digikey.cn/zh/products?keywords=CQY37N			upstream_missing	源端无键且窄表空，上游缺口可接受
CQY37N	TEMIC	led	forward_voltage_v	icpdf	红外 LED		N	icpdf:prajson2.最大正向电压		https://www.digikey.cn/zh/products?keywords=CQY37N			upstream_missing	源端无键且窄表空，上游缺口可接受
CQY37N	TEMIC	led	luminous_intensity_mcd	icpdf	红外 LED		N	icpdf:prajson2.标称发光强度		https://www.digikey.cn/zh/products?keywords=CQY37N			upstream_missing	源端无键且窄表空，上游缺口可接受
CQY37N	TEMIC	led	peak_wavelength_nm	icpdf	红外 LED		Y	icpdf:prajson2.峰值波长	950	https://www.digikey.cn/zh/products?keywords=CQY37N			consistent	源端与窄表均有值
TLDR4400AS12	TEMIC	led	emission_color	icpdf	可见光 LED		Y	icpdf:prajson2.颜色	Red	https://www.digikey.cn/zh/products?keywords=TLDR4400AS12			consistent	源端与窄表均有值
TLDR4400AS12	TEMIC	led	forward_voltage_v	icpdf	可见光 LED		N	icpdf:prajson2.最大正向电压		https://www.digikey.cn/zh/products?keywords=TLDR4400AS12			upstream_missing	源端无键且窄表空，上游缺口可接受
TLDR4400AS12	TEMIC	led	luminous_intensity_mcd	icpdf	可见光 LED		Y	icpdf:prajson2.标称发光强度	45	https://www.digikey.cn/zh/products?keywords=TLDR4400AS12			consistent	源端与窄表均有值
TLDR4400AS12	TEMIC	led	peak_wavelength_nm	icpdf	可见光 LED		Y	icpdf:prajson2.峰值波长	650	https://www.digikey.cn/zh/products?keywords=TLDR4400AS12			consistent	源端与窄表均有值
TLDR4400AS12Z	TEMIC	led	emission_color	icpdf	可见光 LED		Y	icpdf:prajson2.颜色	Red	https://www.digikey.cn/zh/products?keywords=TLDR4400AS12Z			consistent	源端与窄表均有值
TLDR4400AS12Z	TEMIC	led	forward_voltage_v	icpdf	可见光 LED		N	icpdf:prajson2.最大正向电压		https://www.digikey.cn/zh/products?keywords=TLDR4400AS12Z			upstream_missing	源端无键且窄表空，上游缺口可接受
TLDR4400AS12Z	TEMIC	led	luminous_intensity_mcd	icpdf	可见光 LED		Y	icpdf:prajson2.标称发光强度	45	https://www.digikey.cn/zh/products?keywords=TLDR4400AS12Z			consistent	源端与窄表均有值
TLDR4400AS12Z	TEMIC	led	peak_wavelength_nm	icpdf	可见光 LED		Y	icpdf:prajson2.峰值波长	650	https://www.digikey.cn/zh/products?keywords=TLDR4400AS12Z			consistent	源端与窄表均有值
LM3402MR	TI	led	emission_color	icpdf		0.5A恒流降压稳压器用于驱动高功率LED	N	icpdf:prajson2.颜色		https://www.digikey.cn/zh/products?keywords=LM3402MR			upstream_missing	源端无键且窄表空，上游缺口可接受
LM3402MR	TI	led	forward_voltage_v	icpdf		0.5A恒流降压稳压器用于驱动高功率LED	N	icpdf:prajson2.最大正向电压		https://www.digikey.cn/zh/products?keywords=LM3402MR			upstream_missing	源端无键且窄表空，上游缺口可接受
LM3402MR	TI	led	luminous_intensity_mcd	icpdf		0.5A恒流降压稳压器用于驱动高功率LED	N	icpdf:prajson2.标称发光强度		https://www.digikey.cn/zh/products?keywords=LM3402MR			upstream_missing	源端无键且窄表空，上游缺口可接受
LM3402MR	TI	led	peak_wavelength_nm	icpdf		0.5A恒流降压稳压器用于驱动高功率LED	N	icpdf:prajson2.峰值波长		https://www.digikey.cn/zh/products?keywords=LM3402MR			upstream_missing	源端无键且窄表空，上游缺口可接受
TIL209	TI	led	emission_color	icpdf	可见光 LED		Y	icpdf:prajson2.颜色	Red	https://www.digikey.cn/zh/products?keywords=TIL209			consistent	源端与窄表均有值
TIL209	TI	led	forward_voltage_v	icpdf	可见光 LED		N	icpdf:prajson2.最大正向电压		https://www.digikey.cn/zh/products?keywords=TIL209			upstream_missing	源端无键且窄表空，上游缺口可接受
TIL209	TI	led	luminous_intensity_mcd	icpdf	可见光 LED		N	icpdf:prajson2.标称发光强度		https://www.digikey.cn/zh/products?keywords=TIL209			upstream_missing	源端无键且窄表空，上游缺口可接受
TIL209	TI	led	peak_wavelength_nm	icpdf	可见光 LED		N	icpdf:prajson2.峰值波长		https://www.digikey.cn/zh/products?keywords=TIL209			upstream_missing	源端无键且窄表空，上游缺口可接受
TIL212-1	TI	led	emission_color	icpdf	可见光 LED		Y	icpdf:prajson2.颜色	Yellow	https://www.digikey.cn/zh/products?keywords=TIL212-1			consistent	源端与窄表均有值
TIL212-1	TI	led	forward_voltage_v	icpdf	可见光 LED		Y	icpdf:prajson2.最大正向电压	3.2	https://www.digikey.cn/zh/products?keywords=TIL212-1			consistent	源端与窄表均有值
TIL212-1	TI	led	luminous_intensity_mcd	icpdf	可见光 LED		N	icpdf:prajson2.标称发光强度		https://www.digikey.cn/zh/products?keywords=TIL212-1			upstream_missing	源端无键且窄表空，上游缺口可接受
TIL212-1	TI	led	peak_wavelength_nm	icpdf	可见光 LED		Y	icpdf:prajson2.峰值波长	580	https://www.digikey.cn/zh/products?keywords=TIL212-1			consistent	源端与窄表均有值
TIL212-2	TI	led	emission_color	icpdf	可见光 LED		Y	icpdf:prajson2.颜色	Yellow	https://www.digikey.cn/zh/products?keywords=TIL212-2			consistent	源端与窄表均有值
TIL212-2	TI	led	forward_voltage_v	icpdf	可见光 LED		Y	icpdf:prajson2.最大正向电压	3.2	https://www.digikey.cn/zh/products?keywords=TIL212-2			consistent	源端与窄表均有值
TIL212-2	TI	led	luminous_intensity_mcd	icpdf	可见光 LED		N	icpdf:prajson2.标称发光强度		https://www.digikey.cn/zh/products?keywords=TIL212-2			upstream_missing	源端无键且窄表空，上游缺口可接受
TIL212-2	TI	led	peak_wavelength_nm	icpdf	可见光 LED		Y	icpdf:prajson2.峰值波长	580	https://www.digikey.cn/zh/products?keywords=TIL212-2			consistent	源端与窄表均有值
TIL216-1	TI	led	emission_color	icpdf	可见光 LED		Y	icpdf:prajson2.颜色	Red	https://www.digikey.cn/zh/products?keywords=TIL216-1			consistent	源端与窄表均有值
TIL216-1	TI	led	forward_voltage_v	icpdf	可见光 LED		Y	icpdf:prajson2.最大正向电压	3.2	https://www.digikey.cn/zh/products?keywords=TIL216-1			consistent	源端与窄表均有值
TIL216-1	TI	led	luminous_intensity_mcd	icpdf	可见光 LED		N	icpdf:prajson2.标称发光强度		https://www.digikey.cn/zh/products?keywords=TIL216-1			upstream_missing	源端无键且窄表空，上游缺口可接受
TIL216-1	TI	led	peak_wavelength_nm	icpdf	可见光 LED		Y	icpdf:prajson2.峰值波长	620	https://www.digikey.cn/zh/products?keywords=TIL216-1			consistent	源端与窄表均有值
S4F42Q1(T10)	TOSHIBA	led	emission_color	icpdf	可见光 LED		N	icpdf:prajson2.颜色		https://www.digikey.cn/zh/products?keywords=S4F42Q1(T10)			upstream_missing	源端无键且窄表空，上游缺口可接受
S4F42Q1(T10)	TOSHIBA	led	forward_voltage_v	icpdf	可见光 LED		N	icpdf:prajson2.最大正向电压		https://www.digikey.cn/zh/products?keywords=S4F42Q1(T10)			upstream_missing	源端无键且窄表空，上游缺口可接受
S4F42Q1(T10)	TOSHIBA	led	luminous_intensity_mcd	icpdf	可见光 LED		N	icpdf:prajson2.标称发光强度		https://www.digikey.cn/zh/products?keywords=S4F42Q1(T10)			upstream_missing	源端无键且窄表空，上游缺口可接受
S4F42Q1(T10)	TOSHIBA	led	peak_wavelength_nm	icpdf	可见光 LED		N	icpdf:prajson2.峰值波长		https://www.digikey.cn/zh/products?keywords=S4F42Q1(T10)			upstream_missing	源端无键且窄表空，上游缺口可接受
S4F42Z1(T10)	TOSHIBA	led	emission_color	icpdf	可见光 LED		N	icpdf:prajson2.颜色		https://www.digikey.cn/zh/products?keywords=S4F42Z1(T10)			upstream_missing	源端无键且窄表空，上游缺口可接受
S4F42Z1(T10)	TOSHIBA	led	forward_voltage_v	icpdf	可见光 LED		N	icpdf:prajson2.最大正向电压		https://www.digikey.cn/zh/products?keywords=S4F42Z1(T10)			upstream_missing	源端无键且窄表空，上游缺口可接受
S4F42Z1(T10)	TOSHIBA	led	luminous_intensity_mcd	icpdf	可见光 LED		N	icpdf:prajson2.标称发光强度		https://www.digikey.cn/zh/products?keywords=S4F42Z1(T10)			upstream_missing	源端无键且窄表空，上游缺口可接受
S4F42Z1(T10)	TOSHIBA	led	peak_wavelength_nm	icpdf	可见光 LED		N	icpdf:prajson2.峰值波长		https://www.digikey.cn/zh/products?keywords=S4F42Z1(T10)			upstream_missing	源端无键且窄表空，上游缺口可接受
S4F43Q1(T09)	TOSHIBA	led	emission_color	icpdf	可见光 LED		N	icpdf:prajson2.颜色		https://www.digikey.cn/zh/products?keywords=S4F43Q1(T09)			upstream_missing	源端无键且窄表空，上游缺口可接受
S4F43Q1(T09)	TOSHIBA	led	forward_voltage_v	icpdf	可见光 LED		N	icpdf:prajson2.最大正向电压		https://www.digikey.cn/zh/products?keywords=S4F43Q1(T09)			upstream_missing	源端无键且窄表空，上游缺口可接受
S4F43Q1(T09)	TOSHIBA	led	luminous_intensity_mcd	icpdf	可见光 LED		N	icpdf:prajson2.标称发光强度		https://www.digikey.cn/zh/products?keywords=S4F43Q1(T09)			upstream_missing	源端无键且窄表空，上游缺口可接受
S4F43Q1(T09)	TOSHIBA	led	peak_wavelength_nm	icpdf	可见光 LED		N	icpdf:prajson2.峰值波长		https://www.digikey.cn/zh/products?keywords=S4F43Q1(T09)			upstream_missing	源端无键且窄表空，上游缺口可接受
S4F43Q1(T10)	TOSHIBA	led	emission_color	icpdf	可见光 LED		Y	icpdf:prajson2.颜色	Green	https://www.digikey.cn/zh/products?keywords=S4F43Q1(T10)			consistent	源端与窄表均有值
S4F43Q1(T10)	TOSHIBA	led	forward_voltage_v	icpdf	可见光 LED		Y	icpdf:prajson2.最大正向电压	2.8	https://www.digikey.cn/zh/products?keywords=S4F43Q1(T10)			consistent	源端与窄表均有值
S4F43Q1(T10)	TOSHIBA	led	luminous_intensity_mcd	icpdf	可见光 LED		Y	icpdf:prajson2.标称发光强度	250	https://www.digikey.cn/zh/products?keywords=S4F43Q1(T10)			consistent	源端与窄表均有值
S4F43Q1(T10)	TOSHIBA	led	peak_wavelength_nm	icpdf	可见光 LED		Y	icpdf:prajson2.峰值波长	574	https://www.digikey.cn/zh/products?keywords=S4F43Q1(T10)			consistent	源端与窄表均有值
S4F43Z1(T09)	TOSHIBA	led	emission_color	icpdf	可见光 LED		N	icpdf:prajson2.颜色		https://www.digikey.cn/zh/products?keywords=S4F43Z1(T09)			upstream_missing	源端无键且窄表空，上游缺口可接受
S4F43Z1(T09)	TOSHIBA	led	forward_voltage_v	icpdf	可见光 LED		N	icpdf:prajson2.最大正向电压		https://www.digikey.cn/zh/products?keywords=S4F43Z1(T09)			upstream_missing	源端无键且窄表空，上游缺口可接受
S4F43Z1(T09)	TOSHIBA	led	luminous_intensity_mcd	icpdf	可见光 LED		N	icpdf:prajson2.标称发光强度		https://www.digikey.cn/zh/products?keywords=S4F43Z1(T09)			upstream_missing	源端无键且窄表空，上游缺口可接受
S4F43Z1(T09)	TOSHIBA	led	peak_wavelength_nm	icpdf	可见光 LED		N	icpdf:prajson2.峰值波长		https://www.digikey.cn/zh/products?keywords=S4F43Z1(T09)			upstream_missing	源端无键且窄表空，上游缺口可接受
OP123	TTELEC	led	emission_color	icpdf	红外 LED		N	icpdf:prajson2.颜色		https://www.digikey.cn/zh/products?keywords=OP123			upstream_missing	源端无键且窄表空，上游缺口可接受
OP123	TTELEC	led	forward_voltage_v	icpdf	红外 LED		Y	icpdf:prajson2.最大正向电压	1.5	https://www.digikey.cn/zh/products?keywords=OP123			consistent	源端与窄表均有值
OP123	TTELEC	led	luminous_intensity_mcd	icpdf	红外 LED		N	icpdf:prajson2.标称发光强度		https://www.digikey.cn/zh/products?keywords=OP123			upstream_missing	源端无键且窄表空，上游缺口可接受
OP123	TTELEC	led	peak_wavelength_nm	icpdf	红外 LED		Y	icpdf:prajson2.峰值波长	935	https://www.digikey.cn/zh/products?keywords=OP123			consistent	源端与窄表均有值
OP124	TTELEC	led	emission_color	icpdf	红外 LED		N	icpdf:prajson2.颜色		https://www.digikey.cn/zh/products?keywords=OP124			upstream_missing	源端无键且窄表空，上游缺口可接受
OP124	TTELEC	led	forward_voltage_v	icpdf	红外 LED		Y	icpdf:prajson2.最大正向电压	1.5	https://www.digikey.cn/zh/products?keywords=OP124			consistent	源端与窄表均有值
OP124	TTELEC	led	luminous_intensity_mcd	icpdf	红外 LED		N	icpdf:prajson2.标称发光强度		https://www.digikey.cn/zh/products?keywords=OP124			upstream_missing	源端无键且窄表空，上游缺口可接受
OP124	TTELEC	led	peak_wavelength_nm	icpdf	红外 LED		Y	icpdf:prajson2.峰值波长	935	https://www.digikey.cn/zh/products?keywords=OP124			consistent	源端与窄表均有值
OP131	TTELEC	led	emission_color	icpdf	红外 LED		N	icpdf:prajson2.颜色		https://www.digikey.cn/zh/products?keywords=OP131			upstream_missing	源端无键且窄表空，上游缺口可接受
OP131	TTELEC	led	forward_voltage_v	icpdf	红外 LED		Y	icpdf:prajson2.最大正向电压	1.8	https://www.digikey.cn/zh/products?keywords=OP131			consistent	源端与窄表均有值
OP131	TTELEC	led	luminous_intensity_mcd	icpdf	红外 LED		N	icpdf:prajson2.标称发光强度		https://www.digikey.cn/zh/products?keywords=OP131			upstream_missing	源端无键且窄表空，上游缺口可接受
OP131	TTELEC	led	peak_wavelength_nm	icpdf	红外 LED		Y	icpdf:prajson2.峰值波长	935	https://www.digikey.cn/zh/products?keywords=OP131			consistent	源端与窄表均有值
OP132	TTELEC	led	emission_color	icpdf	红外 LED		N	icpdf:prajson2.颜色		https://www.digikey.cn/zh/products?keywords=OP132			upstream_missing	源端无键且窄表空，上游缺口可接受
OP132	TTELEC	led	forward_voltage_v	icpdf	红外 LED		Y	icpdf:prajson2.最大正向电压	1.8	https://www.digikey.cn/zh/products?keywords=OP132			consistent	源端与窄表均有值
OP132	TTELEC	led	luminous_intensity_mcd	icpdf	红外 LED		N	icpdf:prajson2.标称发光强度		https://www.digikey.cn/zh/products?keywords=OP132			upstream_missing	源端无键且窄表空，上游缺口可接受
OP132	TTELEC	led	peak_wavelength_nm	icpdf	红外 LED		Y	icpdf:prajson2.峰值波长	935	https://www.digikey.cn/zh/products?keywords=OP132			consistent	源端与窄表均有值
OP133	TTELEC	led	emission_color	icpdf			N	icpdf:prajson2.颜色		https://www.digikey.cn/zh/products?keywords=OP133			upstream_missing	源端无键且窄表空，上游缺口可接受
OP133	TTELEC	led	forward_voltage_v	icpdf			N	icpdf:prajson2.最大正向电压		https://www.digikey.cn/zh/products?keywords=OP133			upstream_missing	源端无键且窄表空，上游缺口可接受
OP133	TTELEC	led	luminous_intensity_mcd	icpdf			N	icpdf:prajson2.标称发光强度		https://www.digikey.cn/zh/products?keywords=OP133			upstream_missing	源端无键且窄表空，上游缺口可接受
OP133	TTELEC	led	peak_wavelength_nm	icpdf			N	icpdf:prajson2.峰值波长		https://www.digikey.cn/zh/products?keywords=OP133			upstream_missing	源端无键且窄表空，上游缺口可接受
HT-P178NBH	UOT	led	emission_color	icpdf	可见光 LED		N	icpdf:prajson2.颜色		https://www.digikey.cn/zh/products?keywords=HT-P178NBH			upstream_missing	源端无键且窄表空，上游缺口可接受
HT-P178NBH	UOT	led	forward_voltage_v	icpdf	可见光 LED		N	icpdf:prajson2.最大正向电压		https://www.digikey.cn/zh/products?keywords=HT-P178NBH			upstream_missing	源端无键且窄表空，上游缺口可接受
HT-P178NBH	UOT	led	luminous_intensity_mcd	icpdf	可见光 LED		N	icpdf:prajson2.标称发光强度		https://www.digikey.cn/zh/products?keywords=HT-P178NBH			upstream_missing	源端无键且窄表空，上游缺口可接受
HT-P178NBH	UOT	led	peak_wavelength_nm	icpdf	可见光 LED		N	icpdf:prajson2.峰值波长		https://www.digikey.cn/zh/products?keywords=HT-P178NBH			upstream_missing	源端无键且窄表空，上游缺口可接受
HT-P178NGH	UOT	led	emission_color	icpdf	可见光 LED		N	icpdf:prajson2.颜色		https://www.digikey.cn/zh/products?keywords=HT-P178NGH			upstream_missing	源端无键且窄表空，上游缺口可接受
HT-P178NGH	UOT	led	forward_voltage_v	icpdf	可见光 LED		N	icpdf:prajson2.最大正向电压		https://www.digikey.cn/zh/products?keywords=HT-P178NGH			upstream_missing	源端无键且窄表空，上游缺口可接受
HT-P178NGH	UOT	led	luminous_intensity_mcd	icpdf	可见光 LED		N	icpdf:prajson2.标称发光强度		https://www.digikey.cn/zh/products?keywords=HT-P178NGH			upstream_missing	源端无键且窄表空，上游缺口可接受
HT-P178NGH	UOT	led	peak_wavelength_nm	icpdf	可见光 LED		N	icpdf:prajson2.峰值波长		https://www.digikey.cn/zh/products?keywords=HT-P178NGH			upstream_missing	源端无键且窄表空，上游缺口可接受
HT-P178USDT	UOT	led	emission_color	icpdf	可见光 LED		N	icpdf:prajson2.颜色		https://www.digikey.cn/zh/products?keywords=HT-P178USDT			upstream_missing	源端无键且窄表空，上游缺口可接受
HT-P178USDT	UOT	led	forward_voltage_v	icpdf	可见光 LED		N	icpdf:prajson2.最大正向电压		https://www.digikey.cn/zh/products?keywords=HT-P178USDT			upstream_missing	源端无键且窄表空，上游缺口可接受
HT-P178USDT	UOT	led	luminous_intensity_mcd	icpdf	可见光 LED		N	icpdf:prajson2.标称发光强度		https://www.digikey.cn/zh/products?keywords=HT-P178USDT			upstream_missing	源端无键且窄表空，上游缺口可接受
HT-P178USDT	UOT	led	peak_wavelength_nm	icpdf	可见光 LED		N	icpdf:prajson2.峰值波长		https://www.digikey.cn/zh/products?keywords=HT-P178USDT			upstream_missing	源端无键且窄表空，上游缺口可接受
HT-P178UYJ	UOT	led	emission_color	icpdf	可见光 LED		N	icpdf:prajson2.颜色		https://www.digikey.cn/zh/products?keywords=HT-P178UYJ			upstream_missing	源端无键且窄表空，上游缺口可接受
HT-P178UYJ	UOT	led	forward_voltage_v	icpdf	可见光 LED		N	icpdf:prajson2.最大正向电压		https://www.digikey.cn/zh/products?keywords=HT-P178UYJ			upstream_missing	源端无键且窄表空，上游缺口可接受
HT-P178UYJ	UOT	led	luminous_intensity_mcd	icpdf	可见光 LED		N	icpdf:prajson2.标称发光强度		https://www.digikey.cn/zh/products?keywords=HT-P178UYJ			upstream_missing	源端无键且窄表空，上游缺口可接受
HT-P178UYJ	UOT	led	peak_wavelength_nm	icpdf	可见光 LED		N	icpdf:prajson2.峰值波长		https://www.digikey.cn/zh/products?keywords=HT-P178UYJ			upstream_missing	源端无键且窄表空，上游缺口可接受
HT-P178UYT	UOT	led	emission_color	icpdf	可见光 LED		N	icpdf:prajson2.颜色		https://www.digikey.cn/zh/products?keywords=HT-P178UYT			upstream_missing	源端无键且窄表空，上游缺口可接受
HT-P178UYT	UOT	led	forward_voltage_v	icpdf	可见光 LED		N	icpdf:prajson2.最大正向电压		https://www.digikey.cn/zh/products?keywords=HT-P178UYT			upstream_missing	源端无键且窄表空，上游缺口可接受
HT-P178UYT	UOT	led	luminous_intensity_mcd	icpdf	可见光 LED		N	icpdf:prajson2.标称发光强度		https://www.digikey.cn/zh/products?keywords=HT-P178UYT			upstream_missing	源端无键且窄表空，上游缺口可接受
HT-P178UYT	UOT	led	peak_wavelength_nm	icpdf	可见光 LED		N	icpdf:prajson2.峰值波长		https://www.digikey.cn/zh/products?keywords=HT-P178UYT			upstream_missing	源端无键且窄表空，上游缺口可接受
1031D1	VCC	led	emission_color	icpdf			N	icpdf:prajson2.颜色		https://www.digikey.cn/zh/products?keywords=1031D1			upstream_missing	源端无键且窄表空，上游缺口可接受
1031D1	VCC	led	forward_voltage_v	icpdf			N	icpdf:prajson2.最大正向电压		https://www.digikey.cn/zh/products?keywords=1031D1			upstream_missing	源端无键且窄表空，上游缺口可接受
1031D1	VCC	led	luminous_intensity_mcd	icpdf			N	icpdf:prajson2.标称发光强度		https://www.digikey.cn/zh/products?keywords=1031D1			upstream_missing	源端无键且窄表空，上游缺口可接受
1031D1	VCC	led	peak_wavelength_nm	icpdf			N	icpdf:prajson2.峰值波长		https://www.digikey.cn/zh/products?keywords=1031D1			upstream_missing	源端无键且窄表空，上游缺口可接受
1031D3	VCC	led	emission_color	icpdf			N	icpdf:prajson2.颜色		https://www.digikey.cn/zh/products?keywords=1031D3			upstream_missing	源端无键且窄表空，上游缺口可接受
1031D3	VCC	led	forward_voltage_v	icpdf			N	icpdf:prajson2.最大正向电压		https://www.digikey.cn/zh/products?keywords=1031D3			upstream_missing	源端无键且窄表空，上游缺口可接受
1031D3	VCC	led	luminous_intensity_mcd	icpdf			N	icpdf:prajson2.标称发光强度		https://www.digikey.cn/zh/products?keywords=1031D3			upstream_missing	源端无键且窄表空，上游缺口可接受
1031D3	VCC	led	peak_wavelength_nm	icpdf			N	icpdf:prajson2.峰值波长		https://www.digikey.cn/zh/products?keywords=1031D3			upstream_missing	源端无键且窄表空，上游缺口可接受
1050C1	VCC	led	emission_color	icpdf	可见光 LED		Y	icpdf:prajson2.颜色	Red	https://www.digikey.cn/zh/products?keywords=1050C1			consistent	源端与窄表均有值
1050C1	VCC	led	forward_voltage_v	icpdf	可见光 LED		N	icpdf:prajson2.最大正向电压		https://www.digikey.cn/zh/products?keywords=1050C1			upstream_missing	源端无键且窄表空，上游缺口可接受
1050C1	VCC	led	luminous_intensity_mcd	icpdf	可见光 LED		N	icpdf:prajson2.标称发光强度		https://www.digikey.cn/zh/products?keywords=1050C1			upstream_missing	源端无键且窄表空，上游缺口可接受
1050C1	VCC	led	peak_wavelength_nm	icpdf	可见光 LED		N	icpdf:prajson2.峰值波长		https://www.digikey.cn/zh/products?keywords=1050C1			upstream_missing	源端无键且窄表空，上游缺口可接受
1050C3	VCC	led	emission_color	icpdf	可见光 LED		Y	icpdf:prajson2.颜色	Orange	https://www.digikey.cn/zh/products?keywords=1050C3			consistent	源端与窄表均有值
1050C3	VCC	led	forward_voltage_v	icpdf	可见光 LED		N	icpdf:prajson2.最大正向电压		https://www.digikey.cn/zh/products?keywords=1050C3			upstream_missing	源端无键且窄表空，上游缺口可接受
1050C3	VCC	led	luminous_intensity_mcd	icpdf	可见光 LED		N	icpdf:prajson2.标称发光强度		https://www.digikey.cn/zh/products?keywords=1050C3			upstream_missing	源端无键且窄表空，上游缺口可接受
1050C3	VCC	led	peak_wavelength_nm	icpdf	可见光 LED		N	icpdf:prajson2.峰值波长		https://www.digikey.cn/zh/products?keywords=1050C3			upstream_missing	源端无键且窄表空，上游缺口可接受
1050C4	VCC	led	emission_color	icpdf	可见光 LED		Y	icpdf:prajson2.颜色	White	https://www.digikey.cn/zh/products?keywords=1050C4			consistent	源端与窄表均有值
1050C4	VCC	led	forward_voltage_v	icpdf	可见光 LED		N	icpdf:prajson2.最大正向电压		https://www.digikey.cn/zh/products?keywords=1050C4			upstream_missing	源端无键且窄表空，上游缺口可接受
1050C4	VCC	led	luminous_intensity_mcd	icpdf	可见光 LED		N	icpdf:prajson2.标称发光强度		https://www.digikey.cn/zh/products?keywords=1050C4			upstream_missing	源端无键且窄表空，上游缺口可接受
1050C4	VCC	led	peak_wavelength_nm	icpdf	可见光 LED		N	icpdf:prajson2.峰值波长		https://www.digikey.cn/zh/products?keywords=1050C4			upstream_missing	源端无键且窄表空，上游缺口可接受
LCD-012N002A-ABB-EE	VISHAY	led	emission_color	icpdf	其他光电器件		N	icpdf:prajson2.颜色		https://www.digikey.cn/zh/products?keywords=LCD-012N002A-ABB-EE			upstream_missing	源端无键且窄表空，上游缺口可接受
LCD-012N002A-ABB-EE	VISHAY	led	forward_voltage_v	icpdf	其他光电器件		N	icpdf:prajson2.最大正向电压		https://www.digikey.cn/zh/products?keywords=LCD-012N002A-ABB-EE			upstream_missing	源端无键且窄表空，上游缺口可接受
LCD-012N002A-ABB-EE	VISHAY	led	luminous_intensity_mcd	icpdf	其他光电器件		N	icpdf:prajson2.标称发光强度		https://www.digikey.cn/zh/products?keywords=LCD-012N002A-ABB-EE			upstream_missing	源端无键且窄表空，上游缺口可接受
LCD-012N002A-ABB-EE	VISHAY	led	peak_wavelength_nm	icpdf	其他光电器件		N	icpdf:prajson2.峰值波长		https://www.digikey.cn/zh/products?keywords=LCD-012N002A-ABB-EE			upstream_missing	源端无键且窄表空，上游缺口可接受
LCD-012N002A-DBH-EE	VISHAY	led	emission_color	icpdf	其他光电器件		N	icpdf:prajson2.颜色		https://www.digikey.cn/zh/products?keywords=LCD-012N002A-DBH-EE			upstream_missing	源端无键且窄表空，上游缺口可接受
LCD-012N002A-DBH-EE	VISHAY	led	forward_voltage_v	icpdf	其他光电器件		N	icpdf:prajson2.最大正向电压		https://www.digikey.cn/zh/products?keywords=LCD-012N002A-DBH-EE			upstream_missing	源端无键且窄表空，上游缺口可接受
LCD-012N002A-DBH-EE	VISHAY	led	luminous_intensity_mcd	icpdf	其他光电器件		N	icpdf:prajson2.标称发光强度		https://www.digikey.cn/zh/products?keywords=LCD-012N002A-DBH-EE			upstream_missing	源端无键且窄表空，上游缺口可接受
LCD-012N002A-DBH-EE	VISHAY	led	peak_wavelength_nm	icpdf	其他光电器件		N	icpdf:prajson2.峰值波长		https://www.digikey.cn/zh/products?keywords=LCD-012N002A-DBH-EE			upstream_missing	源端无键且窄表空，上游缺口可接受
LCD-012N002A-DME-EE	VISHAY	led	emission_color	icpdf	其他光电器件		N	icpdf:prajson2.颜色		https://www.digikey.cn/zh/products?keywords=LCD-012N002A-DME-EE			upstream_missing	源端无键且窄表空，上游缺口可接受
LCD-012N002A-DME-EE	VISHAY	led	forward_voltage_v	icpdf	其他光电器件		N	icpdf:prajson2.最大正向电压		https://www.digikey.cn/zh/products?keywords=LCD-012N002A-DME-EE			upstream_missing	源端无键且窄表空，上游缺口可接受
LCD-012N002A-DME-EE	VISHAY	led	luminous_intensity_mcd	icpdf	其他光电器件		N	icpdf:prajson2.标称发光强度		https://www.digikey.cn/zh/products?keywords=LCD-012N002A-DME-EE			upstream_missing	源端无键且窄表空，上游缺口可接受
LCD-012N002A-DME-EE	VISHAY	led	peak_wavelength_nm	icpdf	其他光电器件		N	icpdf:prajson2.峰值波长		https://www.digikey.cn/zh/products?keywords=LCD-012N002A-DME-EE			upstream_missing	源端无键且窄表空，上游缺口可接受
LCD-012N002A-WML-EN	VISHAY	led	emission_color	icpdf	其他光电器件		N	icpdf:prajson2.颜色		https://www.digikey.cn/zh/products?keywords=LCD-012N002A-WML-EN			upstream_missing	源端无键且窄表空，上游缺口可接受
LCD-012N002A-WML-EN	VISHAY	led	forward_voltage_v	icpdf	其他光电器件		N	icpdf:prajson2.最大正向电压		https://www.digikey.cn/zh/products?keywords=LCD-012N002A-WML-EN			upstream_missing	源端无键且窄表空，上游缺口可接受
LCD-012N002A-WML-EN	VISHAY	led	luminous_intensity_mcd	icpdf	其他光电器件		N	icpdf:prajson2.标称发光强度		https://www.digikey.cn/zh/products?keywords=LCD-012N002A-WML-EN			upstream_missing	源端无键且窄表空，上游缺口可接受
LCD-012N002A-WML-EN	VISHAY	led	peak_wavelength_nm	icpdf	其他光电器件		N	icpdf:prajson2.峰值波长		https://www.digikey.cn/zh/products?keywords=LCD-012N002A-WML-EN			upstream_missing	源端无键且窄表空，上游缺口可接受
LCD-016N001A-WML-EN	VISHAY	led	emission_color	icpdf	其他光电器件		N	icpdf:prajson2.颜色		https://www.digikey.cn/zh/products?keywords=LCD-016N001A-WML-EN			upstream_missing	源端无键且窄表空，上游缺口可接受
LCD-016N001A-WML-EN	VISHAY	led	forward_voltage_v	icpdf	其他光电器件		N	icpdf:prajson2.最大正向电压		https://www.digikey.cn/zh/products?keywords=LCD-016N001A-WML-EN			upstream_missing	源端无键且窄表空，上游缺口可接受
LCD-016N001A-WML-EN	VISHAY	led	luminous_intensity_mcd	icpdf	其他光电器件		N	icpdf:prajson2.标称发光强度		https://www.digikey.cn/zh/products?keywords=LCD-016N001A-WML-EN			upstream_missing	源端无键且窄表空，上游缺口可接受
LCD-016N001A-WML-EN	VISHAY	led	peak_wavelength_nm	icpdf	其他光电器件		N	icpdf:prajson2.峰值波长		https://www.digikey.cn/zh/products?keywords=LCD-016N001A-WML-EN			upstream_missing	源端无键且窄表空，上游缺口可接受
WT-182BP5	WEITRON	led	emission_color	icpdf	可见光 LED		N	icpdf:prajson2.颜色		https://www.digikey.cn/zh/products?keywords=WT-182BP5			upstream_missing	源端无键且窄表空，上游缺口可接受
WT-182BP5	WEITRON	led	forward_voltage_v	icpdf	可见光 LED		N	icpdf:prajson2.最大正向电压		https://www.digikey.cn/zh/products?keywords=WT-182BP5			upstream_missing	源端无键且窄表空，上游缺口可接受
WT-182BP5	WEITRON	led	luminous_intensity_mcd	icpdf	可见光 LED		N	icpdf:prajson2.标称发光强度		https://www.digikey.cn/zh/products?keywords=WT-182BP5			upstream_missing	源端无键且窄表空，上游缺口可接受
WT-182BP5	WEITRON	led	peak_wavelength_nm	icpdf	可见光 LED		N	icpdf:prajson2.峰值波长		https://www.digikey.cn/zh/products?keywords=WT-182BP5			upstream_missing	源端无键且窄表空，上游缺口可接受
150040AS73220	WURTH	led	emission_color	icpdf	可见光 LED		N	icpdf:prajson2.颜色		https://www.digikey.cn/zh/products?keywords=150040AS73220			upstream_missing	源端无键且窄表空，上游缺口可接受
150040AS73220	WURTH	led	forward_voltage_v	icpdf	可见光 LED		N	icpdf:prajson2.最大正向电压		https://www.digikey.cn/zh/products?keywords=150040AS73220			upstream_missing	源端无键且窄表空，上游缺口可接受
150040AS73220	WURTH	led	luminous_intensity_mcd	icpdf	可见光 LED		N	icpdf:prajson2.标称发光强度		https://www.digikey.cn/zh/products?keywords=150040AS73220			upstream_missing	源端无键且窄表空，上游缺口可接受
150040AS73220	WURTH	led	peak_wavelength_nm	icpdf	可见光 LED		N	icpdf:prajson2.峰值波长		https://www.digikey.cn/zh/products?keywords=150040AS73220			upstream_missing	源端无键且窄表空，上游缺口可接受
150040AS73240	WURTH	led	emission_color	icpdf	可见光 LED		N	icpdf:prajson2.颜色		https://www.digikey.cn/zh/products?keywords=150040AS73240			upstream_missing	源端无键且窄表空，上游缺口可接受
150040AS73240	WURTH	led	forward_voltage_v	icpdf	可见光 LED		N	icpdf:prajson2.最大正向电压		https://www.digikey.cn/zh/products?keywords=150040AS73240			upstream_missing	源端无键且窄表空，上游缺口可接受
150040AS73240	WURTH	led	luminous_intensity_mcd	icpdf	可见光 LED		N	icpdf:prajson2.标称发光强度		https://www.digikey.cn/zh/products?keywords=150040AS73240			upstream_missing	源端无键且窄表空，上游缺口可接受
150040AS73240	WURTH	led	peak_wavelength_nm	icpdf	可见光 LED		N	icpdf:prajson2.峰值波长		https://www.digikey.cn/zh/products?keywords=150040AS73240			upstream_missing	源端无键且窄表空，上游缺口可接受
150040BS73220	WURTH	led	emission_color	icpdf	可见光 LED		N	icpdf:prajson2.颜色		https://www.digikey.cn/zh/products?keywords=150040BS73220			upstream_missing	源端无键且窄表空，上游缺口可接受
150040BS73220	WURTH	led	forward_voltage_v	icpdf	可见光 LED		N	icpdf:prajson2.最大正向电压		https://www.digikey.cn/zh/products?keywords=150040BS73220			upstream_missing	源端无键且窄表空，上游缺口可接受
150040BS73220	WURTH	led	luminous_intensity_mcd	icpdf	可见光 LED		N	icpdf:prajson2.标称发光强度		https://www.digikey.cn/zh/products?keywords=150040BS73220			upstream_missing	源端无键且窄表空，上游缺口可接受
150040BS73220	WURTH	led	peak_wavelength_nm	icpdf	可见光 LED		N	icpdf:prajson2.峰值波长		https://www.digikey.cn/zh/products?keywords=150040BS73220			upstream_missing	源端无键且窄表空，上游缺口可接受
150040BS73240	WURTH	led	emission_color	icpdf	可见光 LED		N	icpdf:prajson2.颜色		https://www.digikey.cn/zh/products?keywords=150040BS73240			upstream_missing	源端无键且窄表空，上游缺口可接受
150040BS73240	WURTH	led	forward_voltage_v	icpdf	可见光 LED		N	icpdf:prajson2.最大正向电压		https://www.digikey.cn/zh/products?keywords=150040BS73240			upstream_missing	源端无键且窄表空，上游缺口可接受
150040BS73240	WURTH	led	luminous_intensity_mcd	icpdf	可见光 LED		N	icpdf:prajson2.标称发光强度		https://www.digikey.cn/zh/products?keywords=150040BS73240			upstream_missing	源端无键且窄表空，上游缺口可接受
150040BS73240	WURTH	led	peak_wavelength_nm	icpdf	可见光 LED		N	icpdf:prajson2.峰值波长		https://www.digikey.cn/zh/products?keywords=150040BS73240			upstream_missing	源端无键且窄表空，上游缺口可接受
150040GS73220	WURTH	led	emission_color	icpdf	可见光 LED		N	icpdf:prajson2.颜色		https://www.digikey.cn/zh/products?keywords=150040GS73220			upstream_missing	源端无键且窄表空，上游缺口可接受
150040GS73220	WURTH	led	forward_voltage_v	icpdf	可见光 LED		N	icpdf:prajson2.最大正向电压		https://www.digikey.cn/zh/products?keywords=150040GS73220			upstream_missing	源端无键且窄表空，上游缺口可接受
150040GS73220	WURTH	led	luminous_intensity_mcd	icpdf	可见光 LED		N	icpdf:prajson2.标称发光强度		https://www.digikey.cn/zh/products?keywords=150040GS73220			upstream_missing	源端无键且窄表空，上游缺口可接受
150040GS73220	WURTH	led	peak_wavelength_nm	icpdf	可见光 LED		N	icpdf:prajson2.峰值波长		https://www.digikey.cn/zh/products?keywords=150040GS73220			upstream_missing	源端无键且窄表空，上游缺口可接受
1L0345G62B0CA001	YSTONE	led	emission_color	icpdf	可见光 LED		N	icpdf:prajson2.颜色		https://www.digikey.cn/zh/products?keywords=1L0345G62B0CA001			upstream_missing	源端无键且窄表空，上游缺口可接受
1L0345G62B0CA001	YSTONE	led	forward_voltage_v	icpdf	可见光 LED		N	icpdf:prajson2.最大正向电压		https://www.digikey.cn/zh/products?keywords=1L0345G62B0CA001			upstream_missing	源端无键且窄表空，上游缺口可接受
1L0345G62B0CA001	YSTONE	led	luminous_intensity_mcd	icpdf	可见光 LED		N	icpdf:prajson2.标称发光强度		https://www.digikey.cn/zh/products?keywords=1L0345G62B0CA001			upstream_missing	源端无键且窄表空，上游缺口可接受
1L0345G62B0CA001	YSTONE	led	peak_wavelength_nm	icpdf	可见光 LED		N	icpdf:prajson2.峰值波长		https://www.digikey.cn/zh/products?keywords=1L0345G62B0CA001			upstream_missing	源端无键且窄表空，上游缺口可接受
1L034CA21A0CA001	YSTONE	led	emission_color	icpdf	可见光 LED		N	icpdf:prajson2.颜色		https://www.digikey.cn/zh/products?keywords=1L034CA21A0CA001			upstream_missing	源端无键且窄表空，上游缺口可接受
1L034CA21A0CA001	YSTONE	led	forward_voltage_v	icpdf	可见光 LED		N	icpdf:prajson2.最大正向电压		https://www.digikey.cn/zh/products?keywords=1L034CA21A0CA001			upstream_missing	源端无键且窄表空，上游缺口可接受
1L034CA21A0CA001	YSTONE	led	luminous_intensity_mcd	icpdf	可见光 LED		N	icpdf:prajson2.标称发光强度		https://www.digikey.cn/zh/products?keywords=1L034CA21A0CA001			upstream_missing	源端无键且窄表空，上游缺口可接受
1L034CA21A0CA001	YSTONE	led	peak_wavelength_nm	icpdf	可见光 LED		N	icpdf:prajson2.峰值波长		https://www.digikey.cn/zh/products?keywords=1L034CA21A0CA001			upstream_missing	源端无键且窄表空，上游缺口可接受
1L0534A21A0CA201	YSTONE	led	emission_color	icpdf	可见光 LED		N	icpdf:prajson2.颜色		https://www.digikey.cn/zh/products?keywords=1L0534A21A0CA201			upstream_missing	源端无键且窄表空，上游缺口可接受
1L0534A21A0CA201	YSTONE	led	forward_voltage_v	icpdf	可见光 LED		N	icpdf:prajson2.最大正向电压		https://www.digikey.cn/zh/products?keywords=1L0534A21A0CA201			upstream_missing	源端无键且窄表空，上游缺口可接受
1L0534A21A0CA201	YSTONE	led	luminous_intensity_mcd	icpdf	可见光 LED		N	icpdf:prajson2.标称发光强度		https://www.digikey.cn/zh/products?keywords=1L0534A21A0CA201			upstream_missing	源端无键且窄表空，上游缺口可接受
1L0534A21A0CA201	YSTONE	led	peak_wavelength_nm	icpdf	可见光 LED		N	icpdf:prajson2.峰值波长		https://www.digikey.cn/zh/products?keywords=1L0534A21A0CA201			upstream_missing	源端无键且窄表空，上游缺口可接受
1P05S6V23D0CA101	YSTONE	led	emission_color	icpdf	可见光 LED		N	icpdf:prajson2.颜色		https://www.digikey.cn/zh/products?keywords=1P05S6V23D0CA101			upstream_missing	源端无键且窄表空，上游缺口可接受
1P05S6V23D0CA101	YSTONE	led	forward_voltage_v	icpdf	可见光 LED		N	icpdf:prajson2.最大正向电压		https://www.digikey.cn/zh/products?keywords=1P05S6V23D0CA101			upstream_missing	源端无键且窄表空，上游缺口可接受
1P05S6V23D0CA101	YSTONE	led	luminous_intensity_mcd	icpdf	可见光 LED		N	icpdf:prajson2.标称发光强度		https://www.digikey.cn/zh/products?keywords=1P05S6V23D0CA101			upstream_missing	源端无键且窄表空，上游缺口可接受
1P05S6V23D0CA101	YSTONE	led	peak_wavelength_nm	icpdf	可见光 LED		N	icpdf:prajson2.峰值波长		https://www.digikey.cn/zh/products?keywords=1P05S6V23D0CA101			upstream_missing	源端无键且窄表空，上游缺口可接受
AL3020TC-DPG	YSTONE	led	emission_color	icpdf	可见光 LED	陶瓷基本型高性能LED灯	N	icpdf:prajson2.颜色		https://www.digikey.cn/zh/products?keywords=AL3020TC-DPG			upstream_missing	源端无键且窄表空，上游缺口可接受
AL3020TC-DPG	YSTONE	led	forward_voltage_v	icpdf	可见光 LED	陶瓷基本型高性能LED灯	N	icpdf:prajson2.最大正向电压		https://www.digikey.cn/zh/products?keywords=AL3020TC-DPG			upstream_missing	源端无键且窄表空，上游缺口可接受
AL3020TC-DPG	YSTONE	led	luminous_intensity_mcd	icpdf	可见光 LED	陶瓷基本型高性能LED灯	N	icpdf:prajson2.标称发光强度		https://www.digikey.cn/zh/products?keywords=AL3020TC-DPG			upstream_missing	源端无键且窄表空，上游缺口可接受
AL3020TC-DPG	YSTONE	led	peak_wavelength_nm	icpdf	可见光 LED	陶瓷基本型高性能LED灯	N	icpdf:prajson2.峰值波长		https://www.digikey.cn/zh/products?keywords=AL3020TC-DPG			upstream_missing	源端无键且窄表空，上游缺口可接受
FPL2650-FP	AGILENT	laser_diode	laser_type	icpdf	激光二极管		Y	icpdf:prajson2.子类别	Laser Diodes	https://www.digikey.cn/zh/products?keywords=FPL2650-FP			consistent	源端与窄表均有值
FPL2650-FP	AGILENT	laser_diode	optical_power_mw	icpdf	激光二极管		N	icpdf:prajson2.标称输出功率		https://www.digikey.cn/zh/products?keywords=FPL2650-FP			business_not_public	商城/源端通常无此参数，业务看替代列
FPL2650-FP	AGILENT	laser_diode	peak_wavelength_nm	icpdf	激光二极管		Y	icpdf:prajson2.峰值波长	1480	https://www.digikey.cn/zh/products?keywords=FPL2650-FP			consistent	源端与窄表均有值
FPL2650-FP	AGILENT	laser_diode	threshold_current_ma	icpdf	激光二极管		N	icpdf:prajson2.最大阈值电流		https://www.digikey.cn/zh/products?keywords=FPL2650-FP			upstream_missing	源端无键且窄表空，上游缺口可接受
FPL2655-AP	AGILENT	laser_diode	laser_type	icpdf	激光二极管		Y	icpdf:prajson2.子类别	Laser Diodes	https://www.digikey.cn/zh/products?keywords=FPL2655-AP			consistent	源端与窄表均有值
FPL2655-AP	AGILENT	laser_diode	optical_power_mw	icpdf	激光二极管		N	icpdf:prajson2.标称输出功率		https://www.digikey.cn/zh/products?keywords=FPL2655-AP			business_not_public	商城/源端通常无此参数，业务看替代列
FPL2655-AP	AGILENT	laser_diode	peak_wavelength_nm	icpdf	激光二极管		Y	icpdf:prajson2.峰值波长	1480	https://www.digikey.cn/zh/products?keywords=FPL2655-AP			consistent	源端与窄表均有值
FPL2655-AP	AGILENT	laser_diode	threshold_current_ma	icpdf	激光二极管		N	icpdf:prajson2.最大阈值电流		https://www.digikey.cn/zh/products?keywords=FPL2655-AP			upstream_missing	源端无键且窄表空，上游缺口可接受
FPL2655-DN	AGILENT	laser_diode	laser_type	icpdf	激光二极管		Y	icpdf:prajson2.子类别	Laser Diodes	https://www.digikey.cn/zh/products?keywords=FPL2655-DN			consistent	源端与窄表均有值
FPL2655-DN	AGILENT	laser_diode	optical_power_mw	icpdf	激光二极管		N	icpdf:prajson2.标称输出功率		https://www.digikey.cn/zh/products?keywords=FPL2655-DN			business_not_public	商城/源端通常无此参数，业务看替代列
FPL2655-DN	AGILENT	laser_diode	peak_wavelength_nm	icpdf	激光二极管		Y	icpdf:prajson2.峰值波长	1480	https://www.digikey.cn/zh/products?keywords=FPL2655-DN			consistent	源端与窄表均有值
FPL2655-DN	AGILENT	laser_diode	threshold_current_ma	icpdf	激光二极管		N	icpdf:prajson2.最大阈值电流		https://www.digikey.cn/zh/products?keywords=FPL2655-DN			upstream_missing	源端无键且窄表空，上游缺口可接受
FPL2655-SF	AGILENT	laser_diode	laser_type	icpdf	激光二极管		Y	icpdf:prajson2.子类别	Laser Diodes	https://www.digikey.cn/zh/products?keywords=FPL2655-SF			consistent	源端与窄表均有值
FPL2655-SF	AGILENT	laser_diode	optical_power_mw	icpdf	激光二极管		N	icpdf:prajson2.标称输出功率		https://www.digikey.cn/zh/products?keywords=FPL2655-SF			business_not_public	商城/源端通常无此参数，业务看替代列
FPL2655-SF	AGILENT	laser_diode	peak_wavelength_nm	icpdf	激光二极管		Y	icpdf:prajson2.峰值波长	1480	https://www.digikey.cn/zh/products?keywords=FPL2655-SF			consistent	源端与窄表均有值
FPL2655-SF	AGILENT	laser_diode	threshold_current_ma	icpdf	激光二极管		N	icpdf:prajson2.最大阈值电流		https://www.digikey.cn/zh/products?keywords=FPL2655-SF			upstream_missing	源端无键且窄表空，上游缺口可接受
FPL2655-ST	AGILENT	laser_diode	laser_type	icpdf	激光二极管		Y	icpdf:prajson2.子类别	Laser Diodes	https://www.digikey.cn/zh/products?keywords=FPL2655-ST			consistent	源端与窄表均有值
FPL2655-ST	AGILENT	laser_diode	optical_power_mw	icpdf	激光二极管		N	icpdf:prajson2.标称输出功率		https://www.digikey.cn/zh/products?keywords=FPL2655-ST			business_not_public	商城/源端通常无此参数，业务看替代列
FPL2655-ST	AGILENT	laser_diode	peak_wavelength_nm	icpdf	激光二极管		Y	icpdf:prajson2.峰值波长	1480	https://www.digikey.cn/zh/products?keywords=FPL2655-ST			consistent	源端与窄表均有值
FPL2655-ST	AGILENT	laser_diode	threshold_current_ma	icpdf	激光二极管		N	icpdf:prajson2.最大阈值电流		https://www.digikey.cn/zh/products?keywords=FPL2655-ST			upstream_missing	源端无键且窄表空，上游缺口可接受
L10451-04	HAMAMATSU	laser_diode	laser_type	icpdf	激光二极管		N	icpdf:prajson2.子类别		https://www.digikey.cn/zh/products?keywords=L10451-04			upstream_missing	源端无键且窄表空，上游缺口可接受
L10451-04	HAMAMATSU	laser_diode	optical_power_mw	icpdf	激光二极管		N	icpdf:prajson2.标称输出功率		https://www.digikey.cn/zh/products?keywords=L10451-04			business_not_public	商城/源端通常无此参数，业务看替代列
L10451-04	HAMAMATSU	laser_diode	peak_wavelength_nm	icpdf	激光二极管		Y	icpdf:prajson2.峰值波长	808	https://www.digikey.cn/zh/products?keywords=L10451-04			consistent	源端与窄表均有值
L10451-04	HAMAMATSU	laser_diode	threshold_current_ma	icpdf	激光二极管		Y	icpdf:prajson2.最大阈值电流	350	https://www.digikey.cn/zh/products?keywords=L10451-04			consistent	源端与窄表均有值
L10451-06	HAMAMATSU	laser_diode	laser_type	icpdf	激光二极管		N	icpdf:prajson2.子类别		https://www.digikey.cn/zh/products?keywords=L10451-06			upstream_missing	源端无键且窄表空，上游缺口可接受
L10451-06	HAMAMATSU	laser_diode	optical_power_mw	icpdf	激光二极管		N	icpdf:prajson2.标称输出功率		https://www.digikey.cn/zh/products?keywords=L10451-06			business_not_public	商城/源端通常无此参数，业务看替代列
L10451-06	HAMAMATSU	laser_diode	peak_wavelength_nm	icpdf	激光二极管		Y	icpdf:prajson2.峰值波长	808	https://www.digikey.cn/zh/products?keywords=L10451-06			consistent	源端与窄表均有值
L10451-06	HAMAMATSU	laser_diode	threshold_current_ma	icpdf	激光二极管		Y	icpdf:prajson2.最大阈值电流	350	https://www.digikey.cn/zh/products?keywords=L10451-06			consistent	源端与窄表均有值
L10451-07	HAMAMATSU	laser_diode	laser_type	icpdf	激光二极管		N	icpdf:prajson2.子类别		https://www.digikey.cn/zh/products?keywords=L10451-07			upstream_missing	源端无键且窄表空，上游缺口可接受
L10451-07	HAMAMATSU	laser_diode	optical_power_mw	icpdf	激光二极管		N	icpdf:prajson2.标称输出功率		https://www.digikey.cn/zh/products?keywords=L10451-07			business_not_public	商城/源端通常无此参数，业务看替代列
L10451-07	HAMAMATSU	laser_diode	peak_wavelength_nm	icpdf	激光二极管		Y	icpdf:prajson2.峰值波长	808	https://www.digikey.cn/zh/products?keywords=L10451-07			consistent	源端与窄表均有值
L10451-07	HAMAMATSU	laser_diode	threshold_current_ma	icpdf	激光二极管		Y	icpdf:prajson2.最大阈值电流	350	https://www.digikey.cn/zh/products?keywords=L10451-07			consistent	源端与窄表均有值
L10451-42	HAMAMATSU	laser_diode	laser_type	icpdf	激光二极管		N	icpdf:prajson2.子类别		https://www.digikey.cn/zh/products?keywords=L10451-42			upstream_missing	源端无键且窄表空，上游缺口可接受
L10451-42	HAMAMATSU	laser_diode	optical_power_mw	icpdf	激光二极管		N	icpdf:prajson2.标称输出功率		https://www.digikey.cn/zh/products?keywords=L10451-42			business_not_public	商城/源端通常无此参数，业务看替代列
L10451-42	HAMAMATSU	laser_diode	peak_wavelength_nm	icpdf	激光二极管		Y	icpdf:prajson2.峰值波长	808	https://www.digikey.cn/zh/products?keywords=L10451-42			consistent	源端与窄表均有值
L10451-42	HAMAMATSU	laser_diode	threshold_current_ma	icpdf	激光二极管		Y	icpdf:prajson2.最大阈值电流	350	https://www.digikey.cn/zh/products?keywords=L10451-42			consistent	源端与窄表均有值
L10451-72	HAMAMATSU	laser_diode	laser_type	icpdf	激光二极管		N	icpdf:prajson2.子类别		https://www.digikey.cn/zh/products?keywords=L10451-72			upstream_missing	源端无键且窄表空，上游缺口可接受
L10451-72	HAMAMATSU	laser_diode	optical_power_mw	icpdf	激光二极管		N	icpdf:prajson2.标称输出功率		https://www.digikey.cn/zh/products?keywords=L10451-72			business_not_public	商城/源端通常无此参数，业务看替代列
L10451-72	HAMAMATSU	laser_diode	peak_wavelength_nm	icpdf	激光二极管		Y	icpdf:prajson2.峰值波长	808	https://www.digikey.cn/zh/products?keywords=L10451-72			consistent	源端与窄表均有值
L10451-72	HAMAMATSU	laser_diode	threshold_current_ma	icpdf	激光二极管		Y	icpdf:prajson2.最大阈值电流	350	https://www.digikey.cn/zh/products?keywords=L10451-72			consistent	源端与窄表均有值
SPLBG94	INFINEON	laser_diode	laser_type	icpdf	激光二极管	卸载激光棒20瓦CW ... 100瓦准连续	Y	icpdf:prajson2.子类别	Laser Diodes	https://www.digikey.cn/zh/products?keywords=SPLBG94			consistent	源端与窄表均有值
SPLBG94	INFINEON	laser_diode	optical_power_mw	icpdf	激光二极管	卸载激光棒20瓦CW ... 100瓦准连续	N	icpdf:prajson2.标称输出功率		https://www.digikey.cn/zh/products?keywords=SPLBG94			business_not_public	商城/源端通常无此参数，业务看替代列
SPLBG94	INFINEON	laser_diode	peak_wavelength_nm	icpdf	激光二极管	卸载激光棒20瓦CW ... 100瓦准连续	Y	icpdf:prajson2.峰值波长	940	https://www.digikey.cn/zh/products?keywords=SPLBG94			consistent	源端与窄表均有值
SPLBG94	INFINEON	laser_diode	threshold_current_ma	icpdf	激光二极管	卸载激光棒20瓦CW ... 100瓦准连续	N	icpdf:prajson2.最大阈值电流		https://www.digikey.cn/zh/products?keywords=SPLBG94			upstream_missing	源端无键且窄表空，上游缺口可接受
STM81004Z	INFINEON	laser_diode	laser_type	icpdf	激光二极管		Y	icpdf:prajson2.子类别	Laser Diodes	https://www.digikey.cn/zh/products?keywords=STM81004Z			consistent	源端与窄表均有值
STM81004Z	INFINEON	laser_diode	optical_power_mw	icpdf	激光二极管		N	icpdf:prajson2.标称输出功率		https://www.digikey.cn/zh/products?keywords=STM81004Z			business_not_public	商城/源端通常无此参数，业务看替代列
STM81004Z	INFINEON	laser_diode	peak_wavelength_nm	icpdf	激光二极管		Y	icpdf:prajson2.峰值波长	1590	https://www.digikey.cn/zh/products?keywords=STM81004Z			consistent	源端与窄表均有值
STM81004Z	INFINEON	laser_diode	threshold_current_ma	icpdf	激光二极管		N	icpdf:prajson2.最大阈值电流		https://www.digikey.cn/zh/products?keywords=STM81004Z			upstream_missing	源端无键且窄表空，上游缺口可接受
24-00167	JDSU	laser_diode	laser_type	icpdf	激光二极管	二极管激光器，高亮度0.6〜 8.5 W，波长8XX	N	icpdf:prajson2.子类别		https://www.digikey.cn/zh/products?keywords=24-00167			upstream_missing	源端无键且窄表空，上游缺口可接受
24-00167	JDSU	laser_diode	optical_power_mw	icpdf	激光二极管	二极管激光器，高亮度0.6〜 8.5 W，波长8XX	Y	icpdf:prajson2.标称输出功率	1200	https://www.digikey.cn/zh/products?keywords=24-00167			consistent	源端与窄表均有值
24-00167	JDSU	laser_diode	peak_wavelength_nm	icpdf	激光二极管	二极管激光器，高亮度0.6〜 8.5 W，波长8XX	Y	icpdf:prajson2.峰值波长	808	https://www.digikey.cn/zh/products?keywords=24-00167			consistent	源端与窄表均有值
24-00167	JDSU	laser_diode	threshold_current_ma	icpdf	激光二极管	二极管激光器，高亮度0.6〜 8.5 W，波长8XX	N	icpdf:prajson2.最大阈值电流		https://www.digikey.cn/zh/products?keywords=24-00167			upstream_missing	源端无键且窄表空，上游缺口可接受
FU-17SLD-N3	MITSUBISHI	laser_diode	laser_type	icpdf	激光二极管		N	icpdf:prajson2.子类别		https://www.digikey.cn/zh/products?keywords=FU-17SLD-N3			upstream_missing	源端无键且窄表空，上游缺口可接受
FU-17SLD-N3	MITSUBISHI	laser_diode	optical_power_mw	icpdf	激光二极管		Y	icpdf:prajson2.标称输出功率	0.5	https://www.digikey.cn/zh/products?keywords=FU-17SLD-N3			consistent	源端与窄表均有值
FU-17SLD-N3	MITSUBISHI	laser_diode	peak_wavelength_nm	icpdf	激光二极管		Y	icpdf:prajson2.峰值波长	1300	https://www.digikey.cn/zh/products?keywords=FU-17SLD-N3			consistent	源端与窄表均有值
FU-17SLD-N3	MITSUBISHI	laser_diode	threshold_current_ma	icpdf	激光二极管		Y	icpdf:prajson2.最大阈值电流	20	https://www.digikey.cn/zh/products?keywords=FU-17SLD-N3			consistent	源端与窄表均有值
FU-436SDF-F1M1	MITSUBISHI	laser_diode	laser_type	icpdf	激光二极管	1.3 UM与单模光纤尾纤的DFB -LD模块	Y	icpdf:prajson2.子类别	Laser Diodes	https://www.digikey.cn/zh/products?keywords=FU-436SDF-F1M1			consistent	源端与窄表均有值
FU-436SDF-F1M1	MITSUBISHI	laser_diode	optical_power_mw	icpdf	激光二极管	1.3 UM与单模光纤尾纤的DFB -LD模块	N	icpdf:prajson2.标称输出功率		https://www.digikey.cn/zh/products?keywords=FU-436SDF-F1M1			business_not_public	商城/源端通常无此参数，业务看替代列
FU-436SDF-F1M1	MITSUBISHI	laser_diode	peak_wavelength_nm	icpdf	激光二极管	1.3 UM与单模光纤尾纤的DFB -LD模块	Y	icpdf:prajson2.峰值波长	1310	https://www.digikey.cn/zh/products?keywords=FU-436SDF-F1M1			consistent	源端与窄表均有值
FU-436SDF-F1M1	MITSUBISHI	laser_diode	threshold_current_ma	icpdf	激光二极管	1.3 UM与单模光纤尾纤的DFB -LD模块	N	icpdf:prajson2.最大阈值电流		https://www.digikey.cn/zh/products?keywords=FU-436SDF-F1M1			upstream_missing	源端无键且窄表空，上游缺口可接受
FU31EL	MITSUBISHI	laser_diode	laser_type	icpdf	激光二极管		Y	icpdf:prajson2.子类别	Laser Diodes	https://www.digikey.cn/zh/products?keywords=FU31EL			consistent	源端与窄表均有值
FU31EL	MITSUBISHI	laser_diode	optical_power_mw	icpdf	激光二极管		N	icpdf:prajson2.标称输出功率		https://www.digikey.cn/zh/products?keywords=FU31EL			business_not_public	商城/源端通常无此参数，业务看替代列
FU31EL	MITSUBISHI	laser_diode	peak_wavelength_nm	icpdf	激光二极管		Y	icpdf:prajson2.峰值波长	1330	https://www.digikey.cn/zh/products?keywords=FU31EL			consistent	源端与窄表均有值
FU31EL	MITSUBISHI	laser_diode	threshold_current_ma	icpdf	激光二极管		N	icpdf:prajson2.最大阈值电流		https://www.digikey.cn/zh/products?keywords=FU31EL			upstream_missing	源端无键且窄表空，上游缺口可接受
FU52SDM-F1	MITSUBISHI	laser_diode	laser_type	icpdf	激光二极管		Y	icpdf:prajson2.子类别	Laser Diodes	https://www.digikey.cn/zh/products?keywords=FU52SDM-F1			consistent	源端与窄表均有值
FU52SDM-F1	MITSUBISHI	laser_diode	optical_power_mw	icpdf	激光二极管		N	icpdf:prajson2.标称输出功率		https://www.digikey.cn/zh/products?keywords=FU52SDM-F1			business_not_public	商城/源端通常无此参数，业务看替代列
FU52SDM-F1	MITSUBISHI	laser_diode	peak_wavelength_nm	icpdf	激光二极管		Y	icpdf:prajson2.峰值波长	1330	https://www.digikey.cn/zh/products?keywords=FU52SDM-F1			consistent	源端与窄表均有值
FU52SDM-F1	MITSUBISHI	laser_diode	threshold_current_ma	icpdf	激光二极管		N	icpdf:prajson2.最大阈值电流		https://www.digikey.cn/zh/products?keywords=FU52SDM-F1			upstream_missing	源端无键且窄表空，上游缺口可接受
FU52SDM-F3	MITSUBISHI	laser_diode	laser_type	icpdf	激光二极管		Y	icpdf:prajson2.子类别	Laser Diodes	https://www.digikey.cn/zh/products?keywords=FU52SDM-F3			consistent	源端与窄表均有值
FU52SDM-F3	MITSUBISHI	laser_diode	optical_power_mw	icpdf	激光二极管		N	icpdf:prajson2.标称输出功率		https://www.digikey.cn/zh/products?keywords=FU52SDM-F3			business_not_public	商城/源端通常无此参数，业务看替代列
FU52SDM-F3	MITSUBISHI	laser_diode	peak_wavelength_nm	icpdf	激光二极管		Y	icpdf:prajson2.峰值波长	1330	https://www.digikey.cn/zh/products?keywords=FU52SDM-F3			consistent	源端与窄表均有值
FU52SDM-F3	MITSUBISHI	laser_diode	threshold_current_ma	icpdf	激光二极管		N	icpdf:prajson2.最大阈值电流		https://www.digikey.cn/zh/products?keywords=FU52SDM-F3			upstream_missing	源端无键且窄表空，上游缺口可接受
NDL3325SU	NEC	laser_diode	laser_type	icpdf	激光二极管		N	icpdf:prajson2.子类别		https://www.digikey.cn/zh/products?keywords=NDL3325SU			upstream_missing	源端无键且窄表空，上游缺口可接受
NDL3325SU	NEC	laser_diode	optical_power_mw	icpdf	激光二极管		Y	icpdf:prajson2.标称输出功率	5	https://www.digikey.cn/zh/products?keywords=NDL3325SU			consistent	源端与窄表均有值
NDL3325SU	NEC	laser_diode	peak_wavelength_nm	icpdf	激光二极管		Y	icpdf:prajson2.峰值波长	650	https://www.digikey.cn/zh/products?keywords=NDL3325SU			consistent	源端与窄表均有值
NDL3325SU	NEC	laser_diode	threshold_current_ma	icpdf	激光二极管		Y	icpdf:prajson2.最大阈值电流	65	https://www.digikey.cn/zh/products?keywords=NDL3325SU			consistent	源端与窄表均有值
NDL7153	NEC	laser_diode	laser_type	icpdf	激光二极管	的InGaAsP应变MQW DC- PBH脉冲激光二极管模块1310nm的OTDR应用	N	icpdf:prajson2.子类别		https://www.digikey.cn/zh/products?keywords=NDL7153			upstream_missing	源端无键且窄表空，上游缺口可接受
NDL7153	NEC	laser_diode	optical_power_mw	icpdf	激光二极管	的InGaAsP应变MQW DC- PBH脉冲激光二极管模块1310nm的OTDR应用	Y	icpdf:prajson2.标称输出功率	240	https://www.digikey.cn/zh/products?keywords=NDL7153			consistent	源端与窄表均有值
NDL7153	NEC	laser_diode	peak_wavelength_nm	icpdf	激光二极管	的InGaAsP应变MQW DC- PBH脉冲激光二极管模块1310nm的OTDR应用	Y	icpdf:prajson2.峰值波长	1550	https://www.digikey.cn/zh/products?keywords=NDL7153			consistent	源端与窄表均有值
NDL7153	NEC	laser_diode	threshold_current_ma	icpdf	激光二极管	的InGaAsP应变MQW DC- PBH脉冲激光二极管模块1310nm的OTDR应用	Y	icpdf:prajson2.最大阈值电流	75	https://www.digikey.cn/zh/products?keywords=NDL7153			consistent	源端与窄表均有值
DL-3147-060	ONSEMI	laser_diode	laser_type	icpdf	激光二极管		Y	icpdf:prajson2.子类别	Laser Diodes	https://www.digikey.cn/zh/products?keywords=DL-3147-060			consistent	源端与窄表均有值
DL-3147-060	ONSEMI	laser_diode	optical_power_mw	icpdf	激光二极管		N	icpdf:prajson2.标称输出功率		https://www.digikey.cn/zh/products?keywords=DL-3147-060			business_not_public	商城/源端通常无此参数，业务看替代列
DL-3147-060	ONSEMI	laser_diode	peak_wavelength_nm	icpdf	激光二极管		Y	icpdf:prajson2.峰值波长	650	https://www.digikey.cn/zh/products?keywords=DL-3147-060			consistent	源端与窄表均有值
DL-3147-060	ONSEMI	laser_diode	threshold_current_ma	icpdf	激光二极管		N	icpdf:prajson2.最大阈值电流		https://www.digikey.cn/zh/products?keywords=DL-3147-060			upstream_missing	源端无键且窄表空，上游缺口可接受
DL-3148-037	ONSEMI	laser_diode	laser_type	icpdf	激光二极管		Y	icpdf:prajson2.子类别	Laser Diodes	https://www.digikey.cn/zh/products?keywords=DL-3148-037			consistent	源端与窄表均有值
DL-3148-037	ONSEMI	laser_diode	optical_power_mw	icpdf	激光二极管		N	icpdf:prajson2.标称输出功率		https://www.digikey.cn/zh/products?keywords=DL-3148-037			business_not_public	商城/源端通常无此参数，业务看替代列
DL-3148-037	ONSEMI	laser_diode	peak_wavelength_nm	icpdf	激光二极管		Y	icpdf:prajson2.峰值波长	635	https://www.digikey.cn/zh/products?keywords=DL-3148-037			consistent	源端与窄表均有值
DL-3148-037	ONSEMI	laser_diode	threshold_current_ma	icpdf	激光二极管		N	icpdf:prajson2.最大阈值电流		https://www.digikey.cn/zh/products?keywords=DL-3148-037			upstream_missing	源端无键且窄表空，上游缺口可接受
DL-4147-162	ONSEMI	laser_diode	laser_type	icpdf	激光二极管		N	icpdf:prajson2.子类别		https://www.digikey.cn/zh/products?keywords=DL-4147-162			upstream_missing	源端无键且窄表空，上游缺口可接受
DL-4147-162	ONSEMI	laser_diode	optical_power_mw	icpdf	激光二极管		Y	icpdf:prajson2.标称输出功率	12	https://www.digikey.cn/zh/products?keywords=DL-4147-162			consistent	源端与窄表均有值
DL-4147-162	ONSEMI	laser_diode	peak_wavelength_nm	icpdf	激光二极管		Y	icpdf:prajson2.峰值波长	650	https://www.digikey.cn/zh/products?keywords=DL-4147-162			consistent	源端与窄表均有值
DL-4147-162	ONSEMI	laser_diode	threshold_current_ma	icpdf	激光二极管		Y	icpdf:prajson2.最大阈值电流	50	https://www.digikey.cn/zh/products?keywords=DL-4147-162			consistent	源端与窄表均有值
DL-6148-030	ONSEMI	laser_diode	laser_type	icpdf	激光二极管		N	icpdf:prajson2.子类别		https://www.digikey.cn/zh/products?keywords=DL-6148-030			upstream_missing	源端无键且窄表空，上游缺口可接受
DL-6148-030	ONSEMI	laser_diode	optical_power_mw	icpdf	激光二极管		Y	icpdf:prajson2.标称输出功率	40	https://www.digikey.cn/zh/products?keywords=DL-6148-030			consistent	源端与窄表均有值
DL-6148-030	ONSEMI	laser_diode	peak_wavelength_nm	icpdf	激光二极管		Y	icpdf:prajson2.峰值波长	638	https://www.digikey.cn/zh/products?keywords=DL-6148-030			consistent	源端与窄表均有值
DL-6148-030	ONSEMI	laser_diode	threshold_current_ma	icpdf	激光二极管		Y	icpdf:prajson2.最大阈值电流	85	https://www.digikey.cn/zh/products?keywords=DL-6148-030			consistent	源端与窄表均有值
DL-LS1068	ONSEMI	laser_diode	laser_type	icpdf	激光二极管		Y	icpdf:prajson2.子类别	Laser Diodes	https://www.digikey.cn/zh/products?keywords=DL-LS1068			consistent	源端与窄表均有值
DL-LS1068	ONSEMI	laser_diode	optical_power_mw	icpdf	激光二极管		N	icpdf:prajson2.标称输出功率		https://www.digikey.cn/zh/products?keywords=DL-LS1068			business_not_public	商城/源端通常无此参数，业务看替代列
DL-LS1068	ONSEMI	laser_diode	peak_wavelength_nm	icpdf	激光二极管		Y	icpdf:prajson2.峰值波长	658	https://www.digikey.cn/zh/products?keywords=DL-LS1068			consistent	源端与窄表均有值
DL-LS1068	ONSEMI	laser_diode	threshold_current_ma	icpdf	激光二极管		N	icpdf:prajson2.最大阈值电流		https://www.digikey.cn/zh/products?keywords=DL-LS1068			upstream_missing	源端无键且窄表空，上游缺口可接受
HL6312G	OPNEXT	laser_diode	laser_type	icpdf	激光二极管	的AlGaInP激光二极管	Y	icpdf:prajson2.子类别	Laser Diodes	https://www.digikey.cn/zh/products?keywords=HL6312G			consistent	源端与窄表均有值
HL6312G	OPNEXT	laser_diode	optical_power_mw	icpdf	激光二极管	的AlGaInP激光二极管	Y	icpdf:prajson2.标称输出功率	5	https://www.digikey.cn/zh/products?keywords=HL6312G			consistent	源端与窄表均有值
HL6312G	OPNEXT	laser_diode	peak_wavelength_nm	icpdf	激光二极管	的AlGaInP激光二极管	Y	icpdf:prajson2.峰值波长	635	https://www.digikey.cn/zh/products?keywords=HL6312G			consistent	源端与窄表均有值
HL6312G	OPNEXT	laser_diode	threshold_current_ma	icpdf	激光二极管	的AlGaInP激光二极管	Y	icpdf:prajson2.最大阈值电流	70	https://www.digikey.cn/zh/products?keywords=HL6312G			consistent	源端与窄表均有值
HL6314MG	OPNEXT	laser_diode	laser_type	icpdf	激光二极管	的AlGaInP激光二极管	Y	icpdf:prajson2.子类别	Laser Diodes	https://www.digikey.cn/zh/products?keywords=HL6314MG			consistent	源端与窄表均有值
HL6314MG	OPNEXT	laser_diode	optical_power_mw	icpdf	激光二极管	的AlGaInP激光二极管	Y	icpdf:prajson2.标称输出功率	3	https://www.digikey.cn/zh/products?keywords=HL6314MG			consistent	源端与窄表均有值
HL6314MG	OPNEXT	laser_diode	peak_wavelength_nm	icpdf	激光二极管	的AlGaInP激光二极管	Y	icpdf:prajson2.峰值波长	635	https://www.digikey.cn/zh/products?keywords=HL6314MG			consistent	源端与窄表均有值
HL6314MG	OPNEXT	laser_diode	threshold_current_ma	icpdf	激光二极管	的AlGaInP激光二极管	Y	icpdf:prajson2.最大阈值电流	35	https://www.digikey.cn/zh/products?keywords=HL6314MG			consistent	源端与窄表均有值
HL6316G	OPNEXT	laser_diode	laser_type	icpdf	激光二极管	的AlGaInP激光二极管	Y	icpdf:prajson2.子类别	Laser Diodes	https://www.digikey.cn/zh/products?keywords=HL6316G			consistent	源端与窄表均有值
HL6316G	OPNEXT	laser_diode	optical_power_mw	icpdf	激光二极管	的AlGaInP激光二极管	Y	icpdf:prajson2.标称输出功率	3	https://www.digikey.cn/zh/products?keywords=HL6316G			consistent	源端与窄表均有值
HL6316G	OPNEXT	laser_diode	peak_wavelength_nm	icpdf	激光二极管	的AlGaInP激光二极管	Y	icpdf:prajson2.峰值波长	635	https://www.digikey.cn/zh/products?keywords=HL6316G			consistent	源端与窄表均有值
HL6316G	OPNEXT	laser_diode	threshold_current_ma	icpdf	激光二极管	的AlGaInP激光二极管	Y	icpdf:prajson2.最大阈值电流	35	https://www.digikey.cn/zh/products?keywords=HL6316G			consistent	源端与窄表均有值
HL6319G	OPNEXT	laser_diode	laser_type	icpdf	激光二极管	的AlGaInP激光二极管	Y	icpdf:prajson2.子类别	Laser Diodes	https://www.digikey.cn/zh/products?keywords=HL6319G			consistent	源端与窄表均有值
HL6319G	OPNEXT	laser_diode	optical_power_mw	icpdf	激光二极管	的AlGaInP激光二极管	Y	icpdf:prajson2.标称输出功率	10	https://www.digikey.cn/zh/products?keywords=HL6319G			consistent	源端与窄表均有值
HL6319G	OPNEXT	laser_diode	peak_wavelength_nm	icpdf	激光二极管	的AlGaInP激光二极管	Y	icpdf:prajson2.峰值波长	635	https://www.digikey.cn/zh/products?keywords=HL6319G			consistent	源端与窄表均有值
HL6319G	OPNEXT	laser_diode	threshold_current_ma	icpdf	激光二极管	的AlGaInP激光二极管	Y	icpdf:prajson2.最大阈值电流	75	https://www.digikey.cn/zh/products?keywords=HL6319G			consistent	源端与窄表均有值
HL6321G	OPNEXT	laser_diode	laser_type	icpdf	激光二极管	的AlGaInP激光二极管	Y	icpdf:prajson2.子类别	Laser Diodes	https://www.digikey.cn/zh/products?keywords=HL6321G			consistent	源端与窄表均有值
HL6321G	OPNEXT	laser_diode	optical_power_mw	icpdf	激光二极管	的AlGaInP激光二极管	Y	icpdf:prajson2.标称输出功率	15	https://www.digikey.cn/zh/products?keywords=HL6321G			consistent	源端与窄表均有值
HL6321G	OPNEXT	laser_diode	peak_wavelength_nm	icpdf	激光二极管	的AlGaInP激光二极管	Y	icpdf:prajson2.峰值波长	635	https://www.digikey.cn/zh/products?keywords=HL6321G			consistent	源端与窄表均有值
HL6321G	OPNEXT	laser_diode	threshold_current_ma	icpdf	激光二极管	的AlGaInP激光二极管	Y	icpdf:prajson2.最大阈值电流	70	https://www.digikey.cn/zh/products?keywords=HL6321G			consistent	源端与窄表均有值
DL-3100S	OPTOWAY	laser_diode	laser_type	icpdf	激光二极管	1310纳米DFB激光二极管MQW - DFB激光二极管	N	icpdf:prajson2.子类别		https://www.digikey.cn/zh/products?keywords=DL-3100S			upstream_missing	源端无键且窄表空，上游缺口可接受
DL-3100S	OPTOWAY	laser_diode	optical_power_mw	icpdf	激光二极管	1310纳米DFB激光二极管MQW - DFB激光二极管	N	icpdf:prajson2.标称输出功率		https://www.digikey.cn/zh/products?keywords=DL-3100S			business_not_public	商城/源端通常无此参数，业务看替代列
DL-3100S	OPTOWAY	laser_diode	peak_wavelength_nm	icpdf	激光二极管	1310纳米DFB激光二极管MQW - DFB激光二极管	N	icpdf:prajson2.峰值波长		https://www.digikey.cn/zh/products?keywords=DL-3100S			upstream_missing	源端无键且窄表空，上游缺口可接受
DL-3100S	OPTOWAY	laser_diode	threshold_current_ma	icpdf	激光二极管	1310纳米DFB激光二极管MQW - DFB激光二极管	N	icpdf:prajson2.最大阈值电流		https://www.digikey.cn/zh/products?keywords=DL-3100S			upstream_missing	源端无键且窄表空，上游缺口可接受
DL-3105	OPTOWAY	laser_diode	laser_type	icpdf	激光二极管	1310纳米DFB激光二极管2.5 Gb / s的MQW - DFB激光二极管	N	icpdf:prajson2.子类别		https://www.digikey.cn/zh/products?keywords=DL-3105			upstream_missing	源端无键且窄表空，上游缺口可接受
DL-3105	OPTOWAY	laser_diode	optical_power_mw	icpdf	激光二极管	1310纳米DFB激光二极管2.5 Gb / s的MQW - DFB激光二极管	N	icpdf:prajson2.标称输出功率		https://www.digikey.cn/zh/products?keywords=DL-3105			business_not_public	商城/源端通常无此参数，业务看替代列
DL-3105	OPTOWAY	laser_diode	peak_wavelength_nm	icpdf	激光二极管	1310纳米DFB激光二极管2.5 Gb / s的MQW - DFB激光二极管	N	icpdf:prajson2.峰值波长		https://www.digikey.cn/zh/products?keywords=DL-3105			upstream_missing	源端无键且窄表空，上游缺口可接受
DL-3105	OPTOWAY	laser_diode	threshold_current_ma	icpdf	激光二极管	1310纳米DFB激光二极管2.5 Gb / s的MQW - DFB激光二极管	N	icpdf:prajson2.最大阈值电流		https://www.digikey.cn/zh/products?keywords=DL-3105			upstream_missing	源端无键且窄表空，上游缺口可接受
DL-3108	OPTOWAY	laser_diode	laser_type	icpdf	激光二极管	1310纳米DFB激光二极管2.5 Gb / s的MQW - DFB激光二极管	N	icpdf:prajson2.子类别		https://www.digikey.cn/zh/products?keywords=DL-3108			upstream_missing	源端无键且窄表空，上游缺口可接受
DL-3108	OPTOWAY	laser_diode	optical_power_mw	icpdf	激光二极管	1310纳米DFB激光二极管2.5 Gb / s的MQW - DFB激光二极管	N	icpdf:prajson2.标称输出功率		https://www.digikey.cn/zh/products?keywords=DL-3108			business_not_public	商城/源端通常无此参数，业务看替代列
DL-3108	OPTOWAY	laser_diode	peak_wavelength_nm	icpdf	激光二极管	1310纳米DFB激光二极管2.5 Gb / s的MQW - DFB激光二极管	N	icpdf:prajson2.峰值波长		https://www.digikey.cn/zh/products?keywords=DL-3108			upstream_missing	源端无键且窄表空，上游缺口可接受
DL-3108	OPTOWAY	laser_diode	threshold_current_ma	icpdf	激光二极管	1310纳米DFB激光二极管2.5 Gb / s的MQW - DFB激光二极管	N	icpdf:prajson2.最大阈值电流		https://www.digikey.cn/zh/products?keywords=DL-3108			upstream_missing	源端无键且窄表空，上游缺口可接受
DL-3108S	OPTOWAY	laser_diode	laser_type	icpdf	激光二极管	1310纳米DFB激光二极管MQW - DFB激光二极管	N	icpdf:prajson2.子类别		https://www.digikey.cn/zh/products?keywords=DL-3108S			upstream_missing	源端无键且窄表空，上游缺口可接受
DL-3108S	OPTOWAY	laser_diode	optical_power_mw	icpdf	激光二极管	1310纳米DFB激光二极管MQW - DFB激光二极管	N	icpdf:prajson2.标称输出功率		https://www.digikey.cn/zh/products?keywords=DL-3108S			business_not_public	商城/源端通常无此参数，业务看替代列
DL-3108S	OPTOWAY	laser_diode	peak_wavelength_nm	icpdf	激光二极管	1310纳米DFB激光二极管MQW - DFB激光二极管	N	icpdf:prajson2.峰值波长		https://www.digikey.cn/zh/products?keywords=DL-3108S			upstream_missing	源端无键且窄表空，上游缺口可接受
DL-3108S	OPTOWAY	laser_diode	threshold_current_ma	icpdf	激光二极管	1310纳米DFB激光二极管MQW - DFB激光二极管	N	icpdf:prajson2.最大阈值电流		https://www.digikey.cn/zh/products?keywords=DL-3108S			upstream_missing	源端无键且窄表空，上游缺口可接受
DL-3120	OPTOWAY	laser_diode	laser_type	icpdf	激光二极管	1310纳米DFB激光二极管2.5 Gb / s的MQW - DFB激光二极管	N	icpdf:prajson2.子类别		https://www.digikey.cn/zh/products?keywords=DL-3120			upstream_missing	源端无键且窄表空，上游缺口可接受
DL-3120	OPTOWAY	laser_diode	optical_power_mw	icpdf	激光二极管	1310纳米DFB激光二极管2.5 Gb / s的MQW - DFB激光二极管	N	icpdf:prajson2.标称输出功率		https://www.digikey.cn/zh/products?keywords=DL-3120			business_not_public	商城/源端通常无此参数，业务看替代列
DL-3120	OPTOWAY	laser_diode	peak_wavelength_nm	icpdf	激光二极管	1310纳米DFB激光二极管2.5 Gb / s的MQW - DFB激光二极管	N	icpdf:prajson2.峰值波长		https://www.digikey.cn/zh/products?keywords=DL-3120			upstream_missing	源端无键且窄表空，上游缺口可接受
DL-3120	OPTOWAY	laser_diode	threshold_current_ma	icpdf	激光二极管	1310纳米DFB激光二极管2.5 Gb / s的MQW - DFB激光二极管	N	icpdf:prajson2.最大阈值电流		https://www.digikey.cn/zh/products?keywords=DL-3120			upstream_missing	源端无键且窄表空，上游缺口可接受
SPLBG98-2S	OSRAM	laser_diode	laser_type	icpdf	激光二极管	未安装的激光棒， 50 ％的填充率， 980纳米	N	icpdf:prajson2.子类别		https://www.digikey.cn/zh/products?keywords=SPLBG98-2S			upstream_missing	源端无键且窄表空，上游缺口可接受
SPLBG98-2S	OSRAM	laser_diode	optical_power_mw	icpdf	激光二极管	未安装的激光棒， 50 ％的填充率， 980纳米	Y	icpdf:prajson2.标称输出功率	60000	https://www.digikey.cn/zh/products?keywords=SPLBG98-2S			consistent	源端与窄表均有值
SPLBG98-2S	OSRAM	laser_diode	peak_wavelength_nm	icpdf	激光二极管	未安装的激光棒， 50 ％的填充率， 980纳米	Y	icpdf:prajson2.峰值波长	972	https://www.digikey.cn/zh/products?keywords=SPLBG98-2S			consistent	源端与窄表均有值
SPLBG98-2S	OSRAM	laser_diode	threshold_current_ma	icpdf	激光二极管	未安装的激光棒， 50 ％的填充率， 980纳米	Y	icpdf:prajson2.最大阈值电流	12000	https://www.digikey.cn/zh/products?keywords=SPLBG98-2S			consistent	源端与窄表均有值
SPLMY81X2	OSRAM	laser_diode	laser_type	icpdf	激光二极管	被动冷却半导体激光器酒吧， 35瓦CW在808纳米	N	icpdf:prajson2.子类别		https://www.digikey.cn/zh/products?keywords=SPLMY81X2			upstream_missing	源端无键且窄表空，上游缺口可接受
SPLMY81X2	OSRAM	laser_diode	optical_power_mw	icpdf	激光二极管	被动冷却半导体激光器酒吧， 35瓦CW在808纳米	Y	icpdf:prajson2.标称输出功率	35000	https://www.digikey.cn/zh/products?keywords=SPLMY81X2			consistent	源端与窄表均有值
SPLMY81X2	OSRAM	laser_diode	peak_wavelength_nm	icpdf	激光二极管	被动冷却半导体激光器酒吧， 35瓦CW在808纳米	Y	icpdf:prajson2.峰值波长	808	https://www.digikey.cn/zh/products?keywords=SPLMY81X2			consistent	源端与窄表均有值
SPLMY81X2	OSRAM	laser_diode	threshold_current_ma	icpdf	激光二极管	被动冷却半导体激光器酒吧， 35瓦CW在808纳米	Y	icpdf:prajson2.最大阈值电流	12000	https://www.digikey.cn/zh/products?keywords=SPLMY81X2			consistent	源端与窄表均有值
LN9707P	PANASONIC	laser_diode	laser_type	icpdf	激光二极管		N	icpdf:prajson2.子类别		https://www.digikey.cn/zh/products?keywords=LN9707P			upstream_missing	源端无键且窄表空，上游缺口可接受
LN9707P	PANASONIC	laser_diode	optical_power_mw	icpdf	激光二极管		Y	icpdf:prajson2.标称输出功率	7	https://www.digikey.cn/zh/products?keywords=LN9707P			consistent	源端与窄表均有值
LN9707P	PANASONIC	laser_diode	peak_wavelength_nm	icpdf	激光二极管		Y	icpdf:prajson2.峰值波长	788	https://www.digikey.cn/zh/products?keywords=LN9707P			consistent	源端与窄表均有值
LN9707P	PANASONIC	laser_diode	threshold_current_ma	icpdf	激光二极管		Y	icpdf:prajson2.最大阈值电流	65	https://www.digikey.cn/zh/products?keywords=LN9707P			consistent	源端与窄表均有值
LNC801DL	PANASONIC	laser_diode	laser_type	icpdf	激光二极管		N	icpdf:prajson2.子类别		https://www.digikey.cn/zh/products?keywords=LNC801DL			upstream_missing	源端无键且窄表空，上游缺口可接受
LNC801DL	PANASONIC	laser_diode	optical_power_mw	icpdf	激光二极管		Y	icpdf:prajson2.标称输出功率	60	https://www.digikey.cn/zh/products?keywords=LNC801DL			consistent	源端与窄表均有值
LNC801DL	PANASONIC	laser_diode	peak_wavelength_nm	icpdf	激光二极管		Y	icpdf:prajson2.峰值波长	830	https://www.digikey.cn/zh/products?keywords=LNC801DL			consistent	源端与窄表均有值
LNC801DL	PANASONIC	laser_diode	threshold_current_ma	icpdf	激光二极管		N	icpdf:prajson2.最大阈值电流		https://www.digikey.cn/zh/products?keywords=LNC801DL			upstream_missing	源端无键且窄表空，上游缺口可接受
HL1221A	RENESAS	laser_diode	laser_type	icpdf	激光二极管		N	icpdf:prajson2.子类别		https://www.digikey.cn/zh/products?keywords=HL1221A			upstream_missing	源端无键且窄表空，上游缺口可接受
HL1221A	RENESAS	laser_diode	optical_power_mw	icpdf	激光二极管		Y	icpdf:prajson2.标称输出功率	5	https://www.digikey.cn/zh/products?keywords=HL1221A			consistent	源端与窄表均有值
HL1221A	RENESAS	laser_diode	peak_wavelength_nm	icpdf	激光二极管		Y	icpdf:prajson2.峰值波长	1200	https://www.digikey.cn/zh/products?keywords=HL1221A			consistent	源端与窄表均有值
HL1221A	RENESAS	laser_diode	threshold_current_ma	icpdf	激光二极管		Y	icpdf:prajson2.最大阈值电流	80	https://www.digikey.cn/zh/products?keywords=HL1221A			consistent	源端与窄表均有值
HL1221AC	RENESAS	laser_diode	laser_type	icpdf	激光二极管		N	icpdf:prajson2.子类别		https://www.digikey.cn/zh/products?keywords=HL1221AC			upstream_missing	源端无键且窄表空，上游缺口可接受
HL1221AC	RENESAS	laser_diode	optical_power_mw	icpdf	激光二极管		Y	icpdf:prajson2.标称输出功率	5	https://www.digikey.cn/zh/products?keywords=HL1221AC			consistent	源端与窄表均有值
HL1221AC	RENESAS	laser_diode	peak_wavelength_nm	icpdf	激光二极管		Y	icpdf:prajson2.峰值波长	1200	https://www.digikey.cn/zh/products?keywords=HL1221AC			consistent	源端与窄表均有值
HL1221AC	RENESAS	laser_diode	threshold_current_ma	icpdf	激光二极管		Y	icpdf:prajson2.最大阈值电流	80	https://www.digikey.cn/zh/products?keywords=HL1221AC			consistent	源端与窄表均有值
HL1321FG	RENESAS	laser_diode	laser_type	icpdf	激光二极管		N	icpdf:prajson2.子类别		https://www.digikey.cn/zh/products?keywords=HL1321FG			upstream_missing	源端无键且窄表空，上游缺口可接受
HL1321FG	RENESAS	laser_diode	optical_power_mw	icpdf	激光二极管		Y	icpdf:prajson2.标称输出功率	3	https://www.digikey.cn/zh/products?keywords=HL1321FG			consistent	源端与窄表均有值
HL1321FG	RENESAS	laser_diode	peak_wavelength_nm	icpdf	激光二极管		Y	icpdf:prajson2.峰值波长	1310	https://www.digikey.cn/zh/products?keywords=HL1321FG			consistent	源端与窄表均有值
HL1321FG	RENESAS	laser_diode	threshold_current_ma	icpdf	激光二极管		Y	icpdf:prajson2.最大阈值电流	50	https://www.digikey.cn/zh/products?keywords=HL1321FG			consistent	源端与窄表均有值
HL1322A	RENESAS	laser_diode	laser_type	icpdf	激光二极管		N	icpdf:prajson2.子类别		https://www.digikey.cn/zh/products?keywords=HL1322A			upstream_missing	源端无键且窄表空，上游缺口可接受
HL1322A	RENESAS	laser_diode	optical_power_mw	icpdf	激光二极管		Y	icpdf:prajson2.标称输出功率	10	https://www.digikey.cn/zh/products?keywords=HL1322A			consistent	源端与窄表均有值
HL1322A	RENESAS	laser_diode	peak_wavelength_nm	icpdf	激光二极管		Y	icpdf:prajson2.峰值波长	1310	https://www.digikey.cn/zh/products?keywords=HL1322A			consistent	源端与窄表均有值
HL1322A	RENESAS	laser_diode	threshold_current_ma	icpdf	激光二极管		Y	icpdf:prajson2.最大阈值电流	50	https://www.digikey.cn/zh/products?keywords=HL1322A			consistent	源端与窄表均有值
HL1324MF	RENESAS	laser_diode	laser_type	icpdf	激光二极管		N	icpdf:prajson2.子类别		https://www.digikey.cn/zh/products?keywords=HL1324MF			upstream_missing	源端无键且窄表空，上游缺口可接受
HL1324MF	RENESAS	laser_diode	optical_power_mw	icpdf	激光二极管		Y	icpdf:prajson2.标称输出功率	5	https://www.digikey.cn/zh/products?keywords=HL1324MF			consistent	源端与窄表均有值
HL1324MF	RENESAS	laser_diode	peak_wavelength_nm	icpdf	激光二极管		Y	icpdf:prajson2.峰值波长	1310	https://www.digikey.cn/zh/products?keywords=HL1324MF			consistent	源端与窄表均有值
HL1324MF	RENESAS	laser_diode	threshold_current_ma	icpdf	激光二极管		Y	icpdf:prajson2.最大阈值电流	35	https://www.digikey.cn/zh/products?keywords=HL1324MF			consistent	源端与窄表均有值
RLD-65MC	ROHM	laser_diode	laser_type	icpdf	激光二极管	红色激光二极管，用于数字视频光盘（ DVD）	Y	icpdf:prajson2.子类别	Laser Diodes	https://www.digikey.cn/zh/products?keywords=RLD-65MC			consistent	源端与窄表均有值
RLD-65MC	ROHM	laser_diode	optical_power_mw	icpdf	激光二极管	红色激光二极管，用于数字视频光盘（ DVD）	Y	icpdf:prajson2.标称输出功率	7	https://www.digikey.cn/zh/products?keywords=RLD-65MC			consistent	源端与窄表均有值
RLD-65MC	ROHM	laser_diode	peak_wavelength_nm	icpdf	激光二极管	红色激光二极管，用于数字视频光盘（ DVD）	Y	icpdf:prajson2.峰值波长	655	https://www.digikey.cn/zh/products?keywords=RLD-65MC			consistent	源端与窄表均有值
RLD-65MC	ROHM	laser_diode	threshold_current_ma	icpdf	激光二极管	红色激光二极管，用于数字视频光盘（ DVD）	Y	icpdf:prajson2.最大阈值电流	40	https://www.digikey.cn/zh/products?keywords=RLD-65MC			consistent	源端与窄表均有值
RLD-65NE	ROHM	laser_diode	laser_type	icpdf	激光二极管		N	icpdf:prajson2.子类别		https://www.digikey.cn/zh/products?keywords=RLD-65NE			upstream_missing	源端无键且窄表空，上游缺口可接受
RLD-65NE	ROHM	laser_diode	optical_power_mw	icpdf	激光二极管		Y	icpdf:prajson2.标称输出功率	5	https://www.digikey.cn/zh/products?keywords=RLD-65NE			consistent	源端与窄表均有值
RLD-65NE	ROHM	laser_diode	peak_wavelength_nm	icpdf	激光二极管		Y	icpdf:prajson2.峰值波长	657	https://www.digikey.cn/zh/products?keywords=RLD-65NE			consistent	源端与窄表均有值
RLD-65NE	ROHM	laser_diode	threshold_current_ma	icpdf	激光二极管		Y	icpdf:prajson2.最大阈值电流	27	https://www.digikey.cn/zh/products?keywords=RLD-65NE			consistent	源端与窄表均有值
RLD-65PC	ROHM	laser_diode	laser_type	icpdf	激光二极管	红色激光二极管，用于数字视频光盘（ DVD）	Y	icpdf:prajson2.子类别	Laser Diodes	https://www.digikey.cn/zh/products?keywords=RLD-65PC			consistent	源端与窄表均有值
RLD-65PC	ROHM	laser_diode	optical_power_mw	icpdf	激光二极管	红色激光二极管，用于数字视频光盘（ DVD）	Y	icpdf:prajson2.标称输出功率	7	https://www.digikey.cn/zh/products?keywords=RLD-65PC			consistent	源端与窄表均有值
RLD-65PC	ROHM	laser_diode	peak_wavelength_nm	icpdf	激光二极管	红色激光二极管，用于数字视频光盘（ DVD）	Y	icpdf:prajson2.峰值波长	655	https://www.digikey.cn/zh/products?keywords=RLD-65PC			consistent	源端与窄表均有值
RLD-65PC	ROHM	laser_diode	threshold_current_ma	icpdf	激光二极管	红色激光二极管，用于数字视频光盘（ DVD）	Y	icpdf:prajson2.最大阈值电流	40	https://www.digikey.cn/zh/products?keywords=RLD-65PC			consistent	源端与窄表均有值
RLD-78MA-T1	ROHM	laser_diode	laser_type	icpdf	激光二极管		N	icpdf:prajson2.子类别		https://www.digikey.cn/zh/products?keywords=RLD-78MA-T1			upstream_missing	源端无键且窄表空，上游缺口可接受
RLD-78MA-T1	ROHM	laser_diode	optical_power_mw	icpdf	激光二极管		Y	icpdf:prajson2.标称输出功率	5	https://www.digikey.cn/zh/products?keywords=RLD-78MA-T1			consistent	源端与窄表均有值
RLD-78MA-T1	ROHM	laser_diode	peak_wavelength_nm	icpdf	激光二极管		Y	icpdf:prajson2.峰值波长	785	https://www.digikey.cn/zh/products?keywords=RLD-78MA-T1			consistent	源端与窄表均有值
RLD-78MA-T1	ROHM	laser_diode	threshold_current_ma	icpdf	激光二极管		Y	icpdf:prajson2.最大阈值电流	35	https://www.digikey.cn/zh/products?keywords=RLD-78MA-T1			consistent	源端与窄表均有值
RLD-78MA4	ROHM	laser_diode	laser_type	icpdf	激光二极管		Y	icpdf:prajson2.子类别	Laser Diodes	https://www.digikey.cn/zh/products?keywords=RLD-78MA4			consistent	源端与窄表均有值
RLD-78MA4	ROHM	laser_diode	optical_power_mw	icpdf	激光二极管		Y	icpdf:prajson2.标称输出功率	4	https://www.digikey.cn/zh/products?keywords=RLD-78MA4			consistent	源端与窄表均有值
RLD-78MA4	ROHM	laser_diode	peak_wavelength_nm	icpdf	激光二极管		Y	icpdf:prajson2.峰值波长	785	https://www.digikey.cn/zh/products?keywords=RLD-78MA4			consistent	源端与窄表均有值
RLD-78MA4	ROHM	laser_diode	threshold_current_ma	icpdf	激光二极管		Y	icpdf:prajson2.最大阈值电流	25	https://www.digikey.cn/zh/products?keywords=RLD-78MA4			consistent	源端与窄表均有值
ADL-63102TL	ROITHNER	laser_diode	laser_type	icpdf	激光二极管	条码扫描器线机，校平高能见度LD显示器	N	icpdf:prajson2.子类别		https://www.digikey.cn/zh/products?keywords=ADL-63102TL			upstream_missing	源端无键且窄表空，上游缺口可接受
ADL-63102TL	ROITHNER	laser_diode	optical_power_mw	icpdf	激光二极管	条码扫描器线机，校平高能见度LD显示器	N	icpdf:prajson2.标称输出功率		https://www.digikey.cn/zh/products?keywords=ADL-63102TL			business_not_public	商城/源端通常无此参数，业务看替代列
ADL-63102TL	ROITHNER	laser_diode	peak_wavelength_nm	icpdf	激光二极管	条码扫描器线机，校平高能见度LD显示器	N	icpdf:prajson2.峰值波长		https://www.digikey.cn/zh/products?keywords=ADL-63102TL			upstream_missing	源端无键且窄表空，上游缺口可接受
ADL-63102TL	ROITHNER	laser_diode	threshold_current_ma	icpdf	激光二极管	条码扫描器线机，校平高能见度LD显示器	N	icpdf:prajson2.最大阈值电流		https://www.digikey.cn/zh/products?keywords=ADL-63102TL			upstream_missing	源端无键且窄表空，上游缺口可接受
PLD904-2-MG	ROITHNER	laser_diode	laser_type	icpdf	激光二极管		N	icpdf:prajson2.子类别		https://www.digikey.cn/zh/products?keywords=PLD904-2-MG			upstream_missing	源端无键且窄表空，上游缺口可接受
PLD904-2-MG	ROITHNER	laser_diode	optical_power_mw	icpdf	激光二极管		N	icpdf:prajson2.标称输出功率		https://www.digikey.cn/zh/products?keywords=PLD904-2-MG			business_not_public	商城/源端通常无此参数，业务看替代列
PLD904-2-MG	ROITHNER	laser_diode	peak_wavelength_nm	icpdf	激光二极管		N	icpdf:prajson2.峰值波长		https://www.digikey.cn/zh/products?keywords=PLD904-2-MG			upstream_missing	源端无键且窄表空，上游缺口可接受
PLD904-2-MG	ROITHNER	laser_diode	threshold_current_ma	icpdf	激光二极管		N	icpdf:prajson2.最大阈值电流		https://www.digikey.cn/zh/products?keywords=PLD904-2-MG			upstream_missing	源端无键且窄表空，上游缺口可接受
RLT1460-5G	ROITHNER	laser_diode	laser_type	icpdf	激光二极管		N	icpdf:prajson2.子类别		https://www.digikey.cn/zh/products?keywords=RLT1460-5G			upstream_missing	源端无键且窄表空，上游缺口可接受
RLT1460-5G	ROITHNER	laser_diode	optical_power_mw	icpdf	激光二极管		N	icpdf:prajson2.标称输出功率		https://www.digikey.cn/zh/products?keywords=RLT1460-5G			business_not_public	商城/源端通常无此参数，业务看替代列
RLT1460-5G	ROITHNER	laser_diode	peak_wavelength_nm	icpdf	激光二极管		N	icpdf:prajson2.峰值波长		https://www.digikey.cn/zh/products?keywords=RLT1460-5G			upstream_missing	源端无键且窄表空，上游缺口可接受
RLT1460-5G	ROITHNER	laser_diode	threshold_current_ma	icpdf	激光二极管		N	icpdf:prajson2.最大阈值电流		https://www.digikey.cn/zh/products?keywords=RLT1460-5G			upstream_missing	源端无键且窄表空，上游缺口可接受
RLT6850G	ROITHNER	laser_diode	laser_type	icpdf	激光二极管		N	icpdf:prajson2.子类别		https://www.digikey.cn/zh/products?keywords=RLT6850G			upstream_missing	源端无键且窄表空，上游缺口可接受
RLT6850G	ROITHNER	laser_diode	optical_power_mw	icpdf	激光二极管		N	icpdf:prajson2.标称输出功率		https://www.digikey.cn/zh/products?keywords=RLT6850G			business_not_public	商城/源端通常无此参数，业务看替代列
RLT6850G	ROITHNER	laser_diode	peak_wavelength_nm	icpdf	激光二极管		N	icpdf:prajson2.峰值波长		https://www.digikey.cn/zh/products?keywords=RLT6850G			upstream_missing	源端无键且窄表空，上游缺口可接受
RLT6850G	ROITHNER	laser_diode	threshold_current_ma	icpdf	激光二极管		N	icpdf:prajson2.最大阈值电流		https://www.digikey.cn/zh/products?keywords=RLT6850G			upstream_missing	源端无键且窄表空，上游缺口可接受
RLT8320MG	ROITHNER	laser_diode	laser_type	icpdf	激光二极管	高功率红外Laserdiode	N	icpdf:prajson2.子类别		https://www.digikey.cn/zh/products?keywords=RLT8320MG			upstream_missing	源端无键且窄表空，上游缺口可接受
RLT8320MG	ROITHNER	laser_diode	optical_power_mw	icpdf	激光二极管	高功率红外Laserdiode	N	icpdf:prajson2.标称输出功率		https://www.digikey.cn/zh/products?keywords=RLT8320MG			business_not_public	商城/源端通常无此参数，业务看替代列
RLT8320MG	ROITHNER	laser_diode	peak_wavelength_nm	icpdf	激光二极管	高功率红外Laserdiode	N	icpdf:prajson2.峰值波长		https://www.digikey.cn/zh/products?keywords=RLT8320MG			upstream_missing	源端无键且窄表空，上游缺口可接受
RLT8320MG	ROITHNER	laser_diode	threshold_current_ma	icpdf	激光二极管	高功率红外Laserdiode	N	icpdf:prajson2.最大阈值电流		https://www.digikey.cn/zh/products?keywords=RLT8320MG			upstream_missing	源端无键且窄表空，上游缺口可接受
DL-3147-041	SANYO	laser_diode	laser_type	icpdf	激光二极管	指数指导AlGaInP组成的激光二极管	Y	icpdf:prajson2.子类别	Laser Diodes	https://www.digikey.cn/zh/products?keywords=DL-3147-041			consistent	源端与窄表均有值
DL-3147-041	SANYO	laser_diode	optical_power_mw	icpdf	激光二极管	指数指导AlGaInP组成的激光二极管	Y	icpdf:prajson2.标称输出功率	5	https://www.digikey.cn/zh/products?keywords=DL-3147-041			consistent	源端与窄表均有值
DL-3147-041	SANYO	laser_diode	peak_wavelength_nm	icpdf	激光二极管	指数指导AlGaInP组成的激光二极管	Y	icpdf:prajson2.峰值波长	645	https://www.digikey.cn/zh/products?keywords=DL-3147-041			consistent	源端与窄表均有值
DL-3147-041	SANYO	laser_diode	threshold_current_ma	icpdf	激光二极管	指数指导AlGaInP组成的激光二极管	Y	icpdf:prajson2.最大阈值电流	60	https://www.digikey.cn/zh/products?keywords=DL-3147-041			consistent	源端与窄表均有值
DL-3150-101	SANYO	laser_diode	laser_type	icpdf	激光二极管	紧凑型扁平封装类型激光二极管	Y	icpdf:prajson2.子类别	Laser Diodes	https://www.digikey.cn/zh/products?keywords=DL-3150-101			consistent	源端与窄表均有值
DL-3150-101	SANYO	laser_diode	optical_power_mw	icpdf	激光二极管	紧凑型扁平封装类型激光二极管	Y	icpdf:prajson2.标称输出功率	5	https://www.digikey.cn/zh/products?keywords=DL-3150-101			consistent	源端与窄表均有值
DL-3150-101	SANYO	laser_diode	peak_wavelength_nm	icpdf	激光二极管	紧凑型扁平封装类型激光二极管	Y	icpdf:prajson2.峰值波长	790	https://www.digikey.cn/zh/products?keywords=DL-3150-101			consistent	源端与窄表均有值
DL-3150-101	SANYO	laser_diode	threshold_current_ma	icpdf	激光二极管	紧凑型扁平封装类型激光二极管	Y	icpdf:prajson2.最大阈值电流	50	https://www.digikey.cn/zh/products?keywords=DL-3150-101			consistent	源端与窄表均有值
GH04020B2A	SHARP	laser_diode	laser_type	icpdf	激光二极管		N	icpdf:prajson2.子类别		https://www.digikey.cn/zh/products?keywords=GH04020B2A			upstream_missing	源端无键且窄表空，上游缺口可接受
GH04020B2A	SHARP	laser_diode	optical_power_mw	icpdf	激光二极管		Y	icpdf:prajson2.标称输出功率	25	https://www.digikey.cn/zh/products?keywords=GH04020B2A			consistent	源端与窄表均有值
GH04020B2A	SHARP	laser_diode	peak_wavelength_nm	icpdf	激光二极管		Y	icpdf:prajson2.峰值波长	406	https://www.digikey.cn/zh/products?keywords=GH04020B2A			consistent	源端与窄表均有值
GH04020B2A	SHARP	laser_diode	threshold_current_ma	icpdf	激光二极管		Y	icpdf:prajson2.最大阈值电流	50	https://www.digikey.cn/zh/products?keywords=GH04020B2A			consistent	源端与窄表均有值
GH04125A2A	SHARP	laser_diode	laser_type	icpdf	激光二极管		N	icpdf:prajson2.子类别		https://www.digikey.cn/zh/products?keywords=GH04125A2A			upstream_missing	源端无键且窄表空，上游缺口可接受
GH04125A2A	SHARP	laser_diode	optical_power_mw	icpdf	激光二极管		Y	icpdf:prajson2.标称输出功率	150	https://www.digikey.cn/zh/products?keywords=GH04125A2A			consistent	源端与窄表均有值
GH04125A2A	SHARP	laser_diode	peak_wavelength_nm	icpdf	激光二极管		Y	icpdf:prajson2.峰值波长	406	https://www.digikey.cn/zh/products?keywords=GH04125A2A			consistent	源端与窄表均有值
GH04125A2A	SHARP	laser_diode	threshold_current_ma	icpdf	激光二极管		Y	icpdf:prajson2.最大阈值电流	50	https://www.digikey.cn/zh/products?keywords=GH04125A2A			consistent	源端与窄表均有值
GH04P20A2GE	SHARP	laser_diode	laser_type	icpdf	激光二极管		N	icpdf:prajson2.子类别		https://www.digikey.cn/zh/products?keywords=GH04P20A2GE			upstream_missing	源端无键且窄表空，上游缺口可接受
GH04P20A2GE	SHARP	laser_diode	optical_power_mw	icpdf	激光二极管		Y	icpdf:prajson2.标称输出功率	20	https://www.digikey.cn/zh/products?keywords=GH04P20A2GE			consistent	源端与窄表均有值
GH04P20A2GE	SHARP	laser_diode	peak_wavelength_nm	icpdf	激光二极管		Y	icpdf:prajson2.峰值波长	406	https://www.digikey.cn/zh/products?keywords=GH04P20A2GE			consistent	源端与窄表均有值
GH04P20A2GE	SHARP	laser_diode	threshold_current_ma	icpdf	激光二极管		Y	icpdf:prajson2.最大阈值电流	50	https://www.digikey.cn/zh/products?keywords=GH04P20A2GE			consistent	源端与窄表均有值
GH04P21A2GE	SHARP	laser_diode	laser_type	icpdf	激光二极管	技术文献半导体激光器	N	icpdf:prajson2.子类别		https://www.digikey.cn/zh/products?keywords=GH04P21A2GE			upstream_missing	源端无键且窄表空，上游缺口可接受
GH04P21A2GE	SHARP	laser_diode	optical_power_mw	icpdf	激光二极管	技术文献半导体激光器	Y	icpdf:prajson2.标称输出功率	105	https://www.digikey.cn/zh/products?keywords=GH04P21A2GE			consistent	源端与窄表均有值
GH04P21A2GE	SHARP	laser_diode	peak_wavelength_nm	icpdf	激光二极管	技术文献半导体激光器	Y	icpdf:prajson2.峰值波长	406	https://www.digikey.cn/zh/products?keywords=GH04P21A2GE			consistent	源端与窄表均有值
GH04P21A2GE	SHARP	laser_diode	threshold_current_ma	icpdf	激光二极管	技术文献半导体激光器	Y	icpdf:prajson2.最大阈值电流	60	https://www.digikey.cn/zh/products?keywords=GH04P21A2GE			consistent	源端与窄表均有值
GH06507A2A	SHARP	laser_diode	laser_type	icpdf	激光二极管		N	icpdf:prajson2.子类别		https://www.digikey.cn/zh/products?keywords=GH06507A2A			upstream_missing	源端无键且窄表空，上游缺口可接受
GH06507A2A	SHARP	laser_diode	optical_power_mw	icpdf	激光二极管		Y	icpdf:prajson2.标称输出功率	7	https://www.digikey.cn/zh/products?keywords=GH06507A2A			consistent	源端与窄表均有值
GH06507A2A	SHARP	laser_diode	peak_wavelength_nm	icpdf	激光二极管		Y	icpdf:prajson2.峰值波长	650	https://www.digikey.cn/zh/products?keywords=GH06507A2A			consistent	源端与窄表均有值
GH06507A2A	SHARP	laser_diode	threshold_current_ma	icpdf	激光二极管		Y	icpdf:prajson2.最大阈值电流	70	https://www.digikey.cn/zh/products?keywords=GH06507A2A			consistent	源端与窄表均有值
SLD104AU	SONY	laser_diode	laser_type	icpdf	激光二极管	的AlGaAs激光二极管	Y	icpdf:prajson2.子类别	Laser Diodes	https://www.digikey.cn/zh/products?keywords=SLD104AU			consistent	源端与窄表均有值
SLD104AU	SONY	laser_diode	optical_power_mw	icpdf	激光二极管	的AlGaAs激光二极管	Y	icpdf:prajson2.标称输出功率	5	https://www.digikey.cn/zh/products?keywords=SLD104AU			consistent	源端与窄表均有值
SLD104AU	SONY	laser_diode	peak_wavelength_nm	icpdf	激光二极管	的AlGaAs激光二极管	Y	icpdf:prajson2.峰值波长	780	https://www.digikey.cn/zh/products?keywords=SLD104AU			consistent	源端与窄表均有值
SLD104AU	SONY	laser_diode	threshold_current_ma	icpdf	激光二极管	的AlGaAs激光二极管	Y	icpdf:prajson2.最大阈值电流	60	https://www.digikey.cn/zh/products?keywords=SLD104AU			consistent	源端与窄表均有值
SLD104AV	SONY	laser_diode	laser_type	icpdf	激光二极管	GaAlAs的激光二极管	Y	icpdf:prajson2.子类别	Laser Diodes	https://www.digikey.cn/zh/products?keywords=SLD104AV			consistent	源端与窄表均有值
SLD104AV	SONY	laser_diode	optical_power_mw	icpdf	激光二极管	GaAlAs的激光二极管	Y	icpdf:prajson2.标称输出功率	5	https://www.digikey.cn/zh/products?keywords=SLD104AV			consistent	源端与窄表均有值
SLD104AV	SONY	laser_diode	peak_wavelength_nm	icpdf	激光二极管	GaAlAs的激光二极管	Y	icpdf:prajson2.峰值波长	780	https://www.digikey.cn/zh/products?keywords=SLD104AV			consistent	源端与窄表均有值
SLD104AV	SONY	laser_diode	threshold_current_ma	icpdf	激光二极管	GaAlAs的激光二极管	Y	icpdf:prajson2.最大阈值电流	60	https://www.digikey.cn/zh/products?keywords=SLD104AV			consistent	源端与窄表均有值
SLD104BUL	SONY	laser_diode	laser_type	icpdf	激光二极管		Y	icpdf:prajson2.子类别	Laser Diodes	https://www.digikey.cn/zh/products?keywords=SLD104BUL			consistent	源端与窄表均有值
SLD104BUL	SONY	laser_diode	optical_power_mw	icpdf	激光二极管		Y	icpdf:prajson2.标称输出功率	10	https://www.digikey.cn/zh/products?keywords=SLD104BUL			consistent	源端与窄表均有值
SLD104BUL	SONY	laser_diode	peak_wavelength_nm	icpdf	激光二极管		Y	icpdf:prajson2.峰值波长	780	https://www.digikey.cn/zh/products?keywords=SLD104BUL			consistent	源端与窄表均有值
SLD104BUL	SONY	laser_diode	threshold_current_ma	icpdf	激光二极管		Y	icpdf:prajson2.最大阈值电流	60	https://www.digikey.cn/zh/products?keywords=SLD104BUL			consistent	源端与窄表均有值
SLD105UL	SONY	laser_diode	laser_type	icpdf	激光二极管	GaAlAs的激光二极管	Y	icpdf:prajson2.子类别	Laser Diodes	https://www.digikey.cn/zh/products?keywords=SLD105UL			consistent	源端与窄表均有值
SLD105UL	SONY	laser_diode	optical_power_mw	icpdf	激光二极管	GaAlAs的激光二极管	Y	icpdf:prajson2.标称输出功率	5	https://www.digikey.cn/zh/products?keywords=SLD105UL			consistent	源端与窄表均有值
SLD105UL	SONY	laser_diode	peak_wavelength_nm	icpdf	激光二极管	GaAlAs的激光二极管	Y	icpdf:prajson2.峰值波长	790	https://www.digikey.cn/zh/products?keywords=SLD105UL			consistent	源端与窄表均有值
SLD105UL	SONY	laser_diode	threshold_current_ma	icpdf	激光二极管	GaAlAs的激光二极管	Y	icpdf:prajson2.最大阈值电流	41	https://www.digikey.cn/zh/products?keywords=SLD105UL			consistent	源端与窄表均有值
SLD105VL	SONY	laser_diode	laser_type	icpdf	激光二极管	GaAlAs的激光二极管	Y	icpdf:prajson2.子类别	Laser Diodes	https://www.digikey.cn/zh/products?keywords=SLD105VL			consistent	源端与窄表均有值
SLD105VL	SONY	laser_diode	optical_power_mw	icpdf	激光二极管	GaAlAs的激光二极管	Y	icpdf:prajson2.标称输出功率	2.5	https://www.digikey.cn/zh/products?keywords=SLD105VL			consistent	源端与窄表均有值
SLD105VL	SONY	laser_diode	peak_wavelength_nm	icpdf	激光二极管	GaAlAs的激光二极管	Y	icpdf:prajson2.峰值波长	790	https://www.digikey.cn/zh/products?keywords=SLD105VL			consistent	源端与窄表均有值
SLD105VL	SONY	laser_diode	threshold_current_ma	icpdf	激光二极管	GaAlAs的激光二极管	Y	icpdf:prajson2.最大阈值电流	41	https://www.digikey.cn/zh/products?keywords=SLD105VL			consistent	源端与窄表均有值
C-13-001-E-B	SOURCE	laser_diode	laser_type	icpdf	激光二极管		N	icpdf:prajson2.子类别		https://www.digikey.cn/zh/products?keywords=C-13-001-E-B			upstream_missing	源端无键且窄表空，上游缺口可接受
C-13-001-E-B	SOURCE	laser_diode	optical_power_mw	icpdf	激光二极管		Y	icpdf:prajson2.标称输出功率	10	https://www.digikey.cn/zh/products?keywords=C-13-001-E-B			consistent	源端与窄表均有值
C-13-001-E-B	SOURCE	laser_diode	peak_wavelength_nm	icpdf	激光二极管		Y	icpdf:prajson2.峰值波长	1310	https://www.digikey.cn/zh/products?keywords=C-13-001-E-B			consistent	源端与窄表均有值
C-13-001-E-B	SOURCE	laser_diode	threshold_current_ma	icpdf	激光二极管		Y	icpdf:prajson2.最大阈值电流	15	https://www.digikey.cn/zh/products?keywords=C-13-001-E-B			consistent	源端与窄表均有值
C-13-001-E-B-G5	SOURCE	laser_diode	laser_type	icpdf	激光二极管		N	icpdf:prajson2.子类别		https://www.digikey.cn/zh/products?keywords=C-13-001-E-B-G5			upstream_missing	源端无键且窄表空，上游缺口可接受
C-13-001-E-B-G5	SOURCE	laser_diode	optical_power_mw	icpdf	激光二极管		Y	icpdf:prajson2.标称输出功率	10	https://www.digikey.cn/zh/products?keywords=C-13-001-E-B-G5			consistent	源端与窄表均有值
C-13-001-E-B-G5	SOURCE	laser_diode	peak_wavelength_nm	icpdf	激光二极管		Y	icpdf:prajson2.峰值波长	1310	https://www.digikey.cn/zh/products?keywords=C-13-001-E-B-G5			consistent	源端与窄表均有值
C-13-001-E-B-G5	SOURCE	laser_diode	threshold_current_ma	icpdf	激光二极管		Y	icpdf:prajson2.最大阈值电流	15	https://www.digikey.cn/zh/products?keywords=C-13-001-E-B-G5			consistent	源端与窄表均有值
C-13-001-E-B-GR	SOURCE	laser_diode	laser_type	icpdf	激光二极管		N	icpdf:prajson2.子类别		https://www.digikey.cn/zh/products?keywords=C-13-001-E-B-GR			upstream_missing	源端无键且窄表空，上游缺口可接受
C-13-001-E-B-GR	SOURCE	laser_diode	optical_power_mw	icpdf	激光二极管		Y	icpdf:prajson2.标称输出功率	10	https://www.digikey.cn/zh/products?keywords=C-13-001-E-B-GR			consistent	源端与窄表均有值
C-13-001-E-B-GR	SOURCE	laser_diode	peak_wavelength_nm	icpdf	激光二极管		Y	icpdf:prajson2.峰值波长	1310	https://www.digikey.cn/zh/products?keywords=C-13-001-E-B-GR			consistent	源端与窄表均有值
C-13-001-E-B-GR	SOURCE	laser_diode	threshold_current_ma	icpdf	激光二极管		Y	icpdf:prajson2.最大阈值电流	15	https://www.digikey.cn/zh/products?keywords=C-13-001-E-B-GR			consistent	源端与窄表均有值
C-13-001-E-BB	SOURCE	laser_diode	laser_type	icpdf	激光二极管		N	icpdf:prajson2.子类别		https://www.digikey.cn/zh/products?keywords=C-13-001-E-BB			upstream_missing	源端无键且窄表空，上游缺口可接受
C-13-001-E-BB	SOURCE	laser_diode	optical_power_mw	icpdf	激光二极管		Y	icpdf:prajson2.标称输出功率	10	https://www.digikey.cn/zh/products?keywords=C-13-001-E-BB			consistent	源端与窄表均有值
C-13-001-E-BB	SOURCE	laser_diode	peak_wavelength_nm	icpdf	激光二极管		Y	icpdf:prajson2.峰值波长	1310	https://www.digikey.cn/zh/products?keywords=C-13-001-E-BB			consistent	源端与窄表均有值
C-13-001-E-BB	SOURCE	laser_diode	threshold_current_ma	icpdf	激光二极管		Y	icpdf:prajson2.最大阈值电流	15	https://www.digikey.cn/zh/products?keywords=C-13-001-E-BB			consistent	源端与窄表均有值
C-13-001-E-BB-GR	SOURCE	laser_diode	laser_type	icpdf	激光二极管		N	icpdf:prajson2.子类别		https://www.digikey.cn/zh/products?keywords=C-13-001-E-BB-GR			upstream_missing	源端无键且窄表空，上游缺口可接受
C-13-001-E-BB-GR	SOURCE	laser_diode	optical_power_mw	icpdf	激光二极管		Y	icpdf:prajson2.标称输出功率	10	https://www.digikey.cn/zh/products?keywords=C-13-001-E-BB-GR			consistent	源端与窄表均有值
C-13-001-E-BB-GR	SOURCE	laser_diode	peak_wavelength_nm	icpdf	激光二极管		Y	icpdf:prajson2.峰值波长	1310	https://www.digikey.cn/zh/products?keywords=C-13-001-E-BB-GR			consistent	源端与窄表均有值
C-13-001-E-BB-GR	SOURCE	laser_diode	threshold_current_ma	icpdf	激光二极管		Y	icpdf:prajson2.最大阈值电流	15	https://www.digikey.cn/zh/products?keywords=C-13-001-E-BB-GR			consistent	源端与窄表均有值
TOLD9462MC(DA)	TOSHIBA	laser_diode	laser_type	icpdf	激光二极管		N	icpdf:prajson2.子类别		https://www.digikey.cn/zh/products?keywords=TOLD9462MC(DA)			upstream_missing	源端无键且窄表空，上游缺口可接受
TOLD9462MC(DA)	TOSHIBA	laser_diode	optical_power_mw	icpdf	激光二极管		N	icpdf:prajson2.标称输出功率		https://www.digikey.cn/zh/products?keywords=TOLD9462MC(DA)			business_not_public	商城/源端通常无此参数，业务看替代列
TOLD9462MC(DA)	TOSHIBA	laser_diode	peak_wavelength_nm	icpdf	激光二极管		N	icpdf:prajson2.峰值波长		https://www.digikey.cn/zh/products?keywords=TOLD9462MC(DA)			upstream_missing	源端无键且窄表空，上游缺口可接受
TOLD9462MC(DA)	TOSHIBA	laser_diode	threshold_current_ma	icpdf	激光二极管		N	icpdf:prajson2.最大阈值电流		https://www.digikey.cn/zh/products?keywords=TOLD9462MC(DA)			upstream_missing	源端无键且窄表空，上游缺口可接受
ML-00024	WINCHESTER	laser_diode	laser_type	icpdf	激光二极管		N	icpdf:prajson2.子类别		https://www.digikey.cn/zh/products?keywords=ML-00024			upstream_missing	源端无键且窄表空，上游缺口可接受
ML-00024	WINCHESTER	laser_diode	optical_power_mw	icpdf	激光二极管		N	icpdf:prajson2.标称输出功率		https://www.digikey.cn/zh/products?keywords=ML-00024			business_not_public	商城/源端通常无此参数，业务看替代列
ML-00024	WINCHESTER	laser_diode	peak_wavelength_nm	icpdf	激光二极管		Y	icpdf:prajson2.峰值波长	532	https://www.digikey.cn/zh/products?keywords=ML-00024			consistent	源端与窄表均有值
ML-00024	WINCHESTER	laser_diode	threshold_current_ma	icpdf	激光二极管		N	icpdf:prajson2.最大阈值电流		https://www.digikey.cn/zh/products?keywords=ML-00024			upstream_missing	源端无键且窄表空，上游缺口可接受
PDB-C107	ADVANCEDPHOTONIX	photodiode	breakdown_voltage_v	icpdf	光电二极管	蓝光电导增强硅光电二极管	Y	icpdf:prajson2.最小反向击穿电压	75	https://www.digikey.cn/zh/products?keywords=PDB-C107			consistent	源端与窄表均有值
PDB-C107	ADVANCEDPHOTONIX	photodiode	dark_current_na	icpdf	光电二极管	蓝光电导增强硅光电二极管	Y	icpdf:prajson2.最大暗电源	300	https://www.digikey.cn/zh/products?keywords=PDB-C107			consistent	源端与窄表均有值
PDB-C107	ADVANCEDPHOTONIX	photodiode	peak_wavelength_nm	icpdf	光电二极管	蓝光电导增强硅光电二极管	N	icpdf:prajson2.峰值波长		https://www.digikey.cn/zh/products?keywords=PDB-C107			upstream_missing	源端无键且窄表空，上游缺口可接受
PDB-C107	ADVANCEDPHOTONIX	photodiode	photodetector_type	icpdf	光电二极管	蓝光电导增强硅光电二极管	Y	icpdf:prajson2.光电设备类型	Photodiode	https://www.digikey.cn/zh/products?keywords=PDB-C107			consistent	源端与窄表均有值
PDB-C113	ADVANCEDPHOTONIX	photodiode	breakdown_voltage_v	icpdf	光电二极管	蓝光电导增强硅光电二极管	N	icpdf:prajson2.最大反向电压		https://www.digikey.cn/zh/products?keywords=PDB-C113			upstream_missing	源端无键且覆盖稀疏，上游/品类正常缺口
PDB-C113	ADVANCEDPHOTONIX	photodiode	dark_current_na	icpdf	光电二极管	蓝光电导增强硅光电二极管	N	icpdf:prajson2.最大暗电源		https://www.digikey.cn/zh/products?keywords=PDB-C113			upstream_missing	源端无键且覆盖稀疏，上游/品类正常缺口
PDB-C113	ADVANCEDPHOTONIX	photodiode	peak_wavelength_nm	icpdf	光电二极管	蓝光电导增强硅光电二极管	N	icpdf:prajson2.峰值波长		https://www.digikey.cn/zh/products?keywords=PDB-C113			upstream_missing	源端无键且窄表空，上游缺口可接受
PDB-C113	ADVANCEDPHOTONIX	photodiode	photodetector_type	icpdf	光电二极管	蓝光电导增强硅光电二极管	N	icpdf:prajson2.光电设备类型	Photodiode	https://www.digikey.cn/zh/products?keywords=PDB-C113			consistent	窄表已抽值(源键未映射或衍生)
PDB-C122	ADVANCEDPHOTONIX	photodiode	breakdown_voltage_v	icpdf	其他光电器件	蓝光电导增强硅光电二极管	Y	icpdf:prajson2.最小反向击穿电压	50	https://www.digikey.cn/zh/products?keywords=PDB-C122			consistent	源端与窄表均有值
PDB-C122	ADVANCEDPHOTONIX	photodiode	dark_current_na	icpdf	其他光电器件	蓝光电导增强硅光电二极管	Y	icpdf:prajson2.最大暗电源	2	https://www.digikey.cn/zh/products?keywords=PDB-C122			consistent	源端与窄表均有值
PDB-C122	ADVANCEDPHOTONIX	photodiode	peak_wavelength_nm	icpdf	其他光电器件	蓝光电导增强硅光电二极管	N	icpdf:prajson2.峰值波长		https://www.digikey.cn/zh/products?keywords=PDB-C122			upstream_missing	源端无键且窄表空，上游缺口可接受
PDB-C122	ADVANCEDPHOTONIX	photodiode	photodetector_type	icpdf	其他光电器件	蓝光电导增强硅光电二极管	N	icpdf:prajson2.光电设备类型	Photodiode	https://www.digikey.cn/zh/products?keywords=PDB-C122			consistent	窄表已抽值(源键未映射或衍生)
PDB-C134	ADVANCEDPHOTONIX	photodiode	breakdown_voltage_v	icpdf	光电二极管	带引线的塑料封装的光电二极管	N	icpdf:prajson2.最大反向电压		https://www.digikey.cn/zh/products?keywords=PDB-C134			upstream_missing	源端无键且覆盖稀疏，上游/品类正常缺口
PDB-C134	ADVANCEDPHOTONIX	photodiode	dark_current_na	icpdf	光电二极管	带引线的塑料封装的光电二极管	N	icpdf:prajson2.最大暗电源		https://www.digikey.cn/zh/products?keywords=PDB-C134			upstream_missing	源端无键且覆盖稀疏，上游/品类正常缺口
PDB-C134	ADVANCEDPHOTONIX	photodiode	peak_wavelength_nm	icpdf	光电二极管	带引线的塑料封装的光电二极管	N	icpdf:prajson2.峰值波长		https://www.digikey.cn/zh/products?keywords=PDB-C134			upstream_missing	源端无键且窄表空，上游缺口可接受
PDB-C134	ADVANCEDPHOTONIX	photodiode	photodetector_type	icpdf	光电二极管	带引线的塑料封装的光电二极管	N	icpdf:prajson2.光电设备类型	Photodiode	https://www.digikey.cn/zh/products?keywords=PDB-C134			consistent	窄表已抽值(源键未映射或衍生)
PDB-C134F	ADVANCEDPHOTONIX	photodiode	breakdown_voltage_v	icpdf	其他光电器件	与可见阻塞滤波器光电塑料包装	N	icpdf:prajson2.最大反向电压		https://www.digikey.cn/zh/products?keywords=PDB-C134F			upstream_missing	源端无键且覆盖稀疏，上游/品类正常缺口
PDB-C134F	ADVANCEDPHOTONIX	photodiode	dark_current_na	icpdf	其他光电器件	与可见阻塞滤波器光电塑料包装	N	icpdf:prajson2.最大暗电源		https://www.digikey.cn/zh/products?keywords=PDB-C134F			upstream_missing	源端无键且覆盖稀疏，上游/品类正常缺口
PDB-C134F	ADVANCEDPHOTONIX	photodiode	peak_wavelength_nm	icpdf	其他光电器件	与可见阻塞滤波器光电塑料包装	N	icpdf:prajson2.峰值波长		https://www.digikey.cn/zh/products?keywords=PDB-C134F			upstream_missing	源端无键且窄表空，上游缺口可接受
PDB-C134F	ADVANCEDPHOTONIX	photodiode	photodetector_type	icpdf	其他光电器件	与可见阻塞滤波器光电塑料包装	N	icpdf:prajson2.光电设备类型	Photodiode	https://www.digikey.cn/zh/products?keywords=PDB-C134F			consistent	窄表已抽值(源键未映射或衍生)
HCNR200	AGILENT	photodiode	breakdown_voltage_v	icpdf	其他光电器件	高线性度模拟光电耦合器	N	icpdf:prajson2.最大反向电压		https://www.digikey.cn/zh/products?keywords=HCNR200			upstream_missing	源端无键且覆盖稀疏，上游/品类正常缺口
HCNR200	AGILENT	photodiode	dark_current_na	icpdf	其他光电器件	高线性度模拟光电耦合器	N	icpdf:prajson2.最大暗电源		https://www.digikey.cn/zh/products?keywords=HCNR200			upstream_missing	源端无键且覆盖稀疏，上游/品类正常缺口
HCNR200	AGILENT	photodiode	peak_wavelength_nm	icpdf	其他光电器件	高线性度模拟光电耦合器	N	icpdf:prajson2.峰值波长		https://www.digikey.cn/zh/products?keywords=HCNR200			upstream_missing	源端无键且窄表空，上游缺口可接受
HCNR200	AGILENT	photodiode	photodetector_type	icpdf	其他光电器件	高线性度模拟光电耦合器	Y	icpdf:prajson2.光电设备类型	Photodiode	https://www.digikey.cn/zh/products?keywords=HCNR200			consistent	源端与窄表均有值
HCNR201	AGILENT	photodiode	breakdown_voltage_v	icpdf	其他光电器件	高线性度模拟光电耦合器	N	icpdf:prajson2.最大反向电压		https://www.digikey.cn/zh/products?keywords=HCNR201			upstream_missing	源端无键且覆盖稀疏，上游/品类正常缺口
HCNR201	AGILENT	photodiode	dark_current_na	icpdf	其他光电器件	高线性度模拟光电耦合器	N	icpdf:prajson2.最大暗电源		https://www.digikey.cn/zh/products?keywords=HCNR201			upstream_missing	源端无键且覆盖稀疏，上游/品类正常缺口
HCNR201	AGILENT	photodiode	peak_wavelength_nm	icpdf	其他光电器件	高线性度模拟光电耦合器	N	icpdf:prajson2.峰值波长		https://www.digikey.cn/zh/products?keywords=HCNR201			upstream_missing	源端无键且窄表空，上游缺口可接受
HCNR201	AGILENT	photodiode	photodetector_type	icpdf	其他光电器件	高线性度模拟光电耦合器	Y	icpdf:prajson2.光电设备类型	Photodiode	https://www.digikey.cn/zh/products?keywords=HCNR201			consistent	源端与窄表均有值
HCPL3160	AGILENT	photodiode	breakdown_voltage_v	icpdf	其他光电器件	2.0安培IGBT栅极驱动光电耦合器集成过电流保护及故障反馈	N	icpdf:prajson2.最大反向电压		https://www.digikey.cn/zh/products?keywords=HCPL3160			upstream_missing	源端无键且覆盖稀疏，上游/品类正常缺口
HCPL3160	AGILENT	photodiode	dark_current_na	icpdf	其他光电器件	2.0安培IGBT栅极驱动光电耦合器集成过电流保护及故障反馈	N	icpdf:prajson2.最大暗电源		https://www.digikey.cn/zh/products?keywords=HCPL3160			upstream_missing	源端无键且覆盖稀疏，上游/品类正常缺口
HCPL3160	AGILENT	photodiode	peak_wavelength_nm	icpdf	其他光电器件	2.0安培IGBT栅极驱动光电耦合器集成过电流保护及故障反馈	N	icpdf:prajson2.峰值波长		https://www.digikey.cn/zh/products?keywords=HCPL3160			upstream_missing	源端无键且窄表空，上游缺口可接受
HCPL3160	AGILENT	photodiode	photodetector_type	icpdf	其他光电器件	2.0安培IGBT栅极驱动光电耦合器集成过电流保护及故障反馈	N	icpdf:prajson2.光电设备类型	Photodiode	https://www.digikey.cn/zh/products?keywords=HCPL3160			consistent	窄表已抽值(源键未映射或衍生)
HDSP-56011-00000	AGILENT	photodiode	breakdown_voltage_v	icpdf	其他光电器件		N	icpdf:prajson2.最大反向电压		https://www.digikey.cn/zh/products?keywords=HDSP-56011-00000			upstream_missing	源端无键且覆盖稀疏，上游/品类正常缺口
HDSP-56011-00000	AGILENT	photodiode	dark_current_na	icpdf	其他光电器件		N	icpdf:prajson2.最大暗电源		https://www.digikey.cn/zh/products?keywords=HDSP-56011-00000			upstream_missing	源端无键且覆盖稀疏，上游/品类正常缺口
HDSP-56011-00000	AGILENT	photodiode	peak_wavelength_nm	icpdf	其他光电器件		N	icpdf:prajson2.峰值波长		https://www.digikey.cn/zh/products?keywords=HDSP-56011-00000			upstream_missing	源端无键且窄表空，上游缺口可接受
HDSP-56011-00000	AGILENT	photodiode	photodetector_type	icpdf	其他光电器件		N	icpdf:prajson2.光电设备类型	Photodiode	https://www.digikey.cn/zh/products?keywords=HDSP-56011-00000			consistent	窄表已抽值(源键未映射或衍生)
HEDL-5500#A02	AGILENT	photodiode	breakdown_voltage_v	icpdf	其他光电器件		N	icpdf:prajson2.最大反向电压		https://www.digikey.cn/zh/products?keywords=HEDL-5500#A02			upstream_missing	源端无键且覆盖稀疏，上游/品类正常缺口
HEDL-5500#A02	AGILENT	photodiode	dark_current_na	icpdf	其他光电器件		N	icpdf:prajson2.最大暗电源		https://www.digikey.cn/zh/products?keywords=HEDL-5500#A02			upstream_missing	源端无键且覆盖稀疏，上游/品类正常缺口
HEDL-5500#A02	AGILENT	photodiode	peak_wavelength_nm	icpdf	其他光电器件		N	icpdf:prajson2.峰值波长		https://www.digikey.cn/zh/products?keywords=HEDL-5500#A02			upstream_missing	源端无键且窄表空，上游缺口可接受
HEDL-5500#A02	AGILENT	photodiode	photodetector_type	icpdf	其他光电器件		Y	icpdf:prajson2.光电设备类型	Photodiode	https://www.digikey.cn/zh/products?keywords=HEDL-5500#A02			consistent	源端与窄表均有值
AMIS-732256	AMI	photodiode	breakdown_voltage_v	icpdf	光电二极管	为50μm ，间距宽孔径光谱光电二极管阵列	N	icpdf:prajson2.最大反向电压		https://www.digikey.cn/zh/products?keywords=AMIS-732256			upstream_missing	源端无键且覆盖稀疏，上游/品类正常缺口
AMIS-732256	AMI	photodiode	dark_current_na	icpdf	光电二极管	为50μm ，间距宽孔径光谱光电二极管阵列	Y	icpdf:prajson2.最大暗电源	600	https://www.digikey.cn/zh/products?keywords=AMIS-732256			consistent	源端与窄表均有值
AMIS-732256	AMI	photodiode	peak_wavelength_nm	icpdf	光电二极管	为50μm ，间距宽孔径光谱光电二极管阵列	Y	icpdf:prajson2.峰值波长	600	https://www.digikey.cn/zh/products?keywords=AMIS-732256			consistent	源端与窄表均有值
AMIS-732256	AMI	photodiode	photodetector_type	icpdf	光电二极管	为50μm ，间距宽孔径光谱光电二极管阵列	N	icpdf:prajson2.光电设备类型	Photodiode	https://www.digikey.cn/zh/products?keywords=AMIS-732256			consistent	窄表已抽值(源键未映射或衍生)
SPC715	AUK	photodiode	breakdown_voltage_v	icpdf	其他光电器件	DIP光耦合器	N	icpdf:prajson2.最大反向电压		https://www.digikey.cn/zh/products?keywords=SPC715			upstream_missing	源端无键且覆盖稀疏，上游/品类正常缺口
SPC715	AUK	photodiode	dark_current_na	icpdf	其他光电器件	DIP光耦合器	N	icpdf:prajson2.最大暗电源		https://www.digikey.cn/zh/products?keywords=SPC715			upstream_missing	源端无键且覆盖稀疏，上游/品类正常缺口
SPC715	AUK	photodiode	peak_wavelength_nm	icpdf	其他光电器件	DIP光耦合器	N	icpdf:prajson2.峰值波长		https://www.digikey.cn/zh/products?keywords=SPC715			upstream_missing	源端无键且窄表空，上游缺口可接受
SPC715	AUK	photodiode	photodetector_type	icpdf	其他光电器件	DIP光耦合器	Y	icpdf:prajson2.子类别	Phototransistor	https://www.digikey.cn/zh/products?keywords=SPC715			consistent	源端与窄表均有值
ACPL-214-50AE	AVAGO	photodiode	breakdown_voltage_v	icpdf	光耦合器	AC输入，半间距光电晶体管光耦合器	N	icpdf:prajson2.最大反向电压		https://www.digikey.cn/zh/products?keywords=ACPL-214-50AE			upstream_missing	源端无键且覆盖稀疏，上游/品类正常缺口
ACPL-214-50AE	AVAGO	photodiode	dark_current_na	icpdf	光耦合器	AC输入，半间距光电晶体管光耦合器	Y	icpdf:prajson2.最大暗电源	100	https://www.digikey.cn/zh/products?keywords=ACPL-214-50AE			consistent	源端与窄表均有值
ACPL-214-50AE	AVAGO	photodiode	peak_wavelength_nm	icpdf	光耦合器	AC输入，半间距光电晶体管光耦合器	N	icpdf:prajson2.峰值波长		https://www.digikey.cn/zh/products?keywords=ACPL-214-50AE			upstream_missing	源端无键且窄表空，上游缺口可接受
ACPL-214-50AE	AVAGO	photodiode	photodetector_type	icpdf	光耦合器	AC输入，半间距光电晶体管光耦合器	Y	icpdf:prajson2.光电设备类型	Phototransistor	https://www.digikey.cn/zh/products?keywords=ACPL-214-50AE			consistent	源端与窄表均有值
ACPL-333J-000E	AVAGO	photodiode	breakdown_voltage_v	icpdf	其他光电器件	2.5安培输出电流IGBT栅极驱动光电耦合器与集成	N	icpdf:prajson2.最大反向电压		https://www.digikey.cn/zh/products?keywords=ACPL-333J-000E			upstream_missing	源端无键且覆盖稀疏，上游/品类正常缺口
ACPL-333J-000E	AVAGO	photodiode	dark_current_na	icpdf	其他光电器件	2.5安培输出电流IGBT栅极驱动光电耦合器与集成	N	icpdf:prajson2.最大暗电源		https://www.digikey.cn/zh/products?keywords=ACPL-333J-000E			upstream_missing	源端无键且覆盖稀疏，上游/品类正常缺口
ACPL-333J-000E	AVAGO	photodiode	peak_wavelength_nm	icpdf	其他光电器件	2.5安培输出电流IGBT栅极驱动光电耦合器与集成	N	icpdf:prajson2.峰值波长		https://www.digikey.cn/zh/products?keywords=ACPL-333J-000E			upstream_missing	源端无键且窄表空，上游缺口可接受
ACPL-333J-000E	AVAGO	photodiode	photodetector_type	icpdf	其他光电器件	2.5安培输出电流IGBT栅极驱动光电耦合器与集成	Y	icpdf:prajson2.光电设备类型	Optocoupler - IC Outputs	https://www.digikey.cn/zh/products?keywords=ACPL-333J-000E			consistent	源端与窄表均有值
ACPL-333J-500E	AVAGO	photodiode	breakdown_voltage_v	icpdf	其他光电器件	2.5安培输出电流IGBT栅极驱动光电耦合器与集成	N	icpdf:prajson2.最大反向电压		https://www.digikey.cn/zh/products?keywords=ACPL-333J-500E			upstream_missing	源端无键且覆盖稀疏，上游/品类正常缺口
ACPL-333J-500E	AVAGO	photodiode	dark_current_na	icpdf	其他光电器件	2.5安培输出电流IGBT栅极驱动光电耦合器与集成	N	icpdf:prajson2.最大暗电源		https://www.digikey.cn/zh/products?keywords=ACPL-333J-500E			upstream_missing	源端无键且覆盖稀疏，上游/品类正常缺口
ACPL-333J-500E	AVAGO	photodiode	peak_wavelength_nm	icpdf	其他光电器件	2.5安培输出电流IGBT栅极驱动光电耦合器与集成	N	icpdf:prajson2.峰值波长		https://www.digikey.cn/zh/products?keywords=ACPL-333J-500E			upstream_missing	源端无键且窄表空，上游缺口可接受
ACPL-333J-500E	AVAGO	photodiode	photodetector_type	icpdf	其他光电器件	2.5安培输出电流IGBT栅极驱动光电耦合器与集成	N	icpdf:prajson2.光电设备类型	Photodiode	https://www.digikey.cn/zh/products?keywords=ACPL-333J-500E			consistent	窄表已抽值(源键未映射或衍生)
AFBR-810BEHZ	AVAGO	photodiode	breakdown_voltage_v	icpdf	其他光电器件		N	icpdf:prajson2.最大反向电压		https://www.digikey.cn/zh/products?keywords=AFBR-810BEHZ			upstream_missing	源端无键且覆盖稀疏，上游/品类正常缺口
AFBR-810BEHZ	AVAGO	photodiode	dark_current_na	icpdf	其他光电器件		N	icpdf:prajson2.最大暗电源		https://www.digikey.cn/zh/products?keywords=AFBR-810BEHZ			upstream_missing	源端无键且覆盖稀疏，上游/品类正常缺口
AFBR-810BEHZ	AVAGO	photodiode	peak_wavelength_nm	icpdf	其他光电器件		N	icpdf:prajson2.峰值波长		https://www.digikey.cn/zh/products?keywords=AFBR-810BEHZ			upstream_missing	源端无键且窄表空，上游缺口可接受
AFBR-810BEHZ	AVAGO	photodiode	photodetector_type	icpdf	其他光电器件		Y	icpdf:prajson2.光电设备类型	Photodiode	https://www.digikey.cn/zh/products?keywords=AFBR-810BEHZ			consistent	源端与窄表均有值
AFBR-810BHZ	AVAGO	photodiode	breakdown_voltage_v	icpdf	其他光电器件		N	icpdf:prajson2.最大反向电压		https://www.digikey.cn/zh/products?keywords=AFBR-810BHZ			upstream_missing	源端无键且覆盖稀疏，上游/品类正常缺口
AFBR-810BHZ	AVAGO	photodiode	dark_current_na	icpdf	其他光电器件		N	icpdf:prajson2.最大暗电源		https://www.digikey.cn/zh/products?keywords=AFBR-810BHZ			upstream_missing	源端无键且覆盖稀疏，上游/品类正常缺口
AFBR-810BHZ	AVAGO	photodiode	peak_wavelength_nm	icpdf	其他光电器件		N	icpdf:prajson2.峰值波长		https://www.digikey.cn/zh/products?keywords=AFBR-810BHZ			upstream_missing	源端无键且窄表空，上游缺口可接受
AFBR-810BHZ	AVAGO	photodiode	photodetector_type	icpdf	其他光电器件		Y	icpdf:prajson2.光电设备类型	Photodiode	https://www.digikey.cn/zh/products?keywords=AFBR-810BHZ			consistent	源端与窄表均有值
OPI1000LE	BOT	photodiode	breakdown_voltage_v	icpdf	其他光电器件	光耦合隔离器表面贴装薄型	N	icpdf:prajson2.最大反向电压		https://www.digikey.cn/zh/products?keywords=OPI1000LE			upstream_missing	源端无键且覆盖稀疏，上游/品类正常缺口
OPI1000LE	BOT	photodiode	dark_current_na	icpdf	其他光电器件	光耦合隔离器表面贴装薄型	N	icpdf:prajson2.最大暗电源		https://www.digikey.cn/zh/products?keywords=OPI1000LE			upstream_missing	源端无键且覆盖稀疏，上游/品类正常缺口
OPI1000LE	BOT	photodiode	peak_wavelength_nm	icpdf	其他光电器件	光耦合隔离器表面贴装薄型	N	icpdf:prajson2.峰值波长		https://www.digikey.cn/zh/products?keywords=OPI1000LE			upstream_missing	源端无键且窄表空，上游缺口可接受
OPI1000LE	BOT	photodiode	photodetector_type	icpdf	其他光电器件	光耦合隔离器表面贴装薄型	Y	icpdf:prajson2.子类别	Phototransistor	https://www.digikey.cn/zh/products?keywords=OPI1000LE			consistent	源端与窄表均有值
PS2501A-1-H-A	CEL	photodiode	breakdown_voltage_v	icpdf	其他光电器件		N	icpdf:prajson2.最大反向电压		https://www.digikey.cn/zh/products?keywords=PS2501A-1-H-A			upstream_missing	源端无键且覆盖稀疏，上游/品类正常缺口
PS2501A-1-H-A	CEL	photodiode	dark_current_na	icpdf	其他光电器件		Y	icpdf:prajson2.最大暗电源	100	https://www.digikey.cn/zh/products?keywords=PS2501A-1-H-A			consistent	源端与窄表均有值
PS2501A-1-H-A	CEL	photodiode	peak_wavelength_nm	icpdf	其他光电器件		N	icpdf:prajson2.峰值波长		https://www.digikey.cn/zh/products?keywords=PS2501A-1-H-A			upstream_missing	源端无键且窄表空，上游缺口可接受
PS2501A-1-H-A	CEL	photodiode	photodetector_type	icpdf	其他光电器件		Y	icpdf:prajson2.子类别	Phototransistor	https://www.digikey.cn/zh/products?keywords=PS2501A-1-H-A			consistent	源端与窄表均有值
CSM44414D	CHINASEMI	photodiode	breakdown_voltage_v	icpdf	其他光电器件		N	icpdf:prajson2.最大反向电压		https://www.digikey.cn/zh/products?keywords=CSM44414D			upstream_missing	源端无键且覆盖稀疏，上游/品类正常缺口
CSM44414D	CHINASEMI	photodiode	dark_current_na	icpdf	其他光电器件		N	icpdf:prajson2.最大暗电源		https://www.digikey.cn/zh/products?keywords=CSM44414D			upstream_missing	源端无键且覆盖稀疏，上游/品类正常缺口
CSM44414D	CHINASEMI	photodiode	peak_wavelength_nm	icpdf	其他光电器件		N	icpdf:prajson2.峰值波长		https://www.digikey.cn/zh/products?keywords=CSM44414D			upstream_missing	源端无键且窄表空，上游缺口可接受
CSM44414D	CHINASEMI	photodiode	photodetector_type	icpdf	其他光电器件		N	icpdf:prajson2.光电设备类型	Photodiode	https://www.digikey.cn/zh/products?keywords=CSM44414D			consistent	窄表已抽值(源键未映射或衍生)
CSM57434S	CHINASEMI	photodiode	breakdown_voltage_v	icpdf	其他光电器件		N	icpdf:prajson2.最大反向电压		https://www.digikey.cn/zh/products?keywords=CSM57434S			upstream_missing	源端无键且覆盖稀疏，上游/品类正常缺口
CSM57434S	CHINASEMI	photodiode	dark_current_na	icpdf	其他光电器件		N	icpdf:prajson2.最大暗电源		https://www.digikey.cn/zh/products?keywords=CSM57434S			upstream_missing	源端无键且覆盖稀疏，上游/品类正常缺口
CSM57434S	CHINASEMI	photodiode	peak_wavelength_nm	icpdf	其他光电器件		N	icpdf:prajson2.峰值波长		https://www.digikey.cn/zh/products?keywords=CSM57434S			upstream_missing	源端无键且窄表空，上游缺口可接受
CSM57434S	CHINASEMI	photodiode	photodetector_type	icpdf	其他光电器件		N	icpdf:prajson2.光电设备类型	Photodiode	https://www.digikey.cn/zh/products?keywords=CSM57434S			consistent	窄表已抽值(源键未映射或衍生)
CLI850W	CLAIREX	photodiode	breakdown_voltage_v	icpdf	其他光电器件		N	icpdf:prajson2.最大反向电压		https://www.digikey.cn/zh/products?keywords=CLI850W			upstream_missing	源端无键且覆盖稀疏，上游/品类正常缺口
CLI850W	CLAIREX	photodiode	dark_current_na	icpdf	其他光电器件		N	icpdf:prajson2.最大暗电源		https://www.digikey.cn/zh/products?keywords=CLI850W			upstream_missing	源端无键且覆盖稀疏，上游/品类正常缺口
CLI850W	CLAIREX	photodiode	peak_wavelength_nm	icpdf	其他光电器件		N	icpdf:prajson2.峰值波长		https://www.digikey.cn/zh/products?keywords=CLI850W			upstream_missing	源端无键且窄表空，上游缺口可接受
CLI850W	CLAIREX	photodiode	photodetector_type	icpdf	其他光电器件		Y	icpdf:prajson2.子类别	Photodiode	https://www.digikey.cn/zh/products?keywords=CLI850W			consistent	源端与窄表均有值
6451	CRYDOM	photodiode	breakdown_voltage_v	icpdf	其他光电器件	AC输出缓冲模块	N	icpdf:prajson2.最大反向电压		https://www.digikey.cn/zh/products?keywords=6451			upstream_missing	源端无键且覆盖稀疏，上游/品类正常缺口
6451	CRYDOM	photodiode	dark_current_na	icpdf	其他光电器件	AC输出缓冲模块	N	icpdf:prajson2.最大暗电源		https://www.digikey.cn/zh/products?keywords=6451			upstream_missing	源端无键且覆盖稀疏，上游/品类正常缺口
6451	CRYDOM	photodiode	peak_wavelength_nm	icpdf	其他光电器件	AC输出缓冲模块	N	icpdf:prajson2.峰值波长		https://www.digikey.cn/zh/products?keywords=6451			upstream_missing	源端无键且窄表空，上游缺口可接受
6451	CRYDOM	photodiode	photodetector_type	icpdf	其他光电器件	AC输出缓冲模块	Y	icpdf:prajson2.子类别	Photodiode	https://www.digikey.cn/zh/products?keywords=6451			consistent	源端与窄表均有值
CMRD2435EP-10	CRYDOM	photodiode	breakdown_voltage_v	icpdf	其他光电器件	DIN导轨安装	N	icpdf:prajson2.最大反向电压		https://www.digikey.cn/zh/products?keywords=CMRD2435EP-10			upstream_missing	源端无键且覆盖稀疏，上游/品类正常缺口
CMRD2435EP-10	CRYDOM	photodiode	dark_current_na	icpdf	其他光电器件	DIN导轨安装	N	icpdf:prajson2.最大暗电源		https://www.digikey.cn/zh/products?keywords=CMRD2435EP-10			upstream_missing	源端无键且覆盖稀疏，上游/品类正常缺口
CMRD2435EP-10	CRYDOM	photodiode	peak_wavelength_nm	icpdf	其他光电器件	DIN导轨安装	N	icpdf:prajson2.峰值波长		https://www.digikey.cn/zh/products?keywords=CMRD2435EP-10			upstream_missing	源端无键且窄表空，上游缺口可接受
CMRD2435EP-10	CRYDOM	photodiode	photodetector_type	icpdf	其他光电器件	DIN导轨安装	Y	icpdf:prajson2.子类别	Photodiode	https://www.digikey.cn/zh/products?keywords=CMRD2435EP-10			consistent	源端与窄表均有值
521-9741	DIALIGHT	photodiode	breakdown_voltage_v	icpdf	光电二极管		Y	icpdf:prajson2.最大反向电压	20	https://www.digikey.cn/zh/products?keywords=521-9741			consistent	源端与窄表均有值
521-9741	DIALIGHT	photodiode	dark_current_na	icpdf	光电二极管		Y	icpdf:prajson2.最大暗电源	5	https://www.digikey.cn/zh/products?keywords=521-9741			consistent	源端与窄表均有值
521-9741	DIALIGHT	photodiode	peak_wavelength_nm	icpdf	光电二极管		Y	icpdf:prajson2.峰值波长	900	https://www.digikey.cn/zh/products?keywords=521-9741			consistent	源端与窄表均有值
521-9741	DIALIGHT	photodiode	photodetector_type	icpdf	光电二极管		Y	icpdf:prajson2.光电设备类型	Photodiode	https://www.digikey.cn/zh/products?keywords=521-9741			consistent	源端与窄表均有值
553-0231-410	DIALIGHT	photodiode	breakdown_voltage_v	icpdf	其他光电器件		N	icpdf:prajson2.最大反向电压		https://www.digikey.cn/zh/products?keywords=553-0231-410			upstream_missing	源端无键且覆盖稀疏，上游/品类正常缺口
553-0231-410	DIALIGHT	photodiode	dark_current_na	icpdf	其他光电器件		N	icpdf:prajson2.最大暗电源		https://www.digikey.cn/zh/products?keywords=553-0231-410			upstream_missing	源端无键且覆盖稀疏，上游/品类正常缺口
553-0231-410	DIALIGHT	photodiode	peak_wavelength_nm	icpdf	其他光电器件		Y	icpdf:prajson2.峰值波长	583	https://www.digikey.cn/zh/products?keywords=553-0231-410			consistent	源端与窄表均有值
553-0231-410	DIALIGHT	photodiode	photodetector_type	icpdf	其他光电器件		Y	icpdf:prajson2.子类别	Photodiode	https://www.digikey.cn/zh/products?keywords=553-0231-410			consistent	源端与窄表均有值
2522A-SMA-DC-100-SA	EMCORE	photodiode	breakdown_voltage_v	icpdf	光电二极管		Y	icpdf:prajson2.最小反向击穿电压	15	https://www.digikey.cn/zh/products?keywords=2522A-SMA-DC-100-SA			consistent	源端与窄表均有值
2522A-SMA-DC-100-SA	EMCORE	photodiode	dark_current_na	icpdf	光电二极管		Y	icpdf:prajson2.最大暗电源	5	https://www.digikey.cn/zh/products?keywords=2522A-SMA-DC-100-SA			consistent	源端与窄表均有值
2522A-SMA-DC-100-SA	EMCORE	photodiode	peak_wavelength_nm	icpdf	光电二极管		Y	icpdf:prajson2.峰值波长	1280	https://www.digikey.cn/zh/products?keywords=2522A-SMA-DC-100-SA			consistent	源端与窄表均有值
2522A-SMA-DC-100-SA	EMCORE	photodiode	photodetector_type	icpdf	光电二极管		Y	icpdf:prajson2.光电设备类型	Photodiode	https://www.digikey.cn/zh/products?keywords=2522A-SMA-DC-100-SA			consistent	源端与窄表均有值
PGB2110/CP	ERICSSON	photodiode	breakdown_voltage_v	icpdf	其他光电器件		N	icpdf:prajson2.最大反向电压		https://www.digikey.cn/zh/products?keywords=PGB2110/CP			upstream_missing	源端无键且覆盖稀疏，上游/品类正常缺口
PGB2110/CP	ERICSSON	photodiode	dark_current_na	icpdf	其他光电器件		N	icpdf:prajson2.最大暗电源		https://www.digikey.cn/zh/products?keywords=PGB2110/CP			upstream_missing	源端无键且覆盖稀疏，上游/品类正常缺口
PGB2110/CP	ERICSSON	photodiode	peak_wavelength_nm	icpdf	其他光电器件		N	icpdf:prajson2.峰值波长		https://www.digikey.cn/zh/products?keywords=PGB2110/CP			upstream_missing	源端无键且窄表空，上游缺口可接受
PGB2110/CP	ERICSSON	photodiode	photodetector_type	icpdf	其他光电器件		N	icpdf:prajson2.光电设备类型	Photodiode	https://www.digikey.cn/zh/products?keywords=PGB2110/CP			consistent	窄表已抽值(源键未映射或衍生)
FID3S1KX	EUDYNA	photodiode	breakdown_voltage_v	icpdf	光电二极管	模拟PIN光电二极管	N	icpdf:prajson2.最大反向电压		https://www.digikey.cn/zh/products?keywords=FID3S1KX			upstream_missing	源端无键且覆盖稀疏，上游/品类正常缺口
FID3S1KX	EUDYNA	photodiode	dark_current_na	icpdf	光电二极管	模拟PIN光电二极管	N	icpdf:prajson2.最大暗电源		https://www.digikey.cn/zh/products?keywords=FID3S1KX			upstream_missing	源端无键且覆盖稀疏，上游/品类正常缺口
FID3S1KX	EUDYNA	photodiode	peak_wavelength_nm	icpdf	光电二极管	模拟PIN光电二极管	N	icpdf:prajson2.峰值波长		https://www.digikey.cn/zh/products?keywords=FID3S1KX			upstream_missing	源端无键且窄表空，上游缺口可接受
FID3S1KX	EUDYNA	photodiode	photodetector_type	icpdf	光电二极管	模拟PIN光电二极管	N	icpdf:prajson2.光电设备类型	Photodiode	https://www.digikey.cn/zh/products?keywords=FID3S1KX			consistent	窄表已抽值(源键未映射或衍生)
333HRC1/H0	EVERLIGHT	photodiode	breakdown_voltage_v	icpdf	其他光电器件		N	icpdf:prajson2.最大反向电压		https://www.digikey.cn/zh/products?keywords=333HRC1/H0			upstream_missing	源端无键且覆盖稀疏，上游/品类正常缺口
333HRC1/H0	EVERLIGHT	photodiode	dark_current_na	icpdf	其他光电器件		N	icpdf:prajson2.最大暗电源		https://www.digikey.cn/zh/products?keywords=333HRC1/H0			upstream_missing	源端无键且覆盖稀疏，上游/品类正常缺口
333HRC1/H0	EVERLIGHT	photodiode	peak_wavelength_nm	icpdf	其他光电器件		N	icpdf:prajson2.峰值波长		https://www.digikey.cn/zh/products?keywords=333HRC1/H0			upstream_missing	源端无键且窄表空，上游缺口可接受
333HRC1/H0	EVERLIGHT	photodiode	photodetector_type	icpdf	其他光电器件		N	icpdf:prajson2.光电设备类型	Photodiode	https://www.digikey.cn/zh/products?keywords=333HRC1/H0			consistent	窄表已抽值(源键未映射或衍生)
333HRD1/H0	EVERLIGHT	photodiode	breakdown_voltage_v	icpdf	其他光电器件		N	icpdf:prajson2.最大反向电压		https://www.digikey.cn/zh/products?keywords=333HRD1/H0			upstream_missing	源端无键且覆盖稀疏，上游/品类正常缺口
333HRD1/H0	EVERLIGHT	photodiode	dark_current_na	icpdf	其他光电器件		N	icpdf:prajson2.最大暗电源		https://www.digikey.cn/zh/products?keywords=333HRD1/H0			upstream_missing	源端无键且覆盖稀疏，上游/品类正常缺口
333HRD1/H0	EVERLIGHT	photodiode	peak_wavelength_nm	icpdf	其他光电器件		N	icpdf:prajson2.峰值波长		https://www.digikey.cn/zh/products?keywords=333HRD1/H0			upstream_missing	源端无键且窄表空，上游缺口可接受
333HRD1/H0	EVERLIGHT	photodiode	photodetector_type	icpdf	其他光电器件		N	icpdf:prajson2.光电设备类型	Photodiode	https://www.digikey.cn/zh/products?keywords=333HRD1/H0			consistent	窄表已抽值(源键未映射或衍生)
333VRC/H0	EVERLIGHT	photodiode	breakdown_voltage_v	icpdf	其他光电器件		N	icpdf:prajson2.最大反向电压		https://www.digikey.cn/zh/products?keywords=333VRC/H0			upstream_missing	源端无键且覆盖稀疏，上游/品类正常缺口
333VRC/H0	EVERLIGHT	photodiode	dark_current_na	icpdf	其他光电器件		N	icpdf:prajson2.最大暗电源		https://www.digikey.cn/zh/products?keywords=333VRC/H0			upstream_missing	源端无键且覆盖稀疏，上游/品类正常缺口
333VRC/H0	EVERLIGHT	photodiode	peak_wavelength_nm	icpdf	其他光电器件		N	icpdf:prajson2.峰值波长		https://www.digikey.cn/zh/products?keywords=333VRC/H0			upstream_missing	源端无键且窄表空，上游缺口可接受
333VRC/H0	EVERLIGHT	photodiode	photodetector_type	icpdf	其他光电器件		N	icpdf:prajson2.光电设备类型	Photodiode	https://www.digikey.cn/zh/products?keywords=333VRC/H0			consistent	窄表已抽值(源键未映射或衍生)
333VRD/H0	EVERLIGHT	photodiode	breakdown_voltage_v	icpdf	其他光电器件		N	icpdf:prajson2.最大反向电压		https://www.digikey.cn/zh/products?keywords=333VRD/H0			upstream_missing	源端无键且覆盖稀疏，上游/品类正常缺口
333VRD/H0	EVERLIGHT	photodiode	dark_current_na	icpdf	其他光电器件		N	icpdf:prajson2.最大暗电源		https://www.digikey.cn/zh/products?keywords=333VRD/H0			upstream_missing	源端无键且覆盖稀疏，上游/品类正常缺口
333VRD/H0	EVERLIGHT	photodiode	peak_wavelength_nm	icpdf	其他光电器件		N	icpdf:prajson2.峰值波长		https://www.digikey.cn/zh/products?keywords=333VRD/H0			upstream_missing	源端无键且窄表空，上游缺口可接受
333VRD/H0	EVERLIGHT	photodiode	photodetector_type	icpdf	其他光电器件		N	icpdf:prajson2.光电设备类型	Photodiode	https://www.digikey.cn/zh/products?keywords=333VRD/H0			consistent	窄表已抽值(源键未映射或衍生)
333VRT/H0	EVERLIGHT	photodiode	breakdown_voltage_v	icpdf	其他光电器件		N	icpdf:prajson2.最大反向电压		https://www.digikey.cn/zh/products?keywords=333VRT/H0			upstream_missing	源端无键且覆盖稀疏，上游/品类正常缺口
333VRT/H0	EVERLIGHT	photodiode	dark_current_na	icpdf	其他光电器件		N	icpdf:prajson2.最大暗电源		https://www.digikey.cn/zh/products?keywords=333VRT/H0			upstream_missing	源端无键且覆盖稀疏，上游/品类正常缺口
333VRT/H0	EVERLIGHT	photodiode	peak_wavelength_nm	icpdf	其他光电器件		N	icpdf:prajson2.峰值波长		https://www.digikey.cn/zh/products?keywords=333VRT/H0			upstream_missing	源端无键且窄表空，上游缺口可接受
333VRT/H0	EVERLIGHT	photodiode	photodetector_type	icpdf	其他光电器件		N	icpdf:prajson2.光电设备类型	Photodiode	https://www.digikey.cn/zh/products?keywords=333VRT/H0			consistent	窄表已抽值(源键未映射或衍生)
4N25300	FAIRCHILD	photodiode	breakdown_voltage_v	icpdf	其他光电器件	通用6引脚光电晶体管光耦合器	N	icpdf:prajson2.最大反向电压		https://www.digikey.cn/zh/products?keywords=4N25300			upstream_missing	源端无键且覆盖稀疏，上游/品类正常缺口
4N25300	FAIRCHILD	photodiode	dark_current_na	icpdf	其他光电器件	通用6引脚光电晶体管光耦合器	N	icpdf:prajson2.最大暗电源		https://www.digikey.cn/zh/products?keywords=4N25300			upstream_missing	源端无键且覆盖稀疏，上游/品类正常缺口
4N25300	FAIRCHILD	photodiode	peak_wavelength_nm	icpdf	其他光电器件	通用6引脚光电晶体管光耦合器	N	icpdf:prajson2.峰值波长		https://www.digikey.cn/zh/products?keywords=4N25300			upstream_missing	源端无键且窄表空，上游缺口可接受
4N25300	FAIRCHILD	photodiode	photodetector_type	icpdf	其他光电器件	通用6引脚光电晶体管光耦合器	Y	icpdf:prajson2.子类别	Phototransistor	https://www.digikey.cn/zh/products?keywords=4N25300			consistent	源端与窄表均有值
4N25300W	FAIRCHILD	photodiode	breakdown_voltage_v	icpdf	其他光电器件	通用6引脚光电晶体管光耦合器	N	icpdf:prajson2.最大反向电压		https://www.digikey.cn/zh/products?keywords=4N25300W			upstream_missing	源端无键且覆盖稀疏，上游/品类正常缺口
4N25300W	FAIRCHILD	photodiode	dark_current_na	icpdf	其他光电器件	通用6引脚光电晶体管光耦合器	N	icpdf:prajson2.最大暗电源		https://www.digikey.cn/zh/products?keywords=4N25300W			upstream_missing	源端无键且覆盖稀疏，上游/品类正常缺口
4N25300W	FAIRCHILD	photodiode	peak_wavelength_nm	icpdf	其他光电器件	通用6引脚光电晶体管光耦合器	N	icpdf:prajson2.峰值波长		https://www.digikey.cn/zh/products?keywords=4N25300W			upstream_missing	源端无键且窄表空，上游缺口可接受
4N25300W	FAIRCHILD	photodiode	photodetector_type	icpdf	其他光电器件	通用6引脚光电晶体管光耦合器	Y	icpdf:prajson2.子类别	Phototransistor	https://www.digikey.cn/zh/products?keywords=4N25300W			consistent	源端与窄表均有值
4N253S	FAIRCHILD	photodiode	breakdown_voltage_v	icpdf	其他光电器件	通用6引脚光电晶体管光耦合器	N	icpdf:prajson2.最大反向电压		https://www.digikey.cn/zh/products?keywords=4N253S			upstream_missing	源端无键且覆盖稀疏，上游/品类正常缺口
4N253S	FAIRCHILD	photodiode	dark_current_na	icpdf	其他光电器件	通用6引脚光电晶体管光耦合器	N	icpdf:prajson2.最大暗电源		https://www.digikey.cn/zh/products?keywords=4N253S			upstream_missing	源端无键且覆盖稀疏，上游/品类正常缺口
4N253S	FAIRCHILD	photodiode	peak_wavelength_nm	icpdf	其他光电器件	通用6引脚光电晶体管光耦合器	N	icpdf:prajson2.峰值波长		https://www.digikey.cn/zh/products?keywords=4N253S			upstream_missing	源端无键且窄表空，上游缺口可接受
4N253S	FAIRCHILD	photodiode	photodetector_type	icpdf	其他光电器件	通用6引脚光电晶体管光耦合器	Y	icpdf:prajson2.子类别	Phototransistor	https://www.digikey.cn/zh/products?keywords=4N253S			consistent	源端与窄表均有值
4N25SD	FAIRCHILD	photodiode	breakdown_voltage_v	icpdf	其他光电器件	通用6引脚光电晶体管光耦合器	N	icpdf:prajson2.最大反向电压		https://www.digikey.cn/zh/products?keywords=4N25SD			upstream_missing	源端无键且覆盖稀疏，上游/品类正常缺口
4N25SD	FAIRCHILD	photodiode	dark_current_na	icpdf	其他光电器件	通用6引脚光电晶体管光耦合器	N	icpdf:prajson2.最大暗电源		https://www.digikey.cn/zh/products?keywords=4N25SD			upstream_missing	源端无键且覆盖稀疏，上游/品类正常缺口
4N25SD	FAIRCHILD	photodiode	peak_wavelength_nm	icpdf	其他光电器件	通用6引脚光电晶体管光耦合器	N	icpdf:prajson2.峰值波长		https://www.digikey.cn/zh/products?keywords=4N25SD			upstream_missing	源端无键且窄表空，上游缺口可接受
4N25SD	FAIRCHILD	photodiode	photodetector_type	icpdf	其他光电器件	通用6引脚光电晶体管光耦合器	Y	icpdf:prajson2.子类别	Phototransistor	https://www.digikey.cn/zh/products?keywords=4N25SD			consistent	源端与窄表均有值
4N25W	FAIRCHILD	photodiode	breakdown_voltage_v	icpdf	其他光电器件	通用6引脚光电晶体管光耦合器	N	icpdf:prajson2.最大反向电压		https://www.digikey.cn/zh/products?keywords=4N25W			upstream_missing	源端无键且覆盖稀疏，上游/品类正常缺口
4N25W	FAIRCHILD	photodiode	dark_current_na	icpdf	其他光电器件	通用6引脚光电晶体管光耦合器	N	icpdf:prajson2.最大暗电源		https://www.digikey.cn/zh/products?keywords=4N25W			upstream_missing	源端无键且覆盖稀疏，上游/品类正常缺口
4N25W	FAIRCHILD	photodiode	peak_wavelength_nm	icpdf	其他光电器件	通用6引脚光电晶体管光耦合器	N	icpdf:prajson2.峰值波长		https://www.digikey.cn/zh/products?keywords=4N25W			upstream_missing	源端无键且窄表空，上游缺口可接受
4N25W	FAIRCHILD	photodiode	photodetector_type	icpdf	其他光电器件	通用6引脚光电晶体管光耦合器	Y	icpdf:prajson2.子类别	Phototransistor	https://www.digikey.cn/zh/products?keywords=4N25W			consistent	源端与窄表均有值
A175119FFFC10	FUJITSU	photodiode	breakdown_voltage_v	icpdf	其他光电器件		N	icpdf:prajson2.最大反向电压		https://www.digikey.cn/zh/products?keywords=A175119FFFC10			upstream_missing	源端无键且覆盖稀疏，上游/品类正常缺口
A175119FFFC10	FUJITSU	photodiode	dark_current_na	icpdf	其他光电器件		N	icpdf:prajson2.最大暗电源		https://www.digikey.cn/zh/products?keywords=A175119FFFC10			upstream_missing	源端无键且覆盖稀疏，上游/品类正常缺口
A175119FFFC10	FUJITSU	photodiode	peak_wavelength_nm	icpdf	其他光电器件		N	icpdf:prajson2.峰值波长		https://www.digikey.cn/zh/products?keywords=A175119FFFC10			upstream_missing	源端无键且窄表空，上游缺口可接受
A175119FFFC10	FUJITSU	photodiode	photodetector_type	icpdf	其他光电器件		Y	icpdf:prajson2.光电设备类型	Photodiode	https://www.digikey.cn/zh/products?keywords=A175119FFFC10			consistent	源端与窄表均有值
A175120RRPG06	FUJITSU	photodiode	breakdown_voltage_v	icpdf	其他光电器件		N	icpdf:prajson2.最大反向电压		https://www.digikey.cn/zh/products?keywords=A175120RRPG06			upstream_missing	源端无键且覆盖稀疏，上游/品类正常缺口
A175120RRPG06	FUJITSU	photodiode	dark_current_na	icpdf	其他光电器件		N	icpdf:prajson2.最大暗电源		https://www.digikey.cn/zh/products?keywords=A175120RRPG06			upstream_missing	源端无键且覆盖稀疏，上游/品类正常缺口
A175120RRPG06	FUJITSU	photodiode	peak_wavelength_nm	icpdf	其他光电器件		N	icpdf:prajson2.峰值波长		https://www.digikey.cn/zh/products?keywords=A175120RRPG06			upstream_missing	源端无键且窄表空，上游缺口可接受
A175120RRPG06	FUJITSU	photodiode	photodetector_type	icpdf	其他光电器件		Y	icpdf:prajson2.光电设备类型	Photodiode	https://www.digikey.cn/zh/products?keywords=A175120RRPG06			consistent	源端与窄表均有值
A175120RRPG08	FUJITSU	photodiode	breakdown_voltage_v	icpdf	其他光电器件		N	icpdf:prajson2.最大反向电压		https://www.digikey.cn/zh/products?keywords=A175120RRPG08			upstream_missing	源端无键且覆盖稀疏，上游/品类正常缺口
A175120RRPG08	FUJITSU	photodiode	dark_current_na	icpdf	其他光电器件		N	icpdf:prajson2.最大暗电源		https://www.digikey.cn/zh/products?keywords=A175120RRPG08			upstream_missing	源端无键且覆盖稀疏，上游/品类正常缺口
A175120RRPG08	FUJITSU	photodiode	peak_wavelength_nm	icpdf	其他光电器件		N	icpdf:prajson2.峰值波长		https://www.digikey.cn/zh/products?keywords=A175120RRPG08			upstream_missing	源端无键且窄表空，上游缺口可接受
A175120RRPG08	FUJITSU	photodiode	photodetector_type	icpdf	其他光电器件		Y	icpdf:prajson2.光电设备类型	Photodiode	https://www.digikey.cn/zh/products?keywords=A175120RRPG08			consistent	源端与窄表均有值
A175124RRPG06	FUJITSU	photodiode	breakdown_voltage_v	icpdf	其他光电器件		N	icpdf:prajson2.最大反向电压		https://www.digikey.cn/zh/products?keywords=A175124RRPG06			upstream_missing	源端无键且覆盖稀疏，上游/品类正常缺口
A175124RRPG06	FUJITSU	photodiode	dark_current_na	icpdf	其他光电器件		N	icpdf:prajson2.最大暗电源		https://www.digikey.cn/zh/products?keywords=A175124RRPG06			upstream_missing	源端无键且覆盖稀疏，上游/品类正常缺口
A175124RRPG06	FUJITSU	photodiode	peak_wavelength_nm	icpdf	其他光电器件		N	icpdf:prajson2.峰值波长		https://www.digikey.cn/zh/products?keywords=A175124RRPG06			upstream_missing	源端无键且窄表空，上游缺口可接受
A175124RRPG06	FUJITSU	photodiode	photodetector_type	icpdf	其他光电器件		Y	icpdf:prajson2.光电设备类型	Photodiode	https://www.digikey.cn/zh/products?keywords=A175124RRPG06			consistent	源端与窄表均有值
A175124RRPG08	FUJITSU	photodiode	breakdown_voltage_v	icpdf	其他光电器件		N	icpdf:prajson2.最大反向电压		https://www.digikey.cn/zh/products?keywords=A175124RRPG08			upstream_missing	源端无键且覆盖稀疏，上游/品类正常缺口
A175124RRPG08	FUJITSU	photodiode	dark_current_na	icpdf	其他光电器件		N	icpdf:prajson2.最大暗电源		https://www.digikey.cn/zh/products?keywords=A175124RRPG08			upstream_missing	源端无键且覆盖稀疏，上游/品类正常缺口
A175124RRPG08	FUJITSU	photodiode	peak_wavelength_nm	icpdf	其他光电器件		N	icpdf:prajson2.峰值波长		https://www.digikey.cn/zh/products?keywords=A175124RRPG08			upstream_missing	源端无键且窄表空，上游缺口可接受
A175124RRPG08	FUJITSU	photodiode	photodetector_type	icpdf	其他光电器件		Y	icpdf:prajson2.光电设备类型	Photodiode	https://www.digikey.cn/zh/products?keywords=A175124RRPG08			consistent	源端与窄表均有值
B2297-03	HAMAMATSU	photodiode	breakdown_voltage_v	icpdf	光电二极管		Y	icpdf:prajson2.最大反向电压	20	https://www.digikey.cn/zh/products?keywords=B2297-03			consistent	源端与窄表均有值
B2297-03	HAMAMATSU	photodiode	dark_current_na	icpdf	光电二极管		Y	icpdf:prajson2.最大暗电源	300	https://www.digikey.cn/zh/products?keywords=B2297-03			consistent	源端与窄表均有值
B2297-03	HAMAMATSU	photodiode	peak_wavelength_nm	icpdf	光电二极管		N	icpdf:prajson2.峰值波长		https://www.digikey.cn/zh/products?keywords=B2297-03			upstream_missing	源端无键且窄表空，上游缺口可接受
B2297-03	HAMAMATSU	photodiode	photodetector_type	icpdf	光电二极管		Y	icpdf:prajson2.子类别	Photodiode	https://www.digikey.cn/zh/products?keywords=B2297-03			consistent	源端与窄表均有值
B2538-01	HAMAMATSU	photodiode	breakdown_voltage_v	icpdf	光电二极管		Y	icpdf:prajson2.最大反向电压	10	https://www.digikey.cn/zh/products?keywords=B2538-01			consistent	源端与窄表均有值
B2538-01	HAMAMATSU	photodiode	dark_current_na	icpdf	光电二极管		Y	icpdf:prajson2.最大暗电源	50000	https://www.digikey.cn/zh/products?keywords=B2538-01			consistent	源端与窄表均有值
B2538-01	HAMAMATSU	photodiode	peak_wavelength_nm	icpdf	光电二极管		Y	icpdf:prajson2.峰值波长	1520	https://www.digikey.cn/zh/products?keywords=B2538-01			consistent	源端与窄表均有值
B2538-01	HAMAMATSU	photodiode	photodetector_type	icpdf	光电二极管		Y	icpdf:prajson2.子类别	Photodiode	https://www.digikey.cn/zh/products?keywords=B2538-01			consistent	源端与窄表均有值
B2538-02	HAMAMATSU	photodiode	breakdown_voltage_v	icpdf	光电二极管		Y	icpdf:prajson2.最大反向电压	10	https://www.digikey.cn/zh/products?keywords=B2538-02			consistent	源端与窄表均有值
B2538-02	HAMAMATSU	photodiode	dark_current_na	icpdf	光电二极管		Y	icpdf:prajson2.最大暗电源	200000	https://www.digikey.cn/zh/products?keywords=B2538-02			consistent	源端与窄表均有值
B2538-02	HAMAMATSU	photodiode	peak_wavelength_nm	icpdf	光电二极管		Y	icpdf:prajson2.峰值波长	1520	https://www.digikey.cn/zh/products?keywords=B2538-02			consistent	源端与窄表均有值
B2538-02	HAMAMATSU	photodiode	photodetector_type	icpdf	光电二极管		Y	icpdf:prajson2.子类别	Photodiode	https://www.digikey.cn/zh/products?keywords=B2538-02			consistent	源端与窄表均有值
B2538-03	HAMAMATSU	photodiode	breakdown_voltage_v	icpdf	光电二极管		Y	icpdf:prajson2.最大反向电压	10	https://www.digikey.cn/zh/products?keywords=B2538-03			consistent	源端与窄表均有值
B2538-03	HAMAMATSU	photodiode	dark_current_na	icpdf	光电二极管		Y	icpdf:prajson2.最大暗电源	300000	https://www.digikey.cn/zh/products?keywords=B2538-03			consistent	源端与窄表均有值
B2538-03	HAMAMATSU	photodiode	peak_wavelength_nm	icpdf	光电二极管		Y	icpdf:prajson2.峰值波长	1520	https://www.digikey.cn/zh/products?keywords=B2538-03			consistent	源端与窄表均有值
B2538-03	HAMAMATSU	photodiode	photodetector_type	icpdf	光电二极管		Y	icpdf:prajson2.子类别	Photodiode	https://www.digikey.cn/zh/products?keywords=B2538-03			consistent	源端与窄表均有值
B2538-05	HAMAMATSU	photodiode	breakdown_voltage_v	icpdf	其他光电器件		Y	icpdf:prajson2.最大反向电压	5	https://www.digikey.cn/zh/products?keywords=B2538-05			consistent	源端与窄表均有值
B2538-05	HAMAMATSU	photodiode	dark_current_na	icpdf	其他光电器件		Y	icpdf:prajson2.最大暗电源	500	https://www.digikey.cn/zh/products?keywords=B2538-05			consistent	源端与窄表均有值
B2538-05	HAMAMATSU	photodiode	peak_wavelength_nm	icpdf	其他光电器件		Y	icpdf:prajson2.峰值波长	1520	https://www.digikey.cn/zh/products?keywords=B2538-05			consistent	源端与窄表均有值
B2538-05	HAMAMATSU	photodiode	photodetector_type	icpdf	其他光电器件		Y	icpdf:prajson2.子类别	Photodiode	https://www.digikey.cn/zh/products?keywords=B2538-05			consistent	源端与窄表均有值
SD2420-002	HONEYWELL	photodiode	breakdown_voltage_v	icpdf	其他光电器件		Y	icpdf:prajson2.最小反向击穿电压	50	https://www.digikey.cn/zh/products?keywords=SD2420-002			consistent	源端与窄表均有值
SD2420-002	HONEYWELL	photodiode	dark_current_na	icpdf	其他光电器件		Y	icpdf:prajson2.最大暗电源	5	https://www.digikey.cn/zh/products?keywords=SD2420-002			consistent	源端与窄表均有值
SD2420-002	HONEYWELL	photodiode	peak_wavelength_nm	icpdf	其他光电器件		N	icpdf:prajson2.峰值波长		https://www.digikey.cn/zh/products?keywords=SD2420-002			upstream_missing	源端无键且窄表空，上游缺口可接受
SD2420-002	HONEYWELL	photodiode	photodetector_type	icpdf	其他光电器件		N	icpdf:prajson2.光电设备类型	Photodiode	https://www.digikey.cn/zh/products?keywords=SD2420-002			consistent	窄表已抽值(源键未映射或衍生)
SD5421-2	HONEYWELL	photodiode	breakdown_voltage_v	icpdf	光电二极管		Y	icpdf:prajson2.最大反向电压	75	https://www.digikey.cn/zh/products?keywords=SD5421-2			consistent	源端与窄表均有值
SD5421-2	HONEYWELL	photodiode	dark_current_na	icpdf	光电二极管		Y	icpdf:prajson2.最大暗电源	20	https://www.digikey.cn/zh/products?keywords=SD5421-2			consistent	源端与窄表均有值
SD5421-2	HONEYWELL	photodiode	peak_wavelength_nm	icpdf	光电二极管		N	icpdf:prajson2.峰值波长		https://www.digikey.cn/zh/products?keywords=SD5421-2			upstream_missing	源端无键且窄表空，上游缺口可接受
SD5421-2	HONEYWELL	photodiode	photodetector_type	icpdf	光电二极管		Y	icpdf:prajson2.子类别	Photodiode	https://www.digikey.cn/zh/products?keywords=SD5421-2			consistent	源端与窄表均有值
SDP8612-2	HONEYWELL	photodiode	breakdown_voltage_v	icpdf	其他光电器件		N	icpdf:prajson2.最大反向电压		https://www.digikey.cn/zh/products?keywords=SDP8612-2			upstream_missing	源端无键且覆盖稀疏，上游/品类正常缺口
SDP8612-2	HONEYWELL	photodiode	dark_current_na	icpdf	其他光电器件		N	icpdf:prajson2.最大暗电源		https://www.digikey.cn/zh/products?keywords=SDP8612-2			upstream_missing	源端无键且覆盖稀疏，上游/品类正常缺口
SDP8612-2	HONEYWELL	photodiode	peak_wavelength_nm	icpdf	其他光电器件		N	icpdf:prajson2.峰值波长		https://www.digikey.cn/zh/products?keywords=SDP8612-2			upstream_missing	源端无键且窄表空，上游缺口可接受
SDP8612-2	HONEYWELL	photodiode	photodetector_type	icpdf	其他光电器件		Y	icpdf:prajson2.子类别	Photodiode	https://www.digikey.cn/zh/products?keywords=SDP8612-2			consistent	源端与窄表均有值
BP104F	INFINEON	photodiode	breakdown_voltage_v	icpdf	光电二极管	Silizium - PIN- Fotodiode MIT Tageslichtsperrfilter	Y	icpdf:prajson2.最大反向电压	20	https://www.digikey.cn/zh/products?keywords=BP104F			consistent	源端与窄表均有值
BP104F	INFINEON	photodiode	dark_current_na	icpdf	光电二极管	Silizium - PIN- Fotodiode MIT Tageslichtsperrfilter	Y	icpdf:prajson2.最大暗电源	30	https://www.digikey.cn/zh/products?keywords=BP104F			consistent	源端与窄表均有值
BP104F	INFINEON	photodiode	peak_wavelength_nm	icpdf	光电二极管	Silizium - PIN- Fotodiode MIT Tageslichtsperrfilter	N	icpdf:prajson2.峰值波长		https://www.digikey.cn/zh/products?keywords=BP104F			upstream_missing	源端无键且窄表空，上游缺口可接受
BP104F	INFINEON	photodiode	photodetector_type	icpdf	光电二极管	Silizium - PIN- Fotodiode MIT Tageslichtsperrfilter	Y	icpdf:prajson2.光电设备类型	Photodiode	https://www.digikey.cn/zh/products?keywords=BP104F			consistent	源端与窄表均有值
BP104FS	INFINEON	photodiode	breakdown_voltage_v	icpdf	光电二极管	Silizium - PIN- Fotodiode MIT Tageslichtsperrfilter	Y	icpdf:prajson2.最大反向电压	20	https://www.digikey.cn/zh/products?keywords=BP104FS			consistent	源端与窄表均有值
BP104FS	INFINEON	photodiode	dark_current_na	icpdf	光电二极管	Silizium - PIN- Fotodiode MIT Tageslichtsperrfilter	Y	icpdf:prajson2.最大暗电源	30	https://www.digikey.cn/zh/products?keywords=BP104FS			consistent	源端与窄表均有值
BP104FS	INFINEON	photodiode	peak_wavelength_nm	icpdf	光电二极管	Silizium - PIN- Fotodiode MIT Tageslichtsperrfilter	N	icpdf:prajson2.峰值波长		https://www.digikey.cn/zh/products?keywords=BP104FS			upstream_missing	源端无键且窄表空，上游缺口可接受
BP104FS	INFINEON	photodiode	photodetector_type	icpdf	光电二极管	Silizium - PIN- Fotodiode MIT Tageslichtsperrfilter	Y	icpdf:prajson2.光电设备类型	Photodiode	https://www.digikey.cn/zh/products?keywords=BP104FS			consistent	源端与窄表均有值
BP104S	INFINEON	photodiode	breakdown_voltage_v	icpdf	光电二极管	NEU ： Silizium - PIN- Fotodiode新：硅PIN光电二极管	Y	icpdf:prajson2.最大反向电压	20	https://www.digikey.cn/zh/products?keywords=BP104S			consistent	源端与窄表均有值
BP104S	INFINEON	photodiode	dark_current_na	icpdf	光电二极管	NEU ： Silizium - PIN- Fotodiode新：硅PIN光电二极管	Y	icpdf:prajson2.最大暗电源	30	https://www.digikey.cn/zh/products?keywords=BP104S			consistent	源端与窄表均有值
BP104S	INFINEON	photodiode	peak_wavelength_nm	icpdf	光电二极管	NEU ： Silizium - PIN- Fotodiode新：硅PIN光电二极管	N	icpdf:prajson2.峰值波长		https://www.digikey.cn/zh/products?keywords=BP104S			upstream_missing	源端无键且窄表空，上游缺口可接受
BP104S	INFINEON	photodiode	photodetector_type	icpdf	光电二极管	NEU ： Silizium - PIN- Fotodiode新：硅PIN光电二极管	Y	icpdf:prajson2.光电设备类型	Photodiode	https://www.digikey.cn/zh/products?keywords=BP104S			consistent	源端与窄表均有值
BPW33	INFINEON	photodiode	breakdown_voltage_v	icpdf	光电二极管	Silizium - Fotodiode ，硅光电二极管	Y	icpdf:prajson2.最大反向电压	7	https://www.digikey.cn/zh/products?keywords=BPW33			consistent	源端与窄表均有值
BPW33	INFINEON	photodiode	dark_current_na	icpdf	光电二极管	Silizium - Fotodiode ，硅光电二极管	Y	icpdf:prajson2.最大暗电源	0.02	https://www.digikey.cn/zh/products?keywords=BPW33			consistent	源端与窄表均有值
BPW33	INFINEON	photodiode	peak_wavelength_nm	icpdf	光电二极管	Silizium - Fotodiode ，硅光电二极管	N	icpdf:prajson2.峰值波长		https://www.digikey.cn/zh/products?keywords=BPW33			upstream_missing	源端无键且窄表空，上游缺口可接受
BPW33	INFINEON	photodiode	photodetector_type	icpdf	光电二极管	Silizium - Fotodiode ，硅光电二极管	Y	icpdf:prajson2.子类别	Photodiode	https://www.digikey.cn/zh/products?keywords=BPW33			consistent	源端与窄表均有值
BPW34	INFINEON	photodiode	breakdown_voltage_v	icpdf	光电二极管	硅PIN光电二极管	Y	icpdf:prajson2.最大反向电压	32	https://www.digikey.cn/zh/products?keywords=BPW34			consistent	源端与窄表均有值
BPW34	INFINEON	photodiode	dark_current_na	icpdf	光电二极管	硅PIN光电二极管	Y	icpdf:prajson2.最大暗电源	2	https://www.digikey.cn/zh/products?keywords=BPW34			consistent	源端与窄表均有值
BPW34	INFINEON	photodiode	peak_wavelength_nm	icpdf	光电二极管	硅PIN光电二极管	N	icpdf:prajson2.峰值波长		https://www.digikey.cn/zh/products?keywords=BPW34			upstream_missing	源端无键且窄表空，上游缺口可接受
BPW34	INFINEON	photodiode	photodetector_type	icpdf	光电二极管	硅PIN光电二极管	Y	icpdf:prajson2.光电设备类型	Photodiode	https://www.digikey.cn/zh/products?keywords=BPW34			consistent	源端与窄表均有值
TS117EP	IXYS	photodiode	breakdown_voltage_v	icpdf	其他光电器件		N	icpdf:prajson2.最大反向电压		https://www.digikey.cn/zh/products?keywords=TS117EP			upstream_missing	源端无键且覆盖稀疏，上游/品类正常缺口
TS117EP	IXYS	photodiode	dark_current_na	icpdf	其他光电器件		N	icpdf:prajson2.最大暗电源		https://www.digikey.cn/zh/products?keywords=TS117EP			upstream_missing	源端无键且覆盖稀疏，上游/品类正常缺口
TS117EP	IXYS	photodiode	peak_wavelength_nm	icpdf	其他光电器件		N	icpdf:prajson2.峰值波长		https://www.digikey.cn/zh/products?keywords=TS117EP			upstream_missing	源端无键且窄表空，上游缺口可接受
TS117EP	IXYS	photodiode	photodetector_type	icpdf	其他光电器件		Y	icpdf:prajson2.子类别	Photodiode	https://www.digikey.cn/zh/products?keywords=TS117EP			consistent	源端与窄表均有值
XCA110	IXYS	photodiode	breakdown_voltage_v	icpdf	其他光电器件		N	icpdf:prajson2.最大反向电压		https://www.digikey.cn/zh/products?keywords=XCA110			upstream_missing	源端无键且覆盖稀疏，上游/品类正常缺口
XCA110	IXYS	photodiode	dark_current_na	icpdf	其他光电器件		N	icpdf:prajson2.最大暗电源		https://www.digikey.cn/zh/products?keywords=XCA110			upstream_missing	源端无键且覆盖稀疏，上游/品类正常缺口
XCA110	IXYS	photodiode	peak_wavelength_nm	icpdf	其他光电器件		N	icpdf:prajson2.峰值波长		https://www.digikey.cn/zh/products?keywords=XCA110			upstream_missing	源端无键且窄表空，上游缺口可接受
XCA110	IXYS	photodiode	photodetector_type	icpdf	其他光电器件		Y	icpdf:prajson2.子类别	Photodiode	https://www.digikey.cn/zh/products?keywords=XCA110			consistent	源端与窄表均有值
HP-2FR4	KODENSHI	photodiode	breakdown_voltage_v	icpdf	光电二极管	光电二极管	Y	icpdf:prajson2.最大反向电压	35	https://www.digikey.cn/zh/products?keywords=HP-2FR4			consistent	源端与窄表均有值
HP-2FR4	KODENSHI	photodiode	dark_current_na	icpdf	光电二极管	光电二极管	Y	icpdf:prajson2.最大暗电源	10	https://www.digikey.cn/zh/products?keywords=HP-2FR4			consistent	源端与窄表均有值
HP-2FR4	KODENSHI	photodiode	peak_wavelength_nm	icpdf	光电二极管	光电二极管	N	icpdf:prajson2.峰值波长		https://www.digikey.cn/zh/products?keywords=HP-2FR4			upstream_missing	源端无键且窄表空，上游缺口可接受
HP-2FR4	KODENSHI	photodiode	photodetector_type	icpdf	光电二极管	光电二极管	Y	icpdf:prajson2.子类别	Photodiode	https://www.digikey.cn/zh/products?keywords=HP-2FR4			consistent	源端与窄表均有值
HP-2ML	KODENSHI	photodiode	breakdown_voltage_v	icpdf	光电二极管	光电二极管	N	icpdf:prajson2.最大反向电压		https://www.digikey.cn/zh/products?keywords=HP-2ML			upstream_missing	源端无键且覆盖稀疏，上游/品类正常缺口
HP-2ML	KODENSHI	photodiode	dark_current_na	icpdf	光电二极管	光电二极管	Y	icpdf:prajson2.最大暗电源	1000	https://www.digikey.cn/zh/products?keywords=HP-2ML			consistent	源端与窄表均有值
HP-2ML	KODENSHI	photodiode	peak_wavelength_nm	icpdf	光电二极管	光电二极管	N	icpdf:prajson2.峰值波长		https://www.digikey.cn/zh/products?keywords=HP-2ML			upstream_missing	源端无键且窄表空，上游缺口可接受
HP-2ML	KODENSHI	photodiode	photodetector_type	icpdf	光电二极管	光电二极管	Y	icpdf:prajson2.子类别	Photodiode	https://www.digikey.cn/zh/products?keywords=HP-2ML			consistent	源端与窄表均有值
HP-2MLR	KODENSHI	photodiode	breakdown_voltage_v	icpdf	光电二极管	光电二极管	Y	icpdf:prajson2.最大反向电压	20	https://www.digikey.cn/zh/products?keywords=HP-2MLR			consistent	源端与窄表均有值
HP-2MLR	KODENSHI	photodiode	dark_current_na	icpdf	光电二极管	光电二极管	Y	icpdf:prajson2.最大暗电源	10	https://www.digikey.cn/zh/products?keywords=HP-2MLR			consistent	源端与窄表均有值
HP-2MLR	KODENSHI	photodiode	peak_wavelength_nm	icpdf	光电二极管	光电二极管	N	icpdf:prajson2.峰值波长		https://www.digikey.cn/zh/products?keywords=HP-2MLR			upstream_missing	源端无键且窄表空，上游缺口可接受
HP-2MLR	KODENSHI	photodiode	photodetector_type	icpdf	光电二极管	光电二极管	Y	icpdf:prajson2.子类别	Photodiode	https://www.digikey.cn/zh/products?keywords=HP-2MLR			consistent	源端与窄表均有值
HP-3ML	KODENSHI	photodiode	breakdown_voltage_v	icpdf	光电二极管	光电二极管	Y	icpdf:prajson2.最大反向电压	50	https://www.digikey.cn/zh/products?keywords=HP-3ML			consistent	源端与窄表均有值
HP-3ML	KODENSHI	photodiode	dark_current_na	icpdf	光电二极管	光电二极管	Y	icpdf:prajson2.最大暗电源	1000	https://www.digikey.cn/zh/products?keywords=HP-3ML			consistent	源端与窄表均有值
HP-3ML	KODENSHI	photodiode	peak_wavelength_nm	icpdf	光电二极管	光电二极管	N	icpdf:prajson2.峰值波长		https://www.digikey.cn/zh/products?keywords=HP-3ML			upstream_missing	源端无键且窄表空，上游缺口可接受
HP-3ML	KODENSHI	photodiode	photodetector_type	icpdf	光电二极管	光电二极管	Y	icpdf:prajson2.子类别	Photodiode	https://www.digikey.cn/zh/products?keywords=HP-3ML			consistent	源端与窄表均有值
HP-3MLR2	KODENSHI	photodiode	breakdown_voltage_v	icpdf	光电二极管	光电二极管	Y	icpdf:prajson2.最大反向电压	5	https://www.digikey.cn/zh/products?keywords=HP-3MLR2			consistent	源端与窄表均有值
HP-3MLR2	KODENSHI	photodiode	dark_current_na	icpdf	光电二极管	光电二极管	Y	icpdf:prajson2.最大暗电源	10000	https://www.digikey.cn/zh/products?keywords=HP-3MLR2			consistent	源端与窄表均有值
HP-3MLR2	KODENSHI	photodiode	peak_wavelength_nm	icpdf	光电二极管	光电二极管	N	icpdf:prajson2.峰值波长		https://www.digikey.cn/zh/products?keywords=HP-3MLR2			upstream_missing	源端无键且窄表空，上游缺口可接受
HP-3MLR2	KODENSHI	photodiode	photodetector_type	icpdf	光电二极管	光电二极管	Y	icpdf:prajson2.子类别	Photodiode	https://www.digikey.cn/zh/products?keywords=HP-3MLR2			consistent	源端与窄表均有值
LA110B/4G-R1-PF	LIGITEK	photodiode	breakdown_voltage_v	icpdf	其他光电器件		N	icpdf:prajson2.最大反向电压		https://www.digikey.cn/zh/products?keywords=LA110B/4G-R1-PF			upstream_missing	源端无键且覆盖稀疏，上游/品类正常缺口
LA110B/4G-R1-PF	LIGITEK	photodiode	dark_current_na	icpdf	其他光电器件		N	icpdf:prajson2.最大暗电源		https://www.digikey.cn/zh/products?keywords=LA110B/4G-R1-PF			upstream_missing	源端无键且覆盖稀疏，上游/品类正常缺口
LA110B/4G-R1-PF	LIGITEK	photodiode	peak_wavelength_nm	icpdf	其他光电器件		N	icpdf:prajson2.峰值波长		https://www.digikey.cn/zh/products?keywords=LA110B/4G-R1-PF			upstream_missing	源端无键且窄表空，上游缺口可接受
LA110B/4G-R1-PF	LIGITEK	photodiode	photodetector_type	icpdf	其他光电器件		N	icpdf:prajson2.光电设备类型	Photodiode	https://www.digikey.cn/zh/products?keywords=LA110B/4G-R1-PF			consistent	窄表已抽值(源键未映射或衍生)
LA110B/DBK.X.DBK.X-PF	LIGITEK	photodiode	breakdown_voltage_v	icpdf	其他光电器件		N	icpdf:prajson2.最大反向电压		https://www.digikey.cn/zh/products?keywords=LA110B/DBK.X.DBK.X-PF			upstream_missing	源端无键且覆盖稀疏，上游/品类正常缺口
LA110B/DBK.X.DBK.X-PF	LIGITEK	photodiode	dark_current_na	icpdf	其他光电器件		N	icpdf:prajson2.最大暗电源		https://www.digikey.cn/zh/products?keywords=LA110B/DBK.X.DBK.X-PF			upstream_missing	源端无键且覆盖稀疏，上游/品类正常缺口
LA110B/DBK.X.DBK.X-PF	LIGITEK	photodiode	peak_wavelength_nm	icpdf	其他光电器件		N	icpdf:prajson2.峰值波长		https://www.digikey.cn/zh/products?keywords=LA110B/DBK.X.DBK.X-PF			upstream_missing	源端无键且窄表空，上游缺口可接受
LA110B/DBK.X.DBK.X-PF	LIGITEK	photodiode	photodetector_type	icpdf	其他光电器件		N	icpdf:prajson2.光电设备类型	Photodiode	https://www.digikey.cn/zh/products?keywords=LA110B/DBK.X.DBK.X-PF			consistent	窄表已抽值(源键未映射或衍生)
LA110B/GHGG-PF	LIGITEK	photodiode	breakdown_voltage_v	icpdf	其他光电器件		N	icpdf:prajson2.最大反向电压		https://www.digikey.cn/zh/products?keywords=LA110B/GHGG-PF			upstream_missing	源端无键且覆盖稀疏，上游/品类正常缺口
LA110B/GHGG-PF	LIGITEK	photodiode	dark_current_na	icpdf	其他光电器件		N	icpdf:prajson2.最大暗电源		https://www.digikey.cn/zh/products?keywords=LA110B/GHGG-PF			upstream_missing	源端无键且覆盖稀疏，上游/品类正常缺口
LA110B/GHGG-PF	LIGITEK	photodiode	peak_wavelength_nm	icpdf	其他光电器件		N	icpdf:prajson2.峰值波长		https://www.digikey.cn/zh/products?keywords=LA110B/GHGG-PF			upstream_missing	源端无键且窄表空，上游缺口可接受
LA110B/GHGG-PF	LIGITEK	photodiode	photodetector_type	icpdf	其他光电器件		N	icpdf:prajson2.光电设备类型	Photodiode	https://www.digikey.cn/zh/products?keywords=LA110B/GHGG-PF			consistent	窄表已抽值(源键未映射或衍生)
LA110B/HGGG-PF	LIGITEK	photodiode	breakdown_voltage_v	icpdf	其他光电器件		N	icpdf:prajson2.最大反向电压		https://www.digikey.cn/zh/products?keywords=LA110B/HGGG-PF			upstream_missing	源端无键且覆盖稀疏，上游/品类正常缺口
LA110B/HGGG-PF	LIGITEK	photodiode	dark_current_na	icpdf	其他光电器件		N	icpdf:prajson2.最大暗电源		https://www.digikey.cn/zh/products?keywords=LA110B/HGGG-PF			upstream_missing	源端无键且覆盖稀疏，上游/品类正常缺口
LA110B/HGGG-PF	LIGITEK	photodiode	peak_wavelength_nm	icpdf	其他光电器件		N	icpdf:prajson2.峰值波长		https://www.digikey.cn/zh/products?keywords=LA110B/HGGG-PF			upstream_missing	源端无键且窄表空，上游缺口可接受
LA110B/HGGG-PF	LIGITEK	photodiode	photodetector_type	icpdf	其他光电器件		N	icpdf:prajson2.光电设备类型	Photodiode	https://www.digikey.cn/zh/products?keywords=LA110B/HGGG-PF			consistent	窄表已抽值(源键未映射或衍生)
LA110B/XGXG-R1-PF	LIGITEK	photodiode	breakdown_voltage_v	icpdf	其他光电器件		N	icpdf:prajson2.最大反向电压		https://www.digikey.cn/zh/products?keywords=LA110B/XGXG-R1-PF			upstream_missing	源端无键且覆盖稀疏，上游/品类正常缺口
LA110B/XGXG-R1-PF	LIGITEK	photodiode	dark_current_na	icpdf	其他光电器件		N	icpdf:prajson2.最大暗电源		https://www.digikey.cn/zh/products?keywords=LA110B/XGXG-R1-PF			upstream_missing	源端无键且覆盖稀疏，上游/品类正常缺口
LA110B/XGXG-R1-PF	LIGITEK	photodiode	peak_wavelength_nm	icpdf	其他光电器件		N	icpdf:prajson2.峰值波长		https://www.digikey.cn/zh/products?keywords=LA110B/XGXG-R1-PF			upstream_missing	源端无键且窄表空，上游缺口可接受
LA110B/XGXG-R1-PF	LIGITEK	photodiode	photodetector_type	icpdf	其他光电器件		N	icpdf:prajson2.光电设备类型	Photodiode	https://www.digikey.cn/zh/products?keywords=LA110B/XGXG-R1-PF			consistent	窄表已抽值(源键未映射或衍生)
HSDL-5420#1L1	LITEON	photodiode	breakdown_voltage_v	icpdf	光电二极管		Y	icpdf:prajson2.最小反向击穿电压	40	https://www.digikey.cn/zh/products?keywords=HSDL-5420#1L1			consistent	源端与窄表均有值
HSDL-5420#1L1	LITEON	photodiode	dark_current_na	icpdf	光电二极管		Y	icpdf:prajson2.最大暗电源	5	https://www.digikey.cn/zh/products?keywords=HSDL-5420#1L1			consistent	源端与窄表均有值
HSDL-5420#1L1	LITEON	photodiode	peak_wavelength_nm	icpdf	光电二极管		Y	icpdf:prajson2.峰值波长	875	https://www.digikey.cn/zh/products?keywords=HSDL-5420#1L1			consistent	源端与窄表均有值
HSDL-5420#1L1	LITEON	photodiode	photodetector_type	icpdf	光电二极管		Y	icpdf:prajson2.光电设备类型	Photodiode	https://www.digikey.cn/zh/products?keywords=HSDL-5420#1L1			consistent	源端与窄表均有值
LP6-PWR1-03-N1-MT	MARKTECH	photodiode	breakdown_voltage_v	icpdf	其他光电器件		N	icpdf:prajson2.最大反向电压		https://www.digikey.cn/zh/products?keywords=LP6-PWR1-03-N1-MT			upstream_missing	源端无键且覆盖稀疏，上游/品类正常缺口
LP6-PWR1-03-N1-MT	MARKTECH	photodiode	dark_current_na	icpdf	其他光电器件		N	icpdf:prajson2.最大暗电源		https://www.digikey.cn/zh/products?keywords=LP6-PWR1-03-N1-MT			upstream_missing	源端无键且覆盖稀疏，上游/品类正常缺口
LP6-PWR1-03-N1-MT	MARKTECH	photodiode	peak_wavelength_nm	icpdf	其他光电器件		N	icpdf:prajson2.峰值波长		https://www.digikey.cn/zh/products?keywords=LP6-PWR1-03-N1-MT			upstream_missing	源端无键且窄表空，上游缺口可接受
LP6-PWR1-03-N1-MT	MARKTECH	photodiode	photodetector_type	icpdf	其他光电器件		N	icpdf:prajson2.光电设备类型	Photodiode	https://www.digikey.cn/zh/products?keywords=LP6-PWR1-03-N1-MT			consistent	窄表已抽值(源键未映射或衍生)
MT03-001	MARKTECH	photodiode	breakdown_voltage_v	icpdf	其他光电器件		N	icpdf:prajson2.最大反向电压		https://www.digikey.cn/zh/products?keywords=MT03-001			upstream_missing	源端无键且覆盖稀疏，上游/品类正常缺口
MT03-001	MARKTECH	photodiode	dark_current_na	icpdf	其他光电器件		N	icpdf:prajson2.最大暗电源		https://www.digikey.cn/zh/products?keywords=MT03-001			upstream_missing	源端无键且覆盖稀疏，上游/品类正常缺口
MT03-001	MARKTECH	photodiode	peak_wavelength_nm	icpdf	其他光电器件		N	icpdf:prajson2.峰值波长		https://www.digikey.cn/zh/products?keywords=MT03-001			upstream_missing	源端无键且窄表空，上游缺口可接受
MT03-001	MARKTECH	photodiode	photodetector_type	icpdf	其他光电器件		N	icpdf:prajson2.光电设备类型	Photodiode	https://www.digikey.cn/zh/products?keywords=MT03-001			consistent	窄表已抽值(源键未映射或衍生)
MT03-018	MARKTECH	photodiode	breakdown_voltage_v	icpdf	其他光电器件		N	icpdf:prajson2.最大反向电压		https://www.digikey.cn/zh/products?keywords=MT03-018			upstream_missing	源端无键且覆盖稀疏，上游/品类正常缺口
MT03-018	MARKTECH	photodiode	dark_current_na	icpdf	其他光电器件		N	icpdf:prajson2.最大暗电源		https://www.digikey.cn/zh/products?keywords=MT03-018			upstream_missing	源端无键且覆盖稀疏，上游/品类正常缺口
MT03-018	MARKTECH	photodiode	peak_wavelength_nm	icpdf	其他光电器件		N	icpdf:prajson2.峰值波长		https://www.digikey.cn/zh/products?keywords=MT03-018			upstream_missing	源端无键且窄表空，上游缺口可接受
MT03-018	MARKTECH	photodiode	photodetector_type	icpdf	其他光电器件		N	icpdf:prajson2.光电设备类型	Photodiode	https://www.digikey.cn/zh/products?keywords=MT03-018			consistent	窄表已抽值(源键未映射或衍生)
MT03-023	MARKTECH	photodiode	breakdown_voltage_v	icpdf	其他光电器件		N	icpdf:prajson2.最大反向电压		https://www.digikey.cn/zh/products?keywords=MT03-023			upstream_missing	源端无键且覆盖稀疏，上游/品类正常缺口
MT03-023	MARKTECH	photodiode	dark_current_na	icpdf	其他光电器件		N	icpdf:prajson2.最大暗电源		https://www.digikey.cn/zh/products?keywords=MT03-023			upstream_missing	源端无键且覆盖稀疏，上游/品类正常缺口
MT03-023	MARKTECH	photodiode	peak_wavelength_nm	icpdf	其他光电器件		N	icpdf:prajson2.峰值波长		https://www.digikey.cn/zh/products?keywords=MT03-023			upstream_missing	源端无键且窄表空，上游缺口可接受
MT03-023	MARKTECH	photodiode	photodetector_type	icpdf	其他光电器件		N	icpdf:prajson2.光电设备类型	Photodiode	https://www.digikey.cn/zh/products?keywords=MT03-023			consistent	窄表已抽值(源键未映射或衍生)
MT03-047	MARKTECH	photodiode	breakdown_voltage_v	icpdf	其他光电器件		N	icpdf:prajson2.最大反向电压		https://www.digikey.cn/zh/products?keywords=MT03-047			upstream_missing	源端无键且覆盖稀疏，上游/品类正常缺口
MT03-047	MARKTECH	photodiode	dark_current_na	icpdf	其他光电器件		N	icpdf:prajson2.最大暗电源		https://www.digikey.cn/zh/products?keywords=MT03-047			upstream_missing	源端无键且覆盖稀疏，上游/品类正常缺口
MT03-047	MARKTECH	photodiode	peak_wavelength_nm	icpdf	其他光电器件		N	icpdf:prajson2.峰值波长		https://www.digikey.cn/zh/products?keywords=MT03-047			upstream_missing	源端无键且窄表空，上游缺口可接受
MT03-047	MARKTECH	photodiode	photodetector_type	icpdf	其他光电器件		N	icpdf:prajson2.光电设备类型	Photodiode	https://www.digikey.cn/zh/products?keywords=MT03-047			consistent	窄表已抽值(源键未映射或衍生)
BL-21E0-0131	MARL	photodiode	breakdown_voltage_v	icpdf	其他光电器件		N	icpdf:prajson2.最大反向电压		https://www.digikey.cn/zh/products?keywords=BL-21E0-0131			upstream_missing	源端无键且覆盖稀疏，上游/品类正常缺口
BL-21E0-0131	MARL	photodiode	dark_current_na	icpdf	其他光电器件		N	icpdf:prajson2.最大暗电源		https://www.digikey.cn/zh/products?keywords=BL-21E0-0131			upstream_missing	源端无键且覆盖稀疏，上游/品类正常缺口
BL-21E0-0131	MARL	photodiode	peak_wavelength_nm	icpdf	其他光电器件		N	icpdf:prajson2.峰值波长		https://www.digikey.cn/zh/products?keywords=BL-21E0-0131			upstream_missing	源端无键且窄表空，上游缺口可接受
BL-21E0-0131	MARL	photodiode	photodetector_type	icpdf	其他光电器件		N	icpdf:prajson2.光电设备类型	Photodiode	https://www.digikey.cn/zh/products?keywords=BL-21E0-0131			consistent	窄表已抽值(源键未映射或衍生)
PC084R24	MARL	photodiode	breakdown_voltage_v	icpdf	其他光电器件		N	icpdf:prajson2.最大反向电压		https://www.digikey.cn/zh/products?keywords=PC084R24			upstream_missing	源端无键且覆盖稀疏，上游/品类正常缺口
PC084R24	MARL	photodiode	dark_current_na	icpdf	其他光电器件		N	icpdf:prajson2.最大暗电源		https://www.digikey.cn/zh/products?keywords=PC084R24			upstream_missing	源端无键且覆盖稀疏，上游/品类正常缺口
PC084R24	MARL	photodiode	peak_wavelength_nm	icpdf	其他光电器件		Y	icpdf:prajson2.峰值波长	635	https://www.digikey.cn/zh/products?keywords=PC084R24			consistent	源端与窄表均有值
PC084R24	MARL	photodiode	photodetector_type	icpdf	其他光电器件		N	icpdf:prajson2.光电设备类型	Photodiode	https://www.digikey.cn/zh/products?keywords=PC084R24			consistent	窄表已抽值(源键未映射或衍生)
NJL5171K	MICRO-ELECTRONICS	photodiode	breakdown_voltage_v	icpdf	其他光电器件		N	icpdf:prajson2.最大反向电压		https://www.digikey.cn/zh/products?keywords=NJL5171K			upstream_missing	源端无键且覆盖稀疏，上游/品类正常缺口
NJL5171K	MICRO-ELECTRONICS	photodiode	dark_current_na	icpdf	其他光电器件		N	icpdf:prajson2.最大暗电源		https://www.digikey.cn/zh/products?keywords=NJL5171K			upstream_missing	源端无键且覆盖稀疏，上游/品类正常缺口
NJL5171K	MICRO-ELECTRONICS	photodiode	peak_wavelength_nm	icpdf	其他光电器件		N	icpdf:prajson2.峰值波长		https://www.digikey.cn/zh/products?keywords=NJL5171K			upstream_missing	源端无键且窄表空，上游缺口可接受
NJL5171K	MICRO-ELECTRONICS	photodiode	photodetector_type	icpdf	其他光电器件		N	icpdf:prajson2.光电设备类型	Photodiode	https://www.digikey.cn/zh/products?keywords=NJL5171K			consistent	窄表已抽值(源键未映射或衍生)
LX1972IBC	MICROSEMI	photodiode	breakdown_voltage_v	icpdf	其他光电器件	环境光检测器	N	icpdf:prajson2.最大反向电压		https://www.digikey.cn/zh/products?keywords=LX1972IBC			upstream_missing	源端无键且覆盖稀疏，上游/品类正常缺口
LX1972IBC	MICROSEMI	photodiode	dark_current_na	icpdf	其他光电器件	环境光检测器	Y	icpdf:prajson2.最大暗电源	200	https://www.digikey.cn/zh/products?keywords=LX1972IBC			consistent	源端与窄表均有值
LX1972IBC	MICROSEMI	photodiode	peak_wavelength_nm	icpdf	其他光电器件	环境光检测器	N	icpdf:prajson2.峰值波长		https://www.digikey.cn/zh/products?keywords=LX1972IBC			upstream_missing	源端无键且窄表空，上游缺口可接受
LX1972IBC	MICROSEMI	photodiode	photodetector_type	icpdf	其他光电器件	环境光检测器	Y	icpdf:prajson2.子类别	Photodiode	https://www.digikey.cn/zh/products?keywords=LX1972IBC			consistent	源端与窄表均有值
LX1973AIDR	MICROSEMI	photodiode	breakdown_voltage_v	icpdf	其他光电器件	汽车光传感器	N	icpdf:prajson2.最大反向电压		https://www.digikey.cn/zh/products?keywords=LX1973AIDR			upstream_missing	源端无键且覆盖稀疏，上游/品类正常缺口
LX1973AIDR	MICROSEMI	photodiode	dark_current_na	icpdf	其他光电器件	汽车光传感器	Y	icpdf:prajson2.最大暗电源	5000000	https://www.digikey.cn/zh/products?keywords=LX1973AIDR			consistent	源端与窄表均有值
LX1973AIDR	MICROSEMI	photodiode	peak_wavelength_nm	icpdf	其他光电器件	汽车光传感器	N	icpdf:prajson2.峰值波长		https://www.digikey.cn/zh/products?keywords=LX1973AIDR			upstream_missing	源端无键且窄表空，上游缺口可接受
LX1973AIDR	MICROSEMI	photodiode	photodetector_type	icpdf	其他光电器件	汽车光传感器	Y	icpdf:prajson2.子类别	Photodiode	https://www.digikey.cn/zh/products?keywords=LX1973AIDR			consistent	源端与窄表均有值
LX1973AIDR-TR	MICROSEMI	photodiode	breakdown_voltage_v	icpdf	其他光电器件	汽车光传感器	N	icpdf:prajson2.最大反向电压		https://www.digikey.cn/zh/products?keywords=LX1973AIDR-TR			upstream_missing	源端无键且覆盖稀疏，上游/品类正常缺口
LX1973AIDR-TR	MICROSEMI	photodiode	dark_current_na	icpdf	其他光电器件	汽车光传感器	Y	icpdf:prajson2.最大暗电源	5000000	https://www.digikey.cn/zh/products?keywords=LX1973AIDR-TR			consistent	源端与窄表均有值
LX1973AIDR-TR	MICROSEMI	photodiode	peak_wavelength_nm	icpdf	其他光电器件	汽车光传感器	N	icpdf:prajson2.峰值波长		https://www.digikey.cn/zh/products?keywords=LX1973AIDR-TR			upstream_missing	源端无键且窄表空，上游缺口可接受
LX1973AIDR-TR	MICROSEMI	photodiode	photodetector_type	icpdf	其他光电器件	汽车光传感器	Y	icpdf:prajson2.子类别	Photodiode	https://www.digikey.cn/zh/products?keywords=LX1973AIDR-TR			consistent	源端与窄表均有值
LX1973AIDU	MICROSEMI	photodiode	breakdown_voltage_v	icpdf	其他光电器件	汽车光传感器	N	icpdf:prajson2.最大反向电压		https://www.digikey.cn/zh/products?keywords=LX1973AIDU			upstream_missing	源端无键且覆盖稀疏，上游/品类正常缺口
LX1973AIDU	MICROSEMI	photodiode	dark_current_na	icpdf	其他光电器件	汽车光传感器	Y	icpdf:prajson2.最大暗电源	5000000	https://www.digikey.cn/zh/products?keywords=LX1973AIDU			consistent	源端与窄表均有值
LX1973AIDU	MICROSEMI	photodiode	peak_wavelength_nm	icpdf	其他光电器件	汽车光传感器	N	icpdf:prajson2.峰值波长		https://www.digikey.cn/zh/products?keywords=LX1973AIDU			upstream_missing	源端无键且窄表空，上游缺口可接受
LX1973AIDU	MICROSEMI	photodiode	photodetector_type	icpdf	其他光电器件	汽车光传感器	Y	icpdf:prajson2.子类别	Photodiode	https://www.digikey.cn/zh/products?keywords=LX1973AIDU			consistent	源端与窄表均有值
LX1973BIPR	MICROSEMI	photodiode	breakdown_voltage_v	icpdf	光电二极管	汽车光线感应器TM	N	icpdf:prajson2.最大反向电压		https://www.digikey.cn/zh/products?keywords=LX1973BIPR			upstream_missing	源端无键且覆盖稀疏，上游/品类正常缺口
LX1973BIPR	MICROSEMI	photodiode	dark_current_na	icpdf	光电二极管	汽车光线感应器TM	N	icpdf:prajson2.最大暗电源		https://www.digikey.cn/zh/products?keywords=LX1973BIPR			upstream_missing	源端无键且覆盖稀疏，上游/品类正常缺口
LX1973BIPR	MICROSEMI	photodiode	peak_wavelength_nm	icpdf	光电二极管	汽车光线感应器TM	N	icpdf:prajson2.峰值波长		https://www.digikey.cn/zh/products?keywords=LX1973BIPR			upstream_missing	源端无键且窄表空，上游缺口可接受
LX1973BIPR	MICROSEMI	photodiode	photodetector_type	icpdf	光电二极管	汽车光线感应器TM	Y	icpdf:prajson2.子类别	Photodiode	https://www.digikey.cn/zh/products?keywords=LX1973BIPR			consistent	源端与窄表均有值
FU-311SPP-CV3	MITSUBISHI	photodiode	breakdown_voltage_v	icpdf	光电二极管	砷化铟镓PD前置放大器模块为1.31微米和1.55微米波长范围	Y	icpdf:prajson2.最大反向电压	15	https://www.digikey.cn/zh/products?keywords=FU-311SPP-CV3			consistent	源端与窄表均有值
FU-311SPP-CV3	MITSUBISHI	photodiode	dark_current_na	icpdf	光电二极管	砷化铟镓PD前置放大器模块为1.31微米和1.55微米波长范围	N	icpdf:prajson2.最大暗电源		https://www.digikey.cn/zh/products?keywords=FU-311SPP-CV3			upstream_missing	源端无键且覆盖稀疏，上游/品类正常缺口
FU-311SPP-CV3	MITSUBISHI	photodiode	peak_wavelength_nm	icpdf	光电二极管	砷化铟镓PD前置放大器模块为1.31微米和1.55微米波长范围	N	icpdf:prajson2.峰值波长		https://www.digikey.cn/zh/products?keywords=FU-311SPP-CV3			upstream_missing	源端无键且窄表空，上游缺口可接受
FU-311SPP-CV3	MITSUBISHI	photodiode	photodetector_type	icpdf	光电二极管	砷化铟镓PD前置放大器模块为1.31微米和1.55微米波长范围	Y	icpdf:prajson2.光电设备类型	Photodiode	https://www.digikey.cn/zh/products?keywords=FU-311SPP-CV3			consistent	源端与窄表均有值
FU-318AP-M6	MITSUBISHI	photodiode	breakdown_voltage_v	icpdf	其他光电器件	砷化铟镓APD模块对于长波长带	Y	icpdf:prajson2.最大反向电压	50	https://www.digikey.cn/zh/products?keywords=FU-318AP-M6			consistent	源端与窄表均有值
FU-318AP-M6	MITSUBISHI	photodiode	dark_current_na	icpdf	其他光电器件	砷化铟镓APD模块对于长波长带	Y	icpdf:prajson2.最大暗电源	60	https://www.digikey.cn/zh/products?keywords=FU-318AP-M6			consistent	源端与窄表均有值
FU-318AP-M6	MITSUBISHI	photodiode	peak_wavelength_nm	icpdf	其他光电器件	砷化铟镓APD模块对于长波长带	N	icpdf:prajson2.峰值波长		https://www.digikey.cn/zh/products?keywords=FU-318AP-M6			upstream_missing	源端无键且窄表空，上游缺口可接受
FU-318AP-M6	MITSUBISHI	photodiode	photodetector_type	icpdf	其他光电器件	砷化铟镓APD模块对于长波长带	Y	icpdf:prajson2.光电设备类型	Photodiode	https://www.digikey.cn/zh/products?keywords=FU-318AP-M6			consistent	源端与窄表均有值
FU-318AP-VM6	MITSUBISHI	photodiode	breakdown_voltage_v	icpdf	其他光电器件	APD模块对于长波长带	Y	icpdf:prajson2.最大反向电压	50	https://www.digikey.cn/zh/products?keywords=FU-318AP-VM6			consistent	源端与窄表均有值
FU-318AP-VM6	MITSUBISHI	photodiode	dark_current_na	icpdf	其他光电器件	APD模块对于长波长带	Y	icpdf:prajson2.最大暗电源	1000	https://www.digikey.cn/zh/products?keywords=FU-318AP-VM6			consistent	源端与窄表均有值
FU-318AP-VM6	MITSUBISHI	photodiode	peak_wavelength_nm	icpdf	其他光电器件	APD模块对于长波长带	N	icpdf:prajson2.峰值波长		https://www.digikey.cn/zh/products?keywords=FU-318AP-VM6			upstream_missing	源端无键且窄表空，上游缺口可接受
FU-318AP-VM6	MITSUBISHI	photodiode	photodetector_type	icpdf	其他光电器件	APD模块对于长波长带	Y	icpdf:prajson2.光电设备类型	Photodiode	https://www.digikey.cn/zh/products?keywords=FU-318AP-VM6			consistent	源端与窄表均有值
FU-318SAP-M6	MITSUBISHI	photodiode	breakdown_voltage_v	icpdf	其他光电器件	砷化铟镓APD模块对于长波长带	Y	icpdf:prajson2.最大反向电压	50	https://www.digikey.cn/zh/products?keywords=FU-318SAP-M6			consistent	源端与窄表均有值
FU-318SAP-M6	MITSUBISHI	photodiode	dark_current_na	icpdf	其他光电器件	砷化铟镓APD模块对于长波长带	Y	icpdf:prajson2.最大暗电源	60	https://www.digikey.cn/zh/products?keywords=FU-318SAP-M6			consistent	源端与窄表均有值
FU-318SAP-M6	MITSUBISHI	photodiode	peak_wavelength_nm	icpdf	其他光电器件	砷化铟镓APD模块对于长波长带	N	icpdf:prajson2.峰值波长		https://www.digikey.cn/zh/products?keywords=FU-318SAP-M6			upstream_missing	源端无键且窄表空，上游缺口可接受
FU-318SAP-M6	MITSUBISHI	photodiode	photodetector_type	icpdf	其他光电器件	砷化铟镓APD模块对于长波长带	Y	icpdf:prajson2.光电设备类型	Photodiode	https://www.digikey.cn/zh/products?keywords=FU-318SAP-M6			consistent	源端与窄表均有值
FU-318SAP-VM6	MITSUBISHI	photodiode	breakdown_voltage_v	icpdf	其他光电器件	APD模块对于长波长带	Y	icpdf:prajson2.最大反向电压	50	https://www.digikey.cn/zh/products?keywords=FU-318SAP-VM6			consistent	源端与窄表均有值
FU-318SAP-VM6	MITSUBISHI	photodiode	dark_current_na	icpdf	其他光电器件	APD模块对于长波长带	Y	icpdf:prajson2.最大暗电源	1000	https://www.digikey.cn/zh/products?keywords=FU-318SAP-VM6			consistent	源端与窄表均有值
FU-318SAP-VM6	MITSUBISHI	photodiode	peak_wavelength_nm	icpdf	其他光电器件	APD模块对于长波长带	N	icpdf:prajson2.峰值波长		https://www.digikey.cn/zh/products?keywords=FU-318SAP-VM6			upstream_missing	源端无键且窄表空，上游缺口可接受
FU-318SAP-VM6	MITSUBISHI	photodiode	photodetector_type	icpdf	其他光电器件	APD模块对于长波长带	Y	icpdf:prajson2.光电设备类型	Photodiode	https://www.digikey.cn/zh/products?keywords=FU-318SAP-VM6			consistent	源端与窄表均有值
IRA-E900ST1	MURATA	photodiode	breakdown_voltage_v	icpdf	其他光电器件	热释电红外传感器IRA系列	N	icpdf:prajson2.最大反向电压		https://www.digikey.cn/zh/products?keywords=IRA-E900ST1			upstream_missing	源端无键且覆盖稀疏，上游/品类正常缺口
IRA-E900ST1	MURATA	photodiode	dark_current_na	icpdf	其他光电器件	热释电红外传感器IRA系列	N	icpdf:prajson2.最大暗电源		https://www.digikey.cn/zh/products?keywords=IRA-E900ST1			upstream_missing	源端无键且覆盖稀疏，上游/品类正常缺口
IRA-E900ST1	MURATA	photodiode	peak_wavelength_nm	icpdf	其他光电器件	热释电红外传感器IRA系列	N	icpdf:prajson2.峰值波长		https://www.digikey.cn/zh/products?keywords=IRA-E900ST1			upstream_missing	源端无键且窄表空，上游缺口可接受
IRA-E900ST1	MURATA	photodiode	photodetector_type	icpdf	其他光电器件	热释电红外传感器IRA系列	Y	icpdf:prajson2.光电设备类型	Photodiode	https://www.digikey.cn/zh/products?keywords=IRA-E900ST1			consistent	源端与窄表均有值
PS8741-F3	NEC	photodiode	breakdown_voltage_v	icpdf	其他光电器件		N	icpdf:prajson2.最大反向电压		https://www.digikey.cn/zh/products?keywords=PS8741-F3			upstream_missing	源端无键且覆盖稀疏，上游/品类正常缺口
PS8741-F3	NEC	photodiode	dark_current_na	icpdf	其他光电器件		N	icpdf:prajson2.最大暗电源		https://www.digikey.cn/zh/products?keywords=PS8741-F3			upstream_missing	源端无键且覆盖稀疏，上游/品类正常缺口
PS8741-F3	NEC	photodiode	peak_wavelength_nm	icpdf	其他光电器件		N	icpdf:prajson2.峰值波长		https://www.digikey.cn/zh/products?keywords=PS8741-F3			upstream_missing	源端无键且窄表空，上游缺口可接受
PS8741-F3	NEC	photodiode	photodetector_type	icpdf	其他光电器件		Y	icpdf:prajson2.光电设备类型	Photodiode	https://www.digikey.cn/zh/products?keywords=PS8741-F3			consistent	源端与窄表均有值
PS8742-F4	NEC	photodiode	breakdown_voltage_v	icpdf	其他光电器件		N	icpdf:prajson2.最大反向电压		https://www.digikey.cn/zh/products?keywords=PS8742-F4			upstream_missing	源端无键且覆盖稀疏，上游/品类正常缺口
PS8742-F4	NEC	photodiode	dark_current_na	icpdf	其他光电器件		N	icpdf:prajson2.最大暗电源		https://www.digikey.cn/zh/products?keywords=PS8742-F4			upstream_missing	源端无键且覆盖稀疏，上游/品类正常缺口
PS8742-F4	NEC	photodiode	peak_wavelength_nm	icpdf	其他光电器件		N	icpdf:prajson2.峰值波长		https://www.digikey.cn/zh/products?keywords=PS8742-F4			upstream_missing	源端无键且窄表空，上游缺口可接受
PS8742-F4	NEC	photodiode	photodetector_type	icpdf	其他光电器件		Y	icpdf:prajson2.光电设备类型	Photodiode	https://www.digikey.cn/zh/products?keywords=PS8742-F4			consistent	源端与窄表均有值
NJL6202R-1	NJRC	photodiode	breakdown_voltage_v	icpdf	光电二极管		Y	icpdf:prajson2.最小反向击穿电压	35	https://www.digikey.cn/zh/products?keywords=NJL6202R-1			consistent	源端与窄表均有值
NJL6202R-1	NJRC	photodiode	dark_current_na	icpdf	光电二极管		Y	icpdf:prajson2.最大暗电源	2	https://www.digikey.cn/zh/products?keywords=NJL6202R-1			consistent	源端与窄表均有值
NJL6202R-1	NJRC	photodiode	peak_wavelength_nm	icpdf	光电二极管		Y	icpdf:prajson2.峰值波长	800	https://www.digikey.cn/zh/products?keywords=NJL6202R-1			consistent	源端与窄表均有值
NJL6202R-1	NJRC	photodiode	photodetector_type	icpdf	光电二极管		Y	icpdf:prajson2.光电设备类型	Photodiode	https://www.digikey.cn/zh/products?keywords=NJL6202R-1			consistent	源端与窄表均有值
TC404ATSR	OKAYA	photodiode	breakdown_voltage_v	icpdf	其他光电器件		N	icpdf:prajson2.最大反向电压		https://www.digikey.cn/zh/products?keywords=TC404ATSR			upstream_missing	源端无键且覆盖稀疏，上游/品类正常缺口
TC404ATSR	OKAYA	photodiode	dark_current_na	icpdf	其他光电器件		N	icpdf:prajson2.最大暗电源		https://www.digikey.cn/zh/products?keywords=TC404ATSR			upstream_missing	源端无键且覆盖稀疏，上游/品类正常缺口
TC404ATSR	OKAYA	photodiode	peak_wavelength_nm	icpdf	其他光电器件		N	icpdf:prajson2.峰值波长		https://www.digikey.cn/zh/products?keywords=TC404ATSR			upstream_missing	源端无键且窄表空，上游缺口可接受
TC404ATSR	OKAYA	photodiode	photodetector_type	icpdf	其他光电器件		N	icpdf:prajson2.光电设备类型	Photodiode	https://www.digikey.cn/zh/products?keywords=TC404ATSR			consistent	窄表已抽值(源键未映射或衍生)
MICRORB-SMTPA-10010-GEVB	ONSEMI	photodiode	breakdown_voltage_v	icpdf	其他光电器件		N	icpdf:prajson2.最大反向电压		https://www.digikey.cn/zh/products?keywords=MICRORB-SMTPA-10010-GEVB			upstream_missing	源端无键且覆盖稀疏，上游/品类正常缺口
MICRORB-SMTPA-10010-GEVB	ONSEMI	photodiode	dark_current_na	icpdf	其他光电器件		N	icpdf:prajson2.最大暗电源		https://www.digikey.cn/zh/products?keywords=MICRORB-SMTPA-10010-GEVB			upstream_missing	源端无键且覆盖稀疏，上游/品类正常缺口
MICRORB-SMTPA-10010-GEVB	ONSEMI	photodiode	peak_wavelength_nm	icpdf	其他光电器件		N	icpdf:prajson2.峰值波长		https://www.digikey.cn/zh/products?keywords=MICRORB-SMTPA-10010-GEVB			upstream_missing	源端无键且窄表空，上游缺口可接受
MICRORB-SMTPA-10010-GEVB	ONSEMI	photodiode	photodetector_type	icpdf	其他光电器件		N	icpdf:prajson2.光电设备类型	Photodiode	https://www.digikey.cn/zh/products?keywords=MICRORB-SMTPA-10010-GEVB			consistent	窄表已抽值(源键未映射或衍生)
QSB34CGR	ONSEMI	photodiode	breakdown_voltage_v	icpdf	光电二极管		Y	icpdf:prajson2.最大反向电压	32	https://www.digikey.cn/zh/products?keywords=QSB34CGR			consistent	源端与窄表均有值
QSB34CGR	ONSEMI	photodiode	dark_current_na	icpdf	光电二极管		Y	icpdf:prajson2.最大暗电源	30	https://www.digikey.cn/zh/products?keywords=QSB34CGR			consistent	源端与窄表均有值
QSB34CGR	ONSEMI	photodiode	peak_wavelength_nm	icpdf	光电二极管		Y	icpdf:prajson2.峰值波长	940	https://www.digikey.cn/zh/products?keywords=QSB34CGR			consistent	源端与窄表均有值
QSB34CGR	ONSEMI	photodiode	photodetector_type	icpdf	光电二极管		Y	icpdf:prajson2.光电设备类型	Photodiode	https://www.digikey.cn/zh/products?keywords=QSB34CGR			consistent	源端与窄表均有值
SLP171E51	ONSEMI	photodiode	breakdown_voltage_v	icpdf	其他光电器件		N	icpdf:prajson2.最大反向电压		https://www.digikey.cn/zh/products?keywords=SLP171E51			upstream_missing	源端无键且覆盖稀疏，上游/品类正常缺口
SLP171E51	ONSEMI	photodiode	dark_current_na	icpdf	其他光电器件		N	icpdf:prajson2.最大暗电源		https://www.digikey.cn/zh/products?keywords=SLP171E51			upstream_missing	源端无键且覆盖稀疏，上游/品类正常缺口
SLP171E51	ONSEMI	photodiode	peak_wavelength_nm	icpdf	其他光电器件		Y	icpdf:prajson2.峰值波长	700	https://www.digikey.cn/zh/products?keywords=SLP171E51			consistent	源端与窄表均有值
SLP171E51	ONSEMI	photodiode	photodetector_type	icpdf	其他光电器件		Y	icpdf:prajson2.子类别	Photodiode	https://www.digikey.cn/zh/products?keywords=SLP171E51			consistent	源端与窄表均有值
PD-1150-150	OPTOWAY	photodiode	breakdown_voltage_v	icpdf	光电二极管	砷化铟镓PIN光电二极管PIN光电二极管与小尺寸与封装	Y	icpdf:prajson2.最大反向电压	20	https://www.digikey.cn/zh/products?keywords=PD-1150-150			consistent	源端与窄表均有值
PD-1150-150	OPTOWAY	photodiode	dark_current_na	icpdf	光电二极管	砷化铟镓PIN光电二极管PIN光电二极管与小尺寸与封装	Y	icpdf:prajson2.最大暗电源	1.5	https://www.digikey.cn/zh/products?keywords=PD-1150-150			consistent	源端与窄表均有值
PD-1150-150	OPTOWAY	photodiode	peak_wavelength_nm	icpdf	光电二极管	砷化铟镓PIN光电二极管PIN光电二极管与小尺寸与封装	N	icpdf:prajson2.峰值波长		https://www.digikey.cn/zh/products?keywords=PD-1150-150			upstream_missing	源端无键且窄表空，上游缺口可接受
PD-1150-150	OPTOWAY	photodiode	photodetector_type	icpdf	光电二极管	砷化铟镓PIN光电二极管PIN光电二极管与小尺寸与封装	Y	icpdf:prajson2.光电设备类型	Photodiode	https://www.digikey.cn/zh/products?keywords=PD-1150-150			consistent	源端与窄表均有值
BP104F	OSRAM	photodiode	breakdown_voltage_v	icpdf	光电二极管	Silizium - PIN- Fotodiode MIT Tageslichtsperrfilter	Y	icpdf:prajson2.最大反向电压	20	https://www.digikey.cn/zh/products?keywords=BP104F			consistent	源端与窄表均有值
BP104F	OSRAM	photodiode	dark_current_na	icpdf	光电二极管	Silizium - PIN- Fotodiode MIT Tageslichtsperrfilter	Y	icpdf:prajson2.最大暗电源	30	https://www.digikey.cn/zh/products?keywords=BP104F			consistent	源端与窄表均有值
BP104F	OSRAM	photodiode	peak_wavelength_nm	icpdf	光电二极管	Silizium - PIN- Fotodiode MIT Tageslichtsperrfilter	Y	icpdf:prajson2.峰值波长	950	https://www.digikey.cn/zh/products?keywords=BP104F			consistent	源端与窄表均有值
BP104F	OSRAM	photodiode	photodetector_type	icpdf	光电二极管	Silizium - PIN- Fotodiode MIT Tageslichtsperrfilter	Y	icpdf:prajson2.光电设备类型	Photodiode	https://www.digikey.cn/zh/products?keywords=BP104F			consistent	源端与窄表均有值
BP104FAS	OSRAM	photodiode	breakdown_voltage_v	icpdf	其他光电器件	硅PIN光电二极管与日光过滤器	Y	icpdf:prajson2.最大反向电压	20	https://www.digikey.cn/zh/products?keywords=BP104FAS			consistent	源端与窄表均有值
BP104FAS	OSRAM	photodiode	dark_current_na	icpdf	其他光电器件	硅PIN光电二极管与日光过滤器	Y	icpdf:prajson2.最大暗电源	30	https://www.digikey.cn/zh/products?keywords=BP104FAS			consistent	源端与窄表均有值
BP104FAS	OSRAM	photodiode	peak_wavelength_nm	icpdf	其他光电器件	硅PIN光电二极管与日光过滤器	Y	icpdf:prajson2.峰值波长	880	https://www.digikey.cn/zh/products?keywords=BP104FAS			consistent	源端与窄表均有值
BP104FAS	OSRAM	photodiode	photodetector_type	icpdf	其他光电器件	硅PIN光电二极管与日光过滤器	Y	icpdf:prajson2.光电设备类型	Photodiode	https://www.digikey.cn/zh/products?keywords=BP104FAS			consistent	源端与窄表均有值
BP104FAS-Z	OSRAM	photodiode	breakdown_voltage_v	icpdf	其他光电器件		N	icpdf:prajson2.最大反向电压		https://www.digikey.cn/zh/products?keywords=BP104FAS-Z			upstream_missing	源端无键且覆盖稀疏，上游/品类正常缺口
BP104FAS-Z	OSRAM	photodiode	dark_current_na	icpdf	其他光电器件		N	icpdf:prajson2.最大暗电源		https://www.digikey.cn/zh/products?keywords=BP104FAS-Z			upstream_missing	源端无键且覆盖稀疏，上游/品类正常缺口
BP104FAS-Z	OSRAM	photodiode	peak_wavelength_nm	icpdf	其他光电器件		N	icpdf:prajson2.峰值波长		https://www.digikey.cn/zh/products?keywords=BP104FAS-Z			upstream_missing	源端无键且窄表空，上游缺口可接受
BP104FAS-Z	OSRAM	photodiode	photodetector_type	icpdf	其他光电器件		N	icpdf:prajson2.光电设备类型	Photodiode	https://www.digikey.cn/zh/products?keywords=BP104FAS-Z			consistent	窄表已抽值(源键未映射或衍生)
BP104FS	OSRAM	photodiode	breakdown_voltage_v	icpdf	光电二极管	Silizium - PIN- Fotodiode MIT Tageslichtsperrfilter	Y	icpdf:prajson2.最大反向电压	20	https://www.digikey.cn/zh/products?keywords=BP104FS			consistent	源端与窄表均有值
BP104FS	OSRAM	photodiode	dark_current_na	icpdf	光电二极管	Silizium - PIN- Fotodiode MIT Tageslichtsperrfilter	Y	icpdf:prajson2.最大暗电源	30	https://www.digikey.cn/zh/products?keywords=BP104FS			consistent	源端与窄表均有值
BP104FS	OSRAM	photodiode	peak_wavelength_nm	icpdf	光电二极管	Silizium - PIN- Fotodiode MIT Tageslichtsperrfilter	Y	icpdf:prajson2.峰值波长	950	https://www.digikey.cn/zh/products?keywords=BP104FS			consistent	源端与窄表均有值
BP104FS	OSRAM	photodiode	photodetector_type	icpdf	光电二极管	Silizium - PIN- Fotodiode MIT Tageslichtsperrfilter	Y	icpdf:prajson2.光电设备类型	Photodiode	https://www.digikey.cn/zh/products?keywords=BP104FS			consistent	源端与窄表均有值
BP104FS-Z	OSRAM	photodiode	breakdown_voltage_v	icpdf	光电二极管	Silizium -PIN- Fotodiode麻省理工学院Tageslichtsperrfilter ;在SMT	Y	icpdf:prajson2.最小反向击穿电压	20	https://www.digikey.cn/zh/products?keywords=BP104FS-Z			consistent	源端与窄表均有值
BP104FS-Z	OSRAM	photodiode	dark_current_na	icpdf	光电二极管	Silizium -PIN- Fotodiode麻省理工学院Tageslichtsperrfilter ;在SMT	Y	icpdf:prajson2.最大暗电源	30	https://www.digikey.cn/zh/products?keywords=BP104FS-Z			consistent	源端与窄表均有值
BP104FS-Z	OSRAM	photodiode	peak_wavelength_nm	icpdf	光电二极管	Silizium -PIN- Fotodiode麻省理工学院Tageslichtsperrfilter ;在SMT	Y	icpdf:prajson2.峰值波长	950	https://www.digikey.cn/zh/products?keywords=BP104FS-Z			consistent	源端与窄表均有值
BP104FS-Z	OSRAM	photodiode	photodetector_type	icpdf	光电二极管	Silizium -PIN- Fotodiode麻省理工学院Tageslichtsperrfilter ;在SMT	Y	icpdf:prajson2.光电设备类型	Photodiode	https://www.digikey.cn/zh/products?keywords=BP104FS-Z			consistent	源端与窄表均有值
PB86-BGA10R12	P-TEC	photodiode	breakdown_voltage_v	icpdf	其他光电器件		N	icpdf:prajson2.最大反向电压		https://www.digikey.cn/zh/products?keywords=PB86-BGA10R12			upstream_missing	源端无键且覆盖稀疏，上游/品类正常缺口
PB86-BGA10R12	P-TEC	photodiode	dark_current_na	icpdf	其他光电器件		N	icpdf:prajson2.最大暗电源		https://www.digikey.cn/zh/products?keywords=PB86-BGA10R12			upstream_missing	源端无键且覆盖稀疏，上游/品类正常缺口
PB86-BGA10R12	P-TEC	photodiode	peak_wavelength_nm	icpdf	其他光电器件		N	icpdf:prajson2.峰值波长		https://www.digikey.cn/zh/products?keywords=PB86-BGA10R12			upstream_missing	源端无键且窄表空，上游缺口可接受
PB86-BGA10R12	P-TEC	photodiode	photodetector_type	icpdf	其他光电器件		N	icpdf:prajson2.光电设备类型	Photodiode	https://www.digikey.cn/zh/products?keywords=PB86-BGA10R12			consistent	窄表已抽值(源键未映射或衍生)
PL309-2O12-12V	P-TEC	photodiode	breakdown_voltage_v	icpdf	其他光电器件		N	icpdf:prajson2.最大反向电压		https://www.digikey.cn/zh/products?keywords=PL309-2O12-12V			upstream_missing	源端无键且覆盖稀疏，上游/品类正常缺口
PL309-2O12-12V	P-TEC	photodiode	dark_current_na	icpdf	其他光电器件		N	icpdf:prajson2.最大暗电源		https://www.digikey.cn/zh/products?keywords=PL309-2O12-12V			upstream_missing	源端无键且覆盖稀疏，上游/品类正常缺口
PL309-2O12-12V	P-TEC	photodiode	peak_wavelength_nm	icpdf	其他光电器件		N	icpdf:prajson2.峰值波长		https://www.digikey.cn/zh/products?keywords=PL309-2O12-12V			upstream_missing	源端无键且窄表空，上游缺口可接受
PL309-2O12-12V	P-TEC	photodiode	photodetector_type	icpdf	其他光电器件		N	icpdf:prajson2.光电设备类型	Photodiode	https://www.digikey.cn/zh/products?keywords=PL309-2O12-12V			consistent	窄表已抽值(源键未映射或衍生)
PL310-2G13-12V	P-TEC	photodiode	breakdown_voltage_v	icpdf	其他光电器件		N	icpdf:prajson2.最大反向电压		https://www.digikey.cn/zh/products?keywords=PL310-2G13-12V			upstream_missing	源端无键且覆盖稀疏，上游/品类正常缺口
PL310-2G13-12V	P-TEC	photodiode	dark_current_na	icpdf	其他光电器件		N	icpdf:prajson2.最大暗电源		https://www.digikey.cn/zh/products?keywords=PL310-2G13-12V			upstream_missing	源端无键且覆盖稀疏，上游/品类正常缺口
PL310-2G13-12V	P-TEC	photodiode	peak_wavelength_nm	icpdf	其他光电器件		N	icpdf:prajson2.峰值波长		https://www.digikey.cn/zh/products?keywords=PL310-2G13-12V			upstream_missing	源端无键且窄表空，上游缺口可接受
PL310-2G13-12V	P-TEC	photodiode	photodetector_type	icpdf	其他光电器件		N	icpdf:prajson2.光电设备类型	Photodiode	https://www.digikey.cn/zh/products?keywords=PL310-2G13-12V			consistent	窄表已抽值(源键未映射或衍生)
0N2280	PANASONIC	photodiode	breakdown_voltage_v	icpdf	其他光电器件		N	icpdf:prajson2.最大反向电压		https://www.digikey.cn/zh/products?keywords=0N2280			upstream_missing	源端无键且覆盖稀疏，上游/品类正常缺口
0N2280	PANASONIC	photodiode	dark_current_na	icpdf	其他光电器件		N	icpdf:prajson2.最大暗电源		https://www.digikey.cn/zh/products?keywords=0N2280			upstream_missing	源端无键且覆盖稀疏，上游/品类正常缺口
0N2280	PANASONIC	photodiode	peak_wavelength_nm	icpdf	其他光电器件		N	icpdf:prajson2.峰值波长		https://www.digikey.cn/zh/products?keywords=0N2280			upstream_missing	源端无键且窄表空，上游缺口可接受
0N2280	PANASONIC	photodiode	photodetector_type	icpdf	其他光电器件		N	icpdf:prajson2.光电设备类型	Photodiode	https://www.digikey.cn/zh/products?keywords=0N2280			consistent	窄表已抽值(源键未映射或衍生)
APV1121S	PANASONIC	photodiode	breakdown_voltage_v	icpdf	其他光电器件	光伏MOSFET驱动器的广泛产品阵容节省空间	N	icpdf:prajson2.最大反向电压		https://www.digikey.cn/zh/products?keywords=APV1121S			upstream_missing	源端无键且覆盖稀疏，上游/品类正常缺口
APV1121S	PANASONIC	photodiode	dark_current_na	icpdf	其他光电器件	光伏MOSFET驱动器的广泛产品阵容节省空间	N	icpdf:prajson2.最大暗电源		https://www.digikey.cn/zh/products?keywords=APV1121S			upstream_missing	源端无键且覆盖稀疏，上游/品类正常缺口
APV1121S	PANASONIC	photodiode	peak_wavelength_nm	icpdf	其他光电器件	光伏MOSFET驱动器的广泛产品阵容节省空间	N	icpdf:prajson2.峰值波长		https://www.digikey.cn/zh/products?keywords=APV1121S			upstream_missing	源端无键且窄表空，上游缺口可接受
APV1121S	PANASONIC	photodiode	photodetector_type	icpdf	其他光电器件	光伏MOSFET驱动器的广泛产品阵容节省空间	Y	icpdf:prajson2.光电设备类型	Photodiode	https://www.digikey.cn/zh/products?keywords=APV1121S			consistent	源端与窄表均有值
APV1121SX	PANASONIC	photodiode	breakdown_voltage_v	icpdf	其他光电器件	光伏MOSFET驱动器的广泛产品阵容节省空间	N	icpdf:prajson2.最大反向电压		https://www.digikey.cn/zh/products?keywords=APV1121SX			upstream_missing	源端无键且覆盖稀疏，上游/品类正常缺口
APV1121SX	PANASONIC	photodiode	dark_current_na	icpdf	其他光电器件	光伏MOSFET驱动器的广泛产品阵容节省空间	N	icpdf:prajson2.最大暗电源		https://www.digikey.cn/zh/products?keywords=APV1121SX			upstream_missing	源端无键且覆盖稀疏，上游/品类正常缺口
APV1121SX	PANASONIC	photodiode	peak_wavelength_nm	icpdf	其他光电器件	光伏MOSFET驱动器的广泛产品阵容节省空间	N	icpdf:prajson2.峰值波长		https://www.digikey.cn/zh/products?keywords=APV1121SX			upstream_missing	源端无键且窄表空，上游缺口可接受
APV1121SX	PANASONIC	photodiode	photodetector_type	icpdf	其他光电器件	光伏MOSFET驱动器的广泛产品阵容节省空间	Y	icpdf:prajson2.光电设备类型	Photodiode	https://www.digikey.cn/zh/products?keywords=APV1121SX			consistent	源端与窄表均有值
APV1121SZ	PANASONIC	photodiode	breakdown_voltage_v	icpdf	其他光电器件	光伏MOSFET驱动器的广泛产品阵容节省空间	N	icpdf:prajson2.最大反向电压		https://www.digikey.cn/zh/products?keywords=APV1121SZ			upstream_missing	源端无键且覆盖稀疏，上游/品类正常缺口
APV1121SZ	PANASONIC	photodiode	dark_current_na	icpdf	其他光电器件	光伏MOSFET驱动器的广泛产品阵容节省空间	N	icpdf:prajson2.最大暗电源		https://www.digikey.cn/zh/products?keywords=APV1121SZ			upstream_missing	源端无键且覆盖稀疏，上游/品类正常缺口
APV1121SZ	PANASONIC	photodiode	peak_wavelength_nm	icpdf	其他光电器件	光伏MOSFET驱动器的广泛产品阵容节省空间	N	icpdf:prajson2.峰值波长		https://www.digikey.cn/zh/products?keywords=APV1121SZ			upstream_missing	源端无键且窄表空，上游缺口可接受
APV1121SZ	PANASONIC	photodiode	photodetector_type	icpdf	其他光电器件	光伏MOSFET驱动器的广泛产品阵容节省空间	Y	icpdf:prajson2.光电设备类型	Photodiode	https://www.digikey.cn/zh/products?keywords=APV1121SZ			consistent	源端与窄表均有值
APV1122	PANASONIC	photodiode	breakdown_voltage_v	icpdf	其他光电器件	光伏MOSFET驱动器	N	icpdf:prajson2.最大反向电压		https://www.digikey.cn/zh/products?keywords=APV1122			upstream_missing	源端无键且覆盖稀疏，上游/品类正常缺口
APV1122	PANASONIC	photodiode	dark_current_na	icpdf	其他光电器件	光伏MOSFET驱动器	N	icpdf:prajson2.最大暗电源		https://www.digikey.cn/zh/products?keywords=APV1122			upstream_missing	源端无键且覆盖稀疏，上游/品类正常缺口
APV1122	PANASONIC	photodiode	peak_wavelength_nm	icpdf	其他光电器件	光伏MOSFET驱动器	N	icpdf:prajson2.峰值波长		https://www.digikey.cn/zh/products?keywords=APV1122			upstream_missing	源端无键且窄表空，上游缺口可接受
APV1122	PANASONIC	photodiode	photodetector_type	icpdf	其他光电器件	光伏MOSFET驱动器	Y	icpdf:prajson2.光电设备类型	Photodiode	https://www.digikey.cn/zh/products?keywords=APV1122			consistent	源端与窄表均有值
C30616	PERKINELMER	photodiode	breakdown_voltage_v	icpdf	光电二极管	高速的InGaAs PIN光电二极管	N	icpdf:prajson2.最大反向电压		https://www.digikey.cn/zh/products?keywords=C30616			upstream_missing	源端无键且覆盖稀疏，上游/品类正常缺口
C30616	PERKINELMER	photodiode	dark_current_na	icpdf	光电二极管	高速的InGaAs PIN光电二极管	N	icpdf:prajson2.最大暗电源		https://www.digikey.cn/zh/products?keywords=C30616			upstream_missing	源端无键且覆盖稀疏，上游/品类正常缺口
C30616	PERKINELMER	photodiode	peak_wavelength_nm	icpdf	光电二极管	高速的InGaAs PIN光电二极管	N	icpdf:prajson2.峰值波长		https://www.digikey.cn/zh/products?keywords=C30616			upstream_missing	源端无键且窄表空，上游缺口可接受
C30616	PERKINELMER	photodiode	photodetector_type	icpdf	光电二极管	高速的InGaAs PIN光电二极管	N	icpdf:prajson2.光电设备类型	Photodiode	https://www.digikey.cn/zh/products?keywords=C30616			consistent	窄表已抽值(源键未映射或衍生)
C30637	PERKINELMER	photodiode	breakdown_voltage_v	icpdf	光电二极管	高速的InGaAs PIN光电二极管	N	icpdf:prajson2.最大反向电压		https://www.digikey.cn/zh/products?keywords=C30637			upstream_missing	源端无键且覆盖稀疏，上游/品类正常缺口
C30637	PERKINELMER	photodiode	dark_current_na	icpdf	光电二极管	高速的InGaAs PIN光电二极管	N	icpdf:prajson2.最大暗电源		https://www.digikey.cn/zh/products?keywords=C30637			upstream_missing	源端无键且覆盖稀疏，上游/品类正常缺口
C30637	PERKINELMER	photodiode	peak_wavelength_nm	icpdf	光电二极管	高速的InGaAs PIN光电二极管	N	icpdf:prajson2.峰值波长		https://www.digikey.cn/zh/products?keywords=C30637			upstream_missing	源端无键且窄表空，上游缺口可接受
C30637	PERKINELMER	photodiode	photodetector_type	icpdf	光电二极管	高速的InGaAs PIN光电二极管	N	icpdf:prajson2.光电设备类型	Photodiode	https://www.digikey.cn/zh/products?keywords=C30637			consistent	窄表已抽值(源键未映射或衍生)
C30645E	PERKINELMER	photodiode	breakdown_voltage_v	icpdf	光电二极管	铟镓砷雪崩光电二极管	N	icpdf:prajson2.最大反向电压		https://www.digikey.cn/zh/products?keywords=C30645E			upstream_missing	源端无键且覆盖稀疏，上游/品类正常缺口
C30645E	PERKINELMER	photodiode	dark_current_na	icpdf	光电二极管	铟镓砷雪崩光电二极管	Y	icpdf:prajson2.最大暗电源	50	https://www.digikey.cn/zh/products?keywords=C30645E			consistent	源端与窄表均有值
C30645E	PERKINELMER	photodiode	peak_wavelength_nm	icpdf	光电二极管	铟镓砷雪崩光电二极管	N	icpdf:prajson2.峰值波长		https://www.digikey.cn/zh/products?keywords=C30645E			upstream_missing	源端无键且窄表空，上游缺口可接受
C30645E	PERKINELMER	photodiode	photodetector_type	icpdf	光电二极管	铟镓砷雪崩光电二极管	Y	icpdf:prajson2.光电设备类型	Photodiode	https://www.digikey.cn/zh/products?keywords=C30645E			consistent	源端与窄表均有值
C30662E	PERKINELMER	photodiode	breakdown_voltage_v	icpdf	光电二极管	铟镓砷雪崩光电二极管	N	icpdf:prajson2.最大反向电压		https://www.digikey.cn/zh/products?keywords=C30662E			upstream_missing	源端无键且覆盖稀疏，上游/品类正常缺口
C30662E	PERKINELMER	photodiode	dark_current_na	icpdf	光电二极管	铟镓砷雪崩光电二极管	Y	icpdf:prajson2.最大暗电源	150	https://www.digikey.cn/zh/products?keywords=C30662E			consistent	源端与窄表均有值
C30662E	PERKINELMER	photodiode	peak_wavelength_nm	icpdf	光电二极管	铟镓砷雪崩光电二极管	N	icpdf:prajson2.峰值波长		https://www.digikey.cn/zh/products?keywords=C30662E			upstream_missing	源端无键且窄表空，上游缺口可接受
C30662E	PERKINELMER	photodiode	photodetector_type	icpdf	光电二极管	铟镓砷雪崩光电二极管	Y	icpdf:prajson2.光电设备类型	Photodiode	https://www.digikey.cn/zh/products?keywords=C30662E			consistent	源端与窄表均有值
C30737P-230	PERKINELMER	photodiode	breakdown_voltage_v	icpdf	光电二极管	外延硅雪崩光电二极管	N	icpdf:prajson2.最大反向电压		https://www.digikey.cn/zh/products?keywords=C30737P-230			upstream_missing	源端无键且覆盖稀疏，上游/品类正常缺口
C30737P-230	PERKINELMER	photodiode	dark_current_na	icpdf	光电二极管	外延硅雪崩光电二极管	N	icpdf:prajson2.最大暗电源		https://www.digikey.cn/zh/products?keywords=C30737P-230			upstream_missing	源端无键且覆盖稀疏，上游/品类正常缺口
C30737P-230	PERKINELMER	photodiode	peak_wavelength_nm	icpdf	光电二极管	外延硅雪崩光电二极管	N	icpdf:prajson2.峰值波长		https://www.digikey.cn/zh/products?keywords=C30737P-230			upstream_missing	源端无键且窄表空，上游缺口可接受
C30737P-230	PERKINELMER	photodiode	photodetector_type	icpdf	光电二极管	外延硅雪崩光电二极管	N	icpdf:prajson2.光电设备类型	Photodiode	https://www.digikey.cn/zh/products?keywords=C30737P-230			consistent	窄表已抽值(源键未映射或衍生)
AND116SG	PURDY	photodiode	breakdown_voltage_v	icpdf	其他光电器件	双色	N	icpdf:prajson2.最大反向电压		https://www.digikey.cn/zh/products?keywords=AND116SG			upstream_missing	源端无键且覆盖稀疏，上游/品类正常缺口
AND116SG	PURDY	photodiode	dark_current_na	icpdf	其他光电器件	双色	N	icpdf:prajson2.最大暗电源		https://www.digikey.cn/zh/products?keywords=AND116SG			upstream_missing	源端无键且覆盖稀疏，上游/品类正常缺口
AND116SG	PURDY	photodiode	peak_wavelength_nm	icpdf	其他光电器件	双色	N	icpdf:prajson2.峰值波长		https://www.digikey.cn/zh/products?keywords=AND116SG			upstream_missing	源端无键且窄表空，上游缺口可接受
AND116SG	PURDY	photodiode	photodetector_type	icpdf	其他光电器件	双色	N	icpdf:prajson2.光电设备类型	Photodiode	https://www.digikey.cn/zh/products?keywords=AND116SG			consistent	窄表已抽值(源键未映射或衍生)
AND124KR	PURDY	photodiode	breakdown_voltage_v	icpdf	其他光电器件		N	icpdf:prajson2.最大反向电压		https://www.digikey.cn/zh/products?keywords=AND124KR			upstream_missing	源端无键且覆盖稀疏，上游/品类正常缺口
AND124KR	PURDY	photodiode	dark_current_na	icpdf	其他光电器件		N	icpdf:prajson2.最大暗电源		https://www.digikey.cn/zh/products?keywords=AND124KR			upstream_missing	源端无键且覆盖稀疏，上游/品类正常缺口
AND124KR	PURDY	photodiode	peak_wavelength_nm	icpdf	其他光电器件		N	icpdf:prajson2.峰值波长		https://www.digikey.cn/zh/products?keywords=AND124KR			upstream_missing	源端无键且窄表空，上游缺口可接受
AND124KR	PURDY	photodiode	photodetector_type	icpdf	其他光电器件		N	icpdf:prajson2.光电设备类型	Photodiode	https://www.digikey.cn/zh/products?keywords=AND124KR			consistent	窄表已抽值(源键未映射或衍生)
AND130AR	PURDY	photodiode	breakdown_voltage_v	icpdf	其他光电器件		N	icpdf:prajson2.最大反向电压		https://www.digikey.cn/zh/products?keywords=AND130AR			upstream_missing	源端无键且覆盖稀疏，上游/品类正常缺口
AND130AR	PURDY	photodiode	dark_current_na	icpdf	其他光电器件		N	icpdf:prajson2.最大暗电源		https://www.digikey.cn/zh/products?keywords=AND130AR			upstream_missing	源端无键且覆盖稀疏，上游/品类正常缺口
AND130AR	PURDY	photodiode	peak_wavelength_nm	icpdf	其他光电器件		N	icpdf:prajson2.峰值波长		https://www.digikey.cn/zh/products?keywords=AND130AR			upstream_missing	源端无键且窄表空，上游缺口可接受
AND130AR	PURDY	photodiode	photodetector_type	icpdf	其他光电器件		N	icpdf:prajson2.光电设备类型	Photodiode	https://www.digikey.cn/zh/products?keywords=AND130AR			consistent	窄表已抽值(源键未映射或衍生)
AND155ARP	PURDY	photodiode	breakdown_voltage_v	icpdf	其他光电器件		N	icpdf:prajson2.最大反向电压		https://www.digikey.cn/zh/products?keywords=AND155ARP			upstream_missing	源端无键且覆盖稀疏，上游/品类正常缺口
AND155ARP	PURDY	photodiode	dark_current_na	icpdf	其他光电器件		N	icpdf:prajson2.最大暗电源		https://www.digikey.cn/zh/products?keywords=AND155ARP			upstream_missing	源端无键且覆盖稀疏，上游/品类正常缺口
AND155ARP	PURDY	photodiode	peak_wavelength_nm	icpdf	其他光电器件		N	icpdf:prajson2.峰值波长		https://www.digikey.cn/zh/products?keywords=AND155ARP			upstream_missing	源端无键且窄表空，上游缺口可接受
AND155ARP	PURDY	photodiode	photodetector_type	icpdf	其他光电器件		N	icpdf:prajson2.光电设备类型	Photodiode	https://www.digikey.cn/zh/products?keywords=AND155ARP			consistent	窄表已抽值(源键未映射或衍生)
AND171SG	PURDY	photodiode	breakdown_voltage_v	icpdf	其他光电器件		N	icpdf:prajson2.最大反向电压		https://www.digikey.cn/zh/products?keywords=AND171SG			upstream_missing	源端无键且覆盖稀疏，上游/品类正常缺口
AND171SG	PURDY	photodiode	dark_current_na	icpdf	其他光电器件		N	icpdf:prajson2.最大暗电源		https://www.digikey.cn/zh/products?keywords=AND171SG			upstream_missing	源端无键且覆盖稀疏，上游/品类正常缺口
AND171SG	PURDY	photodiode	peak_wavelength_nm	icpdf	其他光电器件		N	icpdf:prajson2.峰值波长		https://www.digikey.cn/zh/products?keywords=AND171SG			upstream_missing	源端无键且窄表空，上游缺口可接受
AND171SG	PURDY	photodiode	photodetector_type	icpdf	其他光电器件		N	icpdf:prajson2.光电设备类型	Photodiode	https://www.digikey.cn/zh/products?keywords=AND171SG			consistent	窄表已抽值(源键未映射或衍生)
MCA11	QT	photodiode	breakdown_voltage_v	icpdf	其他光电器件		N	icpdf:prajson2.最大反向电压		https://www.digikey.cn/zh/products?keywords=MCA11			upstream_missing	源端无键且覆盖稀疏，上游/品类正常缺口
MCA11	QT	photodiode	dark_current_na	icpdf	其他光电器件		N	icpdf:prajson2.最大暗电源		https://www.digikey.cn/zh/products?keywords=MCA11			upstream_missing	源端无键且覆盖稀疏，上游/品类正常缺口
MCA11	QT	photodiode	peak_wavelength_nm	icpdf	其他光电器件		N	icpdf:prajson2.峰值波长		https://www.digikey.cn/zh/products?keywords=MCA11			upstream_missing	源端无键且窄表空，上游缺口可接受
MCA11	QT	photodiode	photodetector_type	icpdf	其他光电器件		N	icpdf:prajson2.光电设备类型	Photodiode	https://www.digikey.cn/zh/products?keywords=MCA11			consistent	窄表已抽值(源键未映射或衍生)
MCP3011A	QT	photodiode	breakdown_voltage_v	icpdf	其他光电器件		N	icpdf:prajson2.最大反向电压		https://www.digikey.cn/zh/products?keywords=MCP3011A			upstream_missing	源端无键且覆盖稀疏，上游/品类正常缺口
MCP3011A	QT	photodiode	dark_current_na	icpdf	其他光电器件		N	icpdf:prajson2.最大暗电源		https://www.digikey.cn/zh/products?keywords=MCP3011A			upstream_missing	源端无键且覆盖稀疏，上游/品类正常缺口
MCP3011A	QT	photodiode	peak_wavelength_nm	icpdf	其他光电器件		N	icpdf:prajson2.峰值波长		https://www.digikey.cn/zh/products?keywords=MCP3011A			upstream_missing	源端无键且窄表空，上游缺口可接受
MCP3011A	QT	photodiode	photodetector_type	icpdf	其他光电器件		N	icpdf:prajson2.光电设备类型	Photodiode	https://www.digikey.cn/zh/products?keywords=MCP3011A			consistent	窄表已抽值(源键未映射或衍生)
MSA6530	QT	photodiode	breakdown_voltage_v	icpdf	其他光电器件		N	icpdf:prajson2.最大反向电压		https://www.digikey.cn/zh/products?keywords=MSA6530			upstream_missing	源端无键且覆盖稀疏，上游/品类正常缺口
MSA6530	QT	photodiode	dark_current_na	icpdf	其他光电器件		N	icpdf:prajson2.最大暗电源		https://www.digikey.cn/zh/products?keywords=MSA6530			upstream_missing	源端无键且覆盖稀疏，上游/品类正常缺口
MSA6530	QT	photodiode	peak_wavelength_nm	icpdf	其他光电器件		N	icpdf:prajson2.峰值波长		https://www.digikey.cn/zh/products?keywords=MSA6530			upstream_missing	源端无键且窄表空，上游缺口可接受
MSA6530	QT	photodiode	photodetector_type	icpdf	其他光电器件		Y	icpdf:prajson2.子类别	Photodiode	https://www.digikey.cn/zh/products?keywords=MSA6530			consistent	源端与窄表均有值
MSA8530	QT	photodiode	breakdown_voltage_v	icpdf	其他光电器件		N	icpdf:prajson2.最大反向电压		https://www.digikey.cn/zh/products?keywords=MSA8530			upstream_missing	源端无键且覆盖稀疏，上游/品类正常缺口
MSA8530	QT	photodiode	dark_current_na	icpdf	其他光电器件		N	icpdf:prajson2.最大暗电源		https://www.digikey.cn/zh/products?keywords=MSA8530			upstream_missing	源端无键且覆盖稀疏，上游/品类正常缺口
MSA8530	QT	photodiode	peak_wavelength_nm	icpdf	其他光电器件		N	icpdf:prajson2.峰值波长		https://www.digikey.cn/zh/products?keywords=MSA8530			upstream_missing	源端无键且窄表空，上游缺口可接受
MSA8530	QT	photodiode	photodetector_type	icpdf	其他光电器件		Y	icpdf:prajson2.子类别	Photodiode	https://www.digikey.cn/zh/products?keywords=MSA8530			consistent	源端与窄表均有值
MST6120	QT	photodiode	breakdown_voltage_v	icpdf	其他光电器件		N	icpdf:prajson2.最大反向电压		https://www.digikey.cn/zh/products?keywords=MST6120			upstream_missing	源端无键且覆盖稀疏，上游/品类正常缺口
MST6120	QT	photodiode	dark_current_na	icpdf	其他光电器件		N	icpdf:prajson2.最大暗电源		https://www.digikey.cn/zh/products?keywords=MST6120			upstream_missing	源端无键且覆盖稀疏，上游/品类正常缺口
MST6120	QT	photodiode	peak_wavelength_nm	icpdf	其他光电器件		N	icpdf:prajson2.峰值波长		https://www.digikey.cn/zh/products?keywords=MST6120			upstream_missing	源端无键且窄表空，上游缺口可接受
MST6120	QT	photodiode	photodetector_type	icpdf	其他光电器件		Y	icpdf:prajson2.子类别	Photodiode	https://www.digikey.cn/zh/products?keywords=MST6120			consistent	源端与窄表均有值
5961-01-473-3650	RENESAS	photodiode	breakdown_voltage_v	icpdf	其他光电器件		Y	icpdf:prajson2.最大反向电压	100	https://www.digikey.cn/zh/products?keywords=5961-01-473-3650			consistent	源端与窄表均有值
5961-01-473-3650	RENESAS	photodiode	dark_current_na	icpdf	其他光电器件		Y	icpdf:prajson2.最大暗电源	30	https://www.digikey.cn/zh/products?keywords=5961-01-473-3650			consistent	源端与窄表均有值
5961-01-473-3650	RENESAS	photodiode	peak_wavelength_nm	icpdf	其他光电器件		N	icpdf:prajson2.峰值波长		https://www.digikey.cn/zh/products?keywords=5961-01-473-3650			upstream_missing	源端无键且窄表空，上游缺口可接受
5961-01-473-3650	RENESAS	photodiode	photodetector_type	icpdf	其他光电器件		Y	icpdf:prajson2.光电设备类型	Photodiode	https://www.digikey.cn/zh/products?keywords=5961-01-473-3650			consistent	源端与窄表均有值
CNY36	RENESAS	photodiode	breakdown_voltage_v	icpdf	其他光电器件		N	icpdf:prajson2.最大反向电压		https://www.digikey.cn/zh/products?keywords=CNY36			upstream_missing	源端无键且覆盖稀疏，上游/品类正常缺口
CNY36	RENESAS	photodiode	dark_current_na	icpdf	其他光电器件		N	icpdf:prajson2.最大暗电源		https://www.digikey.cn/zh/products?keywords=CNY36			upstream_missing	源端无键且覆盖稀疏，上游/品类正常缺口
CNY36	RENESAS	photodiode	peak_wavelength_nm	icpdf	其他光电器件		N	icpdf:prajson2.峰值波长		https://www.digikey.cn/zh/products?keywords=CNY36			upstream_missing	源端无键且窄表空，上游缺口可接受
CNY36	RENESAS	photodiode	photodetector_type	icpdf	其他光电器件		Y	icpdf:prajson2.子类别	Photodiode	https://www.digikey.cn/zh/products?keywords=CNY36			consistent	源端与窄表均有值
FIP10A6CR	RENESAS	photodiode	breakdown_voltage_v	icpdf	其他光电器件		N	icpdf:prajson2.最大反向电压		https://www.digikey.cn/zh/products?keywords=FIP10A6CR			upstream_missing	源端无键且覆盖稀疏，上游/品类正常缺口
FIP10A6CR	RENESAS	photodiode	dark_current_na	icpdf	其他光电器件		N	icpdf:prajson2.最大暗电源		https://www.digikey.cn/zh/products?keywords=FIP10A6CR			upstream_missing	源端无键且覆盖稀疏，上游/品类正常缺口
FIP10A6CR	RENESAS	photodiode	peak_wavelength_nm	icpdf	其他光电器件		N	icpdf:prajson2.峰值波长		https://www.digikey.cn/zh/products?keywords=FIP10A6CR			upstream_missing	源端无键且窄表空，上游缺口可接受
FIP10A6CR	RENESAS	photodiode	photodetector_type	icpdf	其他光电器件		N	icpdf:prajson2.光电设备类型	Photodiode	https://www.digikey.cn/zh/products?keywords=FIP10A6CR			consistent	窄表已抽值(源键未映射或衍生)
FIP4A8DS	RENESAS	photodiode	breakdown_voltage_v	icpdf	其他光电器件		N	icpdf:prajson2.最大反向电压		https://www.digikey.cn/zh/products?keywords=FIP4A8DS			upstream_missing	源端无键且覆盖稀疏，上游/品类正常缺口
FIP4A8DS	RENESAS	photodiode	dark_current_na	icpdf	其他光电器件		N	icpdf:prajson2.最大暗电源		https://www.digikey.cn/zh/products?keywords=FIP4A8DS			upstream_missing	源端无键且覆盖稀疏，上游/品类正常缺口
FIP4A8DS	RENESAS	photodiode	peak_wavelength_nm	icpdf	其他光电器件		N	icpdf:prajson2.峰值波长		https://www.digikey.cn/zh/products?keywords=FIP4A8DS			upstream_missing	源端无键且窄表空，上游缺口可接受
FIP4A8DS	RENESAS	photodiode	photodetector_type	icpdf	其他光电器件		N	icpdf:prajson2.光电设备类型	Photodiode	https://www.digikey.cn/zh/products?keywords=FIP4A8DS			consistent	窄表已抽值(源键未映射或衍生)
FIP4B6CS	RENESAS	photodiode	breakdown_voltage_v	icpdf	其他光电器件		N	icpdf:prajson2.最大反向电压		https://www.digikey.cn/zh/products?keywords=FIP4B6CS			upstream_missing	源端无键且覆盖稀疏，上游/品类正常缺口
FIP4B6CS	RENESAS	photodiode	dark_current_na	icpdf	其他光电器件		N	icpdf:prajson2.最大暗电源		https://www.digikey.cn/zh/products?keywords=FIP4B6CS			upstream_missing	源端无键且覆盖稀疏，上游/品类正常缺口
FIP4B6CS	RENESAS	photodiode	peak_wavelength_nm	icpdf	其他光电器件		N	icpdf:prajson2.峰值波长		https://www.digikey.cn/zh/products?keywords=FIP4B6CS			upstream_missing	源端无键且窄表空，上游缺口可接受
FIP4B6CS	RENESAS	photodiode	photodetector_type	icpdf	其他光电器件		N	icpdf:prajson2.光电设备类型	Photodiode	https://www.digikey.cn/zh/products?keywords=FIP4B6CS			consistent	窄表已抽值(源键未映射或衍生)
4N37SD	ROCHESTER	photodiode	breakdown_voltage_v	icpdf	其他光电器件		N	icpdf:prajson2.最大反向电压		https://www.digikey.cn/zh/products?keywords=4N37SD			upstream_missing	源端无键且覆盖稀疏，上游/品类正常缺口
4N37SD	ROCHESTER	photodiode	dark_current_na	icpdf	其他光电器件		N	icpdf:prajson2.最大暗电源		https://www.digikey.cn/zh/products?keywords=4N37SD			upstream_missing	源端无键且覆盖稀疏，上游/品类正常缺口
4N37SD	ROCHESTER	photodiode	peak_wavelength_nm	icpdf	其他光电器件		N	icpdf:prajson2.峰值波长		https://www.digikey.cn/zh/products?keywords=4N37SD			upstream_missing	源端无键且窄表空，上游缺口可接受
4N37SD	ROCHESTER	photodiode	photodetector_type	icpdf	其他光电器件		N	icpdf:prajson2.光电设备类型	Photodiode	https://www.digikey.cn/zh/products?keywords=4N37SD			consistent	窄表已抽值(源键未映射或衍生)
BA1800	ROHM	photodiode	breakdown_voltage_v	icpdf	其他光电器件		N	icpdf:prajson2.最大反向电压		https://www.digikey.cn/zh/products?keywords=BA1800			upstream_missing	源端无键且覆盖稀疏，上游/品类正常缺口
BA1800	ROHM	photodiode	dark_current_na	icpdf	其他光电器件		N	icpdf:prajson2.最大暗电源		https://www.digikey.cn/zh/products?keywords=BA1800			upstream_missing	源端无键且覆盖稀疏，上游/品类正常缺口
BA1800	ROHM	photodiode	peak_wavelength_nm	icpdf	其他光电器件		N	icpdf:prajson2.峰值波长		https://www.digikey.cn/zh/products?keywords=BA1800			upstream_missing	源端无键且窄表空，上游缺口可接受
BA1800	ROHM	photodiode	photodetector_type	icpdf	其他光电器件		Y	icpdf:prajson2.光电设备类型	Photodiode	https://www.digikey.cn/zh/products?keywords=BA1800			consistent	源端与窄表均有值
BA7122F	ROHM	photodiode	breakdown_voltage_v	icpdf	其他光电器件		N	icpdf:prajson2.最大反向电压		https://www.digikey.cn/zh/products?keywords=BA7122F			upstream_missing	源端无键且覆盖稀疏，上游/品类正常缺口
BA7122F	ROHM	photodiode	dark_current_na	icpdf	其他光电器件		N	icpdf:prajson2.最大暗电源		https://www.digikey.cn/zh/products?keywords=BA7122F			upstream_missing	源端无键且覆盖稀疏，上游/品类正常缺口
BA7122F	ROHM	photodiode	peak_wavelength_nm	icpdf	其他光电器件		N	icpdf:prajson2.峰值波长		https://www.digikey.cn/zh/products?keywords=BA7122F			upstream_missing	源端无键且窄表空，上游缺口可接受
BA7122F	ROHM	photodiode	photodetector_type	icpdf	其他光电器件		N	icpdf:prajson2.光电设备类型	Photodiode	https://www.digikey.cn/zh/products?keywords=BA7122F			consistent	窄表已抽值(源键未映射或衍生)
LB603DP	ROHM	photodiode	breakdown_voltage_v	icpdf	其他光电器件		N	icpdf:prajson2.最大反向电压		https://www.digikey.cn/zh/products?keywords=LB603DP			upstream_missing	源端无键且覆盖稀疏，上游/品类正常缺口
LB603DP	ROHM	photodiode	dark_current_na	icpdf	其他光电器件		N	icpdf:prajson2.最大暗电源		https://www.digikey.cn/zh/products?keywords=LB603DP			upstream_missing	源端无键且覆盖稀疏，上游/品类正常缺口
LB603DP	ROHM	photodiode	peak_wavelength_nm	icpdf	其他光电器件		N	icpdf:prajson2.峰值波长		https://www.digikey.cn/zh/products?keywords=LB603DP			upstream_missing	源端无键且窄表空，上游缺口可接受
LB603DP	ROHM	photodiode	photodetector_type	icpdf	其他光电器件		N	icpdf:prajson2.光电设备类型	Photodiode	https://www.digikey.cn/zh/products?keywords=LB603DP			consistent	窄表已抽值(源键未映射或衍生)
LTZ-MR15	ROHM	photodiode	breakdown_voltage_v	icpdf	其他光电器件		N	icpdf:prajson2.最大反向电压		https://www.digikey.cn/zh/products?keywords=LTZ-MR15			upstream_missing	源端无键且覆盖稀疏，上游/品类正常缺口
LTZ-MR15	ROHM	photodiode	dark_current_na	icpdf	其他光电器件		N	icpdf:prajson2.最大暗电源		https://www.digikey.cn/zh/products?keywords=LTZ-MR15			upstream_missing	源端无键且覆盖稀疏，上游/品类正常缺口
LTZ-MR15	ROHM	photodiode	peak_wavelength_nm	icpdf	其他光电器件		N	icpdf:prajson2.峰值波长		https://www.digikey.cn/zh/products?keywords=LTZ-MR15			upstream_missing	源端无键且窄表空，上游缺口可接受
LTZ-MR15	ROHM	photodiode	photodetector_type	icpdf	其他光电器件		Y	icpdf:prajson2.光电设备类型	Photodiode	https://www.digikey.cn/zh/products?keywords=LTZ-MR15			consistent	源端与窄表均有值
LTZ-MR15T-72	ROHM	photodiode	breakdown_voltage_v	icpdf	其他光电器件		N	icpdf:prajson2.最大反向电压		https://www.digikey.cn/zh/products?keywords=LTZ-MR15T-72			upstream_missing	源端无键且覆盖稀疏，上游/品类正常缺口
LTZ-MR15T-72	ROHM	photodiode	dark_current_na	icpdf	其他光电器件		N	icpdf:prajson2.最大暗电源		https://www.digikey.cn/zh/products?keywords=LTZ-MR15T-72			upstream_missing	源端无键且覆盖稀疏，上游/品类正常缺口
LTZ-MR15T-72	ROHM	photodiode	peak_wavelength_nm	icpdf	其他光电器件		N	icpdf:prajson2.峰值波长		https://www.digikey.cn/zh/products?keywords=LTZ-MR15T-72			upstream_missing	源端无键且窄表空，上游缺口可接受
LTZ-MR15T-72	ROHM	photodiode	photodetector_type	icpdf	其他光电器件		Y	icpdf:prajson2.光电设备类型	Photodiode	https://www.digikey.cn/zh/products?keywords=LTZ-MR15T-72			consistent	源端与窄表均有值
SEC1801CC	SANKEN	photodiode	breakdown_voltage_v	icpdf	其他光电器件		N	icpdf:prajson2.最大反向电压		https://www.digikey.cn/zh/products?keywords=SEC1801CC			upstream_missing	源端无键且覆盖稀疏，上游/品类正常缺口
SEC1801CC	SANKEN	photodiode	dark_current_na	icpdf	其他光电器件		N	icpdf:prajson2.最大暗电源		https://www.digikey.cn/zh/products?keywords=SEC1801CC			upstream_missing	源端无键且覆盖稀疏，上游/品类正常缺口
SEC1801CC	SANKEN	photodiode	peak_wavelength_nm	icpdf	其他光电器件		N	icpdf:prajson2.峰值波长		https://www.digikey.cn/zh/products?keywords=SEC1801CC			upstream_missing	源端无键且窄表空，上游缺口可接受
SEC1801CC	SANKEN	photodiode	photodetector_type	icpdf	其他光电器件		N	icpdf:prajson2.光电设备类型	Photodiode	https://www.digikey.cn/zh/products?keywords=SEC1801CC			consistent	窄表已抽值(源键未映射或衍生)
SMP1000G-JQ	SEME-LAB	photodiode	breakdown_voltage_v	icpdf	光电二极管	P.I.N.光电二极管	Y	icpdf:prajson2.最小反向击穿电压	60	https://www.digikey.cn/zh/products?keywords=SMP1000G-JQ			consistent	源端与窄表均有值
SMP1000G-JQ	SEME-LAB	photodiode	dark_current_na	icpdf	光电二极管	P.I.N.光电二极管	Y	icpdf:prajson2.最大暗电源	38	https://www.digikey.cn/zh/products?keywords=SMP1000G-JQ			consistent	源端与窄表均有值
SMP1000G-JQ	SEME-LAB	photodiode	peak_wavelength_nm	icpdf	光电二极管	P.I.N.光电二极管	N	icpdf:prajson2.峰值波长		https://www.digikey.cn/zh/products?keywords=SMP1000G-JQ			upstream_missing	源端无键且窄表空，上游缺口可接受
SMP1000G-JQ	SEME-LAB	photodiode	photodetector_type	icpdf	光电二极管	P.I.N.光电二极管	Y	icpdf:prajson2.光电设备类型	Photodiode	https://www.digikey.cn/zh/products?keywords=SMP1000G-JQ			consistent	源端与窄表均有值
SMP1000G-KP	SEME-LAB	photodiode	breakdown_voltage_v	icpdf	光电二极管	P.I.N.光电二极管	Y	icpdf:prajson2.最小反向击穿电压	60	https://www.digikey.cn/zh/products?keywords=SMP1000G-KP			consistent	源端与窄表均有值
SMP1000G-KP	SEME-LAB	photodiode	dark_current_na	icpdf	光电二极管	P.I.N.光电二极管	Y	icpdf:prajson2.最大暗电源	38	https://www.digikey.cn/zh/products?keywords=SMP1000G-KP			consistent	源端与窄表均有值
SMP1000G-KP	SEME-LAB	photodiode	peak_wavelength_nm	icpdf	光电二极管	P.I.N.光电二极管	N	icpdf:prajson2.峰值波长		https://www.digikey.cn/zh/products?keywords=SMP1000G-KP			upstream_missing	源端无键且窄表空，上游缺口可接受
SMP1000G-KP	SEME-LAB	photodiode	photodetector_type	icpdf	光电二极管	P.I.N.光电二极管	Y	icpdf:prajson2.光电设备类型	Photodiode	https://www.digikey.cn/zh/products?keywords=SMP1000G-KP			consistent	源端与窄表均有值
SMP2000G-MV	SEME-LAB	photodiode	breakdown_voltage_v	icpdf	光电二极管	P.I.N.光电二极管	Y	icpdf:prajson2.最小反向击穿电压	60	https://www.digikey.cn/zh/products?keywords=SMP2000G-MV			consistent	源端与窄表均有值
SMP2000G-MV	SEME-LAB	photodiode	dark_current_na	icpdf	光电二极管	P.I.N.光电二极管	Y	icpdf:prajson2.最大暗电源	12	https://www.digikey.cn/zh/products?keywords=SMP2000G-MV			consistent	源端与窄表均有值
SMP2000G-MV	SEME-LAB	photodiode	peak_wavelength_nm	icpdf	光电二极管	P.I.N.光电二极管	N	icpdf:prajson2.峰值波长		https://www.digikey.cn/zh/products?keywords=SMP2000G-MV			upstream_missing	源端无键且窄表空，上游缺口可接受
SMP2000G-MV	SEME-LAB	photodiode	photodetector_type	icpdf	光电二极管	P.I.N.光电二极管	Y	icpdf:prajson2.光电设备类型	Photodiode	https://www.digikey.cn/zh/products?keywords=SMP2000G-MV			consistent	源端与窄表均有值
SMP400G-BA	SEME-LAB	photodiode	breakdown_voltage_v	icpdf	光电二极管	P.I.N.光电二极管	Y	icpdf:prajson2.最小反向击穿电压	60	https://www.digikey.cn/zh/products?keywords=SMP400G-BA			consistent	源端与窄表均有值
SMP400G-BA	SEME-LAB	photodiode	dark_current_na	icpdf	光电二极管	P.I.N.光电二极管	Y	icpdf:prajson2.最大暗电源	2.5	https://www.digikey.cn/zh/products?keywords=SMP400G-BA			consistent	源端与窄表均有值
SMP400G-BA	SEME-LAB	photodiode	peak_wavelength_nm	icpdf	光电二极管	P.I.N.光电二极管	N	icpdf:prajson2.峰值波长		https://www.digikey.cn/zh/products?keywords=SMP400G-BA			upstream_missing	源端无键且窄表空，上游缺口可接受
SMP400G-BA	SEME-LAB	photodiode	photodetector_type	icpdf	光电二极管	P.I.N.光电二极管	Y	icpdf:prajson2.光电设备类型	Photodiode	https://www.digikey.cn/zh/products?keywords=SMP400G-BA			consistent	源端与窄表均有值
SMP400G-BB	SEME-LAB	photodiode	breakdown_voltage_v	icpdf	光电二极管	P.I.N.光电二极管	Y	icpdf:prajson2.最小反向击穿电压	60	https://www.digikey.cn/zh/products?keywords=SMP400G-BB			consistent	源端与窄表均有值
SMP400G-BB	SEME-LAB	photodiode	dark_current_na	icpdf	光电二极管	P.I.N.光电二极管	Y	icpdf:prajson2.最大暗电源	2.5	https://www.digikey.cn/zh/products?keywords=SMP400G-BB			consistent	源端与窄表均有值
SMP400G-BB	SEME-LAB	photodiode	peak_wavelength_nm	icpdf	光电二极管	P.I.N.光电二极管	N	icpdf:prajson2.峰值波长		https://www.digikey.cn/zh/products?keywords=SMP400G-BB			upstream_missing	源端无键且窄表空，上游缺口可接受
SMP400G-BB	SEME-LAB	photodiode	photodetector_type	icpdf	光电二极管	P.I.N.光电二极管	Y	icpdf:prajson2.光电设备类型	Photodiode	https://www.digikey.cn/zh/products?keywords=SMP400G-BB			consistent	源端与窄表均有值
BS100C	SHARP	photodiode	breakdown_voltage_v	icpdf	光电二极管	光电二极管可见光	N	icpdf:prajson2.最大反向电压		https://www.digikey.cn/zh/products?keywords=BS100C			upstream_missing	源端无键且覆盖稀疏，上游/品类正常缺口
BS100C	SHARP	photodiode	dark_current_na	icpdf	光电二极管	光电二极管可见光	Y	icpdf:prajson2.最大暗电源	0.01	https://www.digikey.cn/zh/products?keywords=BS100C			consistent	源端与窄表均有值
BS100C	SHARP	photodiode	peak_wavelength_nm	icpdf	光电二极管	光电二极管可见光	N	icpdf:prajson2.峰值波长		https://www.digikey.cn/zh/products?keywords=BS100C			upstream_missing	源端无键且窄表空，上游缺口可接受
BS100C	SHARP	photodiode	photodetector_type	icpdf	光电二极管	光电二极管可见光	Y	icpdf:prajson2.子类别	Photodiode	https://www.digikey.cn/zh/products?keywords=BS100C			consistent	源端与窄表均有值
BS100D	SHARP	photodiode	breakdown_voltage_v	icpdf	光电二极管	宽波带型光电二极管	Y	icpdf:prajson2.最大反向电压	10	https://www.digikey.cn/zh/products?keywords=BS100D			consistent	源端与窄表均有值
BS100D	SHARP	photodiode	dark_current_na	icpdf	光电二极管	宽波带型光电二极管	Y	icpdf:prajson2.最大暗电源	0.1	https://www.digikey.cn/zh/products?keywords=BS100D			consistent	源端与窄表均有值
BS100D	SHARP	photodiode	peak_wavelength_nm	icpdf	光电二极管	宽波带型光电二极管	N	icpdf:prajson2.峰值波长		https://www.digikey.cn/zh/products?keywords=BS100D			upstream_missing	源端无键且窄表空，上游缺口可接受
BS100D	SHARP	photodiode	photodetector_type	icpdf	光电二极管	宽波带型光电二极管	Y	icpdf:prajson2.子类别	Photodiode	https://www.digikey.cn/zh/products?keywords=BS100D			consistent	源端与窄表均有值
BS115	SHARP	photodiode	breakdown_voltage_v	icpdf	其他光电器件	可以打包光电二极管可见光	Y	icpdf:prajson2.最小反向击穿电压	5	https://www.digikey.cn/zh/products?keywords=BS115			consistent	源端与窄表均有值
BS115	SHARP	photodiode	dark_current_na	icpdf	其他光电器件	可以打包光电二极管可见光	Y	icpdf:prajson2.最大暗电源	1	https://www.digikey.cn/zh/products?keywords=BS115			consistent	源端与窄表均有值
BS115	SHARP	photodiode	peak_wavelength_nm	icpdf	其他光电器件	可以打包光电二极管可见光	Y	icpdf:prajson2.峰值波长	750	https://www.digikey.cn/zh/products?keywords=BS115			consistent	源端与窄表均有值
BS115	SHARP	photodiode	photodetector_type	icpdf	其他光电器件	可以打包光电二极管可见光	N	icpdf:prajson2.光电设备类型	Photodiode	https://www.digikey.cn/zh/products?keywords=BS115			consistent	窄表已抽值(源键未映射或衍生)
BS120E0F	SHARP	photodiode	breakdown_voltage_v	icpdf	其他光电器件		Y	icpdf:prajson2.最小反向击穿电压	10	https://www.digikey.cn/zh/products?keywords=BS120E0F			consistent	源端与窄表均有值
BS120E0F	SHARP	photodiode	dark_current_na	icpdf	其他光电器件		Y	icpdf:prajson2.最大暗电源	0.01	https://www.digikey.cn/zh/products?keywords=BS120E0F			consistent	源端与窄表均有值
BS120E0F	SHARP	photodiode	peak_wavelength_nm	icpdf	其他光电器件		Y	icpdf:prajson2.峰值波长	560	https://www.digikey.cn/zh/products?keywords=BS120E0F			consistent	源端与窄表均有值
BS120E0F	SHARP	photodiode	photodetector_type	icpdf	其他光电器件		N	icpdf:prajson2.光电设备类型	Photodiode	https://www.digikey.cn/zh/products?keywords=BS120E0F			consistent	窄表已抽值(源键未映射或衍生)
BS500A	SHARP	photodiode	breakdown_voltage_v	icpdf	其他光电器件	宽波带型光电二极管	N	icpdf:prajson2.最大反向电压		https://www.digikey.cn/zh/products?keywords=BS500A			upstream_missing	源端无键且覆盖稀疏，上游/品类正常缺口
BS500A	SHARP	photodiode	dark_current_na	icpdf	其他光电器件	宽波带型光电二极管	N	icpdf:prajson2.最大暗电源		https://www.digikey.cn/zh/products?keywords=BS500A			upstream_missing	源端无键且覆盖稀疏，上游/品类正常缺口
BS500A	SHARP	photodiode	peak_wavelength_nm	icpdf	其他光电器件	宽波带型光电二极管	N	icpdf:prajson2.峰值波长		https://www.digikey.cn/zh/products?keywords=BS500A			upstream_missing	源端无键且窄表空，上游缺口可接受
BS500A	SHARP	photodiode	photodetector_type	icpdf	其他光电器件	宽波带型光电二极管	N	icpdf:prajson2.光电设备类型	Photodiode	https://www.digikey.cn/zh/products?keywords=BS500A			consistent	窄表已抽值(源键未映射或衍生)
NSL-19M51	SILONEX	photodiode	breakdown_voltage_v	icpdf	其他光电器件	塑料封装	N	icpdf:prajson2.最大反向电压		https://www.digikey.cn/zh/products?keywords=NSL-19M51			upstream_missing	源端无键且覆盖稀疏，上游/品类正常缺口
NSL-19M51	SILONEX	photodiode	dark_current_na	icpdf	其他光电器件	塑料封装	N	icpdf:prajson2.最大暗电源		https://www.digikey.cn/zh/products?keywords=NSL-19M51			upstream_missing	源端无键且覆盖稀疏，上游/品类正常缺口
NSL-19M51	SILONEX	photodiode	peak_wavelength_nm	icpdf	其他光电器件	塑料封装	N	icpdf:prajson2.峰值波长		https://www.digikey.cn/zh/products?keywords=NSL-19M51			upstream_missing	源端无键且窄表空，上游缺口可接受
NSL-19M51	SILONEX	photodiode	photodetector_type	icpdf	其他光电器件	塑料封装	Y	icpdf:prajson2.光电设备类型	Photodiode	https://www.digikey.cn/zh/products?keywords=NSL-19M51			consistent	源端与窄表均有值
NSL-21UV401	SILONEX	photodiode	breakdown_voltage_v	icpdf	其他光电器件	UV光电池	N	icpdf:prajson2.最大反向电压		https://www.digikey.cn/zh/products?keywords=NSL-21UV401			upstream_missing	源端无键且覆盖稀疏，上游/品类正常缺口
NSL-21UV401	SILONEX	photodiode	dark_current_na	icpdf	其他光电器件	UV光电池	N	icpdf:prajson2.最大暗电源		https://www.digikey.cn/zh/products?keywords=NSL-21UV401			upstream_missing	源端无键且覆盖稀疏，上游/品类正常缺口
NSL-21UV401	SILONEX	photodiode	peak_wavelength_nm	icpdf	其他光电器件	UV光电池	N	icpdf:prajson2.峰值波长		https://www.digikey.cn/zh/products?keywords=NSL-21UV401			upstream_missing	源端无键且窄表空，上游缺口可接受
NSL-21UV401	SILONEX	photodiode	photodetector_type	icpdf	其他光电器件	UV光电池	Y	icpdf:prajson2.光电设备类型	Photodiode	https://www.digikey.cn/zh/products?keywords=NSL-21UV401			consistent	源端与窄表均有值
NSL-26	SILONEX	photodiode	breakdown_voltage_v	icpdf	其他光电器件	光电耦合器	N	icpdf:prajson2.最大反向电压		https://www.digikey.cn/zh/products?keywords=NSL-26			upstream_missing	源端无键且覆盖稀疏，上游/品类正常缺口
NSL-26	SILONEX	photodiode	dark_current_na	icpdf	其他光电器件	光电耦合器	N	icpdf:prajson2.最大暗电源		https://www.digikey.cn/zh/products?keywords=NSL-26			upstream_missing	源端无键且覆盖稀疏，上游/品类正常缺口
NSL-26	SILONEX	photodiode	peak_wavelength_nm	icpdf	其他光电器件	光电耦合器	N	icpdf:prajson2.峰值波长		https://www.digikey.cn/zh/products?keywords=NSL-26			upstream_missing	源端无键且窄表空，上游缺口可接受
NSL-26	SILONEX	photodiode	photodetector_type	icpdf	其他光电器件	光电耦合器	Y	icpdf:prajson2.光电设备类型	Photodiode	https://www.digikey.cn/zh/products?keywords=NSL-26			consistent	源端与窄表均有值
NSL-28	SILONEX	photodiode	breakdown_voltage_v	icpdf	其他光电器件	光电耦合器	N	icpdf:prajson2.最大反向电压		https://www.digikey.cn/zh/products?keywords=NSL-28			upstream_missing	源端无键且覆盖稀疏，上游/品类正常缺口
NSL-28	SILONEX	photodiode	dark_current_na	icpdf	其他光电器件	光电耦合器	N	icpdf:prajson2.最大暗电源		https://www.digikey.cn/zh/products?keywords=NSL-28			upstream_missing	源端无键且覆盖稀疏，上游/品类正常缺口
NSL-28	SILONEX	photodiode	peak_wavelength_nm	icpdf	其他光电器件	光电耦合器	N	icpdf:prajson2.峰值波长		https://www.digikey.cn/zh/products?keywords=NSL-28			upstream_missing	源端无键且窄表空，上游缺口可接受
NSL-28	SILONEX	photodiode	photodetector_type	icpdf	其他光电器件	光电耦合器	Y	icpdf:prajson2.光电设备类型	Photodiode	https://www.digikey.cn/zh/products?keywords=NSL-28			consistent	源端与窄表均有值
NSL-28AA	SILONEX	photodiode	breakdown_voltage_v	icpdf	其他光电器件	光电耦合器	N	icpdf:prajson2.最大反向电压		https://www.digikey.cn/zh/products?keywords=NSL-28AA			upstream_missing	源端无键且覆盖稀疏，上游/品类正常缺口
NSL-28AA	SILONEX	photodiode	dark_current_na	icpdf	其他光电器件	光电耦合器	N	icpdf:prajson2.最大暗电源		https://www.digikey.cn/zh/products?keywords=NSL-28AA			upstream_missing	源端无键且覆盖稀疏，上游/品类正常缺口
NSL-28AA	SILONEX	photodiode	peak_wavelength_nm	icpdf	其他光电器件	光电耦合器	N	icpdf:prajson2.峰值波长		https://www.digikey.cn/zh/products?keywords=NSL-28AA			upstream_missing	源端无键且窄表空，上游缺口可接受
NSL-28AA	SILONEX	photodiode	photodetector_type	icpdf	其他光电器件	光电耦合器	Y	icpdf:prajson2.光电设备类型	Photodiode	https://www.digikey.cn/zh/products?keywords=NSL-28AA			consistent	源端与窄表均有值
SLD151UL	SONY	photodiode	breakdown_voltage_v	icpdf	其他光电器件		N	icpdf:prajson2.最大反向电压		https://www.digikey.cn/zh/products?keywords=SLD151UL			upstream_missing	源端无键且覆盖稀疏，上游/品类正常缺口
SLD151UL	SONY	photodiode	dark_current_na	icpdf	其他光电器件		N	icpdf:prajson2.最大暗电源		https://www.digikey.cn/zh/products?keywords=SLD151UL			upstream_missing	源端无键且覆盖稀疏，上游/品类正常缺口
SLD151UL	SONY	photodiode	peak_wavelength_nm	icpdf	其他光电器件		N	icpdf:prajson2.峰值波长		https://www.digikey.cn/zh/products?keywords=SLD151UL			upstream_missing	源端无键且窄表空，上游缺口可接受
SLD151UL	SONY	photodiode	photodetector_type	icpdf	其他光电器件		N	icpdf:prajson2.光电设备类型	Photodiode	https://www.digikey.cn/zh/products?keywords=SLD151UL			consistent	窄表已抽值(源键未映射或衍生)
R-11-055A-G-A	SOURCE	photodiode	breakdown_voltage_v	icpdf	光电二极管		Y	icpdf:prajson2.最小反向击穿电压	20	https://www.digikey.cn/zh/products?keywords=R-11-055A-G-A			consistent	源端与窄表均有值
R-11-055A-G-A	SOURCE	photodiode	dark_current_na	icpdf	光电二极管		Y	icpdf:prajson2.最大暗电源	0.8	https://www.digikey.cn/zh/products?keywords=R-11-055A-G-A			consistent	源端与窄表均有值
R-11-055A-G-A	SOURCE	photodiode	peak_wavelength_nm	icpdf	光电二极管		N	icpdf:prajson2.峰值波长		https://www.digikey.cn/zh/products?keywords=R-11-055A-G-A			upstream_missing	源端无键且窄表空，上游缺口可接受
R-11-055A-G-A	SOURCE	photodiode	photodetector_type	icpdf	光电二极管		Y	icpdf:prajson2.光电设备类型	Photodiode	https://www.digikey.cn/zh/products?keywords=R-11-055A-G-A			consistent	源端与窄表均有值
SPD1511-18-21	SSDI	photodiode	breakdown_voltage_v	icpdf	光电二极管		Y	icpdf:prajson2.最小反向击穿电压	90	https://www.digikey.cn/zh/products?keywords=SPD1511-18-21			consistent	源端与窄表均有值
SPD1511-18-21	SSDI	photodiode	dark_current_na	icpdf	光电二极管		Y	icpdf:prajson2.最大暗电源	200	https://www.digikey.cn/zh/products?keywords=SPD1511-18-21			consistent	源端与窄表均有值
SPD1511-18-21	SSDI	photodiode	peak_wavelength_nm	icpdf	光电二极管		N	icpdf:prajson2.峰值波长		https://www.digikey.cn/zh/products?keywords=SPD1511-18-21			upstream_missing	源端无键且窄表空，上游缺口可接受
SPD1511-18-21	SSDI	photodiode	photodetector_type	icpdf	光电二极管		Y	icpdf:prajson2.光电设备类型	Photodiode	https://www.digikey.cn/zh/products?keywords=SPD1511-18-21			consistent	源端与窄表均有值
SPD9442TXV	SSDI	photodiode	breakdown_voltage_v	icpdf	其他光电器件		N	icpdf:prajson2.最大反向电压		https://www.digikey.cn/zh/products?keywords=SPD9442TXV			upstream_missing	源端无键且覆盖稀疏，上游/品类正常缺口
SPD9442TXV	SSDI	photodiode	dark_current_na	icpdf	其他光电器件		N	icpdf:prajson2.最大暗电源		https://www.digikey.cn/zh/products?keywords=SPD9442TXV			upstream_missing	源端无键且覆盖稀疏，上游/品类正常缺口
SPD9442TXV	SSDI	photodiode	peak_wavelength_nm	icpdf	其他光电器件		N	icpdf:prajson2.峰值波长		https://www.digikey.cn/zh/products?keywords=SPD9442TXV			upstream_missing	源端无键且窄表空，上游缺口可接受
SPD9442TXV	SSDI	photodiode	photodetector_type	icpdf	其他光电器件		N	icpdf:prajson2.光电设备类型	Photodiode	https://www.digikey.cn/zh/products?keywords=SPD9442TXV			consistent	窄表已抽值(源键未映射或衍生)
LTA070A321F	TOSHIBA	photodiode	breakdown_voltage_v	icpdf	其他光电器件		N	icpdf:prajson2.最大反向电压		https://www.digikey.cn/zh/products?keywords=LTA070A321F			upstream_missing	源端无键且覆盖稀疏，上游/品类正常缺口
LTA070A321F	TOSHIBA	photodiode	dark_current_na	icpdf	其他光电器件		N	icpdf:prajson2.最大暗电源		https://www.digikey.cn/zh/products?keywords=LTA070A321F			upstream_missing	源端无键且覆盖稀疏，上游/品类正常缺口
LTA070A321F	TOSHIBA	photodiode	peak_wavelength_nm	icpdf	其他光电器件		N	icpdf:prajson2.峰值波长		https://www.digikey.cn/zh/products?keywords=LTA070A321F			upstream_missing	源端无键且窄表空，上游缺口可接受
LTA070A321F	TOSHIBA	photodiode	photodetector_type	icpdf	其他光电器件		N	icpdf:prajson2.光电设备类型	Photodiode	https://www.digikey.cn/zh/products?keywords=LTA070A321F			consistent	窄表已抽值(源键未映射或衍生)
TLMM514A1U	TOSHIBA	photodiode	breakdown_voltage_v	icpdf	其他光电器件		N	icpdf:prajson2.最大反向电压		https://www.digikey.cn/zh/products?keywords=TLMM514A1U			upstream_missing	源端无键且覆盖稀疏，上游/品类正常缺口
TLMM514A1U	TOSHIBA	photodiode	dark_current_na	icpdf	其他光电器件		N	icpdf:prajson2.最大暗电源		https://www.digikey.cn/zh/products?keywords=TLMM514A1U			upstream_missing	源端无键且覆盖稀疏，上游/品类正常缺口
TLMM514A1U	TOSHIBA	photodiode	peak_wavelength_nm	icpdf	其他光电器件		N	icpdf:prajson2.峰值波长		https://www.digikey.cn/zh/products?keywords=TLMM514A1U			upstream_missing	源端无键且窄表空，上游缺口可接受
TLMM514A1U	TOSHIBA	photodiode	photodetector_type	icpdf	其他光电器件		Y	icpdf:prajson2.光电设备类型	Photodiode	https://www.digikey.cn/zh/products?keywords=TLMM514A1U			consistent	源端与窄表均有值
TLP1001	TOSHIBA	photodiode	breakdown_voltage_v	icpdf	其他光电器件		N	icpdf:prajson2.最大反向电压		https://www.digikey.cn/zh/products?keywords=TLP1001			upstream_missing	源端无键且覆盖稀疏，上游/品类正常缺口
TLP1001	TOSHIBA	photodiode	dark_current_na	icpdf	其他光电器件		N	icpdf:prajson2.最大暗电源		https://www.digikey.cn/zh/products?keywords=TLP1001			upstream_missing	源端无键且覆盖稀疏，上游/品类正常缺口
TLP1001	TOSHIBA	photodiode	peak_wavelength_nm	icpdf	其他光电器件		N	icpdf:prajson2.峰值波长		https://www.digikey.cn/zh/products?keywords=TLP1001			upstream_missing	源端无键且窄表空，上游缺口可接受
TLP1001	TOSHIBA	photodiode	photodetector_type	icpdf	其他光电器件		Y	icpdf:prajson2.子类别	Photodiode	https://www.digikey.cn/zh/products?keywords=TLP1001			consistent	源端与窄表均有值
TLP1005	TOSHIBA	photodiode	breakdown_voltage_v	icpdf	其他光电器件		N	icpdf:prajson2.最大反向电压		https://www.digikey.cn/zh/products?keywords=TLP1005			upstream_missing	源端无键且覆盖稀疏，上游/品类正常缺口
TLP1005	TOSHIBA	photodiode	dark_current_na	icpdf	其他光电器件		N	icpdf:prajson2.最大暗电源		https://www.digikey.cn/zh/products?keywords=TLP1005			upstream_missing	源端无键且覆盖稀疏，上游/品类正常缺口
TLP1005	TOSHIBA	photodiode	peak_wavelength_nm	icpdf	其他光电器件		N	icpdf:prajson2.峰值波长		https://www.digikey.cn/zh/products?keywords=TLP1005			upstream_missing	源端无键且窄表空，上游缺口可接受
TLP1005	TOSHIBA	photodiode	photodetector_type	icpdf	其他光电器件		Y	icpdf:prajson2.子类别	Photodiode	https://www.digikey.cn/zh/products?keywords=TLP1005			consistent	源端与窄表均有值
TLP1006A(F)	TOSHIBA	photodiode	breakdown_voltage_v	icpdf	其他光电器件		N	icpdf:prajson2.最大反向电压		https://www.digikey.cn/zh/products?keywords=TLP1006A(F)			upstream_missing	源端无键且覆盖稀疏，上游/品类正常缺口
TLP1006A(F)	TOSHIBA	photodiode	dark_current_na	icpdf	其他光电器件		N	icpdf:prajson2.最大暗电源		https://www.digikey.cn/zh/products?keywords=TLP1006A(F)			upstream_missing	源端无键且覆盖稀疏，上游/品类正常缺口
TLP1006A(F)	TOSHIBA	photodiode	peak_wavelength_nm	icpdf	其他光电器件		N	icpdf:prajson2.峰值波长		https://www.digikey.cn/zh/products?keywords=TLP1006A(F)			upstream_missing	源端无键且窄表空，上游缺口可接受
TLP1006A(F)	TOSHIBA	photodiode	photodetector_type	icpdf	其他光电器件		Y	icpdf:prajson2.子类别	Photodiode	https://www.digikey.cn/zh/products?keywords=TLP1006A(F)			consistent	源端与窄表均有值
OPR5011	TTELEC	photodiode	breakdown_voltage_v	icpdf	光电集成电路		N	icpdf:prajson2.最大反向电压		https://www.digikey.cn/zh/products?keywords=OPR5011			upstream_missing	源端无键且覆盖稀疏，上游/品类正常缺口
OPR5011	TTELEC	photodiode	dark_current_na	icpdf	光电集成电路		N	icpdf:prajson2.最大暗电源		https://www.digikey.cn/zh/products?keywords=OPR5011			upstream_missing	源端无键且覆盖稀疏，上游/品类正常缺口
OPR5011	TTELEC	photodiode	peak_wavelength_nm	icpdf	光电集成电路		N	icpdf:prajson2.峰值波长		https://www.digikey.cn/zh/products?keywords=OPR5011			upstream_missing	源端无键且窄表空，上游缺口可接受
OPR5011	TTELEC	photodiode	photodetector_type	icpdf	光电集成电路		Y	icpdf:prajson2.光电设备类型	LOGIC OUTPUT PHOTO IC	https://www.digikey.cn/zh/products?keywords=OPR5011			consistent	源端与窄表均有值
MCD-3P4C-302	UOT	photodiode	breakdown_voltage_v	icpdf	其他光电器件	砷化铟镓PIN光电二极管	Y	icpdf:prajson2.最大反向电压	20	https://www.digikey.cn/zh/products?keywords=MCD-3P4C-302			consistent	源端与窄表均有值
MCD-3P4C-302	UOT	photodiode	dark_current_na	icpdf	其他光电器件	砷化铟镓PIN光电二极管	Y	icpdf:prajson2.最大暗电源	1	https://www.digikey.cn/zh/products?keywords=MCD-3P4C-302			consistent	源端与窄表均有值
MCD-3P4C-302	UOT	photodiode	peak_wavelength_nm	icpdf	其他光电器件	砷化铟镓PIN光电二极管	N	icpdf:prajson2.峰值波长		https://www.digikey.cn/zh/products?keywords=MCD-3P4C-302			upstream_missing	源端无键且窄表空，上游缺口可接受
MCD-3P4C-302	UOT	photodiode	photodetector_type	icpdf	其他光电器件	砷化铟镓PIN光电二极管	Y	icpdf:prajson2.光电设备类型	Photodiode	https://www.digikey.cn/zh/products?keywords=MCD-3P4C-302			consistent	源端与窄表均有值
170P-A4	VCC	photodiode	breakdown_voltage_v	icpdf	其他光电器件		N	icpdf:prajson2.最大反向电压		https://www.digikey.cn/zh/products?keywords=170P-A4			upstream_missing	源端无键且覆盖稀疏，上游/品类正常缺口
170P-A4	VCC	photodiode	dark_current_na	icpdf	其他光电器件		N	icpdf:prajson2.最大暗电源		https://www.digikey.cn/zh/products?keywords=170P-A4			upstream_missing	源端无键且覆盖稀疏，上游/品类正常缺口
170P-A4	VCC	photodiode	peak_wavelength_nm	icpdf	其他光电器件		N	icpdf:prajson2.峰值波长		https://www.digikey.cn/zh/products?keywords=170P-A4			upstream_missing	源端无键且窄表空，上游缺口可接受
170P-A4	VCC	photodiode	photodetector_type	icpdf	其他光电器件		N	icpdf:prajson2.光电设备类型	Photodiode	https://www.digikey.cn/zh/products?keywords=170P-A4			consistent	窄表已抽值(源键未映射或衍生)
170P-G4	VCC	photodiode	breakdown_voltage_v	icpdf	其他光电器件		N	icpdf:prajson2.最大反向电压		https://www.digikey.cn/zh/products?keywords=170P-G4			upstream_missing	源端无键且覆盖稀疏，上游/品类正常缺口
170P-G4	VCC	photodiode	dark_current_na	icpdf	其他光电器件		N	icpdf:prajson2.最大暗电源		https://www.digikey.cn/zh/products?keywords=170P-G4			upstream_missing	源端无键且覆盖稀疏，上游/品类正常缺口
170P-G4	VCC	photodiode	peak_wavelength_nm	icpdf	其他光电器件		N	icpdf:prajson2.峰值波长		https://www.digikey.cn/zh/products?keywords=170P-G4			upstream_missing	源端无键且窄表空，上游缺口可接受
170P-G4	VCC	photodiode	photodetector_type	icpdf	其他光电器件		N	icpdf:prajson2.光电设备类型	Photodiode	https://www.digikey.cn/zh/products?keywords=170P-G4			consistent	窄表已抽值(源键未映射或衍生)
170P-R4	VCC	photodiode	breakdown_voltage_v	icpdf	其他光电器件		N	icpdf:prajson2.最大反向电压		https://www.digikey.cn/zh/products?keywords=170P-R4			upstream_missing	源端无键且覆盖稀疏，上游/品类正常缺口
170P-R4	VCC	photodiode	dark_current_na	icpdf	其他光电器件		N	icpdf:prajson2.最大暗电源		https://www.digikey.cn/zh/products?keywords=170P-R4			upstream_missing	源端无键且覆盖稀疏，上游/品类正常缺口
170P-R4	VCC	photodiode	peak_wavelength_nm	icpdf	其他光电器件		N	icpdf:prajson2.峰值波长		https://www.digikey.cn/zh/products?keywords=170P-R4			upstream_missing	源端无键且窄表空，上游缺口可接受
170P-R4	VCC	photodiode	photodetector_type	icpdf	其他光电器件		N	icpdf:prajson2.光电设备类型	Photodiode	https://www.digikey.cn/zh/products?keywords=170P-R4			consistent	窄表已抽值(源键未映射或衍生)
170S-A4	VCC	photodiode	breakdown_voltage_v	icpdf	其他光电器件		N	icpdf:prajson2.最大反向电压		https://www.digikey.cn/zh/products?keywords=170S-A4			upstream_missing	源端无键且覆盖稀疏，上游/品类正常缺口
170S-A4	VCC	photodiode	dark_current_na	icpdf	其他光电器件		N	icpdf:prajson2.最大暗电源		https://www.digikey.cn/zh/products?keywords=170S-A4			upstream_missing	源端无键且覆盖稀疏，上游/品类正常缺口
170S-A4	VCC	photodiode	peak_wavelength_nm	icpdf	其他光电器件		N	icpdf:prajson2.峰值波长		https://www.digikey.cn/zh/products?keywords=170S-A4			upstream_missing	源端无键且窄表空，上游缺口可接受
170S-A4	VCC	photodiode	photodetector_type	icpdf	其他光电器件		N	icpdf:prajson2.光电设备类型	Photodiode	https://www.digikey.cn/zh/products?keywords=170S-A4			consistent	窄表已抽值(源键未映射或衍生)
170S-G4	VCC	photodiode	breakdown_voltage_v	icpdf	其他光电器件		N	icpdf:prajson2.最大反向电压		https://www.digikey.cn/zh/products?keywords=170S-G4			upstream_missing	源端无键且覆盖稀疏，上游/品类正常缺口
170S-G4	VCC	photodiode	dark_current_na	icpdf	其他光电器件		N	icpdf:prajson2.最大暗电源		https://www.digikey.cn/zh/products?keywords=170S-G4			upstream_missing	源端无键且覆盖稀疏，上游/品类正常缺口
170S-G4	VCC	photodiode	peak_wavelength_nm	icpdf	其他光电器件		N	icpdf:prajson2.峰值波长		https://www.digikey.cn/zh/products?keywords=170S-G4			upstream_missing	源端无键且窄表空，上游缺口可接受
170S-G4	VCC	photodiode	photodetector_type	icpdf	其他光电器件		N	icpdf:prajson2.光电设备类型	Photodiode	https://www.digikey.cn/zh/products?keywords=170S-G4			consistent	窄表已抽值(源键未映射或衍生)
6N137-X009T	VISHAY	photodiode	breakdown_voltage_v	icpdf	其他光电器件		N	icpdf:prajson2.最大反向电压		https://www.digikey.cn/zh/products?keywords=6N137-X009T			upstream_missing	源端无键且覆盖稀疏，上游/品类正常缺口
6N137-X009T	VISHAY	photodiode	dark_current_na	icpdf	其他光电器件		N	icpdf:prajson2.最大暗电源		https://www.digikey.cn/zh/products?keywords=6N137-X009T			upstream_missing	源端无键且覆盖稀疏，上游/品类正常缺口
6N137-X009T	VISHAY	photodiode	peak_wavelength_nm	icpdf	其他光电器件		N	icpdf:prajson2.峰值波长		https://www.digikey.cn/zh/products?keywords=6N137-X009T			upstream_missing	源端无键且窄表空，上游缺口可接受
6N137-X009T	VISHAY	photodiode	photodetector_type	icpdf	其他光电器件		Y	icpdf:prajson2.子类别	Phototransistor	https://www.digikey.cn/zh/products?keywords=6N137-X009T			consistent	源端与窄表均有值
6N137-X019T	VISHAY	photodiode	breakdown_voltage_v	icpdf	其他光电器件		N	icpdf:prajson2.最大反向电压		https://www.digikey.cn/zh/products?keywords=6N137-X019T			upstream_missing	源端无键且覆盖稀疏，上游/品类正常缺口
6N137-X019T	VISHAY	photodiode	dark_current_na	icpdf	其他光电器件		N	icpdf:prajson2.最大暗电源		https://www.digikey.cn/zh/products?keywords=6N137-X019T			upstream_missing	源端无键且覆盖稀疏，上游/品类正常缺口
6N137-X019T	VISHAY	photodiode	peak_wavelength_nm	icpdf	其他光电器件		N	icpdf:prajson2.峰值波长		https://www.digikey.cn/zh/products?keywords=6N137-X019T			upstream_missing	源端无键且窄表空，上游缺口可接受
6N137-X019T	VISHAY	photodiode	photodetector_type	icpdf	其他光电器件		Y	icpdf:prajson2.子类别	Phototransistor	https://www.digikey.cn/zh/products?keywords=6N137-X019T			consistent	源端与窄表均有值
BP104	VISHAY	photodiode	breakdown_voltage_v	icpdf		硅PIN光电二极管	N	icpdf:prajson2.最大反向电压		https://www.digikey.cn/zh/products?keywords=BP104			upstream_missing	源端无键且覆盖稀疏，上游/品类正常缺口
BP104	VISHAY	photodiode	dark_current_na	icpdf		硅PIN光电二极管	N	icpdf:prajson2.最大暗电源		https://www.digikey.cn/zh/products?keywords=BP104			upstream_missing	源端无键且覆盖稀疏，上游/品类正常缺口
BP104	VISHAY	photodiode	peak_wavelength_nm	icpdf		硅PIN光电二极管	N	icpdf:prajson2.峰值波长		https://www.digikey.cn/zh/products?keywords=BP104			upstream_missing	源端无键且窄表空，上游缺口可接受
BP104	VISHAY	photodiode	photodetector_type	icpdf		硅PIN光电二极管	N	icpdf:prajson2.光电设备类型		https://www.digikey.cn/zh/products?keywords=BP104			upstream_missing	源端无键且窄表空，上游缺口可接受
BPV10	VISHAY	photodiode	breakdown_voltage_v	icpdf		硅PIN光电二极管	N	icpdf:prajson2.最大反向电压		https://www.digikey.cn/zh/products?keywords=BPV10			upstream_missing	源端无键且覆盖稀疏，上游/品类正常缺口
BPV10	VISHAY	photodiode	dark_current_na	icpdf		硅PIN光电二极管	N	icpdf:prajson2.最大暗电源		https://www.digikey.cn/zh/products?keywords=BPV10			upstream_missing	源端无键且覆盖稀疏，上游/品类正常缺口
BPV10	VISHAY	photodiode	peak_wavelength_nm	icpdf		硅PIN光电二极管	N	icpdf:prajson2.峰值波长		https://www.digikey.cn/zh/products?keywords=BPV10			upstream_missing	源端无键且窄表空，上游缺口可接受
BPV10	VISHAY	photodiode	photodetector_type	icpdf		硅PIN光电二极管	N	icpdf:prajson2.光电设备类型		https://www.digikey.cn/zh/products?keywords=BPV10			upstream_missing	源端无键且窄表空，上游缺口可接受
BPV10NF	VISHAY	photodiode	breakdown_voltage_v	icpdf	光电二极管	高速硅PIN光电二极管	Y	icpdf:prajson2.最小反向击穿电压	60	https://www.digikey.cn/zh/products?keywords=BPV10NF			consistent	源端与窄表均有值
BPV10NF	VISHAY	photodiode	dark_current_na	icpdf	光电二极管	高速硅PIN光电二极管	Y	icpdf:prajson2.最大暗电源	5	https://www.digikey.cn/zh/products?keywords=BPV10NF			consistent	源端与窄表均有值
BPV10NF	VISHAY	photodiode	peak_wavelength_nm	icpdf	光电二极管	高速硅PIN光电二极管	Y	icpdf:prajson2.峰值波长	940	https://www.digikey.cn/zh/products?keywords=BPV10NF			consistent	源端与窄表均有值
BPV10NF	VISHAY	photodiode	photodetector_type	icpdf	光电二极管	高速硅PIN光电二极管	Y	icpdf:prajson2.光电设备类型	Photodiode	https://www.digikey.cn/zh/products?keywords=BPV10NF			consistent	源端与窄表均有值
1540051EC3590	WURTH	photodiode	breakdown_voltage_v	icpdf	其他光电器件		N	icpdf:prajson2.最大反向电压		https://www.digikey.cn/zh/products?keywords=1540051EC3590			upstream_missing	源端无键且覆盖稀疏，上游/品类正常缺口
1540051EC3590	WURTH	photodiode	dark_current_na	icpdf	其他光电器件		N	icpdf:prajson2.最大暗电源		https://www.digikey.cn/zh/products?keywords=1540051EC3590			upstream_missing	源端无键且覆盖稀疏，上游/品类正常缺口
1540051EC3590	WURTH	photodiode	peak_wavelength_nm	icpdf	其他光电器件		N	icpdf:prajson2.峰值波长		https://www.digikey.cn/zh/products?keywords=1540051EC3590			upstream_missing	源端无键且窄表空，上游缺口可接受
1540051EC3590	WURTH	photodiode	photodetector_type	icpdf	其他光电器件		N	icpdf:prajson2.光电设备类型	Photodiode	https://www.digikey.cn/zh/products?keywords=1540051EC3590			consistent	窄表已抽值(源键未映射或衍生)
BPR-105F	YSTONE	photodiode	breakdown_voltage_v	icpdf	其他光电器件		N	icpdf:prajson2.最大反向电压		https://www.digikey.cn/zh/products?keywords=BPR-105F			upstream_missing	源端无键且覆盖稀疏，上游/品类正常缺口
BPR-105F	YSTONE	photodiode	dark_current_na	icpdf	其他光电器件		N	icpdf:prajson2.最大暗电源		https://www.digikey.cn/zh/products?keywords=BPR-105F			upstream_missing	源端无键且覆盖稀疏，上游/品类正常缺口
BPR-105F	YSTONE	photodiode	peak_wavelength_nm	icpdf	其他光电器件		N	icpdf:prajson2.峰值波长		https://www.digikey.cn/zh/products?keywords=BPR-105F			upstream_missing	源端无键且窄表空，上游缺口可接受
BPR-105F	YSTONE	photodiode	photodetector_type	icpdf	其他光电器件		N	icpdf:prajson2.光电设备类型	Photodiode	https://www.digikey.cn/zh/products?keywords=BPR-105F			consistent	窄表已抽值(源键未映射或衍生)
