料号	品牌	数据源	源端category	源端category2	源端note摘要	源端关键信号字段路径	我方L2/L3	命中规则ID	phase	得捷核对链接	得捷商城L2/L3	芯查查核对链接	芯查查商城L2/L3	是否一致	判定结论	处理动作
C-13-001-E-B	SOURCE	icpdf		激光二极管		icpdf:category2=激光二极管	light_emitter/laser_diode	optoelectronics_icpdf_laser_c2_v1	2	https://www.digikey.cn/zh/products?keywords=C-13-001-E-B	laser_diode	https://www.xcc.com/search.html?keyword=C-13-001-E-B	(待查)	Y	consistent	none
1050A1	CML	icpdf		可见光 LED	霓虹灯，白炽灯指示灯	icpdf:category2=可见光 LED	light_emitter/led	optoelectronics_icpdf_led_visible_c2_v1	2	https://www.digikey.cn/zh/products?keywords=1050A1	panel_indicator	https://www.xcc.com/search.html?keyword=1050A1	(待查)	N	mall_inconsistent	业务裁决:白炽/霓虹指示灯
1090A6-28V	CML	icpdf		可见光 LED	霓虹灯，白炽灯指示灯	icpdf:category2=可见光 LED	light_emitter/led	optoelectronics_icpdf_led_visible_c2_v1	2	https://www.digikey.cn/zh/products?keywords=1090A6-28V	panel_indicator	https://www.xcc.com/search.html?keyword=1090A6-28V	(待查)	N	mall_inconsistent	业务裁决:ICPDF标可见光LED vs 商城Panel Indicators
1N6092	AGILENT	icpdf		可见光 LED		icpdf:category2=可见光 LED	light_emitter/led	optoelectronics_icpdf_led_visible_c2_v1	2	https://www.digikey.cn/zh/products?keywords=1N6092	led	https://www.xcc.com/search.html?keyword=1N6092	(待查)	Y	consistent	none
2990D6-28V	CML	icpdf		可见光 LED	非Relampable白炽灯指示灯	icpdf:category2=可见光 LED	light_emitter/led	optoelectronics_icpdf_led_visible_c2_v1	2	https://www.digikey.cn/zh/products?keywords=2990D6-28V	panel_indicator	https://www.xcc.com/search.html?keyword=2990D6-28V	(待查)	N	mall_inconsistent	业务裁决:白炽灯指示灯
PDI-E940	ADVANCEDPHOTONIX	icpdf		红外 LED	GaAlAs的高功率红外LED发射器	icpdf:category2=红外 LED	light_emitter/led	optoelectronics_icpdf_led_ir_c2_v1	2	https://www.digikey.cn/zh/products?keywords=PDI-E940	led(IR)	https://www.xcc.com/search.html?keyword=PDI-E940	(待查)	Y	consistent	none
CSM58121G	CHINASEMI	icpdf		其他光电器件		icpdf:category2=其他光电器件	photodetector/photodiode	optoelectronics_icpdf_other_opto_c2_v1	2	https://www.digikey.cn/zh/products?keywords=CSM58121G	photodiode	https://www.xcc.com/search.html?keyword=CSM58121G	(待查)	Y	consistent	none
SMP600G-EL	SEME-LAB	icpdf		光电二极管	P.I.N.光电二极管	icpdf:category2=光电二极管	photodetector/photodiode	optoelectronics_icpdf_photodiode_c2_v1	2	https://www.digikey.cn/zh/products?keywords=SMP600G-EL	photodiode	https://www.xcc.com/search.html?keyword=SMP600G-EL	(待查)	Y	consistent	none
FPL2650-FP	AGILENT	icpdf		激光二极管		icpdf:category2=激光二极管	light_emitter/laser_diode	optoelectronics_icpdf_laser_c2_v1	2	https://www.digikey.cn/zh/products?keywords=FPL2650-FP	laser_diode	https://www.xcc.com/search.html?keyword=FPL2650-FP	(待查)	Y	consistent	none
FPL2655-AP	AGILENT	icpdf		激光二极管		icpdf:category2=激光二极管	light_emitter/laser_diode	optoelectronics_icpdf_laser_c2_v1	2	https://www.digikey.cn/zh/products?keywords=FPL2655-AP	laser_diode	https://www.xcc.com/search.html?keyword=FPL2655-AP	(待查)	Y	consistent	none
FPL2655-DN	AGILENT	icpdf		激光二极管		icpdf:category2=激光二极管	light_emitter/laser_diode	optoelectronics_icpdf_laser_c2_v1	2	https://www.digikey.cn/zh/products?keywords=FPL2655-DN	laser_diode	https://www.xcc.com/search.html?keyword=FPL2655-DN	(待查)	Y	consistent	none
FPL2655-SF	AGILENT	icpdf		激光二极管		icpdf:category2=激光二极管	light_emitter/laser_diode	optoelectronics_icpdf_laser_c2_v1	2	https://www.digikey.cn/zh/products?keywords=FPL2655-SF	laser_diode	https://www.xcc.com/search.html?keyword=FPL2655-SF	(待查)	Y	consistent	none
FPL2655-ST	AGILENT	icpdf		激光二极管		icpdf:category2=激光二极管	light_emitter/laser_diode	optoelectronics_icpdf_laser_c2_v1	2	https://www.digikey.cn/zh/products?keywords=FPL2655-ST	laser_diode	https://www.xcc.com/search.html?keyword=FPL2655-ST	(待查)	Y	consistent	none
L10451-04	HAMAMATSU	icpdf		激光二极管		icpdf:category2=激光二极管	light_emitter/laser_diode	optoelectronics_icpdf_laser_c2_v1	2	https://www.digikey.cn/zh/products?keywords=L10451-04	laser_diode	https://www.xcc.com/search.html?keyword=L10451-04	(待查)	Y	consistent	none
L10451-06	HAMAMATSU	icpdf		激光二极管		icpdf:category2=激光二极管	light_emitter/laser_diode	optoelectronics_icpdf_laser_c2_v1	2	https://www.digikey.cn/zh/products?keywords=L10451-06	laser_diode	https://www.xcc.com/search.html?keyword=L10451-06	(待查)	Y	consistent	none
L10451-07	HAMAMATSU	icpdf		激光二极管		icpdf:category2=激光二极管	light_emitter/laser_diode	optoelectronics_icpdf_laser_c2_v1	2	https://www.digikey.cn/zh/products?keywords=L10451-07	laser_diode	https://www.xcc.com/search.html?keyword=L10451-07	(待查)	Y	consistent	none
L10451-42	HAMAMATSU	icpdf		激光二极管		icpdf:category2=激光二极管	light_emitter/laser_diode	optoelectronics_icpdf_laser_c2_v1	2	https://www.digikey.cn/zh/products?keywords=L10451-42	laser_diode	https://www.xcc.com/search.html?keyword=L10451-42	(待查)	Y	consistent	none
L10451-72	HAMAMATSU	icpdf		激光二极管		icpdf:category2=激光二极管	light_emitter/laser_diode	optoelectronics_icpdf_laser_c2_v1	2	https://www.digikey.cn/zh/products?keywords=L10451-72	laser_diode	https://www.xcc.com/search.html?keyword=L10451-72	(待查)	Y	consistent	none
SPLBG94	INFINEON	icpdf		激光二极管	卸载激光棒20瓦CW ... 100瓦准连续	icpdf:category2=激光二极管	light_emitter/laser_diode	optoelectronics_icpdf_laser_c2_v1	2	https://www.digikey.cn/zh/products?keywords=SPLBG94	laser_diode	https://www.xcc.com/search.html?keyword=SPLBG94	(待查)	Y	consistent	none
STM81004Z	INFINEON	icpdf		激光二极管		icpdf:category2=激光二极管	light_emitter/laser_diode	optoelectronics_icpdf_laser_c2_v1	2	https://www.digikey.cn/zh/products?keywords=STM81004Z	laser_diode	https://www.xcc.com/search.html?keyword=STM81004Z	(待查)	Y	consistent	none
24-00167	JDSU	icpdf		激光二极管	二极管激光器，高亮度0.6〜 8.5 W，波长8XX	icpdf:category2=激光二极管	light_emitter/laser_diode	optoelectronics_icpdf_laser_c2_v1	2	https://www.digikey.cn/zh/products?keywords=24-00167	laser_diode	https://www.xcc.com/search.html?keyword=24-00167	(待查)	Y	consistent	none
FU-17SLD-N3	MITSUBISHI	icpdf		激光二极管		icpdf:category2=激光二极管	light_emitter/laser_diode	optoelectronics_icpdf_laser_c2_v1	2	https://www.digikey.cn/zh/products?keywords=FU-17SLD-N3	laser_diode	https://www.xcc.com/search.html?keyword=FU-17SLD-N3	(待查)	Y	consistent	none
FU-436SDF-F1M1	MITSUBISHI	icpdf		激光二极管	1.3 UM与单模光纤尾纤的DFB -LD模块	icpdf:category2=激光二极管	light_emitter/laser_diode	optoelectronics_icpdf_laser_c2_v1	2	https://www.digikey.cn/zh/products?keywords=FU-436SDF-F1M1	laser_diode	https://www.xcc.com/search.html?keyword=FU-436SDF-F1M1	(待查)	Y	consistent	none
FU31EL	MITSUBISHI	icpdf		激光二极管		icpdf:category2=激光二极管	light_emitter/laser_diode	optoelectronics_icpdf_laser_c2_v1	2	https://www.digikey.cn/zh/products?keywords=FU31EL	laser_diode	https://www.xcc.com/search.html?keyword=FU31EL	(待查)	Y	consistent	none
FU52SDM-F1	MITSUBISHI	icpdf		激光二极管		icpdf:category2=激光二极管	light_emitter/laser_diode	optoelectronics_icpdf_laser_c2_v1	2	https://www.digikey.cn/zh/products?keywords=FU52SDM-F1	laser_diode	https://www.xcc.com/search.html?keyword=FU52SDM-F1	(待查)	Y	consistent	none
FU52SDM-F3	MITSUBISHI	icpdf		激光二极管		icpdf:category2=激光二极管	light_emitter/laser_diode	optoelectronics_icpdf_laser_c2_v1	2	https://www.digikey.cn/zh/products?keywords=FU52SDM-F3	laser_diode	https://www.xcc.com/search.html?keyword=FU52SDM-F3	(待查)	Y	consistent	none
NDL3325SU	NEC	icpdf		激光二极管		icpdf:category2=激光二极管	light_emitter/laser_diode	optoelectronics_icpdf_laser_c2_v1	2	https://www.digikey.cn/zh/products?keywords=NDL3325SU	laser_diode	https://www.xcc.com/search.html?keyword=NDL3325SU	(待查)	Y	consistent	none
NDL7153	NEC	icpdf		激光二极管	的InGaAsP应变MQW DC- PBH脉冲激光二极管模块1310nm的OTDR应用	icpdf:category2=激光二极管	light_emitter/laser_diode	optoelectronics_icpdf_laser_c2_v1	2	https://www.digikey.cn/zh/products?keywords=NDL7153	laser_diode	https://www.xcc.com/search.html?keyword=NDL7153	(待查)	Y	consistent	none
DL-3147-060	ONSEMI	icpdf		激光二极管		icpdf:category2=激光二极管	light_emitter/laser_diode	optoelectronics_icpdf_laser_c2_v1	2	https://www.digikey.cn/zh/products?keywords=DL-3147-060	laser_diode	https://www.xcc.com/search.html?keyword=DL-3147-060	(待查)	Y	consistent	none
DL-3148-037	ONSEMI	icpdf		激光二极管		icpdf:category2=激光二极管	light_emitter/laser_diode	optoelectronics_icpdf_laser_c2_v1	2	https://www.digikey.cn/zh/products?keywords=DL-3148-037	laser_diode	https://www.xcc.com/search.html?keyword=DL-3148-037	(待查)	Y	consistent	none
DL-4147-162	ONSEMI	icpdf		激光二极管		icpdf:category2=激光二极管	light_emitter/laser_diode	optoelectronics_icpdf_laser_c2_v1	2	https://www.digikey.cn/zh/products?keywords=DL-4147-162	laser_diode	https://www.xcc.com/search.html?keyword=DL-4147-162	(待查)	Y	consistent	none
DL-6148-030	ONSEMI	icpdf		激光二极管		icpdf:category2=激光二极管	light_emitter/laser_diode	optoelectronics_icpdf_laser_c2_v1	2	https://www.digikey.cn/zh/products?keywords=DL-6148-030	laser_diode	https://www.xcc.com/search.html?keyword=DL-6148-030	(待查)	Y	consistent	none
DL-LS1068	ONSEMI	icpdf		激光二极管		icpdf:category2=激光二极管	light_emitter/laser_diode	optoelectronics_icpdf_laser_c2_v1	2	https://www.digikey.cn/zh/products?keywords=DL-LS1068	laser_diode	https://www.xcc.com/search.html?keyword=DL-LS1068	(待查)	Y	consistent	none
HL6312G	OPNEXT	icpdf		激光二极管	的AlGaInP激光二极管	icpdf:category2=激光二极管	light_emitter/laser_diode	optoelectronics_icpdf_laser_c2_v1	2	https://www.digikey.cn/zh/products?keywords=HL6312G	laser_diode	https://www.xcc.com/search.html?keyword=HL6312G	(待查)	Y	consistent	none
HL6314MG	OPNEXT	icpdf		激光二极管	的AlGaInP激光二极管	icpdf:category2=激光二极管	light_emitter/laser_diode	optoelectronics_icpdf_laser_c2_v1	2	https://www.digikey.cn/zh/products?keywords=HL6314MG	laser_diode	https://www.xcc.com/search.html?keyword=HL6314MG	(待查)	Y	consistent	none
HL6316G	OPNEXT	icpdf		激光二极管	的AlGaInP激光二极管	icpdf:category2=激光二极管	light_emitter/laser_diode	optoelectronics_icpdf_laser_c2_v1	2	https://www.digikey.cn/zh/products?keywords=HL6316G	laser_diode	https://www.xcc.com/search.html?keyword=HL6316G	(待查)	Y	consistent	none
HL6319G	OPNEXT	icpdf		激光二极管	的AlGaInP激光二极管	icpdf:category2=激光二极管	light_emitter/laser_diode	optoelectronics_icpdf_laser_c2_v1	2	https://www.digikey.cn/zh/products?keywords=HL6319G	laser_diode	https://www.xcc.com/search.html?keyword=HL6319G	(待查)	Y	consistent	none
HL6321G	OPNEXT	icpdf		激光二极管	的AlGaInP激光二极管	icpdf:category2=激光二极管	light_emitter/laser_diode	optoelectronics_icpdf_laser_c2_v1	2	https://www.digikey.cn/zh/products?keywords=HL6321G	laser_diode	https://www.xcc.com/search.html?keyword=HL6321G	(待查)	Y	consistent	none
DL-3100S	OPTOWAY	icpdf		激光二极管	1310纳米DFB激光二极管MQW - DFB激光二极管	icpdf:category2=激光二极管	light_emitter/laser_diode	optoelectronics_icpdf_laser_c2_v1	2	https://www.digikey.cn/zh/products?keywords=DL-3100S	laser_diode	https://www.xcc.com/search.html?keyword=DL-3100S	(待查)	Y	consistent	none
DL-3105	OPTOWAY	icpdf		激光二极管	1310纳米DFB激光二极管2.5 Gb / s的MQW - DFB激光二极管	icpdf:category2=激光二极管	light_emitter/laser_diode	optoelectronics_icpdf_laser_c2_v1	2	https://www.digikey.cn/zh/products?keywords=DL-3105	laser_diode	https://www.xcc.com/search.html?keyword=DL-3105	(待查)	Y	consistent	none
DL-3108	OPTOWAY	icpdf		激光二极管	1310纳米DFB激光二极管2.5 Gb / s的MQW - DFB激光二极管	icpdf:category2=激光二极管	light_emitter/laser_diode	optoelectronics_icpdf_laser_c2_v1	2	https://www.digikey.cn/zh/products?keywords=DL-3108	laser_diode	https://www.xcc.com/search.html?keyword=DL-3108	(待查)	Y	consistent	none
DL-3108S	OPTOWAY	icpdf		激光二极管	1310纳米DFB激光二极管MQW - DFB激光二极管	icpdf:category2=激光二极管	light_emitter/laser_diode	optoelectronics_icpdf_laser_c2_v1	2	https://www.digikey.cn/zh/products?keywords=DL-3108S	laser_diode	https://www.xcc.com/search.html?keyword=DL-3108S	(待查)	Y	consistent	none
DL-3120	OPTOWAY	icpdf		激光二极管	1310纳米DFB激光二极管2.5 Gb / s的MQW - DFB激光二极管	icpdf:category2=激光二极管	light_emitter/laser_diode	optoelectronics_icpdf_laser_c2_v1	2	https://www.digikey.cn/zh/products?keywords=DL-3120	laser_diode	https://www.xcc.com/search.html?keyword=DL-3120	(待查)	Y	consistent	none
SPLBG98-2S	OSRAM	icpdf		激光二极管	未安装的激光棒， 50 ％的填充率， 980纳米	icpdf:category2=激光二极管	light_emitter/laser_diode	optoelectronics_icpdf_laser_c2_v1	2	https://www.digikey.cn/zh/products?keywords=SPLBG98-2S	laser_diode	https://www.xcc.com/search.html?keyword=SPLBG98-2S	(待查)	Y	consistent	none
SPLMY81X2	OSRAM	icpdf		激光二极管	被动冷却半导体激光器酒吧， 35瓦CW在808纳米	icpdf:category2=激光二极管	light_emitter/laser_diode	optoelectronics_icpdf_laser_c2_v1	2	https://www.digikey.cn/zh/products?keywords=SPLMY81X2	laser_diode	https://www.xcc.com/search.html?keyword=SPLMY81X2	(待查)	Y	consistent	none
LN9707P	PANASONIC	icpdf		激光二极管		icpdf:category2=激光二极管	light_emitter/laser_diode	optoelectronics_icpdf_laser_c2_v1	2	https://www.digikey.cn/zh/products?keywords=LN9707P	laser_diode	https://www.xcc.com/search.html?keyword=LN9707P	(待查)	Y	consistent	none
LNC801DL	PANASONIC	icpdf		激光二极管		icpdf:category2=激光二极管	light_emitter/laser_diode	optoelectronics_icpdf_laser_c2_v1	2	https://www.digikey.cn/zh/products?keywords=LNC801DL	laser_diode	https://www.xcc.com/search.html?keyword=LNC801DL	(待查)	Y	consistent	none
HL1221A	RENESAS	icpdf		激光二极管		icpdf:category2=激光二极管	light_emitter/laser_diode	optoelectronics_icpdf_laser_c2_v1	2	https://www.digikey.cn/zh/products?keywords=HL1221A	laser_diode	https://www.xcc.com/search.html?keyword=HL1221A	(待查)	Y	consistent	none
HL1221AC	RENESAS	icpdf		激光二极管		icpdf:category2=激光二极管	light_emitter/laser_diode	optoelectronics_icpdf_laser_c2_v1	2	https://www.digikey.cn/zh/products?keywords=HL1221AC	laser_diode	https://www.xcc.com/search.html?keyword=HL1221AC	(待查)	Y	consistent	none
HL1321FG	RENESAS	icpdf		激光二极管		icpdf:category2=激光二极管	light_emitter/laser_diode	optoelectronics_icpdf_laser_c2_v1	2	https://www.digikey.cn/zh/products?keywords=HL1321FG	laser_diode	https://www.xcc.com/search.html?keyword=HL1321FG	(待查)	Y	consistent	none
HL1322A	RENESAS	icpdf		激光二极管		icpdf:category2=激光二极管	light_emitter/laser_diode	optoelectronics_icpdf_laser_c2_v1	2	https://www.digikey.cn/zh/products?keywords=HL1322A	laser_diode	https://www.xcc.com/search.html?keyword=HL1322A	(待查)	Y	consistent	none
HL1324MF	RENESAS	icpdf		激光二极管		icpdf:category2=激光二极管	light_emitter/laser_diode	optoelectronics_icpdf_laser_c2_v1	2	https://www.digikey.cn/zh/products?keywords=HL1324MF	laser_diode	https://www.xcc.com/search.html?keyword=HL1324MF	(待查)	Y	consistent	none
RLD-65MC	ROHM	icpdf		激光二极管	红色激光二极管，用于数字视频光盘（ DVD）	icpdf:category2=激光二极管	light_emitter/laser_diode	optoelectronics_icpdf_laser_c2_v1	2	https://www.digikey.cn/zh/products?keywords=RLD-65MC	laser_diode	https://www.xcc.com/search.html?keyword=RLD-65MC	(待查)	Y	consistent	none
RLD-65NE	ROHM	icpdf		激光二极管		icpdf:category2=激光二极管	light_emitter/laser_diode	optoelectronics_icpdf_laser_c2_v1	2	https://www.digikey.cn/zh/products?keywords=RLD-65NE	laser_diode	https://www.xcc.com/search.html?keyword=RLD-65NE	(待查)	Y	consistent	none
RLD-65PC	ROHM	icpdf		激光二极管	红色激光二极管，用于数字视频光盘（ DVD）	icpdf:category2=激光二极管	light_emitter/laser_diode	optoelectronics_icpdf_laser_c2_v1	2	https://www.digikey.cn/zh/products?keywords=RLD-65PC	laser_diode	https://www.xcc.com/search.html?keyword=RLD-65PC	(待查)	Y	consistent	none
RLD-78MA-T1	ROHM	icpdf		激光二极管		icpdf:category2=激光二极管	light_emitter/laser_diode	optoelectronics_icpdf_laser_c2_v1	2	https://www.digikey.cn/zh/products?keywords=RLD-78MA-T1	laser_diode	https://www.xcc.com/search.html?keyword=RLD-78MA-T1	(待查)	Y	consistent	none
RLD-78MA4	ROHM	icpdf		激光二极管		icpdf:category2=激光二极管	light_emitter/laser_diode	optoelectronics_icpdf_laser_c2_v1	2	https://www.digikey.cn/zh/products?keywords=RLD-78MA4	laser_diode	https://www.xcc.com/search.html?keyword=RLD-78MA4	(待查)	Y	consistent	none
ADL-63102TL	ROITHNER	icpdf		激光二极管	条码扫描器线机，校平高能见度LD显示器	icpdf:category2=激光二极管	light_emitter/laser_diode	optoelectronics_icpdf_laser_c2_v1	2	https://www.digikey.cn/zh/products?keywords=ADL-63102TL	laser_diode	https://www.xcc.com/search.html?keyword=ADL-63102TL	(待查)	Y	consistent	none
PLD904-2-MG	ROITHNER	icpdf		激光二极管		icpdf:category2=激光二极管	light_emitter/laser_diode	optoelectronics_icpdf_laser_c2_v1	2	https://www.digikey.cn/zh/products?keywords=PLD904-2-MG	laser_diode	https://www.xcc.com/search.html?keyword=PLD904-2-MG	(待查)	Y	consistent	none
RLT1460-5G	ROITHNER	icpdf		激光二极管		icpdf:category2=激光二极管	light_emitter/laser_diode	optoelectronics_icpdf_laser_c2_v1	2	https://www.digikey.cn/zh/products?keywords=RLT1460-5G	laser_diode	https://www.xcc.com/search.html?keyword=RLT1460-5G	(待查)	Y	consistent	none
RLT6850G	ROITHNER	icpdf		激光二极管		icpdf:category2=激光二极管	light_emitter/laser_diode	optoelectronics_icpdf_laser_c2_v1	2	https://www.digikey.cn/zh/products?keywords=RLT6850G	laser_diode	https://www.xcc.com/search.html?keyword=RLT6850G	(待查)	Y	consistent	none
RLT8320MG	ROITHNER	icpdf		激光二极管	高功率红外Laserdiode	icpdf:category2=激光二极管	light_emitter/laser_diode	optoelectronics_icpdf_laser_c2_v1	2	https://www.digikey.cn/zh/products?keywords=RLT8320MG	laser_diode	https://www.xcc.com/search.html?keyword=RLT8320MG	(待查)	Y	consistent	none
DL-3147-041	SANYO	icpdf		激光二极管	指数指导AlGaInP组成的激光二极管	icpdf:category2=激光二极管	light_emitter/laser_diode	optoelectronics_icpdf_laser_c2_v1	2	https://www.digikey.cn/zh/products?keywords=DL-3147-041	laser_diode	https://www.xcc.com/search.html?keyword=DL-3147-041	(待查)	Y	consistent	none
DL-3150-101	SANYO	icpdf		激光二极管	紧凑型扁平封装类型激光二极管	icpdf:category2=激光二极管	light_emitter/laser_diode	optoelectronics_icpdf_laser_c2_v1	2	https://www.digikey.cn/zh/products?keywords=DL-3150-101	laser_diode	https://www.xcc.com/search.html?keyword=DL-3150-101	(待查)	Y	consistent	none
GH04020B2A	SHARP	icpdf		激光二极管		icpdf:category2=激光二极管	light_emitter/laser_diode	optoelectronics_icpdf_laser_c2_v1	2	https://www.digikey.cn/zh/products?keywords=GH04020B2A	laser_diode	https://www.xcc.com/search.html?keyword=GH04020B2A	(待查)	Y	consistent	none
GH04125A2A	SHARP	icpdf		激光二极管		icpdf:category2=激光二极管	light_emitter/laser_diode	optoelectronics_icpdf_laser_c2_v1	2	https://www.digikey.cn/zh/products?keywords=GH04125A2A	laser_diode	https://www.xcc.com/search.html?keyword=GH04125A2A	(待查)	Y	consistent	none
GH04P20A2GE	SHARP	icpdf		激光二极管		icpdf:category2=激光二极管	light_emitter/laser_diode	optoelectronics_icpdf_laser_c2_v1	2	https://www.digikey.cn/zh/products?keywords=GH04P20A2GE	laser_diode	https://www.xcc.com/search.html?keyword=GH04P20A2GE	(待查)	Y	consistent	none
GH04P21A2GE	SHARP	icpdf		激光二极管	技术文献半导体激光器	icpdf:category2=激光二极管	light_emitter/laser_diode	optoelectronics_icpdf_laser_c2_v1	2	https://www.digikey.cn/zh/products?keywords=GH04P21A2GE	laser_diode	https://www.xcc.com/search.html?keyword=GH04P21A2GE	(待查)	Y	consistent	none
GH06507A2A	SHARP	icpdf		激光二极管		icpdf:category2=激光二极管	light_emitter/laser_diode	optoelectronics_icpdf_laser_c2_v1	2	https://www.digikey.cn/zh/products?keywords=GH06507A2A	laser_diode	https://www.xcc.com/search.html?keyword=GH06507A2A	(待查)	Y	consistent	none
SLD104AU	SONY	icpdf		激光二极管	的AlGaAs激光二极管	icpdf:category2=激光二极管	light_emitter/laser_diode	optoelectronics_icpdf_laser_c2_v1	2	https://www.digikey.cn/zh/products?keywords=SLD104AU	laser_diode	https://www.xcc.com/search.html?keyword=SLD104AU	(待查)	Y	consistent	none
SLD104AV	SONY	icpdf		激光二极管	GaAlAs的激光二极管	icpdf:category2=激光二极管	light_emitter/laser_diode	optoelectronics_icpdf_laser_c2_v1	2	https://www.digikey.cn/zh/products?keywords=SLD104AV	laser_diode	https://www.xcc.com/search.html?keyword=SLD104AV	(待查)	Y	consistent	none
SLD104BUL	SONY	icpdf		激光二极管		icpdf:category2=激光二极管	light_emitter/laser_diode	optoelectronics_icpdf_laser_c2_v1	2	https://www.digikey.cn/zh/products?keywords=SLD104BUL	laser_diode	https://www.xcc.com/search.html?keyword=SLD104BUL	(待查)	Y	consistent	none
SLD105UL	SONY	icpdf		激光二极管	GaAlAs的激光二极管	icpdf:category2=激光二极管	light_emitter/laser_diode	optoelectronics_icpdf_laser_c2_v1	2	https://www.digikey.cn/zh/products?keywords=SLD105UL	laser_diode	https://www.xcc.com/search.html?keyword=SLD105UL	(待查)	Y	consistent	none
SLD105VL	SONY	icpdf		激光二极管	GaAlAs的激光二极管	icpdf:category2=激光二极管	light_emitter/laser_diode	optoelectronics_icpdf_laser_c2_v1	2	https://www.digikey.cn/zh/products?keywords=SLD105VL	laser_diode	https://www.xcc.com/search.html?keyword=SLD105VL	(待查)	Y	consistent	none
C-13-001-E-B-G5	SOURCE	icpdf		激光二极管		icpdf:category2=激光二极管	light_emitter/laser_diode	optoelectronics_icpdf_laser_c2_v1	2	https://www.digikey.cn/zh/products?keywords=C-13-001-E-B-G5	laser_diode	https://www.xcc.com/search.html?keyword=C-13-001-E-B-G5	(待查)	Y	consistent	none
C-13-001-E-B-GR	SOURCE	icpdf		激光二极管		icpdf:category2=激光二极管	light_emitter/laser_diode	optoelectronics_icpdf_laser_c2_v1	2	https://www.digikey.cn/zh/products?keywords=C-13-001-E-B-GR	laser_diode	https://www.xcc.com/search.html?keyword=C-13-001-E-B-GR	(待查)	Y	consistent	none
C-13-001-E-BB	SOURCE	icpdf		激光二极管		icpdf:category2=激光二极管	light_emitter/laser_diode	optoelectronics_icpdf_laser_c2_v1	2	https://www.digikey.cn/zh/products?keywords=C-13-001-E-BB	laser_diode	https://www.xcc.com/search.html?keyword=C-13-001-E-BB	(待查)	Y	consistent	none
C-13-001-E-BB-GR	SOURCE	icpdf		激光二极管		icpdf:category2=激光二极管	light_emitter/laser_diode	optoelectronics_icpdf_laser_c2_v1	2	https://www.digikey.cn/zh/products?keywords=C-13-001-E-BB-GR	laser_diode	https://www.xcc.com/search.html?keyword=C-13-001-E-BB-GR	(待查)	Y	consistent	none
TOLD9462MC(DA)	TOSHIBA	icpdf		激光二极管		icpdf:category2=激光二极管	light_emitter/laser_diode	optoelectronics_icpdf_laser_c2_v1	2	https://www.digikey.cn/zh/products?keywords=TOLD9462MC(DA)	laser_diode	https://www.xcc.com/search.html?keyword=TOLD9462MC(DA)	(待查)	Y	consistent	none
ML-00024	WINCHESTER	icpdf		激光二极管		icpdf:category2=激光二极管	light_emitter/laser_diode	optoelectronics_icpdf_laser_c2_v1	2	https://www.digikey.cn/zh/products?keywords=ML-00024	laser_diode	https://www.xcc.com/search.html?keyword=ML-00024	(待查)	Y	consistent	none
42-21A/GHC-YX1Y2N-1T	A-BRIGHT	icpdf		可见光 LED	1.8毫米圆微型芯片LED	icpdf:category2=可见光 LED	light_emitter/led	optoelectronics_icpdf_led_visible_c2_v1	2	https://www.digikey.cn/zh/products?keywords=42-21A/GHC-YX1Y2N-1T	led	https://www.xcc.com/search.html?keyword=42-21A/GHC-YX1Y2N-1T	(待查)	Y	consistent	none
42-21SURC/S530-A4	A-BRIGHT	icpdf		可见光 LED	1.8毫米回合微型SMD贴片LED灯	icpdf:category2=可见光 LED	light_emitter/led	optoelectronics_icpdf_led_visible_c2_v1	2	https://www.digikey.cn/zh/products?keywords=42-21SURC/S530-A4	led (LED 指示 - 分立式)	https://www.xcc.com/search.html?keyword=42-21SURC/S530-A4	(待查)	Y	consistent	none
42-21UYC/S530-A4	A-BRIGHT	icpdf		可见光 LED	1.8毫米回合微型SMD贴片LED灯	icpdf:category2=可见光 LED	light_emitter/led	optoelectronics_icpdf_led_visible_c2_v1	2	https://www.digikey.cn/zh/products?keywords=42-21UYC/S530-A4	led	https://www.xcc.com/search.html?keyword=42-21UYC/S530-A4	(待查)	Y	consistent	none
67-21SUBC	A-BRIGHT	icpdf		可见光 LED	顶视图的LED	icpdf:category2=可见光 LED	light_emitter/led	optoelectronics_icpdf_led_visible_c2_v1	2	https://www.digikey.cn/zh/products?keywords=67-21SUBC	led	https://www.xcc.com/search.html?keyword=67-21SUBC	(待查)	Y	consistent	none
67-21SURC	A-BRIGHT	icpdf		可见光 LED	顶视图的LED	icpdf:category2=可见光 LED	light_emitter/led	optoelectronics_icpdf_led_visible_c2_v1	2	https://www.digikey.cn/zh/products?keywords=67-21SURC	led	https://www.xcc.com/search.html?keyword=67-21SURC	(待查)	Y	consistent	none
AD9849AKST	ADI	icpdf	光电器件		CCD信号处理器，集成时序驱动器	icpdf:category=光电器件	light_emitter/led	optoelectronics_icpdf_opto_device_cat_v1	2	https://www.digikey.cn/zh/products?keywords=AD9849AKST	non_opto (接口芯片/传感器接口IC)	https://www.xcc.com/search.html?keyword=AD9849AKST	(待查)	N	mall_inconsistent	gateway_leak:非光电器件误入(接口芯片/传感器接口IC)
AD9945KCPRL	ADI	icpdf	光电器件		完整的12位40 MHz的CCD信号处理器	icpdf:category=光电器件	light_emitter/led	optoelectronics_icpdf_opto_device_cat_v1	2	https://www.digikey.cn/zh/products?keywords=AD9945KCPRL	non_opto	https://www.xcc.com/search.html?keyword=AD9945KCPRL	(待查)	N	mall_inconsistent	gateway_leak:弱category=光电器件且无prajson2信号
1N6093	AGILENT	icpdf		可见光 LED		icpdf:category2=可见光 LED	light_emitter/led	optoelectronics_icpdf_led_visible_c2_v1	2	https://www.digikey.cn/zh/products?keywords=1N6093	led	https://www.xcc.com/search.html?keyword=1N6093	(待查)	Y	consistent	none
1N6094	AGILENT	icpdf		可见光 LED		icpdf:category2=可见光 LED	light_emitter/led	optoelectronics_icpdf_led_visible_c2_v1	2	https://www.digikey.cn/zh/products?keywords=1N6094	led	https://www.xcc.com/search.html?keyword=1N6094	(待查)	Y	consistent	none
5082-4160	AGILENT	icpdf		可见光 LED		icpdf:category2=可见光 LED	light_emitter/led	optoelectronics_icpdf_led_visible_c2_v1	2	https://www.digikey.cn/zh/products?keywords=5082-4160	led	https://www.xcc.com/search.html?keyword=5082-4160	(待查)	Y	consistent	none
5082-4468	AGILENT	icpdf		可见光 LED		icpdf:category2=可见光 LED	light_emitter/led	optoelectronics_icpdf_led_visible_c2_v1	2	https://www.digikey.cn/zh/products?keywords=5082-4468	led	https://www.xcc.com/search.html?keyword=5082-4468	(待查)	Y	consistent	none
SEC2554C	ALLEGRO	icpdf		可见光 LED		icpdf:category2=可见光 LED	light_emitter/led	optoelectronics_icpdf_led_visible_c2_v1	2	https://www.digikey.cn/zh/products?keywords=SEC2554C	led	https://www.xcc.com/search.html?keyword=SEC2554C	(待查)	Y	consistent	none
SECU1E05C	ALLEGRO	icpdf		可见光 LED		icpdf:category2=可见光 LED	light_emitter/led	optoelectronics_icpdf_led_visible_c2_v1	2	https://www.digikey.cn/zh/products?keywords=SECU1E05C	led	https://www.xcc.com/search.html?keyword=SECU1E05C	(待查)	Y	consistent	none
SELU1253CM	ALLEGRO	icpdf		可见光 LED		icpdf:category2=可见光 LED	light_emitter/led	optoelectronics_icpdf_led_visible_c2_v1	2	https://www.digikey.cn/zh/products?keywords=SELU1253CM	led	https://www.xcc.com/search.html?keyword=SELU1253CM	(待查)	Y	consistent	none
SML79455C	ALLEGRO	icpdf		可见光 LED		icpdf:category2=可见光 LED	light_emitter/led	optoelectronics_icpdf_led_visible_c2_v1	2	https://www.digikey.cn/zh/products?keywords=SML79455C	led	https://www.xcc.com/search.html?keyword=SML79455C	(待查)	Y	consistent	none
KLM-163LAS	AUK	icpdf		其他光电器件	LED点阵模块	icpdf:category2=其他光电器件	light_emitter/led	optoelectronics_icpdf_led_subcat_display_other_c2_v1	2	https://www.digikey.cn/zh/products?keywords=KLM-163LAS	(待查)	https://www.xcc.com/search.html?keyword=KLM-163LAS	(待查)	Y	consistent	none;信号=子类别:Displays
SA1316	AUK	icpdf		可见光 LED	芯片LED灯	icpdf:category2=可见光 LED	light_emitter/led	optoelectronics_icpdf_led_visible_c2_v1	2	https://www.digikey.cn/zh/products?keywords=SA1316	led	https://www.xcc.com/search.html?keyword=SA1316	(待查)	Y	consistent	none
SA1316-E	AUK	icpdf		可见光 LED	LED芯片	icpdf:category2=可见光 LED	light_emitter/led	optoelectronics_icpdf_led_visible_c2_v1	2	https://www.digikey.cn/zh/products?keywords=SA1316-E	led	https://www.xcc.com/search.html?keyword=SA1316-E	(待查)	Y	consistent	none
SA1316-H	AUK	icpdf		可见光 LED	高亮度LED芯片	icpdf:category2=可见光 LED	light_emitter/led	optoelectronics_icpdf_led_visible_c2_v1	2	https://www.digikey.cn/zh/products?keywords=SA1316-H	led	https://www.xcc.com/search.html?keyword=SA1316-H	(待查)	Y	consistent	none
SA2332	AUK	icpdf		其他光电器件	高亮度芯片LED灯	icpdf:category2=其他光电器件	light_emitter/led	optoelectronics_icpdf_led_subcat_visible_other_c2_v1	2	https://www.digikey.cn/zh/products?keywords=SA2332	(待查)	https://www.xcc.com/search.html?keyword=SA2332	(待查)	Y	consistent	none;信号=子类别:Visible LEDs
ACPL-782T-000E	AVAGO	icpdf	发光二极管	隔离放大器	汽车隔离放大器与R2Couplerâ ?? ¢隔离	icpdf:category2=隔离放大器; category=发光二极管	light_emitter/led	optoelectronics_icpdf_led_cat_v1	2	https://www.digikey.cn/zh/products?keywords=ACPL-782T-000E	non_opto (放大器件/仪表放大器)	https://www.xcc.com/search.html?keyword=ACPL-782T-000E	(待查)	N	mall_inconsistent	gateway_leak:非光电器件误入(放大器件/仪表放大器)
ACPL-782T-300E	AVAGO	icpdf	发光二极管	隔离放大器	汽车隔离放大器与R2Coupler隔离	icpdf:category2=隔离放大器; category=发光二极管	light_emitter/led	optoelectronics_icpdf_led_cat_v1	2	https://www.digikey.cn/zh/products?keywords=ACPL-782T-300E	non_opto (放大器件/仪表放大器)	https://www.xcc.com/search.html?keyword=ACPL-782T-300E	(待查)	N	mall_inconsistent	gateway_leak:非光电器件误入(放大器件/仪表放大器)
ACPL-796J-000E	AVAGO	icpdf	发光二极管	模数转换器	光隔离式Σ-Δ调制器	icpdf:category2=模数转换器; category=发光二极管	light_emitter/led	optoelectronics_icpdf_led_cat_v1	2	https://www.digikey.cn/zh/products?keywords=ACPL-796J-000E	led	https://www.xcc.com/search.html?keyword=ACPL-796J-000E	(待查)	Y	consistent	icpdf:category确认led
ADJD-E622-QR999	AVAGO	icpdf		其他光电器件	RGB颜色传感器的QFN封装	icpdf:category2=其他光电器件	light_emitter/led	optoelectronics_icpdf_led_note_other_c2_v1	2	https://www.digikey.cn/zh/products?keywords=ADJD-E622-QR999	photodiode (色彩传感器)	https://www.xcc.com/search.html?keyword=ADJD-E622-QR999	(待查)	Y	consistent	none
ADJD-MJ50	AVAGO	icpdf		其他光电器件	高性能的RGB LED光源	icpdf:category2=其他光电器件	light_emitter/led	optoelectronics_icpdf_led_note_other_c2_v1	2	https://www.digikey.cn/zh/products?keywords=ADJD-MJ50	led	https://www.xcc.com/search.html?keyword=ADJD-MJ50	(待查)	Y	consistent	none
AEMD-CM3L-Z1002	BOARDCOM	icpdf		可见光 LED		icpdf:category2=可见光 LED	light_emitter/led	optoelectronics_icpdf_led_visible_c2_v1	2	https://www.digikey.cn/zh/products?keywords=AEMD-CM3L-Z1002	led (LED 指示 - 分立式)	https://www.xcc.com/search.html?keyword=AEMD-CM3L-Z1002	(待查)	Y	consistent	none
AEMD-EG3K-VW002	BOARDCOM	icpdf		可见光 LED		icpdf:category2=可见光 LED	light_emitter/led	optoelectronics_icpdf_led_visible_c2_v1	2	https://www.digikey.cn/zh/products?keywords=AEMD-EG3K-VW002	led (LED 指示 - 分立式)	https://www.xcc.com/search.html?keyword=AEMD-EG3K-VW002	(待查)	Y	consistent	none
ALMD-CB1E-VW002	BOARDCOM	icpdf		可见光 LED		icpdf:category2=可见光 LED	light_emitter/led	optoelectronics_icpdf_led_visible_c2_v1	2	https://www.digikey.cn/zh/products?keywords=ALMD-CB1E-VW002	led (LED 指示 - 分立式)	https://www.xcc.com/search.html?keyword=ALMD-CB1E-VW002	(待查)	Y	consistent	none
ALMD-CB2E-UV002	BOARDCOM	icpdf		可见光 LED		icpdf:category2=可见光 LED	light_emitter/led	optoelectronics_icpdf_led_visible_c2_v1	2	https://www.digikey.cn/zh/products?keywords=ALMD-CB2E-UV002	led (LED 指示 - 分立式)	https://www.xcc.com/search.html?keyword=ALMD-CB2E-UV002	(待查)	Y	consistent	none
ALMD-CM1F-34002	BOARDCOM	icpdf		可见光 LED		icpdf:category2=可见光 LED	light_emitter/led	optoelectronics_icpdf_led_visible_c2_v1	2	https://www.digikey.cn/zh/products?keywords=ALMD-CM1F-34002	led (LED 指示 - 分立式)	https://www.xcc.com/search.html?keyword=ALMD-CM1F-34002	(待查)	Y	consistent	none
ORT2400R	BOT	icpdf		其他光电器件	4元印刷电路板安装1.8毫米LED阵列	icpdf:category2=其他光电器件	light_emitter/led	optoelectronics_icpdf_led_note_other_c2_v1	2	https://www.digikey.cn/zh/products?keywords=ORT2400R	led	https://www.xcc.com/search.html?keyword=ORT2400R	(待查)	Y	consistent	none
ORT43SBCGBCO	BOT	icpdf		其他光电器件	3毫米LED电路板指示灯4 TIER SHROUDED	icpdf:category2=其他光电器件	light_emitter/led	optoelectronics_icpdf_led_note_other_c2_v1	2	https://www.digikey.cn/zh/products?keywords=ORT43SBCGBCO	led	https://www.xcc.com/search.html?keyword=ORT43SBCGBCO	(待查)	Y	consistent	none
ORT43SBCGGBC	BOT	icpdf		其他光电器件	3毫米LED电路板指示灯4 TIER SHROUDED	icpdf:category2=其他光电器件	light_emitter/led	optoelectronics_icpdf_led_note_other_c2_v1	2	https://www.digikey.cn/zh/products?keywords=ORT43SBCGGBC	led	https://www.xcc.com/search.html?keyword=ORT43SBCGGBC	(待查)	Y	consistent	none
ORT43SBCGGG	BOT	icpdf		其他光电器件	3毫米LED电路板指示灯4 TIER SHROUDED	icpdf:category2=其他光电器件	light_emitter/led	optoelectronics_icpdf_led_note_other_c2_v1	2	https://www.digikey.cn/zh/products?keywords=ORT43SBCGGG	led	https://www.xcc.com/search.html?keyword=ORT43SBCGGG	(待查)	Y	consistent	none
ORT43SBCOBCG	BOT	icpdf		其他光电器件	3毫米LED电路板指示灯4 TIER SHROUDED	icpdf:category2=其他光电器件	light_emitter/led	optoelectronics_icpdf_led_note_other_c2_v1	2	https://www.digikey.cn/zh/products?keywords=ORT43SBCOBCG	led	https://www.xcc.com/search.html?keyword=ORT43SBCOBCG	(待查)	Y	consistent	none
BVT-5E1QG4	BVLED	icpdf		可见光 LED	超亮度LED灯	icpdf:category2=可见光 LED	light_emitter/led	optoelectronics_icpdf_led_visible_c2_v1	2	https://www.digikey.cn/zh/products?keywords=BVT-5E1QG4	led	https://www.xcc.com/search.html?keyword=BVT-5E1QG4	(待查)	Y	consistent	none
32M41D-4001	CDIL	icpdf		可见光 LED	3.1毫米圆型LED ，发光角度 - 60 °	icpdf:category2=可见光 LED	light_emitter/led	optoelectronics_icpdf_led_visible_c2_v1	2	https://www.digikey.cn/zh/products?keywords=32M41D-4001	led	https://www.xcc.com/search.html?keyword=32M41D-4001	(待查)	Y	consistent	none
32T41D-4001	CDIL	icpdf		可见光 LED		icpdf:category2=可见光 LED	light_emitter/led	optoelectronics_icpdf_led_visible_c2_v1	2	https://www.digikey.cn/zh/products?keywords=32T41D-4001	led	https://www.xcc.com/search.html?keyword=32T41D-4001	(待查)	Y	consistent	none
52K3755W-9001	CDIL	icpdf		可见光 LED	5.8毫米圆型双色LED与领 - 三信息	icpdf:category2=可见光 LED	light_emitter/led	optoelectronics_icpdf_led_visible_c2_v1	2	https://www.digikey.cn/zh/products?keywords=52K3755W-9001	led	https://www.xcc.com/search.html?keyword=52K3755W-9001	(待查)	Y	consistent	none
72A22C-4001	CDIL	icpdf		可见光 LED	9.2毫米圆型有领的LED ，发光角度 - 36 °	icpdf:category2=可见光 LED	light_emitter/led	optoelectronics_icpdf_led_visible_c2_v1	2	https://www.digikey.cn/zh/products?keywords=72A22C-4001	led	https://www.xcc.com/search.html?keyword=72A22C-4001	(待查)	Y	consistent	none
72A61T-4001	CDIL	icpdf		可见光 LED	9.2毫米圆型有领的LED ，发光角度 - 36 °	icpdf:category2=可见光 LED	light_emitter/led	optoelectronics_icpdf_led_visible_c2_v1	2	https://www.digikey.cn/zh/products?keywords=72A61T-4001	led	https://www.xcc.com/search.html?keyword=72A61T-4001	(待查)	Y	consistent	none
CIM-51S12RV	CITIZEN	icpdf		红外 LED	红外兼容IrDA标准的收发器	icpdf:category2=红外 LED	light_emitter/led	optoelectronics_icpdf_led_ir_c2_v1	2	https://www.digikey.cn/zh/products?keywords=CIM-51S12RV	led	https://www.xcc.com/search.html?keyword=CIM-51S12RV	(待查)	Y	consistent	none
CIM-55S12RV	CITIZEN	icpdf		红外 LED	红外兼容IrDA标准的收发器	icpdf:category2=红外 LED	light_emitter/led	optoelectronics_icpdf_led_ir_c2_v1	2	https://www.digikey.cn/zh/products?keywords=CIM-55S12RV	led	https://www.xcc.com/search.html?keyword=CIM-55S12RV	(待查)	Y	consistent	none
CL-120S-8WQ	CITIZEN	icpdf		可见光 LED	对于LED闪光光源	icpdf:category2=可见光 LED	light_emitter/led	optoelectronics_icpdf_led_visible_c2_v1	2	https://www.digikey.cn/zh/products?keywords=CL-120S-8WQ	led	https://www.xcc.com/search.html?keyword=CL-120S-8WQ	(待查)	Y	consistent	none
CL-150D	CITIZEN	icpdf		可见光 LED	单色向上照式	icpdf:category2=可见光 LED	light_emitter/led	optoelectronics_icpdf_led_visible_c2_v1	2	https://www.digikey.cn/zh/products?keywords=CL-150D	led	https://www.xcc.com/search.html?keyword=CL-150D	(待查)	Y	consistent	none
CL-150FG	CITIZEN	icpdf		可见光 LED	单色向上照式	icpdf:category2=可见光 LED	light_emitter/led	optoelectronics_icpdf_led_visible_c2_v1	2	https://www.digikey.cn/zh/products?keywords=CL-150FG	led	https://www.xcc.com/search.html?keyword=CL-150FG	(待查)	Y	consistent	none
CLE231	CLAIREX	icpdf		红外 LED	高功率铝砷化镓IREDs	icpdf:category2=红外 LED	light_emitter/led	optoelectronics_icpdf_led_ir_c2_v1	2	https://www.digikey.cn/zh/products?keywords=CLE231	led	https://www.xcc.com/search.html?keyword=CLE231	(待查)	Y	consistent	none
CLE535W	CLAIREX	icpdf		可见光 LED	大功率LED绿色平板窗口都可以，密封式	icpdf:category2=可见光 LED	light_emitter/led	optoelectronics_icpdf_led_visible_c2_v1	2	https://www.digikey.cn/zh/products?keywords=CLE535W	led	https://www.xcc.com/search.html?keyword=CLE535W	(待查)	Y	consistent	none
1050A2	CML	icpdf		可见光 LED	霓虹灯，白炽灯指示灯	icpdf:category2=可见光 LED	light_emitter/led	optoelectronics_icpdf_led_visible_c2_v1	2	https://www.digikey.cn/zh/products?keywords=1050A2	panel_indicator	https://www.xcc.com/search.html?keyword=1050A2	(待查)	N	mall_inconsistent	业务裁决:CML白炽/霓虹指示灯
1050A3	CML	icpdf		可见光 LED	霓虹灯，白炽灯指示灯	icpdf:category2=可见光 LED	light_emitter/led	optoelectronics_icpdf_led_visible_c2_v1	2	https://www.digikey.cn/zh/products?keywords=1050A3	panel_indicator	https://www.xcc.com/search.html?keyword=1050A3	(待查)	N	mall_inconsistent	业务裁决:CML白炽/霓虹指示灯
1050A4	CML	icpdf		可见光 LED	霓虹灯，白炽灯指示灯	icpdf:category2=可见光 LED	light_emitter/led	optoelectronics_icpdf_led_visible_c2_v1	2	https://www.digikey.cn/zh/products?keywords=1050A4	panel_indicator	https://www.xcc.com/search.html?keyword=1050A4	(待查)	N	mall_inconsistent	业务裁决:CML白炽/霓虹指示灯
1050C1	CML	icpdf		可见光 LED	霓虹灯，白炽灯指示灯	icpdf:category2=可见光 LED	light_emitter/led	optoelectronics_icpdf_led_visible_c2_v1	2	https://www.digikey.cn/zh/products?keywords=1050C1	panel_indicator	https://www.xcc.com/search.html?keyword=1050C1	(待查)	N	mall_inconsistent	业务裁决:CML白炽/霓虹指示灯
3XL7090AM-L100-0001	CREE	icpdf		可见光 LED		icpdf:category2=可见光 LED	light_emitter/led	optoelectronics_icpdf_led_visible_c2_v1	2	https://www.digikey.cn/zh/products?keywords=3XL7090AM-L100-0001	led	https://www.xcc.com/search.html?keyword=3XL7090AM-L100-0001	(待查)	Y	consistent	none
3XL7090AM-L100-A2-N-001	CREE	icpdf		可见光 LED		icpdf:category2=可见光 LED	light_emitter/led	optoelectronics_icpdf_led_visible_c2_v1	2	https://www.digikey.cn/zh/products?keywords=3XL7090AM-L100-A2-N-001	led	https://www.xcc.com/search.html?keyword=3XL7090AM-L100-A2-N-001	(待查)	Y	consistent	none
3XL7090AM-L100-A2-P-001	CREE	icpdf		可见光 LED		icpdf:category2=可见光 LED	light_emitter/led	optoelectronics_icpdf_led_visible_c2_v1	2	https://www.digikey.cn/zh/products?keywords=3XL7090AM-L100-A2-P-001	led	https://www.xcc.com/search.html?keyword=3XL7090AM-L100-A2-P-001	(待查)	Y	consistent	none
3XL7090AM-L100-A3-M-001	CREE	icpdf		可见光 LED		icpdf:category2=可见光 LED	light_emitter/led	optoelectronics_icpdf_led_visible_c2_v1	2	https://www.digikey.cn/zh/products?keywords=3XL7090AM-L100-A3-M-001	led	https://www.xcc.com/search.html?keyword=3XL7090AM-L100-A3-M-001	(待查)	Y	consistent	none
3XL7090AM-L100-A3-N-001	CREE	icpdf		可见光 LED		icpdf:category2=可见光 LED	light_emitter/led	optoelectronics_icpdf_led_visible_c2_v1	2	https://www.digikey.cn/zh/products?keywords=3XL7090AM-L100-A3-N-001	led	https://www.xcc.com/search.html?keyword=3XL7090AM-L100-A3-N-001	(待查)	Y	consistent	none
BTF-08BLCS-B5-P	DBLECTRO	icpdf		可见光 LED	食人鱼	icpdf:category2=可见光 LED	light_emitter/led	optoelectronics_icpdf_led_visible_c2_v1	2	https://www.digikey.cn/zh/products?keywords=BTF-08BLCS-B5-P	led	https://www.xcc.com/search.html?keyword=BTF-08BLCS-B5-P	(待查)	Y	consistent	none
BTF-08BLCS-B5-R	DBLECTRO	icpdf		可见光 LED	食人鱼	icpdf:category2=可见光 LED	light_emitter/led	optoelectronics_icpdf_led_visible_c2_v1	2	https://www.digikey.cn/zh/products?keywords=BTF-08BLCS-B5-R	led	https://www.xcc.com/search.html?keyword=BTF-08BLCS-B5-R	(待查)	Y	consistent	none
BTF-08BLCS-B6-P	DBLECTRO	icpdf		可见光 LED	食人鱼	icpdf:category2=可见光 LED	light_emitter/led	optoelectronics_icpdf_led_visible_c2_v1	2	https://www.digikey.cn/zh/products?keywords=BTF-08BLCS-B6-P	led	https://www.xcc.com/search.html?keyword=BTF-08BLCS-B6-P	(待查)	Y	consistent	none
BTF-08BLCS-B6-R	DBLECTRO	icpdf		可见光 LED	食人鱼	icpdf:category2=可见光 LED	light_emitter/led	optoelectronics_icpdf_led_visible_c2_v1	2	https://www.digikey.cn/zh/products?keywords=BTF-08BLCS-B6-R	led	https://www.xcc.com/search.html?keyword=BTF-08BLCS-B6-R	(待查)	Y	consistent	none
BTF-08BLCS-XX-P	DBLECTRO	icpdf		可见光 LED	食人鱼	icpdf:category2=可见光 LED	light_emitter/led	optoelectronics_icpdf_led_visible_c2_v1	2	https://www.digikey.cn/zh/products?keywords=BTF-08BLCS-XX-P	led	https://www.xcc.com/search.html?keyword=BTF-08BLCS-XX-P	(待查)	Y	consistent	none
004-2900-200	DIALIGHT	icpdf		可见光 LED		icpdf:category2=可见光 LED	light_emitter/led	optoelectronics_icpdf_led_visible_c2_v1	2	https://www.digikey.cn/zh/products?keywords=004-2900-200	led	https://www.xcc.com/search.html?keyword=004-2900-200	(待查)	Y	consistent	none
031-0111-300	DIALIGHT	icpdf		可见光 LED	031系列1 “安装孔?? ¢摩擦配合-CAP	icpdf:category2=可见光 LED	light_emitter/led	optoelectronics_icpdf_led_visible_c2_v1	2	https://www.digikey.cn/zh/products?keywords=031-0111-300	led	https://www.xcc.com/search.html?keyword=031-0111-300	(待查)	Y	consistent	none
031-0112-300	DIALIGHT	icpdf		可见光 LED	031系列1 “安装孔?? ¢摩擦配合-CAP	icpdf:category2=可见光 LED	light_emitter/led	optoelectronics_icpdf_led_visible_c2_v1	2	https://www.digikey.cn/zh/products?keywords=031-0112-300	led	https://www.xcc.com/search.html?keyword=031-0112-300	(待查)	Y	consistent	none
031-0113-300	DIALIGHT	icpdf		可见光 LED	031系列1 “安装孔?? ¢摩擦配合-CAP	icpdf:category2=可见光 LED	light_emitter/led	optoelectronics_icpdf_led_visible_c2_v1	2	https://www.digikey.cn/zh/products?keywords=031-0113-300	led	https://www.xcc.com/search.html?keyword=031-0113-300	(待查)	Y	consistent	none
031-0135-300	DIALIGHT	icpdf		可见光 LED	031系列1 “安装孔?? ¢摩擦配合-CAP	icpdf:category2=可见光 LED	light_emitter/led	optoelectronics_icpdf_led_visible_c2_v1	2	https://www.digikey.cn/zh/products?keywords=031-0135-300	led	https://www.xcc.com/search.html?keyword=031-0135-300	(待查)	Y	consistent	none
D6RTB-DJD-TU+UV+RS	DOMINANT	icpdf		可见光 LED	多功能LED	icpdf:category2=可见光 LED	light_emitter/led	optoelectronics_icpdf_led_visible_c2_v1	2	https://www.digikey.cn/zh/products?keywords=D6RTB-DJD-TU+UV+RS	led	https://www.xcc.com/search.html?keyword=D6RTB-DJD-TU+UV+RS	(待查)	Y	consistent	none
D6RTB-DJD-TU+UV+RS-1	DOMINANT	icpdf		可见光 LED		icpdf:category2=可见光 LED	light_emitter/led	optoelectronics_icpdf_led_visible_c2_v1	2	https://www.digikey.cn/zh/products?keywords=D6RTB-DJD-TU+UV+RS-1	led	https://www.xcc.com/search.html?keyword=D6RTB-DJD-TU+UV+RS-1	(待查)	Y	consistent	none
D6RTB-DJD-TU+WX+TU-1	DOMINANT	icpdf		可见光 LED		icpdf:category2=可见光 LED	light_emitter/led	optoelectronics_icpdf_led_visible_c2_v1	2	https://www.digikey.cn/zh/products?keywords=D6RTB-DJD-TU+WX+TU-1	led	https://www.xcc.com/search.html?keyword=D6RTB-DJD-TU+WX+TU-1	(待查)	Y	consistent	none
D6RTB-HJD-TU+UV+RS-1	DOMINANT	icpdf		可见光 LED		icpdf:category2=可见光 LED	light_emitter/led	optoelectronics_icpdf_led_visible_c2_v1	2	https://www.digikey.cn/zh/products?keywords=D6RTB-HJD-TU+UV+RS-1	led	https://www.xcc.com/search.html?keyword=D6RTB-HJD-TU+UV+RS-1	(待查)	Y	consistent	none
D6RTB-HJD-TU+UV+ST-1	DOMINANT	icpdf		可见光 LED		icpdf:category2=可见光 LED	light_emitter/led	optoelectronics_icpdf_led_visible_c2_v1	2	https://www.digikey.cn/zh/products?keywords=D6RTB-HJD-TU+UV+ST-1	led	https://www.xcc.com/search.html?keyword=D6RTB-HJD-TU+UV+ST-1	(待查)	Y	consistent	none
10-01-C84-YSC-AAS2T2DH-AM	EVERLIGHT	icpdf		可见光 LED	平坦功率LED	icpdf:category2=可见光 LED	light_emitter/led	optoelectronics_icpdf_led_visible_c2_v1	2	https://www.digikey.cn/zh/products?keywords=10-01-C84-YSC-AAS2T2DH-AM	led (LED 彩光照明)	https://www.xcc.com/search.html?keyword=10-01-C84-YSC-AAS2T2DH-AM	(待查)	Y	consistent	none
10-21/G7C-BM1N2B/3T	EVERLIGHT	icpdf		可见光 LED	技术数据表（初稿） 0605封装贴片LED （0.5mm间距高）	icpdf:category2=可见光 LED	light_emitter/led	optoelectronics_icpdf_led_visible_c2_v1	2	https://www.digikey.cn/zh/products?keywords=10-21/G7C-BM1N2B/3T	led	https://www.xcc.com/search.html?keyword=10-21/G7C-BM1N2B/3T	(待查)	Y	consistent	none
1003GD	EVERLIGHT	icpdf		可见光 LED	3.68 * 6.22毫米传奇矩形LED灯	icpdf:category2=可见光 LED	light_emitter/led	optoelectronics_icpdf_led_visible_c2_v1	2	https://www.digikey.cn/zh/products?keywords=1003GD	led	https://www.xcc.com/search.html?keyword=1003GD	(待查)	Y	consistent	none
1003SURD/S530-A3	EVERLIGHT	icpdf		可见光 LED	3.68 * 6.22毫米传奇矩形LED灯	icpdf:category2=可见光 LED	light_emitter/led	optoelectronics_icpdf_led_visible_c2_v1	2	https://www.digikey.cn/zh/products?keywords=1003SURD/S530-A3	led (LED 指示 - 分立式)	https://www.xcc.com/search.html?keyword=1003SURD/S530-A3	(待查)	Y	consistent	none
1003SYGD/S530-E2	EVERLIGHT	icpdf		可见光 LED		icpdf:category2=可见光 LED	light_emitter/led	optoelectronics_icpdf_led_visible_c2_v1	2	https://www.digikey.cn/zh/products?keywords=1003SYGD/S530-E2	led (LED 指示 - 分立式)	https://www.xcc.com/search.html?keyword=1003SYGD/S530-E2	(待查)	Y	consistent	none
1N6264	FAIRCHILD	icpdf		红外 LED	砷化镓红外发光二极管	icpdf:category2=红外 LED	light_emitter/led	optoelectronics_icpdf_led_ir_c2_v1	2	https://www.digikey.cn/zh/products?keywords=1N6264	led (LED 发射器 - 红外，紫外，可见光)	https://www.xcc.com/search.html?keyword=1N6264	(待查)	Y	consistent	none
1N6265	FAIRCHILD	icpdf		红外 LED	砷化镓红外发光二极管	icpdf:category2=红外 LED	light_emitter/led	optoelectronics_icpdf_led_ir_c2_v1	2	https://www.digikey.cn/zh/products?keywords=1N6265	led (LED 发射器 - 红外，紫外，可见光)	https://www.xcc.com/search.html?keyword=1N6265	(待查)	Y	consistent	none
1N6266	FAIRCHILD	icpdf		红外 LED	砷化镓红外发光二极管	icpdf:category2=红外 LED	light_emitter/led	optoelectronics_icpdf_led_ir_c2_v1	2	https://www.digikey.cn/zh/products?keywords=1N6266	led (LED 发射器 - 红外，紫外，可见光)	https://www.xcc.com/search.html?keyword=1N6266	(待查)	Y	consistent	none
CQX14	FAIRCHILD	icpdf		红外 LED	砷化镓红外发光二极管	icpdf:category2=红外 LED	light_emitter/led	optoelectronics_icpdf_led_ir_c2_v1	2	https://www.digikey.cn/zh/products?keywords=CQX14	led (LED 发射器 - 红外，紫外，可见光)	https://www.xcc.com/search.html?keyword=CQX14	(待查)	Y	consistent	none
CQX15	FAIRCHILD	icpdf		红外 LED	砷化镓红外发光二极管	icpdf:category2=红外 LED	light_emitter/led	optoelectronics_icpdf_led_ir_c2_v1	2	https://www.digikey.cn/zh/products?keywords=CQX15	led (LED 发射器 - 红外，紫外，可见光)	https://www.xcc.com/search.html?keyword=CQX15	(待查)	Y	consistent	none
L10596	HAMAMATSU	icpdf		红外 LED	采用目前CON-斯内德片小排量现货LED	icpdf:category2=红外 LED	light_emitter/led	optoelectronics_icpdf_led_ir_c2_v1	2	https://www.digikey.cn/zh/products?keywords=L10596	led	https://www.xcc.com/search.html?keyword=L10596	(待查)	Y	consistent	none
L10596-02	HAMAMATSU	icpdf		红外 LED	采用目前CON-斯内德片小排量现货LED	icpdf:category2=红外 LED	light_emitter/led	optoelectronics_icpdf_led_ir_c2_v1	2	https://www.digikey.cn/zh/products?keywords=L10596-02	led	https://www.xcc.com/search.html?keyword=L10596-02	(待查)	Y	consistent	none
L10596-03	HAMAMATSU	icpdf		红外 LED	采用目前CON-斯内德片小排量现货LED	icpdf:category2=红外 LED	light_emitter/led	optoelectronics_icpdf_led_ir_c2_v1	2	https://www.digikey.cn/zh/products?keywords=L10596-03	led	https://www.xcc.com/search.html?keyword=L10596-03	(待查)	Y	consistent	none
L10660	HAMAMATSU	icpdf		红外 LED		icpdf:category2=红外 LED	light_emitter/led	optoelectronics_icpdf_led_ir_c2_v1	2	https://www.digikey.cn/zh/products?keywords=L10660	led	https://www.xcc.com/search.html?keyword=L10660	(待查)	Y	consistent	none
L10660-01	HAMAMATSU	icpdf		红外 LED		icpdf:category2=红外 LED	light_emitter/led	optoelectronics_icpdf_led_ir_c2_v1	2	https://www.digikey.cn/zh/products?keywords=L10660-01	led	https://www.xcc.com/search.html?keyword=L10660-01	(待查)	Y	consistent	none
AML91LA85	HONEYWELL	icpdf		可见光 LED		icpdf:category2=可见光 LED	light_emitter/led	optoelectronics_icpdf_led_visible_c2_v1	2	https://www.digikey.cn/zh/products?keywords=AML91LA85	led	https://www.xcc.com/search.html?keyword=AML91LA85	(待查)	Y	consistent	none
AML91LA86	HONEYWELL	icpdf		可见光 LED		icpdf:category2=可见光 LED	light_emitter/led	optoelectronics_icpdf_led_visible_c2_v1	2	https://www.digikey.cn/zh/products?keywords=AML91LA86	led	https://www.xcc.com/search.html?keyword=AML91LA86	(待查)	Y	consistent	none
HFE4000-012	HONEYWELL	icpdf		红外 LED		icpdf:category2=红外 LED	light_emitter/led	optoelectronics_icpdf_led_ir_c2_v1	2	https://www.digikey.cn/zh/products?keywords=HFE4000-012	led	https://www.xcc.com/search.html?keyword=HFE4000-012	(待查)	Y	consistent	none
HFE4006-012	HONEYWELL	icpdf		红外 LED		icpdf:category2=红外 LED	light_emitter/led	optoelectronics_icpdf_led_ir_c2_v1	2	https://www.digikey.cn/zh/products?keywords=HFE4006-012	led	https://www.xcc.com/search.html?keyword=HFE4006-012	(待查)	Y	consistent	none
HFE4010-012	HONEYWELL	icpdf		红外 LED		icpdf:category2=红外 LED	light_emitter/led	optoelectronics_icpdf_led_ir_c2_v1	2	https://www.digikey.cn/zh/products?keywords=HFE4010-012	led	https://www.xcc.com/search.html?keyword=HFE4010-012	(待查)	Y	consistent	none
HEMT-1001	HP	icpdf		红外 LED	940纳米高辐射发射器	icpdf:category2=红外 LED	light_emitter/led	optoelectronics_icpdf_led_ir_c2_v1	2	https://www.digikey.cn/zh/products?keywords=HEMT-1001	led	https://www.xcc.com/search.html?keyword=HEMT-1001	(待查)	Y	consistent	none
HEMT-3301	HP	icpdf		红外 LED	940纳米高辐射发射器	icpdf:category2=红外 LED	light_emitter/led	optoelectronics_icpdf_led_ir_c2_v1	2	https://www.digikey.cn/zh/products?keywords=HEMT-3301	led (LED 发射器 - 红外，紫外，可见光)	https://www.xcc.com/search.html?keyword=HEMT-3301	(待查)	Y	consistent	none
HLMP-1700	HP	icpdf		可见光 LED	的T- 13/4 （ 5毫米）的T- 1（ 3毫米），低电流LED灯具	icpdf:category2=可见光 LED	light_emitter/led	optoelectronics_icpdf_led_visible_c2_v1	2	https://www.digikey.cn/zh/products?keywords=HLMP-1700	led (LED 指示 - 分立式)	https://www.xcc.com/search.html?keyword=HLMP-1700	(待查)	Y	consistent	none
HLMP-1719	HP	icpdf		可见光 LED	的T- 13/4 （ 5毫米）的T- 1（ 3毫米），低电流LED灯具	icpdf:category2=可见光 LED	light_emitter/led	optoelectronics_icpdf_led_visible_c2_v1	2	https://www.digikey.cn/zh/products?keywords=HLMP-1719	led (LED 指示 - 分立式)	https://www.xcc.com/search.html?keyword=HLMP-1719	(待查)	Y	consistent	none
HLMP-1790	HP	icpdf		可见光 LED	的T- 13/4 （ 5毫米）的T- 1（ 3毫米），低电流LED灯具	icpdf:category2=可见光 LED	light_emitter/led	optoelectronics_icpdf_led_visible_c2_v1	2	https://www.digikey.cn/zh/products?keywords=HLMP-1790	led (LED 指示 - 分立式)	https://www.xcc.com/search.html?keyword=HLMP-1790	(待查)	Y	consistent	none
ISRC0158	IDEA	icpdf		可见光 LED	表面贴装LED	icpdf:category2=可见光 LED	light_emitter/led	optoelectronics_icpdf_led_visible_c2_v1	2	https://www.digikey.cn/zh/products?keywords=ISRC0158	led	https://www.xcc.com/search.html?keyword=ISRC0158	(待查)	Y	consistent	none
ISRC0178	IDEA	icpdf		可见光 LED	设计用于表面安装的微型透镜型	icpdf:category2=可见光 LED	light_emitter/led	optoelectronics_icpdf_led_visible_c2_v1	2	https://www.digikey.cn/zh/products?keywords=ISRC0178	led	https://www.xcc.com/search.html?keyword=ISRC0178	(待查)	Y	consistent	none
F0118G	INFINEON	icpdf		红外 LED		icpdf:category2=红外 LED	light_emitter/led	optoelectronics_icpdf_led_ir_c2_v1	2	https://www.digikey.cn/zh/products?keywords=F0118G	led	https://www.xcc.com/search.html?keyword=F0118G	(待查)	Y	consistent	none
F0285B	INFINEON	icpdf		可见光 LED		icpdf:category2=可见光 LED	light_emitter/led	optoelectronics_icpdf_led_visible_c2_v1	2	https://www.digikey.cn/zh/products?keywords=F0285B	led	https://www.xcc.com/search.html?keyword=F0285B	(待查)	Y	consistent	none
F0308A	INFINEON	icpdf		可见光 LED		icpdf:category2=可见光 LED	light_emitter/led	optoelectronics_icpdf_led_visible_c2_v1	2	https://www.digikey.cn/zh/products?keywords=F0308A	led	https://www.xcc.com/search.html?keyword=F0308A	(待查)	Y	consistent	none
F0460B	INFINEON	icpdf		可见光 LED		icpdf:category2=可见光 LED	light_emitter/led	optoelectronics_icpdf_led_visible_c2_v1	2	https://www.digikey.cn/zh/products?keywords=F0460B	led	https://www.xcc.com/search.html?keyword=F0460B	(待查)	Y	consistent	none
F0527B	INFINEON	icpdf		可见光 LED		icpdf:category2=可见光 LED	light_emitter/led	optoelectronics_icpdf_led_visible_c2_v1	2	https://www.digikey.cn/zh/products?keywords=F0527B	led	https://www.xcc.com/search.html?keyword=F0527B	(待查)	Y	consistent	none
ISL53124	ISOCOM	icpdf		其他光电器件		icpdf:category2=其他光电器件	light_emitter/led	optoelectronics_icpdf_led_subcat_visible_other_c2_v1	2	https://www.digikey.cn/zh/products?keywords=ISL53124	(待查)	https://www.xcc.com/search.html?keyword=ISL53124	(待查)	Y	consistent	none;信号=子类别:Visible LEDs
AA1010PBC9	KINGBRIGHT	icpdf		可见光 LED		icpdf:category2=可见光 LED	light_emitter/led	optoelectronics_icpdf_led_visible_c2_v1	2	https://www.digikey.cn/zh/products?keywords=AA1010PBC9	led	https://www.xcc.com/search.html?keyword=AA1010PBC9	(待查)	Y	consistent	none
AA1010PWC9	KINGBRIGHT	icpdf		可见光 LED		icpdf:category2=可见光 LED	light_emitter/led	optoelectronics_icpdf_led_visible_c2_v1	2	https://www.digikey.cn/zh/products?keywords=AA1010PWC9	led	https://www.xcc.com/search.html?keyword=AA1010PWC9	(待查)	Y	consistent	none
AA1010QW10ZC	KINGBRIGHT	icpdf		可见光 LED	XPOWER	icpdf:category2=可见光 LED	light_emitter/led	optoelectronics_icpdf_led_visible_c2_v1	2	https://www.digikey.cn/zh/products?keywords=AA1010QW10ZC	led	https://www.xcc.com/search.html?keyword=AA1010QW10ZC	(待查)	Y	consistent	none
AA1010RWC9	KINGBRIGHT	icpdf		可见光 LED		icpdf:category2=可见光 LED	light_emitter/led	optoelectronics_icpdf_led_visible_c2_v1	2	https://www.digikey.cn/zh/products?keywords=AA1010RWC9	led	https://www.xcc.com/search.html?keyword=AA1010RWC9	(待查)	Y	consistent	none
AA1010SEC28	KINGBRIGHT	icpdf		可见光 LED	XPOWER	icpdf:category2=可见光 LED	light_emitter/led	optoelectronics_icpdf_led_visible_c2_v1	2	https://www.digikey.cn/zh/products?keywords=AA1010SEC28	led	https://www.xcc.com/search.html?keyword=AA1010SEC28	(待查)	Y	consistent	none
BL05-1101	KODENSHI	icpdf		可见光 LED	针点LED（ AlGaInP中）	icpdf:category2=可见光 LED	light_emitter/led	optoelectronics_icpdf_led_visible_c2_v1	2	https://www.digikey.cn/zh/products?keywords=BL05-1101	led	https://www.xcc.com/search.html?keyword=BL05-1101	(待查)	Y	consistent	none
BL05-1211	KODENSHI	icpdf		可见光 LED	针点LED（ AlGaInP中）	icpdf:category2=可见光 LED	light_emitter/led	optoelectronics_icpdf_led_visible_c2_v1	2	https://www.digikey.cn/zh/products?keywords=BL05-1211	led	https://www.xcc.com/search.html?keyword=BL05-1211	(待查)	Y	consistent	none
BL15-1212	KODENSHI	icpdf		可见光 LED	针点LED（ AlGaInP中）	icpdf:category2=可见光 LED	light_emitter/led	optoelectronics_icpdf_led_visible_c2_v1	2	https://www.digikey.cn/zh/products?keywords=BL15-1212	led	https://www.xcc.com/search.html?keyword=BL15-1212	(待查)	Y	consistent	none
CL-1CL3	KODENSHI	icpdf		红外 LED	红外发射二极管（ GaAlAs的）	icpdf:category2=红外 LED	light_emitter/led	optoelectronics_icpdf_led_ir_c2_v1	2	https://www.digikey.cn/zh/products?keywords=CL-1CL3	led	https://www.xcc.com/search.html?keyword=CL-1CL3	(待查)	Y	consistent	none
CL-1KL3	KODENSHI	icpdf		红外 LED	红外发射二极管（ GaAlAs的）	icpdf:category2=红外 LED	light_emitter/led	optoelectronics_icpdf_led_ir_c2_v1	2	https://www.digikey.cn/zh/products?keywords=CL-1KL3	led	https://www.xcc.com/search.html?keyword=CL-1KL3	(待查)	Y	consistent	none
21PCT170TWRG4B	LEDTRONICS	icpdf		可见光 LED		icpdf:category2=可见光 LED	light_emitter/led	optoelectronics_icpdf_led_visible_c2_v1	2	https://www.digikey.cn/zh/products?keywords=21PCT170TWRG4B	led	https://www.xcc.com/search.html?keyword=21PCT170TWRG4B	(待查)	Y	consistent	none
555M-2001	LEDTRONICS	icpdf		可见光 LED	LED印刷电路板	icpdf:category2=可见光 LED	light_emitter/led	optoelectronics_icpdf_led_visible_c2_v1	2	https://www.digikey.cn/zh/products?keywords=555M-2001	led	https://www.xcc.com/search.html?keyword=555M-2001	(待查)	Y	consistent	none
555M-3001	LEDTRONICS	icpdf		可见光 LED	LED印刷电路板	icpdf:category2=可见光 LED	light_emitter/led	optoelectronics_icpdf_led_visible_c2_v1	2	https://www.digikey.cn/zh/products?keywords=555M-3001	led	https://www.xcc.com/search.html?keyword=555M-3001	(待查)	Y	consistent	none
555M-3003	LEDTRONICS	icpdf		可见光 LED	LED印刷电路板	icpdf:category2=可见光 LED	light_emitter/led	optoelectronics_icpdf_led_visible_c2_v1	2	https://www.digikey.cn/zh/products?keywords=555M-3003	led	https://www.xcc.com/search.html?keyword=555M-3003	(待查)	Y	consistent	none
555M-3004	LEDTRONICS	icpdf		可见光 LED	LED印刷电路板	icpdf:category2=可见光 LED	light_emitter/led	optoelectronics_icpdf_led_visible_c2_v1	2	https://www.digikey.cn/zh/products?keywords=555M-3004	led	https://www.xcc.com/search.html?keyword=555M-3004	(待查)	Y	consistent	none
L12URF3333S-PF	LIGITEK	icpdf		可见光 LED	SUPER BRIGHT ROUND型LED灯	icpdf:category2=可见光 LED	light_emitter/led	optoelectronics_icpdf_led_visible_c2_v1	2	https://www.digikey.cn/zh/products?keywords=L12URF3333S-PF	led	https://www.xcc.com/search.html?keyword=L12URF3333S-PF	(待查)	Y	consistent	none
L12URF9653S-30D-AM	LIGITEK	icpdf		可见光 LED	方用4LEADS型LED灯	icpdf:category2=可见光 LED	light_emitter/led	optoelectronics_icpdf_led_visible_c2_v1	2	https://www.digikey.cn/zh/products?keywords=L12URF9653S-30D-AM	led	https://www.xcc.com/search.html?keyword=L12URF9653S-30D-AM	(待查)	Y	consistent	none
L12URF9653S-50A	LIGITEK	icpdf		可见光 LED	方用4LEADS型LED灯	icpdf:category2=可见光 LED	light_emitter/led	optoelectronics_icpdf_led_visible_c2_v1	2	https://www.digikey.cn/zh/products?keywords=L12URF9653S-50A	led	https://www.xcc.com/search.html?keyword=L12URF9653S-50A	(待查)	Y	consistent	none
L12URF9653S-50B-AM	LIGITEK	icpdf		可见光 LED	方用4LEADS型LED灯	icpdf:category2=可见光 LED	light_emitter/led	optoelectronics_icpdf_led_visible_c2_v1	2	https://www.digikey.cn/zh/products?keywords=L12URF9653S-50B-AM	led	https://www.xcc.com/search.html?keyword=L12URF9653S-50B-AM	(待查)	Y	consistent	none
L12URF9653S-50B-AM-B01	LIGITEK	icpdf		可见光 LED		icpdf:category2=可见光 LED	light_emitter/led	optoelectronics_icpdf_led_visible_c2_v1	2	https://www.digikey.cn/zh/products?keywords=L12URF9653S-50B-AM-B01	led	https://www.xcc.com/search.html?keyword=L12URF9653S-50B-AM-B01	(待查)	Y	consistent	none
ASDL-4263-C31	LITEON	icpdf		红外 LED		icpdf:category2=红外 LED	light_emitter/led	optoelectronics_icpdf_led_ir_c2_v1	2	https://www.digikey.cn/zh/products?keywords=ASDL-4263-C31	led (LED 发射器 - 红外，紫外，可见光)	https://www.xcc.com/search.html?keyword=ASDL-4263-C31	(待查)	Y	consistent	none
ASDL-4264-C31	LITEON	icpdf	光源与发射器	红外 LED		icpdf:category2=红外 LED; category=光源与发射器	light_emitter/led	optoelectronics_icpdf_led_ir_c2_v1	2	https://www.digikey.cn/zh/products?keywords=ASDL-4264-C31	led (LED 发射器 - 红外，紫外，可见光)	https://www.xcc.com/search.html?keyword=ASDL-4264-C31	(待查)	Y	consistent	none
HSDL-4250	LITEON	icpdf		红外 LED	高性能T-1 ¾ （5毫米）的AlGaAs红外线（ 870nm ）灯	icpdf:category2=红外 LED	light_emitter/led	optoelectronics_icpdf_led_ir_c2_v1	2	https://www.digikey.cn/zh/products?keywords=HSDL-4250	led (LED 发射器 - 红外，紫外，可见光)	https://www.xcc.com/search.html?keyword=HSDL-4250	(待查)	Y	consistent	none
HSDL-4251	LITEON	icpdf	光源与发射器	红外 LED	高性能T-1 ¾ （5毫米）的AlGaAs红外线（ 870nm ）灯	icpdf:category2=红外 LED; category=光源与发射器	light_emitter/led	optoelectronics_icpdf_led_ir_c2_v1	2	https://www.digikey.cn/zh/products?keywords=HSDL-4251	led (LED 发射器 - 红外，紫外，可见光)	https://www.xcc.com/search.html?keyword=HSDL-4251	(待查)	Y	consistent	none
HSDL-4260	LITEON	icpdf	光源与发射器	红外 LED	高功率T- 1.75 （5毫米）的AlGaAs红外线（ 875nm ）灯	icpdf:category2=红外 LED; category=光源与发射器	light_emitter/led	optoelectronics_icpdf_led_ir_c2_v1	2	https://www.digikey.cn/zh/products?keywords=HSDL-4260	led (LED 发射器 - 红外，紫外，可见光)	https://www.xcc.com/search.html?keyword=HSDL-4260	(待查)	Y	consistent	none
LL-304VC4B-V1-2BD	LUCKY-LIGHT	icpdf		可见光 LED	3毫米圆头跟法兰型超红的LED技术数据表	icpdf:category2=可见光 LED	light_emitter/led	optoelectronics_icpdf_led_visible_c2_v1	2	https://www.digikey.cn/zh/products?keywords=LL-304VC4B-V1-2BD	led	https://www.xcc.com/search.html?keyword=LL-304VC4B-V1-2BD	(待查)	Y	consistent	none
CCL-CRS10G	LUMEX	icpdf		可见光 LED		icpdf:category2=可见光 LED	light_emitter/led	optoelectronics_icpdf_led_visible_c2_v1	2	https://www.digikey.cn/zh/products?keywords=CCL-CRS10G	led (LED 指示 - 分立式)	https://www.xcc.com/search.html?keyword=CCL-CRS10G	(待查)	Y	consistent	none
CCL-CRS10R	LUMEX	icpdf		可见光 LED		icpdf:category2=可见光 LED	light_emitter/led	optoelectronics_icpdf_led_visible_c2_v1	2	https://www.digikey.cn/zh/products?keywords=CCL-CRS10R	led (LED 指示 - 分立式)	https://www.xcc.com/search.html?keyword=CCL-CRS10R	(待查)	Y	consistent	none
CCL-CRS10USB-A	LUMEX	icpdf		可见光 LED		icpdf:category2=可见光 LED	light_emitter/led	optoelectronics_icpdf_led_visible_c2_v1	2	https://www.digikey.cn/zh/products?keywords=CCL-CRS10USB-A	led (LED 指示 - 分立式)	https://www.xcc.com/search.html?keyword=CCL-CRS10USB-A	(待查)	Y	consistent	none
CCL-LX45GT	LUMEX	icpdf		可见光 LED	ECN编号和版本评论	icpdf:category2=可见光 LED	light_emitter/led	optoelectronics_icpdf_led_visible_c2_v1	2	https://www.digikey.cn/zh/products?keywords=CCL-LX45GT	led (LED 指示 - 分立式)	https://www.xcc.com/search.html?keyword=CCL-LX45GT	(待查)	Y	consistent	none
CCL-LX45IT	LUMEX	icpdf		可见光 LED		icpdf:category2=可见光 LED	light_emitter/led	optoelectronics_icpdf_led_visible_c2_v1	2	https://www.digikey.cn/zh/products?keywords=CCL-LX45IT	led (LED 指示 - 分立式)	https://www.xcc.com/search.html?keyword=CCL-LX45IT	(待查)	Y	consistent	none
A1DL-S627L	LUMILEDS	icpdf		可见光 LED		icpdf:category2=可见光 LED	light_emitter/led	optoelectronics_icpdf_led_visible_c2_v1	2	https://www.digikey.cn/zh/products?keywords=A1DL-S627L	led	https://www.xcc.com/search.html?keyword=A1DL-S627L	(待查)	Y	consistent	none
A1DL-S627L12U3AF00	LUMILEDS	icpdf		可见光 LED		icpdf:category2=可见光 LED	light_emitter/led	optoelectronics_icpdf_led_visible_c2_v1	2	https://www.digikey.cn/zh/products?keywords=A1DL-S627L12U3AF00	led	https://www.xcc.com/search.html?keyword=A1DL-S627L12U3AF00	(待查)	Y	consistent	none
HPWA-DH00	LUMILEDS	icpdf		可见光 LED	食人鱼LED灯	icpdf:category2=可见光 LED	light_emitter/led	optoelectronics_icpdf_led_visible_c2_v1	2	https://www.digikey.cn/zh/products?keywords=HPWA-DH00	led	https://www.xcc.com/search.html?keyword=HPWA-DH00	(待查)	Y	consistent	none
HPWA-DH00-B4000	LUMILEDS	icpdf		可见光 LED		icpdf:category2=可见光 LED	light_emitter/led	optoelectronics_icpdf_led_visible_c2_v1	2	https://www.digikey.cn/zh/products?keywords=HPWA-DH00-B4000	led	https://www.xcc.com/search.html?keyword=HPWA-DH00-B4000	(待查)	Y	consistent	none
HPWA-DH02-B4000	LUMILEDS	icpdf		可见光 LED	无铅食人鱼LED灯	icpdf:category2=可见光 LED	light_emitter/led	optoelectronics_icpdf_led_visible_c2_v1	2	https://www.digikey.cn/zh/products?keywords=HPWA-DH02-B4000	led	https://www.xcc.com/search.html?keyword=HPWA-DH02-B4000	(待查)	Y	consistent	none
CBT-90-B-L11-G100	LUMINUS	icpdf	高亮度LED	可见光 LED		icpdf:category2=可见光 LED; category=高亮度LED	light_emitter/led	optoelectronics_icpdf_led_visible_c2_v1	2	https://www.digikey.cn/zh/products?keywords=CBT-90-B-L11-G100	led (LED COB、引擎、模块、灯条)	https://www.xcc.com/search.html?keyword=CBT-90-B-L11-G100	(待查)	Y	consistent	none
CBT-90-G-L11-CK100	LUMINUS	icpdf		可见光 LED		icpdf:category2=可见光 LED	light_emitter/led	optoelectronics_icpdf_led_visible_c2_v1	2	https://www.digikey.cn/zh/products?keywords=CBT-90-G-L11-CK100	led (LED COB、引擎、模块、灯条)	https://www.xcc.com/search.html?keyword=CBT-90-G-L11-CK100	(待查)	Y	consistent	none
CHM-11-65-80-36-XH20-F3-3	LUMINUS	icpdf		可见光 LED		icpdf:category2=可见光 LED	light_emitter/led	optoelectronics_icpdf_led_visible_c2_v1	2	https://www.digikey.cn/zh/products?keywords=CHM-11-65-80-36-XH20-F3-3	led (LED COB、引擎、模块、灯条)	https://www.xcc.com/search.html?keyword=CHM-11-65-80-36-XH20-F3-3	(待查)	Y	consistent	none
CHM-11-65-80-36-XH20-F3-5	LUMINUS	icpdf		可见光 LED		icpdf:category2=可见光 LED	light_emitter/led	optoelectronics_icpdf_led_visible_c2_v1	2	https://www.digikey.cn/zh/products?keywords=CHM-11-65-80-36-XH20-F3-5	led (LED COB、引擎、模块、灯条)	https://www.xcc.com/search.html?keyword=CHM-11-65-80-36-XH20-F3-5	(待查)	Y	consistent	none
CHM-14-27-80-36-XH20-F3-3	LUMINUS	icpdf		可见光 LED		icpdf:category2=可见光 LED	light_emitter/led	optoelectronics_icpdf_led_visible_c2_v1	2	https://www.digikey.cn/zh/products?keywords=CHM-14-27-80-36-XH20-F3-3	led (LED COB、引擎、模块、灯条)	https://www.xcc.com/search.html?keyword=CHM-14-27-80-36-XH20-F3-3	(待查)	Y	consistent	none
CR10A	MARKTECH	icpdf		可见光 LED	琥珀180 ？角陶瓷芯片	icpdf:category2=可见光 LED	light_emitter/led	optoelectronics_icpdf_led_visible_c2_v1	2	https://www.digikey.cn/zh/products?keywords=CR10A	led	https://www.xcc.com/search.html?keyword=CR10A	(待查)	Y	consistent	none
CR10SG	MARKTECH	icpdf		可见光 LED		icpdf:category2=可见光 LED	light_emitter/led	optoelectronics_icpdf_led_visible_c2_v1	2	https://www.digikey.cn/zh/products?keywords=CR10SG	led	https://www.xcc.com/search.html?keyword=CR10SG	(待查)	Y	consistent	none
CR10YG	MARKTECH	icpdf		可见光 LED	黄绿色180 ？角陶瓷芯片	icpdf:category2=可见光 LED	light_emitter/led	optoelectronics_icpdf_led_visible_c2_v1	2	https://www.digikey.cn/zh/products?keywords=CR10YG	led	https://www.xcc.com/search.html?keyword=CR10YG	(待查)	Y	consistent	none
CR12YG	MARKTECH	icpdf		可见光 LED		icpdf:category2=可见光 LED	light_emitter/led	optoelectronics_icpdf_led_visible_c2_v1	2	https://www.digikey.cn/zh/products?keywords=CR12YG	led	https://www.xcc.com/search.html?keyword=CR12YG	(待查)	Y	consistent	none
LC307PBG1-30Q-A3	MARKTECH	icpdf		可见光 LED	的InGaN蓝绿色超高亮度LED 3毫米	icpdf:category2=可见光 LED	light_emitter/led	optoelectronics_icpdf_led_visible_c2_v1	2	https://www.digikey.cn/zh/products?keywords=LC307PBG1-30Q-A3	led	https://www.xcc.com/search.html?keyword=LC307PBG1-30Q-A3	(待查)	Y	consistent	none
01-101-214-20	MARL	icpdf		可见光 LED		icpdf:category2=可见光 LED	light_emitter/led	optoelectronics_icpdf_led_visible_c2_v1	2	https://www.digikey.cn/zh/products?keywords=01-101-214-20	led	https://www.xcc.com/search.html?keyword=01-101-214-20	(待查)	Y	consistent	none
01-103-305-04	MARL	icpdf		可见光 LED		icpdf:category2=可见光 LED	light_emitter/led	optoelectronics_icpdf_led_visible_c2_v1	2	https://www.digikey.cn/zh/products?keywords=01-103-305-04	led	https://www.xcc.com/search.html?keyword=01-103-305-04	(待查)	Y	consistent	none
01-103-330-04	MARL	icpdf		可见光 LED		icpdf:category2=可见光 LED	light_emitter/led	optoelectronics_icpdf_led_visible_c2_v1	2	https://www.digikey.cn/zh/products?keywords=01-103-330-04	led	https://www.xcc.com/search.html?keyword=01-103-330-04	(待查)	Y	consistent	none
01-103-381-20	MARL	icpdf		可见光 LED		icpdf:category2=可见光 LED	light_emitter/led	optoelectronics_icpdf_led_visible_c2_v1	2	https://www.digikey.cn/zh/products?keywords=01-103-381-20	led	https://www.xcc.com/search.html?keyword=01-103-381-20	(待查)	Y	consistent	none
01-107-305-04	MARL	icpdf		可见光 LED		icpdf:category2=可见光 LED	light_emitter/led	optoelectronics_icpdf_led_visible_c2_v1	2	https://www.digikey.cn/zh/products?keywords=01-107-305-04	led	https://www.xcc.com/search.html?keyword=01-107-305-04	(待查)	Y	consistent	none
L72CB/1G1YDA	MICRO-ELECTRONICS	icpdf		可见光 LED		icpdf:category2=可见光 LED	light_emitter/led	optoelectronics_icpdf_led_visible_c2_v1	2	https://www.digikey.cn/zh/products?keywords=L72CB/1G1YDA	led	https://www.xcc.com/search.html?keyword=L72CB/1G1YDA	(待查)	Y	consistent	none
L72CB/1G1YDA-2	MICRO-ELECTRONICS	icpdf		可见光 LED		icpdf:category2=可见光 LED	light_emitter/led	optoelectronics_icpdf_led_visible_c2_v1	2	https://www.digikey.cn/zh/products?keywords=L72CB/1G1YDA-2	led	https://www.xcc.com/search.html?keyword=L72CB/1G1YDA-2	(待查)	Y	consistent	none
L72CB/1G1YDA-2L	MICRO-ELECTRONICS	icpdf		可见光 LED		icpdf:category2=可见光 LED	light_emitter/led	optoelectronics_icpdf_led_visible_c2_v1	2	https://www.digikey.cn/zh/products?keywords=L72CB/1G1YDA-2L	led	https://www.xcc.com/search.html?keyword=L72CB/1G1YDA-2L	(待查)	Y	consistent	none
L72CB/1G1YDA-L	MICRO-ELECTRONICS	icpdf		可见光 LED		icpdf:category2=可见光 LED	light_emitter/led	optoelectronics_icpdf_led_visible_c2_v1	2	https://www.digikey.cn/zh/products?keywords=L72CB/1G1YDA-L	led	https://www.xcc.com/search.html?keyword=L72CB/1G1YDA-L	(待查)	Y	consistent	none
L72CB/1GDA	MICRO-ELECTRONICS	icpdf		可见光 LED		icpdf:category2=可见光 LED	light_emitter/led	optoelectronics_icpdf_led_visible_c2_v1	2	https://www.digikey.cn/zh/products?keywords=L72CB/1GDA	led	https://www.xcc.com/search.html?keyword=L72CB/1GDA	(待查)	Y	consistent	none
ME7021	MITSUBISHI	icpdf		红外 LED		icpdf:category2=红外 LED	light_emitter/led	optoelectronics_icpdf_led_ir_c2_v1	2	https://www.digikey.cn/zh/products?keywords=ME7021	led	https://www.xcc.com/search.html?keyword=ME7021	(待查)	Y	consistent	none
MLED76	MOTOROLA	icpdf		可见光 LED		icpdf:category2=可见光 LED	light_emitter/led	optoelectronics_icpdf_led_visible_c2_v1	2	https://www.digikey.cn/zh/products?keywords=MLED76	led	https://www.xcc.com/search.html?keyword=MLED76	(待查)	Y	consistent	none
MLEDC1000CP	MOTOROLA	icpdf		红外 LED		icpdf:category2=红外 LED	light_emitter/led	optoelectronics_icpdf_led_ir_c2_v1	2	https://www.digikey.cn/zh/products?keywords=MLEDC1000CP	led	https://www.xcc.com/search.html?keyword=MLEDC1000CP	(待查)	Y	consistent	none
FL1M-8SJ-3-Y24V	MSPI	icpdf		可见光 LED		icpdf:category2=可见光 LED	light_emitter/led	optoelectronics_icpdf_led_visible_c2_v1	2	https://www.digikey.cn/zh/products?keywords=FL1M-8SJ-3-Y24V	led	https://www.xcc.com/search.html?keyword=FL1M-8SJ-3-Y24V	(待查)	Y	consistent	none
SE303A-C	NEC	icpdf		红外 LED		icpdf:category2=红外 LED	light_emitter/led	optoelectronics_icpdf_led_ir_c2_v1	2	https://www.digikey.cn/zh/products?keywords=SE303A-C	led	https://www.xcc.com/search.html?keyword=SE303A-C	(待查)	Y	consistent	none
SR106D	NEC	icpdf		可见光 LED		icpdf:category2=可见光 LED	light_emitter/led	optoelectronics_icpdf_led_visible_c2_v1	2	https://www.digikey.cn/zh/products?keywords=SR106D	led	https://www.xcc.com/search.html?keyword=SR106D	(待查)	Y	consistent	none
NCSA170BT	NICHIA	icpdf		可见光 LED		icpdf:category2=可见光 LED	light_emitter/led	optoelectronics_icpdf_led_visible_c2_v1	2	https://www.digikey.cn/zh/products?keywords=NCSA170BT	led	https://www.xcc.com/search.html?keyword=NCSA170BT	(待查)	Y	consistent	none
NCSL119T-H1	NICHIA	icpdf		可见光 LED		icpdf:category2=可见光 LED	light_emitter/led	optoelectronics_icpdf_led_visible_c2_v1	2	https://www.digikey.cn/zh/products?keywords=NCSL119T-H1	led	https://www.xcc.com/search.html?keyword=NCSL119T-H1	(待查)	Y	consistent	none
NCSL119T-H3	NICHIA	icpdf		可见光 LED		icpdf:category2=可见光 LED	light_emitter/led	optoelectronics_icpdf_led_visible_c2_v1	2	https://www.digikey.cn/zh/products?keywords=NCSL119T-H3	led	https://www.xcc.com/search.html?keyword=NCSL119T-H3	(待查)	Y	consistent	none
NCSL219AT-H1	NICHIA	icpdf		可见光 LED		icpdf:category2=可见光 LED	light_emitter/led	optoelectronics_icpdf_led_visible_c2_v1	2	https://www.digikey.cn/zh/products?keywords=NCSL219AT-H1	led	https://www.xcc.com/search.html?keyword=NCSL219AT-H1	(待查)	Y	consistent	none
NCSL219BT	NICHIA	icpdf		可见光 LED	规格暖白光LED	icpdf:category2=可见光 LED	light_emitter/led	optoelectronics_icpdf_led_visible_c2_v1	2	https://www.digikey.cn/zh/products?keywords=NCSL219BT	led	https://www.xcc.com/search.html?keyword=NCSL219BT	(待查)	Y	consistent	none
ECG3020	NTE	icpdf		可见光 LED		icpdf:category2=可见光 LED	light_emitter/led	optoelectronics_icpdf_led_visible_c2_v1	2	https://www.digikey.cn/zh/products?keywords=ECG3020	led	https://www.xcc.com/search.html?keyword=ECG3020	(待查)	Y	consistent	none
ECG3022	NTE	icpdf		可见光 LED		icpdf:category2=可见光 LED	light_emitter/led	optoelectronics_icpdf_led_visible_c2_v1	2	https://www.digikey.cn/zh/products?keywords=ECG3022	led	https://www.xcc.com/search.html?keyword=ECG3022	(待查)	Y	consistent	none
ECG3023	NTE	icpdf		可见光 LED		icpdf:category2=可见光 LED	light_emitter/led	optoelectronics_icpdf_led_visible_c2_v1	2	https://www.digikey.cn/zh/products?keywords=ECG3023	led	https://www.xcc.com/search.html?keyword=ECG3023	(待查)	Y	consistent	none
ECG3024	NTE	icpdf		可见光 LED		icpdf:category2=可见光 LED	light_emitter/led	optoelectronics_icpdf_led_visible_c2_v1	2	https://www.digikey.cn/zh/products?keywords=ECG3024	led	https://www.xcc.com/search.html?keyword=ECG3024	(待查)	Y	consistent	none
ECG3115	NTE	icpdf		可见光 LED		icpdf:category2=可见光 LED	light_emitter/led	optoelectronics_icpdf_led_visible_c2_v1	2	https://www.digikey.cn/zh/products?keywords=ECG3115	led	https://www.xcc.com/search.html?keyword=ECG3115	(待查)	Y	consistent	none
BD-1801R	OKAYA	icpdf		可见光 LED		icpdf:category2=可见光 LED	light_emitter/led	optoelectronics_icpdf_led_visible_c2_v1	2	https://www.digikey.cn/zh/products?keywords=BD-1801R	led	https://www.xcc.com/search.html?keyword=BD-1801R	(待查)	Y	consistent	none
OLD122B	OKI	icpdf		红外 LED		icpdf:category2=红外 LED	light_emitter/led	optoelectronics_icpdf_led_ir_c2_v1	2	https://www.digikey.cn/zh/products?keywords=OLD122B	led	https://www.xcc.com/search.html?keyword=OLD122B	(待查)	Y	consistent	none
AR0134CSSM00SPCA0-DPBR1	ONSEMI	icpdf	光电器件			icpdf:category=光电器件	light_emitter/led	optoelectronics_icpdf_opto_device_cat_v1	2	https://www.digikey.cn/zh/products?keywords=AR0134CSSM00SPCA0-DPBR1	non_opto	https://www.xcc.com/search.html?keyword=AR0134CSSM00SPCA0-DPBR1	(待查)	N	mall_inconsistent	gateway_leak:弱category=光电器件且无prajson2信号
AR0140AT3C00XUEA0-DPBR1	ONSEMI	icpdf	光电器件			icpdf:category=光电器件	light_emitter/led	optoelectronics_icpdf_opto_device_cat_v1	2	https://www.digikey.cn/zh/products?keywords=AR0140AT3C00XUEA0-DPBR1	non_opto	https://www.xcc.com/search.html?keyword=AR0140AT3C00XUEA0-DPBR1	(待查)	N	mall_inconsistent	gateway_leak:弱category=光电器件且无prajson2信号
P1326	ONSEMI	icpdf		可见光 LED		icpdf:category2=可见光 LED	light_emitter/led	optoelectronics_icpdf_led_visible_c2_v1	2	https://www.digikey.cn/zh/products?keywords=P1326	led	https://www.xcc.com/search.html?keyword=P1326	(待查)	Y	consistent	none
QEB363	ONSEMI	icpdf		红外 LED		icpdf:category2=红外 LED	light_emitter/led	optoelectronics_icpdf_led_ir_c2_v1	2	https://www.digikey.cn/zh/products?keywords=QEB363	led (LED 发射器 - 红外，紫外，可见光)	https://www.xcc.com/search.html?keyword=QEB363	(待查)	Y	consistent	none
QEB363GR	ONSEMI	icpdf	LED	红外 LED		icpdf:category2=红外 LED; category=LED	light_emitter/led	optoelectronics_icpdf_led_ir_c2_v1	2	https://www.digikey.cn/zh/products?keywords=QEB363GR	led (LED 发射器 - 红外，紫外，可见光)	https://www.xcc.com/search.html?keyword=QEB363GR	(待查)	Y	consistent	none
131254-970	OSA	icpdf		红外 LED		icpdf:category2=红外 LED	light_emitter/led	optoelectronics_icpdf_led_ir_c2_v1	2	https://www.digikey.cn/zh/products?keywords=131254-970	led	https://www.xcc.com/search.html?keyword=131254-970	(待查)	Y	consistent	none
150234-1050	OSA	icpdf		红外 LED		icpdf:category2=红外 LED	light_emitter/led	optoelectronics_icpdf_led_ir_c2_v1	2	https://www.digikey.cn/zh/products?keywords=150234-1050	led	https://www.xcc.com/search.html?keyword=150234-1050	(待查)	Y	consistent	none
150234-1060	OSA	icpdf		红外 LED		icpdf:category2=红外 LED	light_emitter/led	optoelectronics_icpdf_led_ir_c2_v1	2	https://www.digikey.cn/zh/products?keywords=150234-1060	led	https://www.xcc.com/search.html?keyword=150234-1060	(待查)	Y	consistent	none
EOLD-1060-525	OSA	icpdf		红外 LED		icpdf:category2=红外 LED	light_emitter/led	optoelectronics_icpdf_led_ir_c2_v1	2	https://www.digikey.cn/zh/products?keywords=EOLD-1060-525	led	https://www.xcc.com/search.html?keyword=EOLD-1060-525	(待查)	Y	consistent	none
EOLD-1300-525	OSA	icpdf		红外 LED		icpdf:category2=红外 LED	light_emitter/led	optoelectronics_icpdf_led_ir_c2_v1	2	https://www.digikey.cn/zh/products?keywords=EOLD-1300-525	led	https://www.xcc.com/search.html?keyword=EOLD-1300-525	(待查)	Y	consistent	none
F0094U	OSRAM	icpdf		红外 LED	的GaAs红外发光二极管（ 950纳米， 12密耳）的	icpdf:category2=红外 LED	light_emitter/led	optoelectronics_icpdf_led_ir_c2_v1	2	https://www.digikey.cn/zh/products?keywords=F0094U	led	https://www.xcc.com/search.html?keyword=F0094U	(待查)	Y	consistent	none
F0094V	OSRAM	icpdf		红外 LED	的GaAs红外发光二极管（ 950纳米， 12密耳）的	icpdf:category2=红外 LED	light_emitter/led	optoelectronics_icpdf_led_ir_c2_v1	2	https://www.digikey.cn/zh/products?keywords=F0094V	led	https://www.xcc.com/search.html?keyword=F0094V	(待查)	Y	consistent	none
F2000D	OSRAM	icpdf		可见光 LED	InGaAlP系，高亮度， Lumineszenzdiode （ 617nm ，大电流和磁场）的InGaAlP高亮度LED（ 617nm ，大电流和磁场）	icpdf:category2=可见光 LED	light_emitter/led	optoelectronics_icpdf_led_visible_c2_v1	2	https://www.digikey.cn/zh/products?keywords=F2000D	led	https://www.xcc.com/search.html?keyword=F2000D	(待查)	Y	consistent	none
GACSHPM1.23-KSKU-W3	OSRAM	icpdf		可见光 LED		icpdf:category2=可见光 LED	light_emitter/led	optoelectronics_icpdf_led_visible_c2_v1	2	https://www.digikey.cn/zh/products?keywords=GACSHPM1.23-KSKU-W3	led	https://www.xcc.com/search.html?keyword=GACSHPM1.23-KSKU-W3	(待查)	Y	consistent	none
GDDASPA2.14-ROSK-24-LM	OSRAM	icpdf		可见光 LED		icpdf:category2=可见光 LED	light_emitter/led	optoelectronics_icpdf_led_visible_c2_v1	2	https://www.digikey.cn/zh/products?keywords=GDDASPA2.14-ROSK-24-LM	led	https://www.xcc.com/search.html?keyword=GDDASPA2.14-ROSK-24-LM	(待查)	Y	consistent	none
PL0018-WCW24Z	P-TEC	icpdf		可见光 LED	超亮白边查看SMD LED	icpdf:category2=可见光 LED	light_emitter/led	optoelectronics_icpdf_led_visible_c2_v1	2	https://www.digikey.cn/zh/products?keywords=PL0018-WCW24Z	led	https://www.xcc.com/search.html?keyword=PL0018-WCW24Z	(待查)	Y	consistent	none
PL00182-WCRG2713	P-TEC	icpdf		其他光电器件	双色SMD LED封装1210	icpdf:category2=其他光电器件	light_emitter/led	optoelectronics_icpdf_led_note_other_c2_v1	2	https://www.digikey.cn/zh/products?keywords=PL00182-WCRG2713	led	https://www.xcc.com/search.html?keyword=PL00182-WCRG2713	(待查)	Y	consistent	none
PL00200-WCA04	P-TEC	icpdf		可见光 LED	SMD LED封装1206	icpdf:category2=可见光 LED	light_emitter/led	optoelectronics_icpdf_led_visible_c2_v1	2	https://www.digikey.cn/zh/products?keywords=PL00200-WCA04	led	https://www.xcc.com/search.html?keyword=PL00200-WCA04	(待查)	Y	consistent	none
PL00200-WCB08	P-TEC	icpdf		可见光 LED	SMD LED封装1206	icpdf:category2=可见光 LED	light_emitter/led	optoelectronics_icpdf_led_visible_c2_v1	2	https://www.digikey.cn/zh/products?keywords=PL00200-WCB08	led	https://www.xcc.com/search.html?keyword=PL00200-WCB08	(待查)	Y	consistent	none
PL00200-WCG05	P-TEC	icpdf		可见光 LED	SMD LED封装1206	icpdf:category2=可见光 LED	light_emitter/led	optoelectronics_icpdf_led_visible_c2_v1	2	https://www.digikey.cn/zh/products?keywords=PL00200-WCG05	led	https://www.xcc.com/search.html?keyword=PL00200-WCG05	(待查)	Y	consistent	none
LN01201C(Q)-(L)	PANASONIC	icpdf		可见光 LED		icpdf:category2=可见光 LED	light_emitter/led	optoelectronics_icpdf_led_visible_c2_v1	2	https://www.digikey.cn/zh/products?keywords=LN01201C(Q)-(L)	led	https://www.xcc.com/search.html?keyword=LN01201C(Q)-(L)	(待查)	Y	consistent	none
LN01201CQ	PANASONIC	icpdf		可见光 LED		icpdf:category2=可见光 LED	light_emitter/led	optoelectronics_icpdf_led_visible_c2_v1	2	https://www.digikey.cn/zh/products?keywords=LN01201CQ	led	https://www.xcc.com/search.html?keyword=LN01201CQ	(待查)	Y	consistent	none
LN01301C(Q)-(L)	PANASONIC	icpdf		可见光 LED		icpdf:category2=可见光 LED	light_emitter/led	optoelectronics_icpdf_led_visible_c2_v1	2	https://www.digikey.cn/zh/products?keywords=LN01301C(Q)-(L)	led	https://www.xcc.com/search.html?keyword=LN01301C(Q)-(L)	(待查)	Y	consistent	none
LN01303C-(L)	PANASONIC	icpdf		可见光 LED		icpdf:category2=可见光 LED	light_emitter/led	optoelectronics_icpdf_led_visible_c2_v1	2	https://www.digikey.cn/zh/products?keywords=LN01303C-(L)	led	https://www.xcc.com/search.html?keyword=LN01303C-(L)	(待查)	Y	consistent	none
LN01401C(Q)-(L)	PANASONIC	icpdf		可见光 LED		icpdf:category2=可见光 LED	light_emitter/led	optoelectronics_icpdf_led_visible_c2_v1	2	https://www.digikey.cn/zh/products?keywords=LN01401C(Q)-(L)	led	https://www.xcc.com/search.html?keyword=LN01401C(Q)-(L)	(待查)	Y	consistent	none
A-1804E	PARALIGHT	icpdf		可见光 LED		icpdf:category2=可见光 LED	light_emitter/led	optoelectronics_icpdf_led_visible_c2_v1	2	https://www.digikey.cn/zh/products?keywords=A-1804E	led	https://www.xcc.com/search.html?keyword=A-1804E	(待查)	Y	consistent	none
A-1804G	PARALIGHT	icpdf		可见光 LED		icpdf:category2=可见光 LED	light_emitter/led	optoelectronics_icpdf_led_visible_c2_v1	2	https://www.digikey.cn/zh/products?keywords=A-1804G	led	https://www.xcc.com/search.html?keyword=A-1804G	(待查)	Y	consistent	none
A-1804SR	PARALIGHT	icpdf		可见光 LED		icpdf:category2=可见光 LED	light_emitter/led	optoelectronics_icpdf_led_visible_c2_v1	2	https://www.digikey.cn/zh/products?keywords=A-1804SR	led	https://www.xcc.com/search.html?keyword=A-1804SR	(待查)	Y	consistent	none
A-1804Y	PARALIGHT	icpdf		可见光 LED		icpdf:category2=可见光 LED	light_emitter/led	optoelectronics_icpdf_led_visible_c2_v1	2	https://www.digikey.cn/zh/products?keywords=A-1804Y	led	https://www.xcc.com/search.html?keyword=A-1804Y	(待查)	Y	consistent	none
A-2304E	PARALIGHT	icpdf		可见光 LED		icpdf:category2=可见光 LED	light_emitter/led	optoelectronics_icpdf_led_visible_c2_v1	2	https://www.digikey.cn/zh/products?keywords=A-2304E	led	https://www.xcc.com/search.html?keyword=A-2304E	(待查)	Y	consistent	none
C1943P	PERKINELMER	icpdf		可见光 LED	通道光电倍增管	icpdf:category2=可见光 LED	light_emitter/led	optoelectronics_icpdf_led_visible_c2_v1	2	https://www.digikey.cn/zh/products?keywords=C1943P	led	https://www.xcc.com/search.html?keyword=C1943P	(待查)	Y	consistent	none
VTE1281W-1	PERKINELMER	icpdf		红外 LED	GaAlAs的红外发光二极管	icpdf:category2=红外 LED	light_emitter/led	optoelectronics_icpdf_led_ir_c2_v1	2	https://www.digikey.cn/zh/products?keywords=VTE1281W-1	led	https://www.xcc.com/search.html?keyword=VTE1281W-1	(待查)	Y	consistent	none
ECG3116	PHILIPS	icpdf		可见光 LED		icpdf:category2=可见光 LED	light_emitter/led	optoelectronics_icpdf_led_visible_c2_v1	2	https://www.digikey.cn/zh/products?keywords=ECG3116	led	https://www.xcc.com/search.html?keyword=ECG3116	(待查)	Y	consistent	none
AND-2307GAL	PURDY	icpdf		其他光电器件		icpdf:category2=其他光电器件	light_emitter/led	optoelectronics_icpdf_led_subcat_display_other_c2_v1	2	https://www.digikey.cn/zh/products?keywords=AND-2307GAL	(待查)	https://www.xcc.com/search.html?keyword=AND-2307GAL	(待查)	Y	consistent	none;信号=7 SEG NUMERIC LED DISPLAY
AND-2307SAL	PURDY	icpdf		其他光电器件		icpdf:category2=其他光电器件	light_emitter/led	optoelectronics_icpdf_led_subcat_display_other_c2_v1	2	https://www.digikey.cn/zh/products?keywords=AND-2307SAL	(待查)	https://www.xcc.com/search.html?keyword=AND-2307SAL	(待查)	Y	consistent	none;信号=7 SEG NUMERIC LED DISPLAY
AND-2307SCL	PURDY	icpdf		其他光电器件		icpdf:category2=其他光电器件	light_emitter/led	optoelectronics_icpdf_led_subcat_display_other_c2_v1	2	https://www.digikey.cn/zh/products?keywords=AND-2307SCL	(待查)	https://www.xcc.com/search.html?keyword=AND-2307SCL	(待查)	Y	consistent	none;信号=7 SEG NUMERIC LED DISPLAY
AND-4310GAL	PURDY	icpdf		其他光电器件		icpdf:category2=其他光电器件	light_emitter/led	optoelectronics_icpdf_led_subcat_display_other_c2_v1	2	https://www.digikey.cn/zh/products?keywords=AND-4310GAL	(待查)	https://www.xcc.com/search.html?keyword=AND-4310GAL	(待查)	Y	consistent	none;信号=7 SEG NUMERIC LED DISPLAY
AND-4310GCL	PURDY	icpdf		其他光电器件		icpdf:category2=其他光电器件	light_emitter/led	optoelectronics_icpdf_led_subcat_display_other_c2_v1	2	https://www.digikey.cn/zh/products?keywords=AND-4310GCL	(待查)	https://www.xcc.com/search.html?keyword=AND-4310GCL	(待查)	Y	consistent	none;信号=7 SEG NUMERIC LED DISPLAY
HLP40RGD	RENESAS	icpdf		红外 LED		icpdf:category2=红外 LED	light_emitter/led	optoelectronics_icpdf_led_ir_c2_v1	2	https://www.digikey.cn/zh/products?keywords=HLP40RGD	led	https://www.xcc.com/search.html?keyword=HLP40RGD	(待查)	Y	consistent	none
OD8365DA	RENESAS	icpdf		红外 LED		icpdf:category2=红外 LED	light_emitter/led	optoelectronics_icpdf_led_ir_c2_v1	2	https://www.digikey.cn/zh/products?keywords=OD8365DA	led	https://www.xcc.com/search.html?keyword=OD8365DA	(待查)	Y	consistent	none
CSL0201DT1	ROHM	icpdf		可见光 LED		icpdf:category2=可见光 LED	light_emitter/led	optoelectronics_icpdf_led_visible_c2_v1	2	https://www.digikey.cn/zh/products?keywords=CSL0201DT1	led	https://www.xcc.com/search.html?keyword=CSL0201DT1	(待查)	Y	consistent	none
CSL0406WBCW1	ROHM	icpdf	发光二极管			icpdf:category=发光二极管	light_emitter/led	optoelectronics_icpdf_led_cat_v1	2	https://www.digikey.cn/zh/products?keywords=CSL0406WBCW1	led (LED 指示 - 分立式)	https://www.xcc.com/search.html?keyword=CSL0406WBCW1	(待查)	Y	consistent	none
CSL0701DT5	ROHM	icpdf		可见光 LED		icpdf:category2=可见光 LED	light_emitter/led	optoelectronics_icpdf_led_visible_c2_v1	2	https://www.digikey.cn/zh/products?keywords=CSL0701DT5	led (LED 指示 - 分立式)	https://www.xcc.com/search.html?keyword=CSL0701DT5	(待查)	Y	consistent	none
CSL0701UT5	ROHM	icpdf		可见光 LED		icpdf:category2=可见光 LED	light_emitter/led	optoelectronics_icpdf_led_visible_c2_v1	2	https://www.digikey.cn/zh/products?keywords=CSL0701UT5	led (LED 指示 - 分立式)	https://www.xcc.com/search.html?keyword=CSL0701UT5	(待查)	Y	consistent	none
CSL0901DT	ROHM	icpdf		可见光 LED		icpdf:category2=可见光 LED	light_emitter/led	optoelectronics_icpdf_led_visible_c2_v1	2	https://www.digikey.cn/zh/products?keywords=CSL0901DT	led	https://www.xcc.com/search.html?keyword=CSL0901DT	(待查)	Y	consistent	none
23-21UBGC/TR8	ROITHNER	icpdf		可见光 LED	反向套餐LED芯片	icpdf:category2=可见光 LED	light_emitter/led	optoelectronics_icpdf_led_visible_c2_v1	2	https://www.digikey.cn/zh/products?keywords=23-21UBGC/TR8	led	https://www.xcc.com/search.html?keyword=23-21UBGC/TR8	(待查)	Y	consistent	none
333-2UBC/C430	ROITHNER	icpdf		可见光 LED	T-1 3/4 （5毫米）高亮度LED	icpdf:category2=可见光 LED	light_emitter/led	optoelectronics_icpdf_led_visible_c2_v1	2	https://www.digikey.cn/zh/products?keywords=333-2UBC/C430	led	https://www.xcc.com/search.html?keyword=333-2UBC/C430	(待查)	Y	consistent	none
35L3-HB-60	ROITHNER	icpdf		可见光 LED	大功率LED	icpdf:category2=可见光 LED	light_emitter/led	optoelectronics_icpdf_led_visible_c2_v1	2	https://www.digikey.cn/zh/products?keywords=35L3-HB-60	led	https://www.xcc.com/search.html?keyword=35L3-HB-60	(待查)	Y	consistent	none
35L3-HG-60	ROITHNER	icpdf		可见光 LED	大功率LED	icpdf:category2=可见光 LED	light_emitter/led	optoelectronics_icpdf_led_visible_c2_v1	2	https://www.digikey.cn/zh/products?keywords=35L3-HG-60	led	https://www.xcc.com/search.html?keyword=35L3-HG-60	(待查)	Y	consistent	none
35L3-HR-60	ROITHNER	icpdf		可见光 LED	大功率LED	icpdf:category2=可见光 LED	light_emitter/led	optoelectronics_icpdf_led_visible_c2_v1	2	https://www.digikey.cn/zh/products?keywords=35L3-HR-60	led	https://www.xcc.com/search.html?keyword=35L3-HR-60	(待查)	Y	consistent	none
LTM150XH-L01	SAMSUNG	icpdf		其他光电器件	TFT LCD	icpdf:category2=其他光电器件	light_emitter/led	optoelectronics_icpdf_led_subcat_display_other_c2_v1	2	https://www.digikey.cn/zh/products?keywords=LTM150XH-L01	(待查)	https://www.xcc.com/search.html?keyword=LTM150XH-L01	(待查)	Y	consistent	none;信号=子类别:Displays
LTM150XH-L06	SAMSUNG	icpdf		其他光电器件		icpdf:category2=其他光电器件	light_emitter/led	optoelectronics_icpdf_led_subcat_display_other_c2_v1	2	https://www.digikey.cn/zh/products?keywords=LTM150XH-L06	(待查)	https://www.xcc.com/search.html?keyword=LTM150XH-L06	(待查)	Y	consistent	none;信号=子类别:Displays
LTM213U4-L01	SAMSUNG	icpdf		其他光电器件		icpdf:category2=其他光电器件	light_emitter/led	optoelectronics_icpdf_led_subcat_display_other_c2_v1	2	https://www.digikey.cn/zh/products?keywords=LTM213U4-L01	(待查)	https://www.xcc.com/search.html?keyword=LTM213U4-L01	(待查)	Y	consistent	none;信号=子类别:Displays
SCP7PT78HPL1PLS06E	SAMSUNG	icpdf		可见光 LED		icpdf:category2=可见光 LED	light_emitter/led	optoelectronics_icpdf_led_visible_c2_v1	2	https://www.digikey.cn/zh/products?keywords=SCP7PT78HPL1PLS06E	led (LED 白光照明)	https://www.xcc.com/search.html?keyword=SCP7PT78HPL1PLS06E	(待查)	Y	consistent	none
SCP7TT78HEL1TLS06E	SAMSUNG	icpdf		可见光 LED		icpdf:category2=可见光 LED	light_emitter/led	optoelectronics_icpdf_led_visible_c2_v1	2	https://www.digikey.cn/zh/products?keywords=SCP7TT78HEL1TLS06E	led (LED 白光照明)	https://www.xcc.com/search.html?keyword=SCP7TT78HEL1TLS06E	(待查)	Y	consistent	none
SEC1101C	SANKEN	icpdf		可见光 LED	LED芯片	icpdf:category2=可见光 LED	light_emitter/led	optoelectronics_icpdf_led_visible_c2_v1	2	https://www.digikey.cn/zh/products?keywords=SEC1101C	led	https://www.xcc.com/search.html?keyword=SEC1101C	(待查)	Y	consistent	none
SEC1203C	SANKEN	icpdf		可见光 LED	LED芯片	icpdf:category2=可见光 LED	light_emitter/led	optoelectronics_icpdf_led_visible_c2_v1	2	https://www.digikey.cn/zh/products?keywords=SEC1203C	led	https://www.xcc.com/search.html?keyword=SEC1203C	(待查)	Y	consistent	none
SEC1401CB	SANKEN	icpdf		其他光电器件		icpdf:category2=其他光电器件	light_emitter/led	optoelectronics_icpdf_led_subcat_visible_other_c2_v1	2	https://www.digikey.cn/zh/products?keywords=SEC1401CB	(待查)	https://www.xcc.com/search.html?keyword=SEC1401CB	(待查)	Y	consistent	none;信号=子类别:Visible LEDs
SEC1401CC	SANKEN	icpdf		其他光电器件		icpdf:category2=其他光电器件	light_emitter/led	optoelectronics_icpdf_led_subcat_visible_other_c2_v1	2	https://www.digikey.cn/zh/products?keywords=SEC1401CC	(待查)	https://www.xcc.com/search.html?keyword=SEC1401CC	(待查)	Y	consistent	none;信号=子类别:Visible LEDs
SEC1401CD	SANKEN	icpdf		其他光电器件		icpdf:category2=其他光电器件	light_emitter/led	optoelectronics_icpdf_led_subcat_visible_other_c2_v1	2	https://www.digikey.cn/zh/products?keywords=SEC1401CD	(待查)	https://www.xcc.com/search.html?keyword=SEC1401CD	(待查)	Y	consistent	none;信号=子类别:Visible LEDs
0035.0604	SCHURTER	icpdf		可见光 LED	LFM （与T1 LED）	icpdf:category2=可见光 LED	light_emitter/led	optoelectronics_icpdf_led_visible_c2_v1	2	https://www.digikey.cn/zh/products?keywords=0035.0604	led	https://www.xcc.com/search.html?keyword=0035.0604	(待查)	Y	consistent	none
0035.0606	SCHURTER	icpdf		可见光 LED	LFM （与T1 LED）	icpdf:category2=可见光 LED	light_emitter/led	optoelectronics_icpdf_led_visible_c2_v1	2	https://www.digikey.cn/zh/products?keywords=0035.0606	led	https://www.xcc.com/search.html?keyword=0035.0606	(待查)	Y	consistent	none
0035.0607	SCHURTER	icpdf		可见光 LED	LFM （与T1 LED）	icpdf:category2=可见光 LED	light_emitter/led	optoelectronics_icpdf_led_visible_c2_v1	2	https://www.digikey.cn/zh/products?keywords=0035.0607	led	https://www.xcc.com/search.html?keyword=0035.0607	(待查)	Y	consistent	none
0035.0608	SCHURTER	icpdf		可见光 LED	LFM （与T1 LED）	icpdf:category2=可见光 LED	light_emitter/led	optoelectronics_icpdf_led_visible_c2_v1	2	https://www.digikey.cn/zh/products?keywords=0035.0608	led	https://www.xcc.com/search.html?keyword=0035.0608	(待查)	Y	consistent	none
0035.0609	SCHURTER	icpdf		可见光 LED	LFM （与T1 LED）	icpdf:category2=可见光 LED	light_emitter/led	optoelectronics_icpdf_led_visible_c2_v1	2	https://www.digikey.cn/zh/products?keywords=0035.0609	led	https://www.xcc.com/search.html?keyword=0035.0609	(待查)	Y	consistent	none
LC0326-GG	SENSITRON	icpdf		可见光 LED		icpdf:category2=可见光 LED	light_emitter/led	optoelectronics_icpdf_led_visible_c2_v1	2	https://www.digikey.cn/zh/products?keywords=LC0326-GG	led	https://www.xcc.com/search.html?keyword=LC0326-GG	(待查)	Y	consistent	none
LC0326-RERE	SENSITRON	icpdf		可见光 LED		icpdf:category2=可见光 LED	light_emitter/led	optoelectronics_icpdf_led_visible_c2_v1	2	https://www.digikey.cn/zh/products?keywords=LC0326-RERE	led	https://www.xcc.com/search.html?keyword=LC0326-RERE	(待查)	Y	consistent	none
LC0326-RR	SENSITRON	icpdf		可见光 LED		icpdf:category2=可见光 LED	light_emitter/led	optoelectronics_icpdf_led_visible_c2_v1	2	https://www.digikey.cn/zh/products?keywords=LC0326-RR	led	https://www.xcc.com/search.html?keyword=LC0326-RR	(待查)	Y	consistent	none
LC0326-YEYE	SENSITRON	icpdf		可见光 LED		icpdf:category2=可见光 LED	light_emitter/led	optoelectronics_icpdf_led_visible_c2_v1	2	https://www.digikey.cn/zh/products?keywords=LC0326-YEYE	led	https://www.xcc.com/search.html?keyword=LC0326-YEYE	(待查)	Y	consistent	none
LC0333-GGYE	SENSITRON	icpdf		可见光 LED		icpdf:category2=可见光 LED	light_emitter/led	optoelectronics_icpdf_led_visible_c2_v1	2	https://www.digikey.cn/zh/products?keywords=LC0333-GGYE	led	https://www.xcc.com/search.html?keyword=LC0333-GGYE	(待查)	Y	consistent	none
A10191	SEOUL	icpdf		可见光 LED		icpdf:category2=可见光 LED	light_emitter/led	optoelectronics_icpdf_led_visible_c2_v1	2	https://www.digikey.cn/zh/products?keywords=A10191	led	https://www.xcc.com/search.html?keyword=A10191	(待查)	Y	consistent	none
A10192	SEOUL	icpdf		可见光 LED		icpdf:category2=可见光 LED	light_emitter/led	optoelectronics_icpdf_led_visible_c2_v1	2	https://www.digikey.cn/zh/products?keywords=A10192	led	https://www.xcc.com/search.html?keyword=A10192	(待查)	Y	consistent	none
A10490	SEOUL	icpdf		可见光 LED		icpdf:category2=可见光 LED	light_emitter/led	optoelectronics_icpdf_led_visible_c2_v1	2	https://www.digikey.cn/zh/products?keywords=A10490	led	https://www.xcc.com/search.html?keyword=A10490	(待查)	Y	consistent	none
A11190	SEOUL	icpdf		可见光 LED		icpdf:category2=可见光 LED	light_emitter/led	optoelectronics_icpdf_led_visible_c2_v1	2	https://www.digikey.cn/zh/products?keywords=A11190	led	https://www.xcc.com/search.html?keyword=A11190	(待查)	Y	consistent	none
A11191	SEOUL	icpdf		可见光 LED		icpdf:category2=可见光 LED	light_emitter/led	optoelectronics_icpdf_led_visible_c2_v1	2	https://www.digikey.cn/zh/products?keywords=A11191	led	https://www.xcc.com/search.html?keyword=A11191	(待查)	Y	consistent	none
GL046LR	SHARP	icpdf		可见光 LED		icpdf:category2=可见光 LED	light_emitter/led	optoelectronics_icpdf_led_visible_c2_v1	2	https://www.digikey.cn/zh/products?keywords=GL046LR	led	https://www.xcc.com/search.html?keyword=GL046LR	(待查)	Y	consistent	none
GL046TR	SHARP	icpdf		可见光 LED		icpdf:category2=可见光 LED	light_emitter/led	optoelectronics_icpdf_led_visible_c2_v1	2	https://www.digikey.cn/zh/products?keywords=GL046TR	led	https://www.xcc.com/search.html?keyword=GL046TR	(待查)	Y	consistent	none
GL046UR	SHARP	icpdf		可见光 LED		icpdf:category2=可见光 LED	light_emitter/led	optoelectronics_icpdf_led_visible_c2_v1	2	https://www.digikey.cn/zh/products?keywords=GL046UR	led	https://www.xcc.com/search.html?keyword=GL046UR	(待查)	Y	consistent	none
GL047EG	SHARP	icpdf		可见光 LED		icpdf:category2=可见光 LED	light_emitter/led	optoelectronics_icpdf_led_visible_c2_v1	2	https://www.digikey.cn/zh/products?keywords=GL047EG	led	https://www.xcc.com/search.html?keyword=GL047EG	(待查)	Y	consistent	none
GL047HD	SHARP	icpdf		可见光 LED		icpdf:category2=可见光 LED	light_emitter/led	optoelectronics_icpdf_led_visible_c2_v1	2	https://www.digikey.cn/zh/products?keywords=GL047HD	led	https://www.xcc.com/search.html?keyword=GL047HD	(待查)	Y	consistent	none
AA1101W	STANLEY	icpdf		可见光 LED	1101W系列标准型平面透镜的SMT LED	icpdf:category2=可见光 LED	light_emitter/led	optoelectronics_icpdf_led_visible_c2_v1	2	https://www.digikey.cn/zh/products?keywords=AA1101W	led	https://www.xcc.com/search.html?keyword=AA1101W	(待查)	Y	consistent	none
AA1111C	STANLEY	icpdf		可见光 LED	平镜头类型1.6×0.8mm的	icpdf:category2=可见光 LED	light_emitter/led	optoelectronics_icpdf_led_visible_c2_v1	2	https://www.digikey.cn/zh/products?keywords=AA1111C	led	https://www.xcc.com/search.html?keyword=AA1111C	(待查)	Y	consistent	none
AA5305S	STANLEY	icpdf		可见光 LED	单色ヵ5圆型类型	icpdf:category2=可见光 LED	light_emitter/led	optoelectronics_icpdf_led_visible_c2_v1	2	https://www.digikey.cn/zh/products?keywords=AA5305S	led	https://www.xcc.com/search.html?keyword=AA5305S	(待查)	Y	consistent	none
AA5307S	STANLEY	icpdf		可见光 LED	单色ヵ5圆型类型	icpdf:category2=可见光 LED	light_emitter/led	optoelectronics_icpdf_led_visible_c2_v1	2	https://www.digikey.cn/zh/products?keywords=AA5307S	led	https://www.xcc.com/search.html?keyword=AA5307S	(待查)	Y	consistent	none
AA7351K	STANLEY	icpdf		可见光 LED	单色矩形形状类型	icpdf:category2=可见光 LED	light_emitter/led	optoelectronics_icpdf_led_visible_c2_v1	2	https://www.digikey.cn/zh/products?keywords=AA7351K	led	https://www.xcc.com/search.html?keyword=AA7351K	(待查)	Y	consistent	none
BMR34D	SUNLED	icpdf		可见光 LED	T-1 （3毫米）闪烁的LED灯	icpdf:category2=可见光 LED	light_emitter/led	optoelectronics_icpdf_led_visible_c2_v1	2	https://www.digikey.cn/zh/products?keywords=BMR34D	led	https://www.xcc.com/search.html?keyword=BMR34D	(待查)	Y	consistent	none
BMR53D	SUNLED	icpdf		可见光 LED	T-1 3/4 （5毫米）闪烁的LED灯	icpdf:category2=可见光 LED	light_emitter/led	optoelectronics_icpdf_led_visible_c2_v1	2	https://www.digikey.cn/zh/products?keywords=BMR53D	led	https://www.xcc.com/search.html?keyword=BMR53D	(待查)	Y	consistent	none
BUG34D	SUNLED	icpdf		可见光 LED	T-1 （3毫米）闪烁的LED灯	icpdf:category2=可见光 LED	light_emitter/led	optoelectronics_icpdf_led_visible_c2_v1	2	https://www.digikey.cn/zh/products?keywords=BUG34D	led	https://www.xcc.com/search.html?keyword=BUG34D	(待查)	Y	consistent	none
BUR34D	SUNLED	icpdf		可见光 LED	T-1 （3毫米）闪烁的LED灯	icpdf:category2=可见光 LED	light_emitter/led	optoelectronics_icpdf_led_visible_c2_v1	2	https://www.digikey.cn/zh/products?keywords=BUR34D	led	https://www.xcc.com/search.html?keyword=BUR34D	(待查)	Y	consistent	none
BUR53D	SUNLED	icpdf		可见光 LED	T-1 3/4 （5毫米）闪烁的LED灯	icpdf:category2=可见光 LED	light_emitter/led	optoelectronics_icpdf_led_visible_c2_v1	2	https://www.digikey.cn/zh/products?keywords=BUR53D	led	https://www.xcc.com/search.html?keyword=BUR53D	(待查)	Y	consistent	none
CQX48A	TEMIC	icpdf		红外 LED		icpdf:category2=红外 LED	light_emitter/led	optoelectronics_icpdf_led_ir_c2_v1	2	https://www.digikey.cn/zh/products?keywords=CQX48A	led	https://www.xcc.com/search.html?keyword=CQX48A	(待查)	Y	consistent	none
CQX48B	TEMIC	icpdf		红外 LED		icpdf:category2=红外 LED	light_emitter/led	optoelectronics_icpdf_led_ir_c2_v1	2	https://www.digikey.cn/zh/products?keywords=CQX48B	led	https://www.xcc.com/search.html?keyword=CQX48B	(待查)	Y	consistent	none
CQY37N	TEMIC	icpdf		红外 LED		icpdf:category2=红外 LED	light_emitter/led	optoelectronics_icpdf_led_ir_c2_v1	2	https://www.digikey.cn/zh/products?keywords=CQY37N	led (LED 发射器 - 红外，紫外，可见光)	https://www.xcc.com/search.html?keyword=CQY37N	(待查)	Y	consistent	none
TLDR4400AS12	TEMIC	icpdf		可见光 LED		icpdf:category2=可见光 LED	light_emitter/led	optoelectronics_icpdf_led_visible_c2_v1	2	https://www.digikey.cn/zh/products?keywords=TLDR4400AS12	led	https://www.xcc.com/search.html?keyword=TLDR4400AS12	(待查)	Y	consistent	none
TLDR4400AS12Z	TEMIC	icpdf		可见光 LED		icpdf:category2=可见光 LED	light_emitter/led	optoelectronics_icpdf_led_visible_c2_v1	2	https://www.digikey.cn/zh/products?keywords=TLDR4400AS12Z	led	https://www.xcc.com/search.html?keyword=TLDR4400AS12Z	(待查)	Y	consistent	none
LM3402MR	TI	icpdf	光源与发射器		0.5A恒流降压稳压器用于驱动高功率LED	icpdf:category=光源与发射器	light_emitter/led	optoelectronics_icpdf_light_source_cat_v1	2	https://www.digikey.cn/zh/products?keywords=LM3402MR	(待查)	https://www.xcc.com/search.html?keyword=LM3402MR	(待查)			
TIL209	TI	icpdf		可见光 LED		icpdf:category2=可见光 LED	light_emitter/led	optoelectronics_icpdf_led_visible_c2_v1	2	https://www.digikey.cn/zh/products?keywords=TIL209	led	https://www.xcc.com/search.html?keyword=TIL209	(待查)	Y	consistent	none
TIL212-1	TI	icpdf		可见光 LED		icpdf:category2=可见光 LED	light_emitter/led	optoelectronics_icpdf_led_visible_c2_v1	2	https://www.digikey.cn/zh/products?keywords=TIL212-1	led	https://www.xcc.com/search.html?keyword=TIL212-1	(待查)	Y	consistent	none
TIL212-2	TI	icpdf		可见光 LED		icpdf:category2=可见光 LED	light_emitter/led	optoelectronics_icpdf_led_visible_c2_v1	2	https://www.digikey.cn/zh/products?keywords=TIL212-2	led	https://www.xcc.com/search.html?keyword=TIL212-2	(待查)	Y	consistent	none
TIL216-1	TI	icpdf		可见光 LED		icpdf:category2=可见光 LED	light_emitter/led	optoelectronics_icpdf_led_visible_c2_v1	2	https://www.digikey.cn/zh/products?keywords=TIL216-1	led	https://www.xcc.com/search.html?keyword=TIL216-1	(待查)	Y	consistent	none
S4F42Q1(T10)	TOSHIBA	icpdf		可见光 LED		icpdf:category2=可见光 LED	light_emitter/led	optoelectronics_icpdf_led_visible_c2_v1	2	https://www.digikey.cn/zh/products?keywords=S4F42Q1(T10)	led	https://www.xcc.com/search.html?keyword=S4F42Q1(T10)	(待查)	Y	consistent	none
S4F42Z1(T10)	TOSHIBA	icpdf		可见光 LED		icpdf:category2=可见光 LED	light_emitter/led	optoelectronics_icpdf_led_visible_c2_v1	2	https://www.digikey.cn/zh/products?keywords=S4F42Z1(T10)	led	https://www.xcc.com/search.html?keyword=S4F42Z1(T10)	(待查)	Y	consistent	none
S4F43Q1(T09)	TOSHIBA	icpdf		可见光 LED		icpdf:category2=可见光 LED	light_emitter/led	optoelectronics_icpdf_led_visible_c2_v1	2	https://www.digikey.cn/zh/products?keywords=S4F43Q1(T09)	led	https://www.xcc.com/search.html?keyword=S4F43Q1(T09)	(待查)	Y	consistent	none
S4F43Q1(T10)	TOSHIBA	icpdf		可见光 LED		icpdf:category2=可见光 LED	light_emitter/led	optoelectronics_icpdf_led_visible_c2_v1	2	https://www.digikey.cn/zh/products?keywords=S4F43Q1(T10)	led	https://www.xcc.com/search.html?keyword=S4F43Q1(T10)	(待查)	Y	consistent	none
S4F43Z1(T09)	TOSHIBA	icpdf		可见光 LED		icpdf:category2=可见光 LED	light_emitter/led	optoelectronics_icpdf_led_visible_c2_v1	2	https://www.digikey.cn/zh/products?keywords=S4F43Z1(T09)	led	https://www.xcc.com/search.html?keyword=S4F43Z1(T09)	(待查)	Y	consistent	none
OP123	TTELEC	icpdf		红外 LED		icpdf:category2=红外 LED	light_emitter/led	optoelectronics_icpdf_led_ir_c2_v1	2	https://www.digikey.cn/zh/products?keywords=OP123	led (LED 发射器 - 红外，紫外，可见光)	https://www.xcc.com/search.html?keyword=OP123	(待查)	Y	consistent	none
OP124	TTELEC	icpdf	光源与发射器	红外 LED		icpdf:category2=红外 LED; category=光源与发射器	light_emitter/led	optoelectronics_icpdf_led_ir_c2_v1	2	https://www.digikey.cn/zh/products?keywords=OP124	led (LED 发射器 - 红外，紫外，可见光)	https://www.xcc.com/search.html?keyword=OP124	(待查)	Y	consistent	none
OP131	TTELEC	icpdf	光源与发射器	红外 LED		icpdf:category2=红外 LED; category=光源与发射器	light_emitter/led	optoelectronics_icpdf_led_ir_c2_v1	2	https://www.digikey.cn/zh/products?keywords=OP131	led (LED 发射器 - 红外，紫外，可见光)	https://www.xcc.com/search.html?keyword=OP131	(待查)	Y	consistent	none
OP132	TTELEC	icpdf	光源与发射器	红外 LED		icpdf:category2=红外 LED; category=光源与发射器	light_emitter/led	optoelectronics_icpdf_led_ir_c2_v1	2	https://www.digikey.cn/zh/products?keywords=OP132	led (LED 发射器 - 红外，紫外，可见光)	https://www.xcc.com/search.html?keyword=OP132	(待查)	Y	consistent	none
OP133	TTELEC	icpdf	光源与发射器			icpdf:category=光源与发射器	light_emitter/led	optoelectronics_icpdf_light_source_cat_v1	2	https://www.digikey.cn/zh/products?keywords=OP133	led (LED 发射器 - 红外，紫外，可见光)	https://www.xcc.com/search.html?keyword=OP133	(待查)	Y	consistent	none
HT-P178NBH	UOT	icpdf		可见光 LED		icpdf:category2=可见光 LED	light_emitter/led	optoelectronics_icpdf_led_visible_c2_v1	2	https://www.digikey.cn/zh/products?keywords=HT-P178NBH	led	https://www.xcc.com/search.html?keyword=HT-P178NBH	(待查)	Y	consistent	none
HT-P178NGH	UOT	icpdf		可见光 LED		icpdf:category2=可见光 LED	light_emitter/led	optoelectronics_icpdf_led_visible_c2_v1	2	https://www.digikey.cn/zh/products?keywords=HT-P178NGH	led	https://www.xcc.com/search.html?keyword=HT-P178NGH	(待查)	Y	consistent	none
HT-P178USDT	UOT	icpdf		可见光 LED		icpdf:category2=可见光 LED	light_emitter/led	optoelectronics_icpdf_led_visible_c2_v1	2	https://www.digikey.cn/zh/products?keywords=HT-P178USDT	led	https://www.xcc.com/search.html?keyword=HT-P178USDT	(待查)	Y	consistent	none
HT-P178UYJ	UOT	icpdf		可见光 LED		icpdf:category2=可见光 LED	light_emitter/led	optoelectronics_icpdf_led_visible_c2_v1	2	https://www.digikey.cn/zh/products?keywords=HT-P178UYJ	led	https://www.xcc.com/search.html?keyword=HT-P178UYJ	(待查)	Y	consistent	none
HT-P178UYT	UOT	icpdf		可见光 LED		icpdf:category2=可见光 LED	light_emitter/led	optoelectronics_icpdf_led_visible_c2_v1	2	https://www.digikey.cn/zh/products?keywords=HT-P178UYT	led	https://www.xcc.com/search.html?keyword=HT-P178UYT	(待查)	Y	consistent	none
1031D1	VCC	icpdf	指示灯			icpdf:category=指示灯	light_emitter/led	optoelectronics_icpdf_indicator_cat_v1	2	https://www.digikey.cn/zh/products?keywords=1031D1	led	https://www.xcc.com/search.html?keyword=1031D1	(待查)	Y	consistent	icpdf:category=指示灯
1031D3	VCC	icpdf	指示灯			icpdf:category=指示灯	light_emitter/led	optoelectronics_icpdf_indicator_cat_v1	2	https://www.digikey.cn/zh/products?keywords=1031D3	led	https://www.xcc.com/search.html?keyword=1031D3	(待查)	Y	consistent	icpdf:category=指示灯
1050C3	VCC	icpdf	指示灯	可见光 LED		icpdf:category2=可见光 LED; category=指示灯	light_emitter/led	optoelectronics_icpdf_led_visible_c2_v1	2	https://www.digikey.cn/zh/products?keywords=1050C3	led	https://www.xcc.com/search.html?keyword=1050C3	(待查)	Y	consistent	none
1050C4	VCC	icpdf		可见光 LED		icpdf:category2=可见光 LED	light_emitter/led	optoelectronics_icpdf_led_visible_c2_v1	2	https://www.digikey.cn/zh/products?keywords=1050C4	led	https://www.xcc.com/search.html?keyword=1050C4	(待查)	Y	consistent	none
LCD-012N002A-ABB-EE	VISHAY	icpdf		其他光电器件		icpdf:category2=其他光电器件	light_emitter/led	optoelectronics_icpdf_led_subcat_display_other_c2_v1	2	https://www.digikey.cn/zh/products?keywords=LCD-012N002A-ABB-EE	(待查)	https://www.xcc.com/search.html?keyword=LCD-012N002A-ABB-EE	(待查)	Y	consistent	none;信号=子类别:Displays
LCD-012N002A-DBH-EE	VISHAY	icpdf		其他光电器件		icpdf:category2=其他光电器件	light_emitter/led	optoelectronics_icpdf_led_subcat_display_other_c2_v1	2	https://www.digikey.cn/zh/products?keywords=LCD-012N002A-DBH-EE	(待查)	https://www.xcc.com/search.html?keyword=LCD-012N002A-DBH-EE	(待查)	Y	consistent	none;信号=子类别:Displays
LCD-012N002A-DME-EE	VISHAY	icpdf		其他光电器件		icpdf:category2=其他光电器件	light_emitter/led	optoelectronics_icpdf_led_subcat_display_other_c2_v1	2	https://www.digikey.cn/zh/products?keywords=LCD-012N002A-DME-EE	(待查)	https://www.xcc.com/search.html?keyword=LCD-012N002A-DME-EE	(待查)	Y	consistent	none;信号=子类别:Displays
LCD-012N002A-WML-EN	VISHAY	icpdf		其他光电器件		icpdf:category2=其他光电器件	light_emitter/led	optoelectronics_icpdf_led_subcat_display_other_c2_v1	2	https://www.digikey.cn/zh/products?keywords=LCD-012N002A-WML-EN	(待查)	https://www.xcc.com/search.html?keyword=LCD-012N002A-WML-EN	(待查)	Y	consistent	none;信号=子类别:Displays
LCD-016N001A-WML-EN	VISHAY	icpdf		其他光电器件		icpdf:category2=其他光电器件	light_emitter/led	optoelectronics_icpdf_led_subcat_display_other_c2_v1	2	https://www.digikey.cn/zh/products?keywords=LCD-016N001A-WML-EN	(待查)	https://www.xcc.com/search.html?keyword=LCD-016N001A-WML-EN	(待查)	Y	consistent	none;信号=子类别:Displays
WT-182BP5	WEITRON	icpdf		可见光 LED		icpdf:category2=可见光 LED	light_emitter/led	optoelectronics_icpdf_led_visible_c2_v1	2	https://www.digikey.cn/zh/products?keywords=WT-182BP5	led	https://www.xcc.com/search.html?keyword=WT-182BP5	(待查)	Y	consistent	none
150040AS73220	WURTH	icpdf		可见光 LED		icpdf:category2=可见光 LED	light_emitter/led	optoelectronics_icpdf_led_visible_c2_v1	2	https://www.digikey.cn/zh/products?keywords=150040AS73220	led (LED 指示 - 分立式)	https://www.xcc.com/search.html?keyword=150040AS73220	(待查)	Y	consistent	none
150040AS73240	WURTH	icpdf		可见光 LED		icpdf:category2=可见光 LED	light_emitter/led	optoelectronics_icpdf_led_visible_c2_v1	2	https://www.digikey.cn/zh/products?keywords=150040AS73240	led (LED 指示 - 分立式)	https://www.xcc.com/search.html?keyword=150040AS73240	(待查)	Y	consistent	none
150040BS73220	WURTH	icpdf		可见光 LED		icpdf:category2=可见光 LED	light_emitter/led	optoelectronics_icpdf_led_visible_c2_v1	2	https://www.digikey.cn/zh/products?keywords=150040BS73220	led (LED 指示 - 分立式)	https://www.xcc.com/search.html?keyword=150040BS73220	(待查)	Y	consistent	none
150040BS73240	WURTH	icpdf		可见光 LED		icpdf:category2=可见光 LED	light_emitter/led	optoelectronics_icpdf_led_visible_c2_v1	2	https://www.digikey.cn/zh/products?keywords=150040BS73240	led (LED 指示 - 分立式)	https://www.xcc.com/search.html?keyword=150040BS73240	(待查)	Y	consistent	none
150040GS73220	WURTH	icpdf		可见光 LED		icpdf:category2=可见光 LED	light_emitter/led	optoelectronics_icpdf_led_visible_c2_v1	2	https://www.digikey.cn/zh/products?keywords=150040GS73220	led (LED 指示 - 分立式)	https://www.xcc.com/search.html?keyword=150040GS73220	(待查)	Y	consistent	none
1L0345G62B0CA001	YSTONE	icpdf		可见光 LED		icpdf:category2=可见光 LED	light_emitter/led	optoelectronics_icpdf_led_visible_c2_v1	2	https://www.digikey.cn/zh/products?keywords=1L0345G62B0CA001	led	https://www.xcc.com/search.html?keyword=1L0345G62B0CA001	(待查)	Y	consistent	none
1L034CA21A0CA001	YSTONE	icpdf		可见光 LED		icpdf:category2=可见光 LED	light_emitter/led	optoelectronics_icpdf_led_visible_c2_v1	2	https://www.digikey.cn/zh/products?keywords=1L034CA21A0CA001	led	https://www.xcc.com/search.html?keyword=1L034CA21A0CA001	(待查)	Y	consistent	none
1L0534A21A0CA201	YSTONE	icpdf		可见光 LED		icpdf:category2=可见光 LED	light_emitter/led	optoelectronics_icpdf_led_visible_c2_v1	2	https://www.digikey.cn/zh/products?keywords=1L0534A21A0CA201	led	https://www.xcc.com/search.html?keyword=1L0534A21A0CA201	(待查)	Y	consistent	none
1P05S6V23D0CA101	YSTONE	icpdf		可见光 LED		icpdf:category2=可见光 LED	light_emitter/led	optoelectronics_icpdf_led_visible_c2_v1	2	https://www.digikey.cn/zh/products?keywords=1P05S6V23D0CA101	led	https://www.xcc.com/search.html?keyword=1P05S6V23D0CA101	(待查)	Y	consistent	none
AL3020TC-DPG	YSTONE	icpdf		可见光 LED	陶瓷基本型高性能LED灯	icpdf:category2=可见光 LED	light_emitter/led	optoelectronics_icpdf_led_visible_c2_v1	2	https://www.digikey.cn/zh/products?keywords=AL3020TC-DPG	led	https://www.xcc.com/search.html?keyword=AL3020TC-DPG	(待查)	Y	consistent	none
PDB-C107	ADVANCEDPHOTONIX	icpdf		光电二极管	蓝光电导增强硅光电二极管	icpdf:category2=光电二极管	photodetector/photodiode	optoelectronics_icpdf_photodiode_c2_v1	2	https://www.digikey.cn/zh/products?keywords=PDB-C107	photodiode	https://www.xcc.com/search.html?keyword=PDB-C107	(待查)	Y	consistent	none
PDB-C113	ADVANCEDPHOTONIX	icpdf		光电二极管	蓝光电导增强硅光电二极管	icpdf:category2=光电二极管	photodetector/photodiode	optoelectronics_icpdf_photodiode_c2_v1	2	https://www.digikey.cn/zh/products?keywords=PDB-C113	photodiode	https://www.xcc.com/search.html?keyword=PDB-C113	(待查)	Y	consistent	none
PDB-C122	ADVANCEDPHOTONIX	icpdf		其他光电器件	蓝光电导增强硅光电二极管	icpdf:category2=其他光电器件	photodetector/photodiode	optoelectronics_icpdf_other_opto_c2_v1	2	https://www.digikey.cn/zh/products?keywords=PDB-C122	photodiode	https://www.xcc.com/search.html?keyword=PDB-C122	(待查)	Y	consistent	other_opto fallback:源端无反证·无商城命中
PDB-C134	ADVANCEDPHOTONIX	icpdf		光电二极管	带引线的塑料封装的光电二极管	icpdf:category2=光电二极管	photodetector/photodiode	optoelectronics_icpdf_photodiode_c2_v1	2	https://www.digikey.cn/zh/products?keywords=PDB-C134	photodiode	https://www.xcc.com/search.html?keyword=PDB-C134	(待查)	Y	consistent	none
PDB-C134F	ADVANCEDPHOTONIX	icpdf		其他光电器件	与可见阻塞滤波器光电塑料包装	icpdf:category2=其他光电器件	photodetector/photodiode	optoelectronics_icpdf_other_opto_c2_v1	2	https://www.digikey.cn/zh/products?keywords=PDB-C134F	photodiode	https://www.xcc.com/search.html?keyword=PDB-C134F	(待查)	Y	consistent	other_opto fallback:源端无反证·无商城命中
HCNR200	AGILENT	icpdf		其他光电器件	高线性度模拟光电耦合器	icpdf:category2=其他光电器件	photodetector/photodiode	optoelectronics_icpdf_other_opto_c2_v1	2	https://www.digikey.cn/zh/products?keywords=HCNR200	photodiode (晶体管，光电输出光隔离器)	https://www.xcc.com/search.html?keyword=HCNR200	(待查)	Y	consistent	none
HCNR201	AGILENT	icpdf	二极管	其他光电器件	高线性度模拟光电耦合器	icpdf:category2=其他光电器件; category=二极管	photodetector/photodiode	optoelectronics_icpdf_other_opto_c2_v1	2	https://www.digikey.cn/zh/products?keywords=HCNR201	photodiode (晶体管，光电输出光隔离器)	https://www.xcc.com/search.html?keyword=HCNR201	(待查)	Y	consistent	none
HCPL3160	AGILENT	icpdf		其他光电器件	2.0安培IGBT栅极驱动光电耦合器集成过电流保护及故障反馈	icpdf:category2=其他光电器件	photodetector/photodiode	optoelectronics_icpdf_other_opto_c2_v1	2	https://www.digikey.cn/zh/products?keywords=HCPL3160	photodiode	https://www.xcc.com/search.html?keyword=HCPL3160	(待查)	Y	consistent	other_opto fallback:源端无反证·无商城命中
HDSP-56011-00000	AGILENT	icpdf		其他光电器件		icpdf:category2=其他光电器件	photodetector/photodiode	optoelectronics_icpdf_other_opto_c2_v1	2	https://www.digikey.cn/zh/products?keywords=HDSP-56011-00000	photodiode	https://www.xcc.com/search.html?keyword=HDSP-56011-00000	(待查)	Y	consistent	other_opto fallback:源端无反证·无商城命中
HEDL-5500#A02	AGILENT	icpdf		其他光电器件		icpdf:category2=其他光电器件	photodetector/photodiode	optoelectronics_icpdf_other_opto_c2_v1	2	https://www.digikey.cn/zh/products?keywords=HEDL-5500#A02	photodiode (编码器 - 工业)	https://www.xcc.com/search.html?keyword=HEDL-5500#A02	(待查)	Y	consistent	none
AMIS-732256	AMI	icpdf		光电二极管	为50μm ，间距宽孔径光谱光电二极管阵列	icpdf:category2=光电二极管	photodetector/photodiode	optoelectronics_icpdf_photodiode_c2_v1	2	https://www.digikey.cn/zh/products?keywords=AMIS-732256	photodiode	https://www.xcc.com/search.html?keyword=AMIS-732256	(待查)	Y	consistent	none
SPC715	AUK	icpdf		其他光电器件	DIP光耦合器	icpdf:category2=其他光电器件	photodetector/photodiode	optoelectronics_icpdf_photodiode_subcat_coupler_other_c2_v1	2	https://www.digikey.cn/zh/products?keywords=SPC715	photodiode	https://www.xcc.com/search.html?keyword=SPC715	(待查)	Y	consistent	icpdf:子类别确认photodiode
ACPL-214-50AE	AVAGO	icpdf	发光二极管	光耦合器	AC输入，半间距光电晶体管光耦合器	icpdf:category2=光耦合器; category=发光二极管	photodetector/photodiode	optoelectronics_icpdf_photodiode_coupler_c2_v1	2	https://www.digikey.cn/zh/products?keywords=ACPL-214-50AE	photodiode (晶体管，光电输出光隔离器)	https://www.xcc.com/search.html?keyword=ACPL-214-50AE	(待查)	Y	consistent	none
ACPL-333J-000E	AVAGO	icpdf		其他光电器件	2.5安培输出电流IGBT栅极驱动光电耦合器与集成	icpdf:category2=其他光电器件	photodetector/photodiode	optoelectronics_icpdf_photodiode_subcat_coupler_other_c2_v1	2	https://www.digikey.cn/zh/products?keywords=ACPL-333J-000E	photodiode	https://www.xcc.com/search.html?keyword=ACPL-333J-000E	(待查)	Y	consistent	icpdf:子类别确认photodiode
ACPL-333J-500E	AVAGO	icpdf	光耦合器/光隔离器	其他光电器件	2.5安培输出电流IGBT栅极驱动光电耦合器与集成	icpdf:category2=其他光电器件; category=光耦合器/光隔离器	photodetector/photodiode	optoelectronics_icpdf_other_opto_c2_v1	2	https://www.digikey.cn/zh/products?keywords=ACPL-333J-500E	(待查)	https://www.xcc.com/search.html?keyword=ACPL-333J-500E	photodiode (光耦/发光/红外管/光耦-光电输出)	Y	consistent	none
AFBR-810BEHZ	AVAGO	icpdf		其他光电器件		icpdf:category2=其他光电器件	photodetector/photodiode	optoelectronics_icpdf_other_opto_c2_v1	2	https://www.digikey.cn/zh/products?keywords=AFBR-810BEHZ	photodiode	https://www.xcc.com/search.html?keyword=AFBR-810BEHZ	(待查)	Y	consistent	other_opto fallback:源端无反证·无商城命中
AFBR-810BHZ	AVAGO	icpdf		其他光电器件		icpdf:category2=其他光电器件	photodetector/photodiode	optoelectronics_icpdf_other_opto_c2_v1	2	https://www.digikey.cn/zh/products?keywords=AFBR-810BHZ	photodiode	https://www.xcc.com/search.html?keyword=AFBR-810BHZ	(待查)	Y	consistent	other_opto fallback:源端无反证·无商城命中
OPI1000LE	BOT	icpdf		其他光电器件	光耦合隔离器表面贴装薄型	icpdf:category2=其他光电器件	photodetector/photodiode	optoelectronics_icpdf_photodiode_subcat_coupler_other_c2_v1	2	https://www.digikey.cn/zh/products?keywords=OPI1000LE	photodiode	https://www.xcc.com/search.html?keyword=OPI1000LE	(待查)	Y	consistent	icpdf:子类别确认photodiode
PS2501A-1-H-A	CEL	icpdf		其他光电器件		icpdf:category2=其他光电器件	photodetector/photodiode	optoelectronics_icpdf_photodiode_subcat_coupler_other_c2_v1	2	https://www.digikey.cn/zh/products?keywords=PS2501A-1-H-A	photodiode (晶体管，光电输出光隔离器)	https://www.xcc.com/search.html?keyword=PS2501A-1-H-A	(待查)	Y	consistent	none
CSM44414D	CHINASEMI	icpdf		其他光电器件		icpdf:category2=其他光电器件	photodetector/photodiode	optoelectronics_icpdf_other_opto_c2_v1	2	https://www.digikey.cn/zh/products?keywords=CSM44414D	photodiode	https://www.xcc.com/search.html?keyword=CSM44414D	(待查)	Y	consistent	other_opto fallback:源端无反证·无商城命中
CSM57434S	CHINASEMI	icpdf		其他光电器件		icpdf:category2=其他光电器件	photodetector/photodiode	optoelectronics_icpdf_other_opto_c2_v1	2	https://www.digikey.cn/zh/products?keywords=CSM57434S	photodiode	https://www.xcc.com/search.html?keyword=CSM57434S	(待查)	Y	consistent	other_opto fallback:源端无反证·无商城命中
CLI850W	CLAIREX	icpdf		其他光电器件		icpdf:category2=其他光电器件	photodetector/photodiode	optoelectronics_icpdf_other_opto_c2_v1	2	https://www.digikey.cn/zh/products?keywords=CLI850W	photodiode	https://www.xcc.com/search.html?keyword=CLI850W	(待查)	Y	consistent	other_opto fallback:源端无反证·无商城命中
6451	CRYDOM	icpdf		其他光电器件	AC输出缓冲模块	icpdf:category2=其他光电器件	photodetector/photodiode	optoelectronics_icpdf_other_opto_c2_v1	2	https://www.digikey.cn/zh/products?keywords=6451	(待查)	https://www.xcc.com/search.html?keyword=6451	(待查)	N	our_rule_gap	ecloud=固态继电器,不应落photodiode;信号=子类别:Solid State Relays
CMRD2435EP-10	CRYDOM	icpdf		其他光电器件	DIN导轨安装	icpdf:category2=其他光电器件	photodetector/photodiode	optoelectronics_icpdf_other_opto_c2_v1	2	https://www.digikey.cn/zh/products?keywords=CMRD2435EP-10	(待查)	https://www.xcc.com/search.html?keyword=CMRD2435EP-10	(待查)	N	our_rule_gap	ecloud=固态继电器,不应落photodiode;信号=子类别:Solid State Relays
521-9741	DIALIGHT	icpdf		光电二极管		icpdf:category2=光电二极管	photodetector/photodiode	optoelectronics_icpdf_photodiode_c2_v1	2	https://www.digikey.cn/zh/products?keywords=521-9741	photodiode	https://www.xcc.com/search.html?keyword=521-9741	(待查)	Y	consistent	none
553-0231-410	DIALIGHT	icpdf		其他光电器件		icpdf:category2=其他光电器件	photodetector/photodiode	optoelectronics_icpdf_other_opto_c2_v1	2	https://www.digikey.cn/zh/products?keywords=553-0231-410	photodiode	https://www.xcc.com/search.html?keyword=553-0231-410	(待查)	Y	consistent	other_opto fallback:源端无反证·无商城命中
2522A-SMA-DC-100-SA	EMCORE	icpdf		光电二极管		icpdf:category2=光电二极管	photodetector/photodiode	optoelectronics_icpdf_photodiode_c2_v1	2	https://www.digikey.cn/zh/products?keywords=2522A-SMA-DC-100-SA	photodiode	https://www.xcc.com/search.html?keyword=2522A-SMA-DC-100-SA	(待查)	Y	consistent	none
PGB2110/CP	ERICSSON	icpdf		其他光电器件		icpdf:category2=其他光电器件	photodetector/photodiode	optoelectronics_icpdf_other_opto_c2_v1	2	https://www.digikey.cn/zh/products?keywords=PGB2110/CP	photodiode	https://www.xcc.com/search.html?keyword=PGB2110/CP	(待查)	Y	consistent	other_opto fallback:源端无反证·无商城命中
FID3S1KX	EUDYNA	icpdf		光电二极管	模拟PIN光电二极管	icpdf:category2=光电二极管	photodetector/photodiode	optoelectronics_icpdf_photodiode_c2_v1	2	https://www.digikey.cn/zh/products?keywords=FID3S1KX	photodiode	https://www.xcc.com/search.html?keyword=FID3S1KX	(待查)	Y	consistent	none
333HRC1/H0	EVERLIGHT	icpdf		其他光电器件		icpdf:category2=其他光电器件	photodetector/photodiode	optoelectronics_icpdf_other_opto_c2_v1	2	https://www.digikey.cn/zh/products?keywords=333HRC1/H0	photodiode	https://www.xcc.com/search.html?keyword=333HRC1/H0	(待查)	Y	consistent	other_opto fallback:源端无反证·无商城命中
333HRD1/H0	EVERLIGHT	icpdf		其他光电器件		icpdf:category2=其他光电器件	photodetector/photodiode	optoelectronics_icpdf_other_opto_c2_v1	2	https://www.digikey.cn/zh/products?keywords=333HRD1/H0	photodiode	https://www.xcc.com/search.html?keyword=333HRD1/H0	(待查)	Y	consistent	other_opto fallback:源端无反证·无商城命中
333VRC/H0	EVERLIGHT	icpdf		其他光电器件		icpdf:category2=其他光电器件	photodetector/photodiode	optoelectronics_icpdf_other_opto_c2_v1	2	https://www.digikey.cn/zh/products?keywords=333VRC/H0	photodiode	https://www.xcc.com/search.html?keyword=333VRC/H0	(待查)	Y	consistent	other_opto fallback:源端无反证·无商城命中
333VRD/H0	EVERLIGHT	icpdf		其他光电器件		icpdf:category2=其他光电器件	photodetector/photodiode	optoelectronics_icpdf_other_opto_c2_v1	2	https://www.digikey.cn/zh/products?keywords=333VRD/H0	photodiode	https://www.xcc.com/search.html?keyword=333VRD/H0	(待查)	Y	consistent	other_opto fallback:源端无反证·无商城命中
333VRT/H0	EVERLIGHT	icpdf		其他光电器件		icpdf:category2=其他光电器件	photodetector/photodiode	optoelectronics_icpdf_other_opto_c2_v1	2	https://www.digikey.cn/zh/products?keywords=333VRT/H0	photodiode	https://www.xcc.com/search.html?keyword=333VRT/H0	(待查)	Y	consistent	other_opto fallback:源端无反证·无商城命中
4N25300	FAIRCHILD	icpdf	光耦合器/光隔离器	其他光电器件	通用6引脚光电晶体管光耦合器	icpdf:category2=其他光电器件; category=光耦合器/光隔离器	photodetector/photodiode	optoelectronics_icpdf_photodiode_subcat_coupler_other_c2_v1	2	https://www.digikey.cn/zh/products?keywords=4N25300	photodiode (晶体管，光电输出光隔离器)	https://www.xcc.com/search.html?keyword=4N25300	(待查)	Y	consistent	none
4N25300W	FAIRCHILD	icpdf	光耦合器/光隔离器	其他光电器件	通用6引脚光电晶体管光耦合器	icpdf:category2=其他光电器件; category=光耦合器/光隔离器	photodetector/photodiode	optoelectronics_icpdf_photodiode_subcat_coupler_other_c2_v1	2	https://www.digikey.cn/zh/products?keywords=4N25300W	photodiode (晶体管，光电输出光隔离器)	https://www.xcc.com/search.html?keyword=4N25300W	(待查)	Y	consistent	none
4N253S	FAIRCHILD	icpdf		其他光电器件	通用6引脚光电晶体管光耦合器	icpdf:category2=其他光电器件	photodetector/photodiode	optoelectronics_icpdf_photodiode_subcat_coupler_other_c2_v1	2	https://www.digikey.cn/zh/products?keywords=4N253S	photodiode (晶体管，光电输出光隔离器)	https://www.xcc.com/search.html?keyword=4N253S	(待查)	Y	consistent	none
4N25SD	FAIRCHILD	icpdf		其他光电器件	通用6引脚光电晶体管光耦合器	icpdf:category2=其他光电器件	photodetector/photodiode	optoelectronics_icpdf_photodiode_subcat_coupler_other_c2_v1	2	https://www.digikey.cn/zh/products?keywords=4N25SD	photodiode (晶体管，光电输出光隔离器)	https://www.xcc.com/search.html?keyword=4N25SD	(待查)	Y	consistent	none
4N25W	FAIRCHILD	icpdf		其他光电器件	通用6引脚光电晶体管光耦合器	icpdf:category2=其他光电器件	photodetector/photodiode	optoelectronics_icpdf_photodiode_subcat_coupler_other_c2_v1	2	https://www.digikey.cn/zh/products?keywords=4N25W	photodiode (晶体管，光电输出光隔离器)	https://www.xcc.com/search.html?keyword=4N25W	(待查)	Y	consistent	none
A175119FFFC10	FUJITSU	icpdf		其他光电器件		icpdf:category2=其他光电器件	photodetector/photodiode	optoelectronics_icpdf_other_opto_c2_v1	2	https://www.digikey.cn/zh/products?keywords=A175119FFFC10	photodiode	https://www.xcc.com/search.html?keyword=A175119FFFC10	(待查)	Y	consistent	other_opto fallback:源端无反证·无商城命中
A175120RRPG06	FUJITSU	icpdf		其他光电器件		icpdf:category2=其他光电器件	photodetector/photodiode	optoelectronics_icpdf_other_opto_c2_v1	2	https://www.digikey.cn/zh/products?keywords=A175120RRPG06	photodiode	https://www.xcc.com/search.html?keyword=A175120RRPG06	(待查)	Y	consistent	other_opto fallback:源端无反证·无商城命中
A175120RRPG08	FUJITSU	icpdf		其他光电器件		icpdf:category2=其他光电器件	photodetector/photodiode	optoelectronics_icpdf_other_opto_c2_v1	2	https://www.digikey.cn/zh/products?keywords=A175120RRPG08	photodiode	https://www.xcc.com/search.html?keyword=A175120RRPG08	(待查)	Y	consistent	other_opto fallback:源端无反证·无商城命中
A175124RRPG06	FUJITSU	icpdf		其他光电器件		icpdf:category2=其他光电器件	photodetector/photodiode	optoelectronics_icpdf_other_opto_c2_v1	2	https://www.digikey.cn/zh/products?keywords=A175124RRPG06	photodiode	https://www.xcc.com/search.html?keyword=A175124RRPG06	(待查)	Y	consistent	other_opto fallback:源端无反证·无商城命中
A175124RRPG08	FUJITSU	icpdf		其他光电器件		icpdf:category2=其他光电器件	photodetector/photodiode	optoelectronics_icpdf_other_opto_c2_v1	2	https://www.digikey.cn/zh/products?keywords=A175124RRPG08	photodiode	https://www.xcc.com/search.html?keyword=A175124RRPG08	(待查)	Y	consistent	other_opto fallback:源端无反证·无商城命中
B2297-03	HAMAMATSU	icpdf		光电二极管		icpdf:category2=光电二极管	photodetector/photodiode	optoelectronics_icpdf_photodiode_c2_v1	2	https://www.digikey.cn/zh/products?keywords=B2297-03	photodiode	https://www.xcc.com/search.html?keyword=B2297-03	(待查)	Y	consistent	none
B2538-01	HAMAMATSU	icpdf		光电二极管		icpdf:category2=光电二极管	photodetector/photodiode	optoelectronics_icpdf_photodiode_c2_v1	2	https://www.digikey.cn/zh/products?keywords=B2538-01	photodiode	https://www.xcc.com/search.html?keyword=B2538-01	(待查)	Y	consistent	none
B2538-02	HAMAMATSU	icpdf		光电二极管		icpdf:category2=光电二极管	photodetector/photodiode	optoelectronics_icpdf_photodiode_c2_v1	2	https://www.digikey.cn/zh/products?keywords=B2538-02	photodiode	https://www.xcc.com/search.html?keyword=B2538-02	(待查)	Y	consistent	none
B2538-03	HAMAMATSU	icpdf		光电二极管		icpdf:category2=光电二极管	photodetector/photodiode	optoelectronics_icpdf_photodiode_c2_v1	2	https://www.digikey.cn/zh/products?keywords=B2538-03	photodiode	https://www.xcc.com/search.html?keyword=B2538-03	(待查)	Y	consistent	none
B2538-05	HAMAMATSU	icpdf		其他光电器件		icpdf:category2=其他光电器件	photodetector/photodiode	optoelectronics_icpdf_photodiode_subcat_other_c2_v1	2	https://www.digikey.cn/zh/products?keywords=B2538-05	(待查)	https://www.xcc.com/search.html?keyword=B2538-05	(待查)	Y	consistent	none;信号=子类别:Photo Diodes
SD2420-002	HONEYWELL	icpdf		其他光电器件		icpdf:category2=其他光电器件	photodetector/photodiode	optoelectronics_icpdf_other_opto_c2_v1	2	https://www.digikey.cn/zh/products?keywords=SD2420-002	(待查)	https://www.xcc.com/search.html?keyword=SD2420-002	photodiode (光耦/发光/红外管/光电二极管)	Y	consistent	none
SD5421-2	HONEYWELL	icpdf		光电二极管		icpdf:category2=光电二极管	photodetector/photodiode	optoelectronics_icpdf_photodiode_c2_v1	2	https://www.digikey.cn/zh/products?keywords=SD5421-2	photodiode	https://www.xcc.com/search.html?keyword=SD5421-2	(待查)	Y	consistent	none
SDP8612-2	HONEYWELL	icpdf		其他光电器件		icpdf:category2=其他光电器件	photodetector/photodiode	optoelectronics_icpdf_photodiode_subcat_photo_ic_other_c2_v1	2	https://www.digikey.cn/zh/products?keywords=SDP8612-2	photodiode	https://www.xcc.com/search.html?keyword=SDP8612-2	(待查)	Y	consistent	icpdf:子类别确认photodiode
BP104F	INFINEON	icpdf		光电二极管	Silizium - PIN- Fotodiode MIT Tageslichtsperrfilter	icpdf:category2=光电二极管	photodetector/photodiode	optoelectronics_icpdf_photodiode_c2_v1	2	https://www.digikey.cn/zh/products?keywords=BP104F	photodiode	https://www.xcc.com/search.html?keyword=BP104F	(待查)	Y	consistent	none
BP104FS	INFINEON	icpdf		光电二极管	Silizium - PIN- Fotodiode MIT Tageslichtsperrfilter	icpdf:category2=光电二极管	photodetector/photodiode	optoelectronics_icpdf_photodiode_c2_v1	2	https://www.digikey.cn/zh/products?keywords=BP104FS	photodiode	https://www.xcc.com/search.html?keyword=BP104FS	(待查)	Y	consistent	none
BP104S	INFINEON	icpdf		光电二极管	NEU ： Silizium - PIN- Fotodiode新：硅PIN光电二极管	icpdf:category2=光电二极管	photodetector/photodiode	optoelectronics_icpdf_photodiode_c2_v1	2	https://www.digikey.cn/zh/products?keywords=BP104S	photodiode	https://www.xcc.com/search.html?keyword=BP104S	(待查)	Y	consistent	none
BPW33	INFINEON	icpdf		光电二极管	Silizium - Fotodiode ，硅光电二极管	icpdf:category2=光电二极管	photodetector/photodiode	optoelectronics_icpdf_photodiode_c2_v1	2	https://www.digikey.cn/zh/products?keywords=BPW33	photodiode	https://www.xcc.com/search.html?keyword=BPW33	(待查)	Y	consistent	none
BPW34	INFINEON	icpdf		光电二极管	硅PIN光电二极管	icpdf:category2=光电二极管	photodetector/photodiode	optoelectronics_icpdf_photodiode_c2_v1	2	https://www.digikey.cn/zh/products?keywords=BPW34	photodiode	https://www.xcc.com/search.html?keyword=BPW34	(待查)	Y	consistent	none
TS117EP	IXYS	icpdf		其他光电器件		icpdf:category2=其他光电器件	photodetector/photodiode	optoelectronics_icpdf_other_opto_c2_v1	2	https://www.digikey.cn/zh/products?keywords=TS117EP	(待查)	https://www.xcc.com/search.html?keyword=TS117EP	(待查)	N	our_rule_gap	ecloud=固态继电器,不应落photodiode;信号=子类别:Solid State Relays
XCA110	IXYS	icpdf		其他光电器件		icpdf:category2=其他光电器件	photodetector/photodiode	optoelectronics_icpdf_other_opto_c2_v1	2	https://www.digikey.cn/zh/products?keywords=XCA110	(待查)	https://www.xcc.com/search.html?keyword=XCA110	(待查)	N	our_rule_gap	ecloud=固态继电器,不应落photodiode;信号=子类别:Solid State Relays
HP-2FR4	KODENSHI	icpdf		光电二极管	光电二极管	icpdf:category2=光电二极管	photodetector/photodiode	optoelectronics_icpdf_photodiode_c2_v1	2	https://www.digikey.cn/zh/products?keywords=HP-2FR4	photodiode	https://www.xcc.com/search.html?keyword=HP-2FR4	(待查)	Y	consistent	none
HP-2ML	KODENSHI	icpdf		光电二极管	光电二极管	icpdf:category2=光电二极管	photodetector/photodiode	optoelectronics_icpdf_photodiode_c2_v1	2	https://www.digikey.cn/zh/products?keywords=HP-2ML	photodiode	https://www.xcc.com/search.html?keyword=HP-2ML	(待查)	Y	consistent	none
HP-2MLR	KODENSHI	icpdf		光电二极管	光电二极管	icpdf:category2=光电二极管	photodetector/photodiode	optoelectronics_icpdf_photodiode_c2_v1	2	https://www.digikey.cn/zh/products?keywords=HP-2MLR	photodiode	https://www.xcc.com/search.html?keyword=HP-2MLR	(待查)	Y	consistent	none
HP-3ML	KODENSHI	icpdf		光电二极管	光电二极管	icpdf:category2=光电二极管	photodetector/photodiode	optoelectronics_icpdf_photodiode_c2_v1	2	https://www.digikey.cn/zh/products?keywords=HP-3ML	photodiode	https://www.xcc.com/search.html?keyword=HP-3ML	(待查)	Y	consistent	none
HP-3MLR2	KODENSHI	icpdf		光电二极管	光电二极管	icpdf:category2=光电二极管	photodetector/photodiode	optoelectronics_icpdf_photodiode_c2_v1	2	https://www.digikey.cn/zh/products?keywords=HP-3MLR2	photodiode	https://www.xcc.com/search.html?keyword=HP-3MLR2	(待查)	Y	consistent	none
LA110B/4G-R1-PF	LIGITEK	icpdf		其他光电器件		icpdf:category2=其他光电器件	photodetector/photodiode	optoelectronics_icpdf_other_opto_c2_v1	2	https://www.digikey.cn/zh/products?keywords=LA110B/4G-R1-PF	photodiode	https://www.xcc.com/search.html?keyword=LA110B/4G-R1-PF	(待查)	Y	consistent	other_opto fallback:源端无反证·无商城命中
LA110B/DBK.X.DBK.X-PF	LIGITEK	icpdf		其他光电器件		icpdf:category2=其他光电器件	photodetector/photodiode	optoelectronics_icpdf_other_opto_c2_v1	2	https://www.digikey.cn/zh/products?keywords=LA110B/DBK.X.DBK.X-PF	photodiode	https://www.xcc.com/search.html?keyword=LA110B/DBK.X.DBK.X-PF	(待查)	Y	consistent	other_opto fallback:源端无反证·无商城命中
LA110B/GHGG-PF	LIGITEK	icpdf		其他光电器件		icpdf:category2=其他光电器件	photodetector/photodiode	optoelectronics_icpdf_other_opto_c2_v1	2	https://www.digikey.cn/zh/products?keywords=LA110B/GHGG-PF	photodiode	https://www.xcc.com/search.html?keyword=LA110B/GHGG-PF	(待查)	Y	consistent	other_opto fallback:源端无反证·无商城命中
LA110B/HGGG-PF	LIGITEK	icpdf		其他光电器件		icpdf:category2=其他光电器件	photodetector/photodiode	optoelectronics_icpdf_other_opto_c2_v1	2	https://www.digikey.cn/zh/products?keywords=LA110B/HGGG-PF	photodiode	https://www.xcc.com/search.html?keyword=LA110B/HGGG-PF	(待查)	Y	consistent	other_opto fallback:源端无反证·无商城命中
LA110B/XGXG-R1-PF	LIGITEK	icpdf		其他光电器件		icpdf:category2=其他光电器件	photodetector/photodiode	optoelectronics_icpdf_other_opto_c2_v1	2	https://www.digikey.cn/zh/products?keywords=LA110B/XGXG-R1-PF	photodiode	https://www.xcc.com/search.html?keyword=LA110B/XGXG-R1-PF	(待查)	Y	consistent	other_opto fallback:源端无反证·无商城命中
HSDL-5420#1L1	LITEON	icpdf	光电二极管	光电二极管		icpdf:category2=光电二极管; category=光电二极管	photodetector/photodiode	optoelectronics_icpdf_photodiode_c2_v1	2	https://www.digikey.cn/zh/products?keywords=HSDL-5420#1L1	(待查)	https://www.xcc.com/search.html?keyword=HSDL-5420#1L1	photodiode (光耦/发光/红外管/光电二极管)	Y	consistent	none
LP6-PWR1-03-N1-MT	MARKTECH	icpdf		其他光电器件		icpdf:category2=其他光电器件	photodetector/photodiode	optoelectronics_icpdf_other_opto_c2_v1	2	https://www.digikey.cn/zh/products?keywords=LP6-PWR1-03-N1-MT	photodiode	https://www.xcc.com/search.html?keyword=LP6-PWR1-03-N1-MT	(待查)	Y	consistent	other_opto fallback:源端无反证·无商城命中
MT03-001	MARKTECH	icpdf		其他光电器件		icpdf:category2=其他光电器件	photodetector/photodiode	optoelectronics_icpdf_other_opto_c2_v1	2	https://www.digikey.cn/zh/products?keywords=MT03-001	photodiode	https://www.xcc.com/search.html?keyword=MT03-001	(待查)	Y	consistent	other_opto fallback:源端无反证·无商城命中
MT03-018	MARKTECH	icpdf		其他光电器件		icpdf:category2=其他光电器件	photodetector/photodiode	optoelectronics_icpdf_other_opto_c2_v1	2	https://www.digikey.cn/zh/products?keywords=MT03-018	photodiode	https://www.xcc.com/search.html?keyword=MT03-018	(待查)	Y	consistent	other_opto fallback:源端无反证·无商城命中
MT03-023	MARKTECH	icpdf		其他光电器件		icpdf:category2=其他光电器件	photodetector/photodiode	optoelectronics_icpdf_other_opto_c2_v1	2	https://www.digikey.cn/zh/products?keywords=MT03-023	photodiode	https://www.xcc.com/search.html?keyword=MT03-023	(待查)	Y	consistent	other_opto fallback:源端无反证·无商城命中
MT03-047	MARKTECH	icpdf		其他光电器件		icpdf:category2=其他光电器件	photodetector/photodiode	optoelectronics_icpdf_other_opto_c2_v1	2	https://www.digikey.cn/zh/products?keywords=MT03-047	(待查)	https://www.xcc.com/search.html?keyword=MT03-047	photodiode (光耦/发光/红外管/光电二极管)	Y	consistent	none
BL-21E0-0131	MARL	icpdf		其他光电器件		icpdf:category2=其他光电器件	photodetector/photodiode	optoelectronics_icpdf_other_opto_c2_v1	2	https://www.digikey.cn/zh/products?keywords=BL-21E0-0131	photodiode	https://www.xcc.com/search.html?keyword=BL-21E0-0131	(待查)	Y	consistent	other_opto fallback:源端无反证·无商城命中
PC084R24	MARL	icpdf		其他光电器件		icpdf:category2=其他光电器件	photodetector/photodiode	optoelectronics_icpdf_other_opto_c2_v1	2	https://www.digikey.cn/zh/products?keywords=PC084R24	photodiode	https://www.xcc.com/search.html?keyword=PC084R24	(待查)	Y	consistent	other_opto fallback:源端无反证·无商城命中
NJL5171K	MICRO-ELECTRONICS	icpdf		其他光电器件		icpdf:category2=其他光电器件	photodetector/photodiode	optoelectronics_icpdf_other_opto_c2_v1	2	https://www.digikey.cn/zh/products?keywords=NJL5171K	photodiode	https://www.xcc.com/search.html?keyword=NJL5171K	(待查)	Y	consistent	other_opto fallback:源端无反证·无商城命中
LX1972IBC	MICROSEMI	icpdf		其他光电器件	环境光检测器	icpdf:category2=其他光电器件	photodetector/photodiode	optoelectronics_icpdf_photodiode_subcat_other_c2_v1	2	https://www.digikey.cn/zh/products?keywords=LX1972IBC	(待查)	https://www.xcc.com/search.html?keyword=LX1972IBC	(待查)	Y	consistent	none;信号=子类别:Photo Diodes
LX1973AIDR	MICROSEMI	icpdf		其他光电器件	汽车光传感器	icpdf:category2=其他光电器件	photodetector/photodiode	optoelectronics_icpdf_photodiode_subcat_other_c2_v1	2	https://www.digikey.cn/zh/products?keywords=LX1973AIDR	(待查)	https://www.xcc.com/search.html?keyword=LX1973AIDR	(待查)	Y	consistent	none;信号=子类别:Photo Diodes
LX1973AIDR-TR	MICROSEMI	icpdf		其他光电器件	汽车光传感器	icpdf:category2=其他光电器件	photodetector/photodiode	optoelectronics_icpdf_photodiode_subcat_other_c2_v1	2	https://www.digikey.cn/zh/products?keywords=LX1973AIDR-TR	(待查)	https://www.xcc.com/search.html?keyword=LX1973AIDR-TR	(待查)	Y	consistent	none;信号=子类别:Photo Diodes
LX1973AIDU	MICROSEMI	icpdf		其他光电器件	汽车光传感器	icpdf:category2=其他光电器件	photodetector/photodiode	optoelectronics_icpdf_photodiode_subcat_other_c2_v1	2	https://www.digikey.cn/zh/products?keywords=LX1973AIDU	(待查)	https://www.xcc.com/search.html?keyword=LX1973AIDU	(待查)	Y	consistent	none;信号=子类别:Photo Diodes
LX1973BIPR	MICROSEMI	icpdf		光电二极管	汽车光线感应器TM	icpdf:category2=光电二极管	photodetector/photodiode	optoelectronics_icpdf_photodiode_c2_v1	2	https://www.digikey.cn/zh/products?keywords=LX1973BIPR	photodiode	https://www.xcc.com/search.html?keyword=LX1973BIPR	(待查)	Y	consistent	none
FU-311SPP-CV3	MITSUBISHI	icpdf		光电二极管	砷化铟镓PD前置放大器模块为1.31微米和1.55微米波长范围	icpdf:category2=光电二极管	photodetector/photodiode	optoelectronics_icpdf_photodiode_c2_v1	2	https://www.digikey.cn/zh/products?keywords=FU-311SPP-CV3	photodiode	https://www.xcc.com/search.html?keyword=FU-311SPP-CV3	(待查)	Y	consistent	none
FU-318AP-M6	MITSUBISHI	icpdf		其他光电器件	砷化铟镓APD模块对于长波长带	icpdf:category2=其他光电器件	photodetector/photodiode	optoelectronics_icpdf_photodiode_subcat_other_c2_v1	2	https://www.digikey.cn/zh/products?keywords=FU-318AP-M6	(待查)	https://www.xcc.com/search.html?keyword=FU-318AP-M6	(待查)	Y	consistent	none;信号=AVALANCHE PHOTODIODE
FU-318AP-VM6	MITSUBISHI	icpdf		其他光电器件	APD模块对于长波长带	icpdf:category2=其他光电器件	photodetector/photodiode	optoelectronics_icpdf_photodiode_subcat_other_c2_v1	2	https://www.digikey.cn/zh/products?keywords=FU-318AP-VM6	(待查)	https://www.xcc.com/search.html?keyword=FU-318AP-VM6	(待查)	Y	consistent	none;信号=AVALANCHE PHOTODIODE
FU-318SAP-M6	MITSUBISHI	icpdf		其他光电器件	砷化铟镓APD模块对于长波长带	icpdf:category2=其他光电器件	photodetector/photodiode	optoelectronics_icpdf_photodiode_avalanche_other_c2_v1	2	https://www.digikey.cn/zh/products?keywords=FU-318SAP-M6	(待查)	https://www.xcc.com/search.html?keyword=FU-318SAP-M6	(待查)	Y	consistent	none;信号=AVALANCHE PHOTODIODE
FU-318SAP-VM6	MITSUBISHI	icpdf		其他光电器件	APD模块对于长波长带	icpdf:category2=其他光电器件	photodetector/photodiode	optoelectronics_icpdf_photodiode_subcat_other_c2_v1	2	https://www.digikey.cn/zh/products?keywords=FU-318SAP-VM6	(待查)	https://www.xcc.com/search.html?keyword=FU-318SAP-VM6	(待查)	Y	consistent	none;信号=AVALANCHE PHOTODIODE
IRA-E900ST1	MURATA	icpdf		其他光电器件	热释电红外传感器IRA系列	icpdf:category2=其他光电器件	photodetector/photodiode	optoelectronics_icpdf_other_opto_c2_v1	2	https://www.digikey.cn/zh/products?keywords=IRA-E900ST1	photodiode	https://www.xcc.com/search.html?keyword=IRA-E900ST1	(待查)	Y	consistent	other_opto fallback:源端无反证·无商城命中
PS8741-F3	NEC	icpdf		其他光电器件		icpdf:category2=其他光电器件	photodetector/photodiode	optoelectronics_icpdf_other_opto_c2_v1	2	https://www.digikey.cn/zh/products?keywords=PS8741-F3	photodiode	https://www.xcc.com/search.html?keyword=PS8741-F3	(待查)	Y	consistent	other_opto fallback:源端无反证·无商城命中
PS8742-F4	NEC	icpdf		其他光电器件		icpdf:category2=其他光电器件	photodetector/photodiode	optoelectronics_icpdf_other_opto_c2_v1	2	https://www.digikey.cn/zh/products?keywords=PS8742-F4	photodiode	https://www.xcc.com/search.html?keyword=PS8742-F4	(待查)	Y	consistent	other_opto fallback:源端无反证·无商城命中
NJL6202R-1	NJRC	icpdf		光电二极管		icpdf:category2=光电二极管	photodetector/photodiode	optoelectronics_icpdf_photodiode_c2_v1	2	https://www.digikey.cn/zh/products?keywords=NJL6202R-1	photodiode	https://www.xcc.com/search.html?keyword=NJL6202R-1	(待查)	Y	consistent	none
TC404ATSR	OKAYA	icpdf		其他光电器件		icpdf:category2=其他光电器件	photodetector/photodiode	optoelectronics_icpdf_other_opto_c2_v1	2	https://www.digikey.cn/zh/products?keywords=TC404ATSR	photodiode	https://www.xcc.com/search.html?keyword=TC404ATSR	(待查)	Y	consistent	other_opto fallback:源端无反证·无商城命中
MICRORB-SMTPA-10010-GEVB	ONSEMI	icpdf		其他光电器件		icpdf:category2=其他光电器件	photodetector/photodiode	optoelectronics_icpdf_other_opto_c2_v1	2	https://www.digikey.cn/zh/products?keywords=MICRORB-SMTPA-10010-GEVB	photodiode	https://www.xcc.com/search.html?keyword=MICRORB-SMTPA-10010-GEVB	(待查)	Y	consistent	other_opto fallback:源端无反证·无商城命中
QSB34CGR	ONSEMI	icpdf		光电二极管		icpdf:category2=光电二极管	photodetector/photodiode	optoelectronics_icpdf_photodiode_c2_v1	2	https://www.digikey.cn/zh/products?keywords=QSB34CGR	photodiode	https://www.xcc.com/search.html?keyword=QSB34CGR	(待查)	Y	consistent	none
SLP171E51	ONSEMI	icpdf		其他光电器件		icpdf:category2=其他光电器件	photodetector/photodiode	optoelectronics_icpdf_other_opto_c2_v1	2	https://www.digikey.cn/zh/products?keywords=SLP171E51	photodiode	https://www.xcc.com/search.html?keyword=SLP171E51	(待查)	Y	consistent	other_opto fallback:源端无反证·无商城命中
PD-1150-150	OPTOWAY	icpdf		光电二极管	砷化铟镓PIN光电二极管PIN光电二极管与小尺寸与封装	icpdf:category2=光电二极管	photodetector/photodiode	optoelectronics_icpdf_photodiode_c2_v1	2	https://www.digikey.cn/zh/products?keywords=PD-1150-150	photodiode	https://www.xcc.com/search.html?keyword=PD-1150-150	(待查)	Y	consistent	none
BP104FAS	OSRAM	icpdf		其他光电器件	硅PIN光电二极管与日光过滤器	icpdf:category2=其他光电器件	photodetector/photodiode	optoelectronics_icpdf_photodiode_pin_other_c2_v1	2	https://www.digikey.cn/zh/products?keywords=BP104FAS	(待查)	https://www.xcc.com/search.html?keyword=BP104FAS	(待查)	Y	consistent	none;信号=PIN PHOTODIODE
BP104FAS-Z	OSRAM	icpdf		其他光电器件		icpdf:category2=其他光电器件	photodetector/photodiode	optoelectronics_icpdf_other_opto_c2_v1	2	https://www.digikey.cn/zh/products?keywords=BP104FAS-Z	(待查)	https://www.xcc.com/search.html?keyword=BP104FAS-Z	photodiode (光耦/发光/红外管/光电二极管)	Y	consistent	none
BP104FS-Z	OSRAM	icpdf	光电二极管	光电二极管	Silizium -PIN- Fotodiode麻省理工学院Tageslichtsperrfilter ;在SMT	icpdf:category2=光电二极管; category=光电二极管	photodetector/photodiode	optoelectronics_icpdf_photodiode_cat_v1	2	https://www.digikey.cn/zh/products?keywords=BP104FS-Z	(待查)	https://www.xcc.com/search.html?keyword=BP104FS-Z	photodiode (光耦/发光/红外管/光电二极管)	Y	consistent	none
PB86-BGA10R12	P-TEC	icpdf		其他光电器件		icpdf:category2=其他光电器件	photodetector/photodiode	optoelectronics_icpdf_other_opto_c2_v1	2	https://www.digikey.cn/zh/products?keywords=PB86-BGA10R12	photodiode	https://www.xcc.com/search.html?keyword=PB86-BGA10R12	(待查)	Y	consistent	other_opto fallback:源端无反证·无商城命中
PL309-2O12-12V	P-TEC	icpdf		其他光电器件		icpdf:category2=其他光电器件	photodetector/photodiode	optoelectronics_icpdf_other_opto_c2_v1	2	https://www.digikey.cn/zh/products?keywords=PL309-2O12-12V	photodiode	https://www.xcc.com/search.html?keyword=PL309-2O12-12V	(待查)	Y	consistent	other_opto fallback:源端无反证·无商城命中
PL310-2G13-12V	P-TEC	icpdf		其他光电器件		icpdf:category2=其他光电器件	photodetector/photodiode	optoelectronics_icpdf_other_opto_c2_v1	2	https://www.digikey.cn/zh/products?keywords=PL310-2G13-12V	photodiode	https://www.xcc.com/search.html?keyword=PL310-2G13-12V	(待查)	Y	consistent	other_opto fallback:源端无反证·无商城命中
0N2280	PANASONIC	icpdf		其他光电器件		icpdf:category2=其他光电器件	photodetector/photodiode	optoelectronics_icpdf_other_opto_c2_v1	2	https://www.digikey.cn/zh/products?keywords=0N2280	photodiode	https://www.xcc.com/search.html?keyword=0N2280	(待查)	Y	consistent	other_opto fallback:源端无反证·无商城命中
APV1121S	PANASONIC	icpdf	光耦合器/光隔离器	其他光电器件	光伏MOSFET驱动器的广泛产品阵容节省空间	icpdf:category2=其他光电器件; category=光耦合器/光隔离器	photodetector/photodiode	optoelectronics_icpdf_other_opto_c2_v1	2	https://www.digikey.cn/zh/products?keywords=APV1121S	photodiode (晶体管，光电输出光隔离器)	https://www.xcc.com/search.html?keyword=APV1121S	(待查)	Y	consistent	none
APV1121SX	PANASONIC	icpdf	光耦合器/光隔离器	其他光电器件	光伏MOSFET驱动器的广泛产品阵容节省空间	icpdf:category2=其他光电器件; category=光耦合器/光隔离器	photodetector/photodiode	optoelectronics_icpdf_other_opto_c2_v1	2	https://www.digikey.cn/zh/products?keywords=APV1121SX	photodiode (晶体管，光电输出光隔离器)	https://www.xcc.com/search.html?keyword=APV1121SX	(待查)	Y	consistent	none
APV1121SZ	PANASONIC	icpdf	光耦合器/光隔离器	其他光电器件	光伏MOSFET驱动器的广泛产品阵容节省空间	icpdf:category2=其他光电器件; category=光耦合器/光隔离器	photodetector/photodiode	optoelectronics_icpdf_other_opto_c2_v1	2	https://www.digikey.cn/zh/products?keywords=APV1121SZ	photodiode (晶体管，光电输出光隔离器)	https://www.xcc.com/search.html?keyword=APV1121SZ	(待查)	Y	consistent	none
APV1122	PANASONIC	icpdf		其他光电器件	光伏MOSFET驱动器	icpdf:category2=其他光电器件	photodetector/photodiode	optoelectronics_icpdf_other_opto_c2_v1	2	https://www.digikey.cn/zh/products?keywords=APV1122	photodiode (晶体管，光电输出光隔离器)	https://www.xcc.com/search.html?keyword=APV1122	(待查)	Y	consistent	none
C30616	PERKINELMER	icpdf		光电二极管	高速的InGaAs PIN光电二极管	icpdf:category2=光电二极管	photodetector/photodiode	optoelectronics_icpdf_photodiode_c2_v1	2	https://www.digikey.cn/zh/products?keywords=C30616	photodiode	https://www.xcc.com/search.html?keyword=C30616	(待查)	Y	consistent	none
C30637	PERKINELMER	icpdf		光电二极管	高速的InGaAs PIN光电二极管	icpdf:category2=光电二极管	photodetector/photodiode	optoelectronics_icpdf_photodiode_c2_v1	2	https://www.digikey.cn/zh/products?keywords=C30637	photodiode	https://www.xcc.com/search.html?keyword=C30637	(待查)	Y	consistent	none
C30645E	PERKINELMER	icpdf		光电二极管	铟镓砷雪崩光电二极管	icpdf:category2=光电二极管	photodetector/photodiode	optoelectronics_icpdf_photodiode_c2_v1	2	https://www.digikey.cn/zh/products?keywords=C30645E	photodiode	https://www.xcc.com/search.html?keyword=C30645E	(待查)	Y	consistent	none
C30662E	PERKINELMER	icpdf		光电二极管	铟镓砷雪崩光电二极管	icpdf:category2=光电二极管	photodetector/photodiode	optoelectronics_icpdf_photodiode_c2_v1	2	https://www.digikey.cn/zh/products?keywords=C30662E	photodiode	https://www.xcc.com/search.html?keyword=C30662E	(待查)	Y	consistent	none
C30737P-230	PERKINELMER	icpdf		光电二极管	外延硅雪崩光电二极管	icpdf:category2=光电二极管	photodetector/photodiode	optoelectronics_icpdf_photodiode_c2_v1	2	https://www.digikey.cn/zh/products?keywords=C30737P-230	photodiode	https://www.xcc.com/search.html?keyword=C30737P-230	(待查)	Y	consistent	none
AND116SG	PURDY	icpdf		其他光电器件	双色	icpdf:category2=其他光电器件	photodetector/photodiode	optoelectronics_icpdf_other_opto_c2_v1	2	https://www.digikey.cn/zh/products?keywords=AND116SG	photodiode	https://www.xcc.com/search.html?keyword=AND116SG	(待查)	Y	consistent	other_opto fallback:源端无反证·无商城命中
AND124KR	PURDY	icpdf		其他光电器件		icpdf:category2=其他光电器件	photodetector/photodiode	optoelectronics_icpdf_other_opto_c2_v1	2	https://www.digikey.cn/zh/products?keywords=AND124KR	photodiode	https://www.xcc.com/search.html?keyword=AND124KR	(待查)	Y	consistent	other_opto fallback:源端无反证·无商城命中
AND130AR	PURDY	icpdf		其他光电器件		icpdf:category2=其他光电器件	photodetector/photodiode	optoelectronics_icpdf_other_opto_c2_v1	2	https://www.digikey.cn/zh/products?keywords=AND130AR	photodiode	https://www.xcc.com/search.html?keyword=AND130AR	(待查)	Y	consistent	other_opto fallback:源端无反证·无商城命中
AND155ARP	PURDY	icpdf		其他光电器件		icpdf:category2=其他光电器件	photodetector/photodiode	optoelectronics_icpdf_other_opto_c2_v1	2	https://www.digikey.cn/zh/products?keywords=AND155ARP	photodiode	https://www.xcc.com/search.html?keyword=AND155ARP	(待查)	Y	consistent	other_opto fallback:源端无反证·无商城命中
AND171SG	PURDY	icpdf		其他光电器件		icpdf:category2=其他光电器件	photodetector/photodiode	optoelectronics_icpdf_other_opto_c2_v1	2	https://www.digikey.cn/zh/products?keywords=AND171SG	photodiode	https://www.xcc.com/search.html?keyword=AND171SG	(待查)	Y	consistent	other_opto fallback:源端无反证·无商城命中
MCA11	QT	icpdf		其他光电器件		icpdf:category2=其他光电器件	photodetector/photodiode	optoelectronics_icpdf_other_opto_c2_v1	2	https://www.digikey.cn/zh/products?keywords=MCA11	photodiode	https://www.xcc.com/search.html?keyword=MCA11	(待查)	Y	consistent	other_opto fallback:源端无反证·无商城命中
MCP3011A	QT	icpdf		其他光电器件		icpdf:category2=其他光电器件	photodetector/photodiode	optoelectronics_icpdf_other_opto_c2_v1	2	https://www.digikey.cn/zh/products?keywords=MCP3011A	photodiode	https://www.xcc.com/search.html?keyword=MCP3011A	(待查)	Y	consistent	other_opto fallback:源端无反证·无商城命中
MSA6530	QT	icpdf		其他光电器件		icpdf:category2=其他光电器件	photodetector/photodiode	optoelectronics_icpdf_other_opto_c2_v1	2	https://www.digikey.cn/zh/products?keywords=MSA6530	photodiode	https://www.xcc.com/search.html?keyword=MSA6530	(待查)	Y	consistent	other_opto fallback:源端无反证·无商城命中
MSA8530	QT	icpdf		其他光电器件		icpdf:category2=其他光电器件	photodetector/photodiode	optoelectronics_icpdf_other_opto_c2_v1	2	https://www.digikey.cn/zh/products?keywords=MSA8530	photodiode	https://www.xcc.com/search.html?keyword=MSA8530	(待查)	Y	consistent	other_opto fallback:源端无反证·无商城命中
MST6120	QT	icpdf		其他光电器件		icpdf:category2=其他光电器件	photodetector/photodiode	optoelectronics_icpdf_other_opto_c2_v1	2	https://www.digikey.cn/zh/products?keywords=MST6120	photodiode	https://www.xcc.com/search.html?keyword=MST6120	(待查)	Y	consistent	other_opto fallback:源端无反证·无商城命中
5961-01-473-3650	RENESAS	icpdf		其他光电器件		icpdf:category2=其他光电器件	photodetector/photodiode	optoelectronics_icpdf_photodiode_avalanche_other_c2_v1	2	https://www.digikey.cn/zh/products?keywords=5961-01-473-3650	(待查)	https://www.xcc.com/search.html?keyword=5961-01-473-3650	(待查)	Y	consistent	none;信号=AVALANCHE PHOTODIODE
CNY36	RENESAS	icpdf		其他光电器件		icpdf:category2=其他光电器件	photodetector/photodiode	optoelectronics_icpdf_other_opto_c2_v1	2	https://www.digikey.cn/zh/products?keywords=CNY36	(待查)	https://www.xcc.com/search.html?keyword=CNY36	(待查)	N	our_rule_gap	ecloud=固态继电器,不应落photodiode;信号=TRANSISTOR OUTPUT SLOTTED SWITCH
FIP10A6CR	RENESAS	icpdf		其他光电器件		icpdf:category2=其他光电器件	photodetector/photodiode	optoelectronics_icpdf_other_opto_c2_v1	2	https://www.digikey.cn/zh/products?keywords=FIP10A6CR	photodiode	https://www.xcc.com/search.html?keyword=FIP10A6CR	(待查)	Y	consistent	other_opto fallback:源端无反证·无商城命中
FIP4A8DS	RENESAS	icpdf		其他光电器件		icpdf:category2=其他光电器件	photodetector/photodiode	optoelectronics_icpdf_other_opto_c2_v1	2	https://www.digikey.cn/zh/products?keywords=FIP4A8DS	photodiode	https://www.xcc.com/search.html?keyword=FIP4A8DS	(待查)	Y	consistent	other_opto fallback:源端无反证·无商城命中
FIP4B6CS	RENESAS	icpdf		其他光电器件		icpdf:category2=其他光电器件	photodetector/photodiode	optoelectronics_icpdf_other_opto_c2_v1	2	https://www.digikey.cn/zh/products?keywords=FIP4B6CS	photodiode	https://www.xcc.com/search.html?keyword=FIP4B6CS	(待查)	Y	consistent	other_opto fallback:源端无反证·无商城命中
4N37SD	ROCHESTER	icpdf		其他光电器件		icpdf:category2=其他光电器件	photodetector/photodiode	optoelectronics_icpdf_other_opto_c2_v1	2	https://www.digikey.cn/zh/products?keywords=4N37SD	photodiode (晶体管，光电输出光隔离器)	https://www.xcc.com/search.html?keyword=4N37SD	(待查)	Y	consistent	none
BA1800	ROHM	icpdf		其他光电器件		icpdf:category2=其他光电器件	photodetector/photodiode	optoelectronics_icpdf_other_opto_c2_v1	2	https://www.digikey.cn/zh/products?keywords=BA1800	photodiode	https://www.xcc.com/search.html?keyword=BA1800	(待查)	Y	consistent	other_opto fallback:源端无反证·无商城命中
BA7122F	ROHM	icpdf		其他光电器件		icpdf:category2=其他光电器件	photodetector/photodiode	optoelectronics_icpdf_other_opto_c2_v1	2	https://www.digikey.cn/zh/products?keywords=BA7122F	photodiode	https://www.xcc.com/search.html?keyword=BA7122F	(待查)	Y	consistent	other_opto fallback:源端无反证·无商城命中
LB603DP	ROHM	icpdf		其他光电器件		icpdf:category2=其他光电器件	photodetector/photodiode	optoelectronics_icpdf_other_opto_c2_v1	2	https://www.digikey.cn/zh/products?keywords=LB603DP	photodiode	https://www.xcc.com/search.html?keyword=LB603DP	(待查)	Y	consistent	other_opto fallback:源端无反证·无商城命中
LTZ-MR15	ROHM	icpdf		其他光电器件		icpdf:category2=其他光电器件	photodetector/photodiode	optoelectronics_icpdf_other_opto_c2_v1	2	https://www.digikey.cn/zh/products?keywords=LTZ-MR15	photodiode	https://www.xcc.com/search.html?keyword=LTZ-MR15	(待查)	Y	consistent	other_opto fallback:源端无反证·无商城命中
LTZ-MR15T-72	ROHM	icpdf		其他光电器件		icpdf:category2=其他光电器件	photodetector/photodiode	optoelectronics_icpdf_other_opto_c2_v1	2	https://www.digikey.cn/zh/products?keywords=LTZ-MR15T-72	photodiode	https://www.xcc.com/search.html?keyword=LTZ-MR15T-72	(待查)	Y	consistent	other_opto fallback:源端无反证·无商城命中
SEC1801CC	SANKEN	icpdf		其他光电器件		icpdf:category2=其他光电器件	photodetector/photodiode	optoelectronics_icpdf_other_opto_c2_v1	2	https://www.digikey.cn/zh/products?keywords=SEC1801CC	photodiode	https://www.xcc.com/search.html?keyword=SEC1801CC	(待查)	Y	consistent	other_opto fallback:源端无反证·无商城命中
SMP1000G-JQ	SEME-LAB	icpdf		光电二极管	P.I.N.光电二极管	icpdf:category2=光电二极管	photodetector/photodiode	optoelectronics_icpdf_photodiode_c2_v1	2	https://www.digikey.cn/zh/products?keywords=SMP1000G-JQ	photodiode	https://www.xcc.com/search.html?keyword=SMP1000G-JQ	(待查)	Y	consistent	none
SMP1000G-KP	SEME-LAB	icpdf		光电二极管	P.I.N.光电二极管	icpdf:category2=光电二极管	photodetector/photodiode	optoelectronics_icpdf_photodiode_c2_v1	2	https://www.digikey.cn/zh/products?keywords=SMP1000G-KP	photodiode	https://www.xcc.com/search.html?keyword=SMP1000G-KP	(待查)	Y	consistent	none
SMP2000G-MV	SEME-LAB	icpdf		光电二极管	P.I.N.光电二极管	icpdf:category2=光电二极管	photodetector/photodiode	optoelectronics_icpdf_photodiode_c2_v1	2	https://www.digikey.cn/zh/products?keywords=SMP2000G-MV	photodiode	https://www.xcc.com/search.html?keyword=SMP2000G-MV	(待查)	Y	consistent	none
SMP400G-BA	SEME-LAB	icpdf		光电二极管	P.I.N.光电二极管	icpdf:category2=光电二极管	photodetector/photodiode	optoelectronics_icpdf_photodiode_c2_v1	2	https://www.digikey.cn/zh/products?keywords=SMP400G-BA	photodiode	https://www.xcc.com/search.html?keyword=SMP400G-BA	(待查)	Y	consistent	none
SMP400G-BB	SEME-LAB	icpdf		光电二极管	P.I.N.光电二极管	icpdf:category2=光电二极管	photodetector/photodiode	optoelectronics_icpdf_photodiode_c2_v1	2	https://www.digikey.cn/zh/products?keywords=SMP400G-BB	photodiode	https://www.xcc.com/search.html?keyword=SMP400G-BB	(待查)	Y	consistent	none
BS100C	SHARP	icpdf		光电二极管	光电二极管可见光	icpdf:category2=光电二极管	photodetector/photodiode	optoelectronics_icpdf_photodiode_c2_v1	2	https://www.digikey.cn/zh/products?keywords=BS100C	photodiode	https://www.xcc.com/search.html?keyword=BS100C	(待查)	Y	consistent	none
BS100D	SHARP	icpdf		光电二极管	宽波带型光电二极管	icpdf:category2=光电二极管	photodetector/photodiode	optoelectronics_icpdf_photodiode_c2_v1	2	https://www.digikey.cn/zh/products?keywords=BS100D	photodiode	https://www.xcc.com/search.html?keyword=BS100D	(待查)	Y	consistent	none
BS115	SHARP	icpdf		其他光电器件	可以打包光电二极管可见光	icpdf:category2=其他光电器件	photodetector/photodiode	optoelectronics_icpdf_other_opto_c2_v1	2	https://www.digikey.cn/zh/products?keywords=BS115	photodiode	https://www.xcc.com/search.html?keyword=BS115	(待查)	Y	consistent	other_opto fallback:源端无反证·无商城命中
BS120E0F	SHARP	icpdf		其他光电器件		icpdf:category2=其他光电器件	photodetector/photodiode	optoelectronics_icpdf_other_opto_c2_v1	2	https://www.digikey.cn/zh/products?keywords=BS120E0F	(待查)	https://www.xcc.com/search.html?keyword=BS120E0F	photodiode (光耦/发光/红外管/光电二极管)	Y	consistent	none
BS500A	SHARP	icpdf		其他光电器件	宽波带型光电二极管	icpdf:category2=其他光电器件	photodetector/photodiode	optoelectronics_icpdf_other_opto_c2_v1	2	https://www.digikey.cn/zh/products?keywords=BS500A	(待查)	https://www.xcc.com/search.html?keyword=BS500A	photodiode (光耦/发光/红外管/光电二极管)	Y	consistent	none
NSL-19M51	SILONEX	icpdf		其他光电器件	塑料封装	icpdf:category2=其他光电器件	photodetector/photodiode	optoelectronics_icpdf_other_opto_c2_v1	2	https://www.digikey.cn/zh/products?keywords=NSL-19M51	photodiode	https://www.xcc.com/search.html?keyword=NSL-19M51	(待查)	Y	consistent	other_opto fallback:源端无反证·无商城命中
NSL-21UV401	SILONEX	icpdf		其他光电器件	UV光电池	icpdf:category2=其他光电器件	photodetector/photodiode	optoelectronics_icpdf_other_opto_c2_v1	2	https://www.digikey.cn/zh/products?keywords=NSL-21UV401	photodiode	https://www.xcc.com/search.html?keyword=NSL-21UV401	(待查)	Y	consistent	other_opto fallback:源端无反证·无商城命中
NSL-26	SILONEX	icpdf		其他光电器件	光电耦合器	icpdf:category2=其他光电器件	photodetector/photodiode	optoelectronics_icpdf_other_opto_c2_v1	2	https://www.digikey.cn/zh/products?keywords=NSL-26	photodiode	https://www.xcc.com/search.html?keyword=NSL-26	(待查)	Y	consistent	other_opto fallback:源端无反证·无商城命中
NSL-28	SILONEX	icpdf		其他光电器件	光电耦合器	icpdf:category2=其他光电器件	photodetector/photodiode	optoelectronics_icpdf_other_opto_c2_v1	2	https://www.digikey.cn/zh/products?keywords=NSL-28	photodiode (特殊用途隔离器)	https://www.xcc.com/search.html?keyword=NSL-28	(待查)	Y	consistent	none
NSL-28AA	SILONEX	icpdf		其他光电器件	光电耦合器	icpdf:category2=其他光电器件	photodetector/photodiode	optoelectronics_icpdf_other_opto_c2_v1	2	https://www.digikey.cn/zh/products?keywords=NSL-28AA	photodiode	https://www.xcc.com/search.html?keyword=NSL-28AA	(待查)	Y	consistent	other_opto fallback:源端无反证·无商城命中
SLD151UL	SONY	icpdf		其他光电器件		icpdf:category2=其他光电器件	photodetector/photodiode	optoelectronics_icpdf_other_opto_c2_v1	2	https://www.digikey.cn/zh/products?keywords=SLD151UL	photodiode	https://www.xcc.com/search.html?keyword=SLD151UL	(待查)	Y	consistent	other_opto fallback:源端无反证·无商城命中
R-11-055A-G-A	SOURCE	icpdf		光电二极管		icpdf:category2=光电二极管	photodetector/photodiode	optoelectronics_icpdf_photodiode_c2_v1	2	https://www.digikey.cn/zh/products?keywords=R-11-055A-G-A	photodiode	https://www.xcc.com/search.html?keyword=R-11-055A-G-A	(待查)	Y	consistent	none
SPD1511-18-21	SSDI	icpdf		光电二极管		icpdf:category2=光电二极管	photodetector/photodiode	optoelectronics_icpdf_photodiode_c2_v1	2	https://www.digikey.cn/zh/products?keywords=SPD1511-18-21	photodiode	https://www.xcc.com/search.html?keyword=SPD1511-18-21	(待查)	Y	consistent	none
SPD9442TXV	SSDI	icpdf		其他光电器件		icpdf:category2=其他光电器件	photodetector/photodiode	optoelectronics_icpdf_other_opto_c2_v1	2	https://www.digikey.cn/zh/products?keywords=SPD9442TXV	photodiode	https://www.xcc.com/search.html?keyword=SPD9442TXV	(待查)	Y	consistent	other_opto fallback:源端无反证·无商城命中
LTA070A321F	TOSHIBA	icpdf		其他光电器件		icpdf:category2=其他光电器件	photodetector/photodiode	optoelectronics_icpdf_other_opto_c2_v1	2	https://www.digikey.cn/zh/products?keywords=LTA070A321F	(待查)	https://www.xcc.com/search.html?keyword=LTA070A321F	led (光耦/发光/红外管/显示屏模块)	N	our_rule_gap	other_opto误落photodiode→应收led
TLMM514A1U	TOSHIBA	icpdf		其他光电器件		icpdf:category2=其他光电器件	photodetector/photodiode	optoelectronics_icpdf_other_opto_c2_v1	2	https://www.digikey.cn/zh/products?keywords=TLMM514A1U	photodiode	https://www.xcc.com/search.html?keyword=TLMM514A1U	(待查)	Y	consistent	other_opto fallback:源端无反证·无商城命中
TLP1001	TOSHIBA	icpdf		其他光电器件		icpdf:category2=其他光电器件	photodetector/photodiode	optoelectronics_icpdf_other_opto_c2_v1	2	https://www.digikey.cn/zh/products?keywords=TLP1001	photodiode	https://www.xcc.com/search.html?keyword=TLP1001	(待查)	Y	consistent	other_opto fallback:源端无反证·无商城命中
TLP1005	TOSHIBA	icpdf		其他光电器件		icpdf:category2=其他光电器件	photodetector/photodiode	optoelectronics_icpdf_other_opto_c2_v1	2	https://www.digikey.cn/zh/products?keywords=TLP1005	photodiode	https://www.xcc.com/search.html?keyword=TLP1005	(待查)	Y	consistent	other_opto fallback:源端无反证·无商城命中
TLP1006A(F)	TOSHIBA	icpdf		其他光电器件		icpdf:category2=其他光电器件	photodetector/photodiode	optoelectronics_icpdf_other_opto_c2_v1	2	https://www.digikey.cn/zh/products?keywords=TLP1006A(F)	photodiode	https://www.xcc.com/search.html?keyword=TLP1006A(F)	(待查)	Y	consistent	other_opto fallback:源端无反证·无商城命中
OPR5011	TTELEC	icpdf	光电二极管	光电集成电路		icpdf:category2=光电集成电路; category=光电二极管	photodetector/photodiode	optoelectronics_icpdf_photodiode_cat_v1	2	https://www.digikey.cn/zh/products?keywords=OPR5011	(待查)	https://www.xcc.com/search.html?keyword=OPR5011	photodiode (光耦/发光/红外管/光电二极管)	Y	consistent	none
MCD-3P4C-302	UOT	icpdf		其他光电器件	砷化铟镓PIN光电二极管	icpdf:category2=其他光电器件	photodetector/photodiode	optoelectronics_icpdf_photodiode_subcat_other_c2_v1	2	https://www.digikey.cn/zh/products?keywords=MCD-3P4C-302	(待查)	https://www.xcc.com/search.html?keyword=MCD-3P4C-302	(待查)	Y	consistent	none;信号=PIN PHOTODIODE
170P-A4	VCC	icpdf		其他光电器件		icpdf:category2=其他光电器件	photodetector/photodiode	optoelectronics_icpdf_other_opto_c2_v1	2	https://www.digikey.cn/zh/products?keywords=170P-A4	photodiode	https://www.xcc.com/search.html?keyword=170P-A4	(待查)	Y	consistent	other_opto fallback:源端无反证·无商城命中
170P-G4	VCC	icpdf		其他光电器件		icpdf:category2=其他光电器件	photodetector/photodiode	optoelectronics_icpdf_other_opto_c2_v1	2	https://www.digikey.cn/zh/products?keywords=170P-G4	photodiode	https://www.xcc.com/search.html?keyword=170P-G4	(待查)	Y	consistent	other_opto fallback:源端无反证·无商城命中
170P-R4	VCC	icpdf		其他光电器件		icpdf:category2=其他光电器件	photodetector/photodiode	optoelectronics_icpdf_other_opto_c2_v1	2	https://www.digikey.cn/zh/products?keywords=170P-R4	photodiode	https://www.xcc.com/search.html?keyword=170P-R4	(待查)	Y	consistent	other_opto fallback:源端无反证·无商城命中
170S-A4	VCC	icpdf		其他光电器件		icpdf:category2=其他光电器件	photodetector/photodiode	optoelectronics_icpdf_other_opto_c2_v1	2	https://www.digikey.cn/zh/products?keywords=170S-A4	photodiode	https://www.xcc.com/search.html?keyword=170S-A4	(待查)	Y	consistent	other_opto fallback:源端无反证·无商城命中
170S-G4	VCC	icpdf		其他光电器件		icpdf:category2=其他光电器件	photodetector/photodiode	optoelectronics_icpdf_other_opto_c2_v1	2	https://www.digikey.cn/zh/products?keywords=170S-G4	photodiode	https://www.xcc.com/search.html?keyword=170S-G4	(待查)	Y	consistent	other_opto fallback:源端无反证·无商城命中
6N137-X009T	VISHAY	icpdf		其他光电器件		icpdf:category2=其他光电器件	photodetector/photodiode	optoelectronics_icpdf_photodiode_subcat_coupler_other_c2_v1	2	https://www.digikey.cn/zh/products?keywords=6N137-X009T	(待查)	https://www.xcc.com/search.html?keyword=6N137-X009T	photodiode (光耦/发光/红外管/光耦-逻辑输出)	Y	consistent	none
6N137-X019T	VISHAY	icpdf		其他光电器件		icpdf:category2=其他光电器件	photodetector/photodiode	optoelectronics_icpdf_photodiode_subcat_coupler_other_c2_v1	2	https://www.digikey.cn/zh/products?keywords=6N137-X019T	photodiode	https://www.xcc.com/search.html?keyword=6N137-X019T	(待查)	Y	consistent	icpdf:子类别确认photodiode
BP104	VISHAY	icpdf	光电二极管		硅PIN光电二极管	icpdf:category=光电二极管	photodetector/photodiode	optoelectronics_icpdf_photodiode_cat_v1	2	https://www.digikey.cn/zh/products?keywords=BP104	(待查)	https://www.xcc.com/search.html?keyword=BP104	photodiode (光耦/发光/红外管/光电二极管)	Y	consistent	none
BPV10	VISHAY	icpdf	光电二极管		硅PIN光电二极管	icpdf:category=光电二极管	photodetector/photodiode	optoelectronics_icpdf_photodiode_cat_v1	2	https://www.digikey.cn/zh/products?keywords=BPV10	(待查)	https://www.xcc.com/search.html?keyword=BPV10	photodiode (光耦/发光/红外管/光电二极管)	Y	consistent	none
BPV10NF	VISHAY	icpdf	光电二极管	光电二极管	高速硅PIN光电二极管	icpdf:category2=光电二极管; category=光电二极管	photodetector/photodiode	optoelectronics_icpdf_photodiode_c2_v1	2	https://www.digikey.cn/zh/products?keywords=BPV10NF	(待查)	https://www.xcc.com/search.html?keyword=BPV10NF	photodiode (光耦/发光/红外管/光电二极管)	Y	consistent	none
1540051EC3590	WURTH	icpdf		其他光电器件		icpdf:category2=其他光电器件	photodetector/photodiode	optoelectronics_icpdf_other_opto_c2_v1	2	https://www.digikey.cn/zh/products?keywords=1540051EC3590	(待查)	https://www.xcc.com/search.html?keyword=1540051EC3590	photodiode (光耦/发光/红外管/光电二极管)	Y	consistent	none
BPR-105F	YSTONE	icpdf		其他光电器件		icpdf:category2=其他光电器件	photodetector/photodiode	optoelectronics_icpdf_other_opto_c2_v1	2	https://www.digikey.cn/zh/products?keywords=BPR-105F	photodiode	https://www.xcc.com/search.html?keyword=BPR-105F	(待查)	Y	consistent	other_opto fallback:源端无反证·无商城命中
