id,partno,brandshort,category,category_info,note_cn_preview,datasheet_url
-9198395872035061019,RP327-75-10-S,,电力线滤波模块,"[ > "" > 滤 > 波 > 器 > "" > , > "" > 电 > 力 > 线 > 滤 > 波 > 模 > 块 > "" > ]",,
-9195398213103217756,057.01014.00,,电力线滤波模块,"[ > "" > 滤 > 波 > 器 > "" > , > "" > 电 > 力 > 线 > 滤 > 波 > 模 > 块 > "" > ]",,
-9179057511011301811,AMI-M11R-7M-10-B-2,,电力线滤波模块,"[ > "" > 滤 > 波 > 器 > "" > , > "" > 电 > 力 > 线 > 滤 > 波 > 模 > 块 > "" > ]",,
-9176243830838724429,RP415-120-100-S,,电力线滤波模块,"[ > "" > 滤 > 波 > 器 > "" > , > "" > 电 > 力 > 线 > 滤 > 波 > 模 > 块 > "" > ]",,
-9165717588315663546,NAP-16-471,,电力线滤波模块,"[ > "" > 滤 > 波 > 器 > "" > , > "" > 电 > 力 > 线 > 滤 > 波 > 模 > 块 > "" > ]",,
-9161044567320097207,HRB0805S300P4.00FT,"AEM, Inc.",铁氧体磁珠和芯片,"[ > "" > 滤 > 波 > 器 > "" > , > "" > 铁 > 氧 > 体 > 磁 > 珠 > 和 > 芯 > 片 > "" > ]",30 Ohms @ 100 MHz 1 铁氧体磁珠和芯片 0805（2012 公制） 4A 20 毫欧,https://aemusa.media.zestyio.com/HRB-Datasheet_Jan_2013.pdf
-8978597832229336766,HRB1206S300P4.00FT,"AEM, Inc.",铁氧体磁珠和芯片,"[ > "" > 滤 > 波 > 器 > "" > , > "" > 铁 > 氧 > 体 > 磁 > 珠 > 和 > 芯 > 片 > "" > ]",30 Ohms @ 100 MHz 1 铁氧体磁珠和芯片 1206（3216 公制） 4A 10 毫欧,https://aemusa.media.zestyio.com/HRB-Datasheet_Jan_2013.pdf
-8763386292604326533,HRB0603S102P.200FT,"AEM, Inc.",铁氧体磁珠和芯片,"[ > "" > 滤 > 波 > 器 > "" > , > "" > 铁 > 氧 > 体 > 磁 > 珠 > 和 > 芯 > 片 > "" > ]",1 kOhms @ 100 MHz 1 铁氧体磁珠和芯片 0603（1608 公制） 200mA 600 毫欧,https://aemusa.media.zestyio.com/HRB-Datasheet_Jan_2013.pdf
-8599658543702033893,HRB0805S221P1.00FT,"AEM, Inc.",铁氧体磁珠和芯片,"[ > "" > 滤 > 波 > 器 > "" > , > "" > 铁 > 氧 > 体 > 磁 > 珠 > 和 > 芯 > 片 > "" > ]",220 Ohms @ 100 MHz 1 铁氧体磁珠和芯片 0805（2012 公制） 1A 200 毫欧,https://aemusa.media.zestyio.com/HRB-Datasheet_Jan_2013.pdf
-8478750830244033250,HRB1206S501M1.00FT,"AEM, Inc.",铁氧体磁珠和芯片,"[ > "" > 滤 > 波 > 器 > "" > , > "" > 铁 > 氧 > 体 > 磁 > 珠 > 和 > 芯 > 片 > "" > ]",500 Ohms @ 100 MHz 1 铁氧体磁珠和芯片 1206（3216 公制） 1A 200 毫欧,https://aemusa.media.zestyio.com/HRB-Datasheet_Jan_2013.pdf
-9181854128072026020,ADSTS5A2-1CHM011M,Abracon LLC,SAW 滤波器,"[ > "" > 滤 > 波 > 器 > "" > , > "" > S > A > W >   > 滤 > 波 > 器 > "" > ]",881.5MHz 频率 手机，CDMA RF SAW 滤波器（表面声波） 1.5dB 25MHz 带宽 5-SMD，无引线,https://abracon.com/datasheets/ADSTS5A2-1CHM011M.pdf
-9170823302422765568,AFBC-Q0805G-601-T,Abracon LLC,铁氧体磁珠和芯片,"[ > "" > 滤 > 波 > 器 > "" > , > "" > 铁 > 氧 > 体 > 磁 > 珠 > 和 > 芯 > 片 > "" > ]",600 Ohms @ 100 MHz 1 信号线 铁氧体磁珠和芯片 0805（2012 公制） 300mA 450 毫欧,https://abracon.com/datasheets/AFBC-Q0805G.pdf
-9069895663882517053,AFS915S3-T,Abracon LLC,SAW 滤波器,"[ > "" > 滤 > 波 > 器 > "" > , > "" > S > A > W >   > 滤 > 波 > 器 > "" > ]",915MHz 频率 通用 RF SAW 滤波器（表面声波） 4.5dB 26MHz 带宽 6-SMD，无引线,https://abracon.com/Filters/SAW%20FILTERS/AFS915S3.pdf
-9051510133339197857,ACML-0603-310-T,Abracon LLC,铁氧体磁珠和芯片,"[ > "" > 滤 > 波 > 器 > "" > , > "" > 铁 > 氧 > 体 > 磁 > 珠 > 和 > 芯 > 片 > "" > ]",31 Ohms @ 100 MHz 1 铁氧体磁珠和芯片 0603（1608 公制） 500mA 50 毫欧,https://abracon.com/Magnetics/new/ACML-0603.pdf
-8874282287681016116,AFS14A15-2017.50-T3,Abracon LLC,SAW 滤波器,"[ > "" > 滤 > 波 > 器 > "" > , > "" > S > A > W >   > 滤 > 波 > 器 > "" > ]",2.018GHz 频率 通用 RF SAW 滤波器（表面声波） 2dB 15MHz 带宽 5-SMD，无引线,https://abracon.com/Filters/SAW%20FILTERS/AFS14A15-2017.50-T3.pdf
-9083439126811104512,PLF-11B3-10A-Q,Adam Tech,电力线滤波模块,"[ > "" > 滤 > 波 > 器 > "" > , > "" > 电 > 力 > 线 > 滤 > 波 > 模 > 块 > "" > ]",单相 EMC/EMI 线路滤波器 10 A 115V，250VAC 50/60Hz 单级 IEC 320-C14，快速连接,https://app.adam-tech.com/products/download/data_sheet/246944/plf-11b3-10a-q-data-sheet.pdf
-8288067996962309442,PLF-11B8-2A-Q-R,Adam Tech,电力线滤波模块,"[ > "" > 滤 > 波 > 器 > "" > , > "" > 电 > 力 > 线 > 滤 > 波 > 模 > 块 > "" > ]",单相 EMC/EMI 线路滤波器 2 A 115V，250VAC 50/60Hz 单级 IEC 320-C14，快速连接,https://app.adam-tech.com/products/download/data_sheet/246946/plf-11b8-2a-q-r-data-sheet.pdf
-7976671817539450652,PLF-3PC,Adam Tech,电力线滤波模块,"[ > "" > 滤 > 波 > 器 > "" > , > "" > 电 > 力 > 线 > 滤 > 波 > 模 > 块 > "" > ]",EMC/EMI 线路滤波器 AC,
-7929279493392430660,PLF-12D2-10A-Q-R,Adam Tech,电力线滤波模块,"[ > "" > 滤 > 波 > 器 > "" > , > "" > 电 > 力 > 线 > 滤 > 波 > 模 > 块 > "" > ]",单相 EMC/EMI 线路滤波器 10 A 115V，250VAC 50 ~ 60Hz 单级 快速连接,https://app.adam-tech.com/products/download/data_sheet/241806/plf-12d2-10a-q-r-data-sheet.pdf
-7821381407132135558,PLF-21D5-20A-T,Adam Tech,电力线滤波模块,"[ > "" > 滤 > 波 > 器 > "" > , > "" > 电 > 力 > 线 > 滤 > 波 > 模 > 块 > "" > ]",单相 EMC/EMI 线路滤波器 20 A 115V，250VAC 50 ~ 60Hz 两级 端接块,https://app.adam-tech.com/products/download/data_sheet/241814/plf-21d5-20a-t-data-sheet.pdf
-9182551408097121832,SF2293E,Akoustis- RFMi,SAW 滤波器,"[ > "" > 滤 > 波 > 器 > "" > , > "" > S > A > W >   > 滤 > 波 > 器 > "" > ]",1.561GHz 频率 通用 RF SAW 滤波器（表面声波） 3.3dB 21MHz 带宽 6-SMD，无引线,http://www.rfmi.co/pdf/Datasheet/sf2293e.pdf
-9181334551136691430,SF2485E,Akoustis- RFMi,SAW 滤波器,"[ > "" > 滤 > 波 > 器 > "" > , > "" > S > A > W >   > 滤 > 波 > 器 > "" > ]",868MHz 频率 通用 RF SAW 滤波器（表面声波） 4dB 带宽 8-SMD，无引线,https://www.rfmi.co/pdf/datasheet/SF2485E.pdf
-9173960304954083991,SF2434E,Akoustis- RFMi,SAW 滤波器,"[ > "" > 滤 > 波 > 器 > "" > , > "" > S > A > W >   > 滤 > 波 > 器 > "" > ]",1.223GHz 频率 GPS RF SAW 滤波器（表面声波） 4dB 54MHz 带宽 6-SMD，无引线,http://www.rfmi.co/pdf/Datasheet/sf2434e.pdf
-9143658404317185896,RF3624E,Akoustis- RFMi,SAW 滤波器,"[ > "" > 滤 > 波 > 器 > "" > , > "" > S > A > W >   > 滤 > 波 > 器 > "" > ]",314.45MHz 频率 通用 RF SAW 滤波器（表面声波） 1.9dB 1.6MHz 带宽 6-SMD，无引线,http://www.rfmi.co/pdf/Datasheet/rf3624e.pdf
-9053565940141003090,RF3625E,Akoustis- RFMi,SAW 滤波器,"[ > "" > 滤 > 波 > 器 > "" > , > "" > S > A > W >   > 滤 > 波 > 器 > "" > ]",434.42MHz 频率 通用 RF SAW 滤波器（表面声波） 2.2dB 1.26MHz 带宽 6-SMD，无引线,http://www.rfmi.co/pdf/Datasheet/rf3625e.pdf
-8928987647850523169,AOZ8035DIL,Alpha & Omega Semiconductor Inc.,EMI/RFI 滤波器（LC，RC 网络）,"[ > "" > 滤 > 波 > 器 > "" > , > "" > E > M > I > / > R > F > I >   > 滤 > 波 > 器 > （ > L > C > ， > R > C >   > 网 > 络 > ） > "" > ]",RC（Pi） EMI 滤波器 2nd 订单 低通 6 通道 R = 100 欧姆，C = 28pF 20 mA 12-UFDFN 祼焊盘,https://www.aosmd.com/sites/default/files/media/AOSGreenPolicy.pdf
-6293253038524272428,AOZ8040DI,Alpha & Omega Semiconductor Inc.,EMI/RFI 滤波器（LC，RC 网络）,"[ > "" > 滤 > 波 > 器 > "" > , > "" > E > M > I > / > R > F > I >   > 滤 > 波 > 器 > （ > L > C > ， > R > C >   > 网 > 络 > ） > "" > ]",RC（Pi） EMI 滤波器 2nd 订单 低通 8 通道 R = 100 欧姆，C = 9pF 20 mA 16-UFDFN 祼焊盘,https://www.aosmd.com/sites/default/files/media/AOSGreenPolicy.pdf
-6153746367259736444,AOZ8073DI,Alpha & Omega Semiconductor Inc.,EMI/RFI 滤波器（LC，RC 网络）,"[ > "" > 滤 > 波 > 器 > "" > , > "" > E > M > I > / > R > F > I >   > 滤 > 波 > 器 > （ > L > C > ， > R > C >   > 网 > 络 > ） > "" > ]",RC（Pi） EMI 滤波器 2nd 订单 低通 4 通道 R = 100 欧姆，C = 8pF 20 mA 8-UFDFN 祼焊盘,https://www.aosmd.com/sites/default/files/media/AOSGreenPolicy.pdf
-5128475433951021556,AOZ8025DI,Alpha & Omega Semiconductor Inc.,EMI/RFI 滤波器（LC，RC 网络）,"[ > "" > 滤 > 波 > 器 > "" > , > "" > E > M > I > / > R > F > I >   > 滤 > 波 > 器 > （ > L > C > ， > R > C >   > 网 > 络 > ） > "" > ]",RC（Pi） EMI 滤波器 2nd 订单 低通 6 通道 R = 100 欧姆，C = 9pF 20 mA 12-UFDFN 祼焊盘,https://www.aosmd.com/sites/default/files/media/AOSGreenPolicy.pdf
-4730127003318468892,AOZ8043DI,Alpha & Omega Semiconductor Inc.,EMI/RFI 滤波器（LC，RC 网络）,"[ > "" > 滤 > 波 > 器 > "" > , > "" > E > M > I > / > R > F > I >   > 滤 > 波 > 器 > （ > L > C > ， > R > C >   > 网 > 络 > ） > "" > ]",RC（Pi） EMI 滤波器 2nd 订单 低通 4 通道 R = 100 欧姆，C = 9pF 20 mA 8-UFDFN 祼焊盘,https://www.aosmd.com/sites/default/files/media/AOSGreenPolicy.pdf
-9210808637445622320,AMI-21B-13-1,"Altran Magnetics, LLC",电力线滤波模块,"[ > "" > 滤 > 波 > 器 > "" > , > "" > 电 > 力 > 线 > 滤 > 波 > 模 > 块 > "" > ]",单相 EMC/EMI 线路滤波器 13 A 250VAC DC ~ 400Hz 单级,https://altranmagnetics.com/wp-content/uploads/2024/01/AMI21-XX_AMI_Rev6.pdf
-9190268021272007262,AMI-M11P-3-6-B-2,"Altran Magnetics, LLC",电力线滤波模块,"[ > "" > 滤 > 波 > 器 > "" > , > "" > 电 > 力 > 线 > 滤 > 波 > 模 > 块 > "" > ]",单相 EMC/EMI 线路滤波器 6 A 250VAC 50/60Hz 单级 导线引线,https://altranmagnetics.com/wp-content/uploads/2024/01/AMI_M11P-M11Q_Series.pdf
-9089354631559407393,AMI-M12S-7-5-B-2,"Altran Magnetics, LLC",电力线滤波模块,"[ > "" > 滤 > 波 > 器 > "" > , > "" > 电 > 力 > 线 > 滤 > 波 > 模 > 块 > "" > ]",单相 EMC/EMI 线路滤波器 5 A 250VAC 50/60Hz 两级 IEC 320-C14，快速连接,https://altranmagnetics.com/wp-content/uploads/2024/03/AMI_M12S_Series.pdf
-9086639836307290830,AMI-27-12-1,"Altran Magnetics, LLC",电力线滤波模块,"[ > "" > 滤 > 波 > 器 > "" > , > "" > 电 > 力 > 线 > 滤 > 波 > 模 > 块 > "" > ]",单相 EMC/EMI 线路滤波器 12 A 250VAC DC ~ 400Hz 两级 快速连接,https://www.altranmagnetics.com/media/2024/04/AMI27-XX_AMI_Rev6.pdf
-9045687449064311028,AMI-M11K-7-5-B-2,"Altran Magnetics, LLC",电力线滤波模块,"[ > "" > 滤 > 波 > 器 > "" > , > "" > 电 > 力 > 线 > 滤 > 波 > 模 > 块 > "" > ]",单相 EMC/EMI 线路滤波器 5 A 250VAC 50/60Hz 单级 IEC 320-C14，快速连接,https://altranmagnetics.com/wp-content/uploads/2024/03/AMI_M11K_Series.pdf
-9035720380154476516,AM462S150,Anatech Electronics Inc.,SAW 滤波器,"[ > "" > 滤 > 波 > 器 > "" > , > "" > S > A > W >   > 滤 > 波 > 器 > "" > ]",462.4MHz 频率 手机，CDMA RF SAW 滤波器（表面声波） 2dB 4.8MHz 带宽 6-SMD，无引线,https://anatechelectronics.com/media/pdf/AM462S150.pdf
-8286618202997777055,AM100S246,Anatech Electronics Inc.,SAW 滤波器,"[ > "" > 滤 > 波 > 器 > "" > , > "" > S > A > W >   > 滤 > 波 > 器 > "" > ]",100MHz 频率 RF SAW 滤波器（表面声波） 13.7dB 340kHz 带宽 10-SMD，无引线,https://anatechelectronics.com/media/pdf/AM100S246.pdf
-7991436140574953395,AM63S199,Anatech Electronics Inc.,SAW 滤波器,"[ > "" > 滤 > 波 > 器 > "" > , > "" > S > A > W >   > 滤 > 波 > 器 > "" > ]","63MHz 频率 RF SAW 滤波器（表面声波） 14.2dB 400kHz 带宽 6-DIP（0.300""，7.62mm）",https://anatechelectronics.com/media/pdf/AM63S199.pdf
-7663715601977403323,AM751-781SD389,Anatech Electronics Inc.,SAW 滤波器,"[ > "" > 滤 > 波 > 器 > "" > , > "" > S > A > W >   > 滤 > 波 > 器 > "" > ]",频率 RF SAW 滤波器（表面声波） 带宽,https://mm.digikey.com/Volume0/opasdata/d220001/medias/docus/5607/AM751-781SD389.pdf
-7473158283296285883,AM2140S175,Anatech Electronics Inc.,SAW 滤波器,"[ > "" > 滤 > 波 > 器 > "" > , > "" > S > A > W >   > 滤 > 波 > 器 > "" > ]",2.14GHz 频率 RF SAW 滤波器（表面声波） 2.2dB 60MHz 带宽 6-SMD，无引线,https://anatechelectronics.com/media/pdf/AM2140S175.pdf
-9222498662328655830,RP300-55-10-S,Astrodyne TDI,电力线滤波模块,"[ > "" > 滤 > 波 > 器 > "" > , > "" > 电 > 力 > 线 > 滤 > 波 > 模 > 块 > "" > ]",三相（角接） EMC/EMI 线路滤波器 55 A 480VAC 50/60Hz 单级 螺纹接线柱（M5）,https://store.astrodynetdi.com/media/assets/product/documents/RP300-Datasheet.pdf
-9221293957795332065,RP615-6-10-QD,Astrodyne TDI,电力线滤波模块,"[ > "" > 滤 > 波 > 器 > "" > , > "" > 电 > 力 > 线 > 滤 > 波 > 模 > 块 > "" > ]",DC EMC/EMI 线路滤波器 6 A 250VAC 两级 快速连接,https://store.astrodynetdi.com/media/assets/product/documents/RP615-Datasheet.pdf
-9213595258059202598,RP600C-30-4.7-S-B,Astrodyne TDI,电力线滤波模块,"[ > "" > 滤 > 波 > 器 > "" > , > "" > 电 > 力 > 线 > 滤 > 波 > 模 > 块 > "" > ]",DC EMC/EMI 线路滤波器 30 A 100VAC 两级 螺纹接线柱（M5）,https://store.astrodynetdi.com/media/assets/product/documents/RP600C-Datasheet.pdf
-9208228600562054222,RP186-20-22-QD,Astrodyne TDI,电力线滤波模块,"[ > "" > 滤 > 波 > 器 > "" > , > "" > 电 > 力 > 线 > 滤 > 波 > 模 > 块 > "" > ]",单相 EMC/EMI 线路滤波器 20 A 250VAC 50/60Hz 单级 IEC 320-C14，快速连接,https://store.astrodynetdi.com/media/assets/product/documents/RP186-Datasheet.pdf
-9207013493605421446,RP210-6-1-W,Astrodyne TDI,电力线滤波模块,"[ > "" > 滤 > 波 > 器 > "" > , > "" > 电 > 力 > 线 > 滤 > 波 > 模 > 块 > "" > ]",单相 EMC/EMI 线路滤波器 6 A 250VAC 50/60Hz 两级 导线引线,https://store.astrodynetdi.com/media/assets/product/documents/RP210-Datasheet.pdf
-8911802477785627591,EMC-20-DIN,Bel Power Solutions,电力线滤波模块,"[ > "" > 滤 > 波 > 器 > "" > , > "" > 电 > 力 > 线 > 滤 > 波 > 模 > 块 > "" > ]",单相 EMC/EMI 线路滤波器 1.5 A 85V ~ 305VAC 47Hz，63Hz 单级 端接块,https://belfuse.com/media/datasheets/products/power-supplies/EMC-20.pdf
-8809514585843115017,VFM-03-T,Bel Power Solutions,电力线滤波模块,"[ > "" > 滤 > 波 > 器 > "" > , > "" > 电 > 力 > 线 > 滤 > 波 > 模 > 块 > "" > ]",DC EMC/EMI 线路滤波器 3 A AC 单级 端接块,https://belfuse.com/media/datasheets/products/power-supplies/VFM-03.pdf
-8722186648806871569,VFM-25C,Bel Power Solutions,电力线滤波模块,"[ > "" > 滤 > 波 > 器 > "" > , > "" > 电 > 力 > 线 > 滤 > 波 > 模 > 块 > "" > ]",DC EMC/EMI 线路滤波器 25 A AC 单级 端接块,https://belfuse.com/media/datasheets/products/power-supplies/VFM-XX.pdf
-7754783022872851294,EMC-05B-T,Bel Power Solutions,电力线滤波模块,"[ > "" > 滤 > 波 > 器 > "" > , > "" > 电 > 力 > 线 > 滤 > 波 > 模 > 块 > "" > ]",单相 EMC/EMI 线路滤波器 500 mA 85VAC 47Hz，63Hz 单级 端接块,https://belfuse.com/media/datasheets/products/power-supplies/EMC-05B.pdf
-7685571716349070621,VFM-03-DIN,Bel Power Solutions,电力线滤波模块,"[ > "" > 滤 > 波 > 器 > "" > , > "" > 电 > 力 > 线 > 滤 > 波 > 模 > 块 > "" > ]",DC EMC/EMI 线路滤波器 3 A AC 单级 端接块,https://belfuse.com/media/datasheets/products/power-supplies/VFM-03.pdf
-9209126127398950905,4420P-601-101/201,Bourns Inc.,EMI/RFI 滤波器（LC，RC 网络）,"[ > "" > 滤 > 波 > 器 > "" > , > "" > E > M > I > / > R > F > I >   > 滤 > 波 > 器 > （ > L > C > ， > R > C >   > 网 > 络 > ） > "" > ]","RC（T 型） EMI 滤波器 1st 订单 低通 8 通道 R = 100 欧姆，C = 200pF 20-SOIC（0.295""，7.50mm 宽）",
-9175644322626042011,PMC0805-300,Bourns Inc.,铁氧体磁珠和芯片,"[ > "" > 滤 > 波 > 器 > "" > , > "" > 铁 > 氧 > 体 > 磁 > 珠 > 和 > 芯 > 片 > "" > ]",30 Ohms @ 100 MHz 1 铁氧体磁珠和芯片 0805（2012 公制） 400mA 300 毫欧,https://mm.digikey.com/Volume0/opasdata/d220001/medias/docus/2579/PMC%20Series.pdf
-9054145356966380490,4609H-701-101/470L,Bourns Inc.,EMI/RFI 滤波器（LC，RC 网络）,"[ > "" > 滤 > 波 > 器 > "" > , > "" > E > M > I > / > R > F > I >   > 滤 > 波 > 器 > （ > L > C > ， > R > C >   > 网 > 络 > ） > "" > ]",RC EMI 滤波器 1st 订单 低通 8 通道 R = 100 欧姆，C = 47pF 9-SIP,https://www.bourns.com/pdfs/700.pdf
-9033299965051659219,4606H-701-101/101L,Bourns Inc.,EMI/RFI 滤波器（LC，RC 网络）,"[ > "" > 滤 > 波 > 器 > "" > , > "" > E > M > I > / > R > F > I >   > 滤 > 波 > 器 > （ > L > C > ， > R > C >   > 网 > 络 > ） > "" > ]",RC EMI 滤波器 1st 订单 低通 5 通道 R = 100 欧姆，C = 100pF 6-SIP,https://www.bourns.com/pdfs/700.pdf
-8970343466134039928,4420P-601-101/101L,Bourns Inc.,EMI/RFI 滤波器（LC，RC 网络）,"[ > "" > 滤 > 波 > 器 > "" > , > "" > E > M > I > / > R > F > I >   > 滤 > 波 > 器 > （ > L > C > ， > R > C >   > 网 > 络 > ） > "" > ]","RC（T 型） EMI 滤波器 1st 订单 低通 8 通道 R = 100 欧姆，C = 100pF 20-SOIC（0.295""，7.50mm 宽）",
705858113332981089,PS02/A1020/63,Bulgin,电力线滤波模块,"[ > "" > 滤 > 波 > 器 > "" > , > "" > 电 > 力 > 线 > 滤 > 波 > 模 > 块 > "" > ]",单相 EMC/EMI 线路滤波器 10 A 250VAC 50 ~ 400Hz 单级 快速连接,https://www.bulgin.com/pdf/pdf.php?sku=PS02/A1020/63
1321800443755689845,PS02/B1010/63,Bulgin,电力线滤波模块,"[ > "" > 滤 > 波 > 器 > "" > , > "" > 电 > 力 > 线 > 滤 > 波 > 模 > 块 > "" > ]",单相 EMC/EMI 线路滤波器 10 A 250VAC 50 ~ 400Hz 单级 快速连接,https://www.bulgin.com/us/products/pub/media/bulgin/data/Mains_filters.pdf
1585708167758916196,PS02/A1032/63,Bulgin,电力线滤波模块,"[ > "" > 滤 > 波 > 器 > "" > , > "" > 电 > 力 > 线 > 滤 > 波 > 模 > 块 > "" > ]",单相 EMC/EMI 线路滤波器 10 A 250VAC 50 ~ 400Hz 单级 快速连接,https://www.bulgin.com/us/products/pub/media/bulgin/data/Mains_filters.pdf
2769823718038917009,PS02/A0120/63,Bulgin,电力线滤波模块,"[ > "" > 滤 > 波 > 器 > "" > , > "" > 电 > 力 > 线 > 滤 > 波 > 模 > 块 > "" > ]",单相 EMC/EMI 线路滤波器 1 A 250VAC 50 ~ 400Hz 单级 快速连接,https://www.bulgin.com/pdf/pdf.php?sku=PS02/A0120/63
4267921845160187985,PS02/A0110/63,Bulgin,电力线滤波模块,"[ > "" > 滤 > 波 > 器 > "" > , > "" > 电 > 力 > 线 > 滤 > 波 > 模 > 块 > "" > ]",单相 EMC/EMI 线路滤波器 1 A 250VAC 50 ~ 400Hz 单级 快速连接,https://www.bulgin.com/pdf/pdf.php?sku=PS02/A0110/63
-8642964168198373018,RC3005B6TR13,CTS Resistor Products,EMI/RFI 滤波器（LC，RC 网络）,"[ > "" > 滤 > 波 > 器 > "" > , > "" > E > M > I > / > R > F > I >   > 滤 > 波 > 器 > （ > L > C > ， > R > C >   > 网 > 络 > ） > "" > ]",RC EMI 滤波器 1st 订单 低通 9 通道 R = 50 欧姆，C = 0.1µF 27-BGA,https://mm.digikey.com/Volume0/opasdata/d220001/medias/docus/6181/RC_Series_3000.pdf
-2998670278162559758,RC3007B6TR7,CTS Resistor Products,EMI/RFI 滤波器（LC，RC 网络）,"[ > "" > 滤 > 波 > 器 > "" > , > "" > E > M > I > / > R > F > I >   > 滤 > 波 > 器 > （ > L > C > ， > R > C >   > 网 > 络 > ） > "" > ]",RC EMI 滤波器 1st 订单 低通 9 通道 R = 50 欧姆，C = 100pF 27-BGA,https://mm.digikey.com/Volume0/opasdata/d220001/medias/docus/6181/RC_Series_3000.pdf
448878772367205910,RC3002B7TR13,CTS Resistor Products,EMI/RFI 滤波器（LC，RC 网络）,"[ > "" > 滤 > 波 > 器 > "" > , > "" > E > M > I > / > R > F > I >   > 滤 > 波 > 器 > （ > L > C > ， > R > C >   > 网 > 络 > ） > "" > ]",RC EMI 滤波器 1st 订单 低通 9 通道 R = 50 欧姆，C = 0.1µF 27-BGA,https://mm.digikey.com/Volume0/opasdata/d220001/medias/docus/5593/RC%20Series%203000.pdf
4076394033008843479,RC3002B7TR7,CTS Resistor Products,EMI/RFI 滤波器（LC，RC 网络）,"[ > "" > 滤 > 波 > 器 > "" > , > "" > E > M > I > / > R > F > I >   > 滤 > 波 > 器 > （ > L > C > ， > R > C >   > 网 > 络 > ） > "" > ]",RC EMI 滤波器 1st 订单 低通 9 通道 R = 50 欧姆，C = 0.1µF 27-BGA,https://mm.digikey.com/Volume0/opasdata/d220001/medias/docus/6181/RC_Series_3000.pdf
-8991501243204522354,FB201209T-260Y-S,"Cal-Chip Electronics, Inc.",铁氧体磁珠和芯片,"[ > "" > 滤 > 波 > 器 > "" > , > "" > 铁 > 氧 > 体 > 磁 > 珠 > 和 > 芯 > 片 > "" > ]",26 Ohms @ 100 MHz 1 铁氧体磁珠和芯片 0805（2012 公制） 300mA 100 毫欧,https://calchip.com/wp-content/uploads/2024/10/FB-Series.pdf
-8986894656140209137,FBH453215T-700Y-S,"Cal-Chip Electronics, Inc.",铁氧体磁珠和芯片,"[ > "" > 滤 > 波 > 器 > "" > , > "" > 铁 > 氧 > 体 > 磁 > 珠 > 和 > 芯 > 片 > "" > ]",70 Ohms @ 100 MHz 1 电源线 铁氧体磁珠和芯片 1812（4532 公制） 3A 40 毫欧,https://calchip.com/wp-content/uploads/2024/10/FBH-SERIES-0102924.pdf
-8980823277604024700,FB453215T-310Y-S,"Cal-Chip Electronics, Inc.",铁氧体磁珠和芯片,"[ > "" > 滤 > 波 > 器 > "" > , > "" > 铁 > 氧 > 体 > 磁 > 珠 > 和 > 芯 > 片 > "" > ]",31 Ohms @ 100 MHz 1 信号线 铁氧体磁珠和芯片 1812（4532 公制） 500mA 100 毫欧,https://calchip.com/wp-content/uploads/2024/10/FB-Series.pdf
-8926289227681202267,FBU321611T-380Y-S,"Cal-Chip Electronics, Inc.",铁氧体磁珠和芯片,"[ > "" > 滤 > 波 > 器 > "" > , > "" > 铁 > 氧 > 体 > 磁 > 珠 > 和 > 芯 > 片 > "" > ]",38 Ohms @ 100 MHz 1 电源线 铁氧体磁珠和芯片 1206（3216 公制） 5A 20 毫欧,https://calchip.com/wp-content/uploads/2025/04/FBU-SERIES.pdf
-8918083977811443123,FB100505T-750Y-S,"Cal-Chip Electronics, Inc.",铁氧体磁珠和芯片,"[ > "" > 滤 > 波 > 器 > "" > , > "" > 铁 > 氧 > 体 > 磁 > 珠 > 和 > 芯 > 片 > "" > ]",75 Ohms @ 100 MHz 1 信号线 铁氧体磁珠和芯片 0402（1005 公制） 300mA 400 毫欧,https://calchip.com/wp-content/uploads/2024/10/FB-Series.pdf
-3442402573799116109,CM1451-08CP,California Micro Devices,EMI/RFI 滤波器（LC，RC 网络）,"[ > "" > 滤 > 波 > 器 > "" > , > "" > E > M > I > / > R > F > I >   > 滤 > 波 > 器 > （ > L > C > ， > R > C >   > 网 > 络 > ） > "" > ]",LC（Pi） EMI 滤波器 5th 订单 低通 8 通道 L = 34nH（总计），C = 28.5pF（总计） 30 mA 20-WFBGA，WLCSP,https://rocelec.widen.net/view/pdf/ngdobi0anx/CAMDS01504-1.pdf?t.download=true&u=5oefqw
229604640014980041,CM1420-03CP,California Micro Devices,EMI/RFI 滤波器（LC，RC 网络）,"[ > "" > 滤 > 波 > 器 > "" > , > "" > E > M > I > / > R > F > I >   > 滤 > 波 > 器 > （ > L > C > ， > R > C >   > 网 > 络 > ） > "" > ]",RC（Pi） EMI 滤波器 2nd 订单 低通 6 通道 R = 100 欧姆，C = 15pF 15-WFBGA，WLCSP,https://rocelec.widen.net/view/pdf/b47vwfdt7d/ONSMS24625-1.pdf?t.download=true&u=5oefqw
4166619321094413743,CM1423-03CP,California Micro Devices,EMI/RFI 滤波器（LC，RC 网络）,"[ > "" > 滤 > 波 > 器 > "" > , > "" > E > M > I > / > R > F > I >   > 滤 > 波 > 器 > （ > L > C > ， > R > C >   > 网 > 络 > ） > "" > ]",RC（Pi） EMI 滤波器 2nd 订单 低通 6 通道 R = 100 欧姆，C = 12pF 20-WFBGA，WLCSP,https://rocelec.widen.net/view/pdf/zjonxrhtcw/ONSMS20351-1.pdf?t.download=true&u=5oefqw
-8703554403490884798,FM10-100,Cincon Electronics Co. LTD,电力线滤波模块,"[ > "" > 滤 > 波 > 器 > "" > , > "" > 电 > 力 > 线 > 滤 > 波 > 模 > 块 > "" > ]",单相 EMC/EMI 线路滤波器 10 A AC 单级 PC 引脚,https://www.cincon.com/productdownload/Datasheet-FM10-20-100.pdf
-410437212759828455,FM30R080P,Cincon Electronics Co. LTD,电力线滤波模块,"[ > "" > 滤 > 波 > 器 > "" > , > "" > 电 > 力 > 线 > 滤 > 波 > 模 > 块 > "" > ]",DC EMC/EMI 线路滤波器 30 A AC 单级 PC 引脚,https://www.cincon.com/productdownload/Datasheet-FM30R080P.pdf
1957202340831256882,FM10D200P,Cincon Electronics Co. LTD,电力线滤波模块,"[ > "" > 滤 > 波 > 器 > "" > , > "" > 电 > 力 > 线 > 滤 > 波 > 模 > 块 > "" > ]",单相 EMC/EMI 线路滤波器 10 A AC 两级 PC 引脚,
1964954755525478579,FM20-100,Cincon Electronics Co. LTD,电力线滤波模块,"[ > "" > 滤 > 波 > 器 > "" > , > "" > 电 > 力 > 线 > 滤 > 波 > 模 > 块 > "" > ]",单相 EMC/EMI 线路滤波器 20 A AC 单级 PC 引脚,https://www.cincon.com/productdownload/Datasheet-FM10-20-100.pdf
6135279546313691225,CS5376-BQ,Cirrus Logic Inc.,EMI/RFI 滤波器（LC，RC 网络）,"[ > "" > 滤 > 波 > 器 > "" > , > "" > E > M > I > / > R > F > I >   > 滤 > 波 > 器 > （ > L > C > ， > R > C >   > 网 > 络 > ） > "" > ]",EMI 滤波器 订单 通道,
-9057180635519097909,0805RB-222XMRC,Coilcraft,铁氧体磁珠和芯片,"[ > "" > 滤 > 波 > 器 > "" > , > "" > 铁 > 氧 > 体 > 磁 > 珠 > 和 > 芯 > 片 > "" > ]",2.2 kOhms @ 100 MHz 1 电源线 铁氧体磁珠和芯片 0805（2012 公制） 350mA 1.2 欧姆,https://www.coilcraft.com/en-us/files/datasheet/0805RB
-4966047290297521619,0805RB-601XMRC,Coilcraft,铁氧体磁珠和芯片,"[ > "" > 滤 > 波 > 器 > "" > , > "" > 铁 > 氧 > 体 > 磁 > 珠 > 和 > 芯 > 片 > "" > ]",600 Ohms @ 100 MHz 1 电源线 铁氧体磁珠和芯片 0805（2012 公制） 700mA 385 毫欧,https://www.coilcraft.com/en-us/files/datasheet/0805RB
-4910237223761422059,0805PB-221XMRC,Coilcraft,铁氧体磁珠和芯片,"[ > "" > 滤 > 波 > 器 > "" > , > "" > 铁 > 氧 > 体 > 磁 > 珠 > 和 > 芯 > 片 > "" > ]",220 Ohms @ 100 MHz 1 信号线 铁氧体磁珠和芯片 0805（2012 公制） 3A 30.5 毫欧,https://mm.digikey.com/Volume0/opasdata/d220001/medias/docus/272/0805pb.pdf
-4362686772731876902,0805PB-331XMRC,Coilcraft,铁氧体磁珠和芯片,"[ > "" > 滤 > 波 > 器 > "" > , > "" > 铁 > 氧 > 体 > 磁 > 珠 > 和 > 芯 > 片 > "" > ]",330 Ohms @ 100 MHz 1 信号线 铁氧体磁珠和芯片 0805（2012 公制） 2.4A 37.8 毫欧,https://mm.digikey.com/Volume0/opasdata/d220001/medias/docus/272/0805pb.pdf
-4032038452157954518,0805RB-331XMRC,Coilcraft,铁氧体磁珠和芯片,"[ > "" > 滤 > 波 > 器 > "" > , > "" > 铁 > 氧 > 体 > 磁 > 珠 > 和 > 芯 > 片 > "" > ]",330 Ohms @ 100 MHz 1 电源线 铁氧体磁珠和芯片 0805（2012 公制） 900mA 235 毫欧,https://www.coilcraft.com/en-us/files/datasheet/0805RB
-9038306558330261457,254M06QD100,Cornell Dubilier Knowles,EMI/RFI 滤波器（LC，RC 网络）,"[ > "" > 滤 > 波 > 器 > "" > , > "" > E > M > I > / > R > F > I >   > 滤 > 波 > 器 > （ > L > C > ， > R > C >   > 网 > 络 > ） > "" > ]",RC EMI 滤波器 1st 订单 低通 通道 R = 100 欧姆，C = 0.25µF 径向,https://www.cde.com/resources/catalogs/Q-QRL.pdf
-8984946436213808107,QAS504K200D100,Cornell Dubilier Knowles,EMI/RFI 滤波器（LC，RC 网络）,"[ > "" > 滤 > 波 > 器 > "" > , > "" > E > M > I > / > R > F > I >   > 滤 > 波 > 器 > （ > L > C > ， > R > C >   > 网 > 络 > ） > "" > ]",EMI 滤波器 订单 通道,https://mm.digikey.com/Volume0/opasdata/d220001/medias/docus/5986/QAS_Type.pdf
-8960026619437603359,QAS104K600D150,Cornell Dubilier Knowles,EMI/RFI 滤波器（LC，RC 网络）,"[ > "" > 滤 > 波 > 器 > "" > , > "" > E > M > I > / > R > F > I >   > 滤 > 波 > 器 > （ > L > C > ， > R > C >   > 网 > 络 > ） > "" > ]",RC EMI 滤波器 1st 订单 RC 吸收电路 通道 R = 150 欧姆，C = 0.1µF 径向,https://mm.digikey.com/Volume0/opasdata/d220001/medias/docus/5986/QAS_Type.pdf
-8955982017470675098,105M02QB47,Cornell Dubilier Knowles,EMI/RFI 滤波器（LC，RC 网络）,"[ > "" > 滤 > 波 > 器 > "" > , > "" > E > M > I > / > R > F > I >   > 滤 > 波 > 器 > （ > L > C > ， > R > C >   > 网 > 络 > ） > "" > ]",RC EMI 滤波器 1st 订单 低通 1 通道 R = 47 欧姆，C = 1µF 径向,https://www.cde.com/resources/catalogs/Q-QRL.pdf
-8467689089569681353,QAS504K600D100,Cornell Dubilier Knowles,EMI/RFI 滤波器（LC，RC 网络）,"[ > "" > 滤 > 波 > 器 > "" > , > "" > E > M > I > / > R > F > I >   > 滤 > 波 > 器 > （ > L > C > ， > R > C >   > 网 > 络 > ） > "" > ]",EMI 滤波器 订单 通道,https://mm.digikey.com/Volume0/opasdata/d220001/medias/docus/5986/QAS_Type.pdf
-9222634829261737851,NAH-16-472-D,"Cosel USA, Inc.",电力线滤波模块,"[ > "" > 滤 > 波 > 器 > "" > , > "" > 电 > 力 > 线 > 滤 > 波 > 模 > 块 > "" > ]",单相 EMC/EMI 线路滤波器 16 A 250VAC 单级 端接块,https://en.cosel.co.jp/tool/tag/pdf/SFE_NAH.pdf
-9173062869522008742,ESC-10-222,"Cosel USA, Inc.",电力线滤波模块,"[ > "" > 滤 > 波 > 器 > "" > , > "" > 电 > 力 > 线 > 滤 > 波 > 模 > 块 > "" > ]",单相 EMC/EMI 线路滤波器 10 A 250VAC 单级 端接块,https://en.cosel.co.jp/tool/tag/pdf/SFE_ESC.pdf
-9166843961310911952,NAC-60-155,"Cosel USA, Inc.",电力线滤波模块,"[ > "" > 滤 > 波 > 器 > "" > , > "" > 电 > 力 > 线 > 滤 > 波 > 模 > 块 > "" > ]",单相 EMC/EMI 线路滤波器 60 A 277VAC 50/60Hz 单级 端接块,
-9161112198645483387,NAH-16-332-D,"Cosel USA, Inc.",电力线滤波模块,"[ > "" > 滤 > 波 > 器 > "" > , > "" > 电 > 力 > 线 > 滤 > 波 > 模 > 块 > "" > ]",单相 EMC/EMI 线路滤波器 16 A 250VAC 单级 端接块,https://en.cosel.co.jp/tool/tag/pdf/SFE_NAH.pdf
-9156115094673651082,NAP-10-000-D,"Cosel USA, Inc.",电力线滤波模块,"[ > "" > 滤 > 波 > 器 > "" > , > "" > 电 > 力 > 线 > 滤 > 波 > 模 > 块 > "" > ]",单相 EMC/EMI 线路滤波器 10 A 250VAC 单级 端接块,https://en.cosel.co.jp/tool/tag/pdf/SFE_NAP.pdf
-8195274979593650590,CBPFS-1575,Crystek Corporation,SAW 滤波器,"[ > "" > 滤 > 波 > 器 > "" > , > "" > S > A > W >   > 滤 > 波 > 器 > "" > ]",1.57542GHz 频率 实验室使用 RF SAW 滤波器（表面声波） 2.6dB 60MHz 带宽 直插式，SMA 连接，F 和 M,https://mm.digikey.com/Volume0/opasdata/d220001/medias/docus/1220/CBPFS-1575_RevG.pdf
-7565526708044963202,CBPFS-1960,Crystek Corporation,SAW 滤波器,"[ > "" > 滤 > 波 > 器 > "" > , > "" > S > A > W >   > 滤 > 波 > 器 > "" > ]",1.96GHz 频率 实验室使用 RF SAW 滤波器（表面声波） 1.76dB 60MHz 带宽 直插式，SMA 连接，F 和 M,https://www.crystek.com/microwave/spec-sheets/filter/CBPFS-1960.pdf
-2645070551648287737,CBPFS-0866,Crystek Corporation,SAW 滤波器,"[ > "" > 滤 > 波 > 器 > "" > , > "" > S > A > W >   > 滤 > 波 > 器 > "" > ]",866.5MHz 频率 实验室使用 RF SAW 滤波器（表面声波） 2.2dB 7MHz 带宽 直插式，SMA 连接，F 和 M,https://www.crystek.com/microwave/spec-sheets/filter/CBPFS-0866.pdf
-2421535506785767786,CBPFS-0836,Crystek Corporation,SAW 滤波器,"[ > "" > 滤 > 波 > 器 > "" > , > "" > S > A > W >   > 滤 > 波 > 器 > "" > ]",836.5MHz 频率 实验室使用 RF SAW 滤波器（表面声波） 1.8dB 25MHz 带宽 直插式，SMA 连接，F 和 M,https://www.crystek.com/microwave/spec-sheets/filter/CBPFS-0836.pdf
-405872701582469650,CBPFS-0915,Crystek Corporation,SAW 滤波器,"[ > "" > 滤 > 波 > 器 > "" > , > "" > S > A > W >   > 滤 > 波 > 器 > "" > ]",915MHz 频率 实验室使用 RF SAW 滤波器（表面声波） 2.2dB 26MHz 带宽 直插式，SMA 连接，F 和 M,https://www.crystek.com/microwave/spec-sheets/filter/CBPFS-0915.pdf
-9202607041612847030,F1250AA20,Curtis Industries,电力线滤波模块,"[ > "" > 滤 > 波 > 器 > "" > , > "" > 电 > 力 > 线 > 滤 > 波 > 模 > 块 > "" > ]",单相 EMC/EMI 线路滤波器 20 A 250VAC 50/60Hz 单级 快速连接,https://www.curtisind.com/wp-content/uploads/F1200-F1250-F1299-RFI-Filters.pdf
-9173052737035916405,F1399BB03,Curtis Industries,电力线滤波模块,"[ > "" > 滤 > 波 > 器 > "" > , > "" > 电 > 力 > 线 > 滤 > 波 > 模 > 块 > "" > ]",单相 EMC/EMI 线路滤波器 3 A 250VAC 50/60Hz 两级 导线引线,https://www.curtisind.com/wp-content/uploads/F1300-F1350-F1399-RFI-Filters.pdf
-9083144365370582836,F1300DD20,Curtis Industries,电力线滤波模块,"[ > "" > 滤 > 波 > 器 > "" > , > "" > 电 > 力 > 线 > 滤 > 波 > 模 > 块 > "" > ]",单相 EMC/EMI 线路滤波器 20 A 250VAC 50/60Hz 两级 螺纹接线柱（1/4-20）,https://www.curtisind.com/wp-content/uploads/F1300-F1350-F1399-RFI-Filters.pdf
-9052763679454328086,02ER11,Curtis Industries,电力线滤波模块,"[ > "" > 滤 > 波 > 器 > "" > , > "" > 电 > 力 > 线 > 滤 > 波 > 模 > 块 > "" > ]",单相 EMC/EMI 线路滤波器 2 A 250VAC 50/60Hz 两级 快速连接,
-9048513343960017756,F1399BB10,Curtis Industries,电力线滤波模块,"[ > "" > 滤 > 波 > 器 > "" > , > "" > 电 > 力 > 线 > 滤 > 波 > 模 > 块 > "" > ]",单相 EMC/EMI 线路滤波器 10 A 250VAC 50/60Hz 两级 导线引线,https://www.curtisind.com/wp-content/uploads/F1300-F1350-F1399-RFI-Filters.pdf
-9221061859576076844,IR2-N06CDH,DIT,电力线滤波模块,"[ > "" > 滤 > 波 > 器 > "" > , > "" > 电 > 力 > 线 > 滤 > 波 > 模 > 块 > "" > ]",单相 EMC/EMI 线路滤波器 6 A 250VAC 50 ~ 60Hz 单级 IEC 320-C14，快速连接,https://mm.digikey.com/Volume0/opasdata/d220001/medias/docus/5561/IR2%20Series.pdf
-9011856875678513822,TB6-4400BC62,DIT,电力线滤波模块,"[ > "" > 滤 > 波 > 器 > "" > , > "" > 电 > 力 > 线 > 滤 > 波 > 模 > 块 > "" > ]",三相（角接） EMC/EMI 线路滤波器 400 A AC 50 ~ 60Hz 两级 端子柱,https://mm.digikey.com/Volume0/opasdata/d220001/medias/docus/5561/TB6-2_4%20Series.pdf
-8870379066411178127,TB1-40A080H,DIT,电力线滤波模块,"[ > "" > 滤 > 波 > 器 > "" > , > "" > 电 > 力 > 线 > 滤 > 波 > 模 > 块 > "" > ]",单相 EMC/EMI 线路滤波器 40 A 250VAC 50 ~ 60Hz 两级 端接块,https://mm.digikey.com/Volume0/opasdata/d220001/medias/docus/5561/TB1%20Series.pdf
-8667309463816450606,TB1-10A080,DIT,电力线滤波模块,"[ > "" > 滤 > 波 > 器 > "" > , > "" > 电 > 力 > 线 > 滤 > 波 > 模 > 块 > "" > ]",单相 EMC/EMI 线路滤波器 10 A 250VAC 50 ~ 60Hz 两级 端接块,https://mm.digikey.com/Volume0/opasdata/d220001/medias/docus/5561/TB1%20Series.pdf
-8526906442791038876,DS1-F10,DIT,电力线滤波模块,"[ > "" > 滤 > 波 > 器 > "" > , > "" > 电 > 力 > 线 > 滤 > 波 > 模 > 块 > "" > ]",单相 EMC/EMI 线路滤波器 10 A 250VAC 50 ~ 60Hz 单级 快速连接,https://mm.digikey.com/Volume0/opasdata/d220001/medias/docus/5561/DS1%20Series.pdf
-9205866920216374832,EMI0805R-40,Delevan,铁氧体磁珠和芯片,"[ > "" > 滤 > 波 > 器 > "" > , > "" > 铁 > 氧 > 体 > 磁 > 珠 > 和 > 芯 > 片 > "" > ]",40 Ohms @ 100 MHz 1 铁氧体磁珠和芯片 0805（2012 公制） 600mA 50 毫欧,https://www.delevan.com/-/media/Project/Altramotion/shared/files/Literature/brand/Delevan/pdf/suppressors/surfacemount/emi/page111_emiseries.pdf
-8845687074678437643,EMI0603R-120,Delevan,铁氧体磁珠和芯片,"[ > "" > 滤 > 波 > 器 > "" > , > "" > 铁 > 氧 > 体 > 磁 > 珠 > 和 > 芯 > 片 > "" > ]",120 Ohms @ 100 MHz 1 铁氧体磁珠和芯片 0603（1608 公制） 400mA 150 毫欧,https://www.delevan.com/-/media/Project/Altramotion/shared/files/Literature/brand/Delevan/pdf/suppressors/surfacemount/emi/page111_emiseries.pdf
-8808555820745181539,EMI1206R-50,Delevan,铁氧体磁珠和芯片,"[ > "" > 滤 > 波 > 器 > "" > , > "" > 铁 > 氧 > 体 > 磁 > 珠 > 和 > 芯 > 片 > "" > ]",50 Ohms @ 100 MHz 1 铁氧体磁珠和芯片 1206（3216 公制） 600mA 100 毫欧,https://www.delevan.com/-/media/Project/Altramotion/shared/files/Literature/brand/Delevan/pdf/suppressors/surfacemount/emi/page111_emiseries.pdf
-8674502222995451489,4211R-27,Delevan,铁氧体磁珠和芯片,"[ > "" > 滤 > 波 > 器 > "" > , > "" > 铁 > 氧 > 体 > 磁 > 珠 > 和 > 芯 > 片 > "" > ]",162 Ohms @ 25 MHz 1 铁氧体磁珠和芯片 轴向,https://mm.digikey.com/Volume0/opasdata/d220001/medias/docus/6161/4211_R.pdf
-8308406472312144921,4221R-2,Delevan,铁氧体磁珠和芯片,"[ > "" > 滤 > 波 > 器 > "" > , > "" > 铁 > 氧 > 体 > 磁 > 珠 > 和 > 芯 > 片 > "" > ]",95 Ohms @ 100 MHz 1 铁氧体磁珠和芯片 2-SMD，J 形引线 5A,https://www.delevan.com/-/media/Project/Altramotion/shared/files/Literature/brand/Delevan/pdf/suppressors/surfacemount/filterbead/page112_4221.pdf
-9090440231589802879,07TDVST2,Delta Electronics,电力线滤波模块,"[ > "" > 滤 > 波 > 器 > "" > , > "" > 电 > 力 > 线 > 滤 > 波 > 模 > 块 > "" > ]",三相（角接） EMC/EMI 线路滤波器 7 A 480VAC 50/60Hz 单级 端接块,https://filecenter.deltaww.com/Products/download/04/0406/three_phase/TDV.pdf
-9046907938641931235,02DKAW5,Delta Electronics,电力线滤波模块,"[ > "" > 滤 > 波 > 器 > "" > , > "" > 电 > 力 > 线 > 滤 > 波 > 模 > 块 > "" > ]",单相 EMC/EMI 线路滤波器 2 A 115V，250VAC 50/60Hz 单级 导线引线,https://filecenter.deltaww.com//Products/Download/04/0406/general_one/DK.pdf
-9038483577860259087,10TDPS6(D),Delta Electronics,电力线滤波模块,"[ > "" > 滤 > 波 > 器 > "" > , > "" > 电 > 力 > 线 > 滤 > 波 > 模 > 块 > "" > ]",三相（角接） EMC/EMI 线路滤波器 10 A AC 单级 端接块,https://filecenter.deltaww.com/Products/download/04/0406/three_phase/tdp.pdf
-9022127170820504839,16DKPS4(D),Delta Electronics,电力线滤波模块,"[ > "" > 滤 > 波 > 器 > "" > , > "" > 电 > 力 > 线 > 滤 > 波 > 模 > 块 > "" > ]",单相 EMC/EMI 线路滤波器 16 A 250VAC 50/60Hz 单级 端接块,https://filecenter.deltaww.com/Products/download/04/0406/iec_inlet_filter/DKP.pdf
-8963796237746495195,10DRPS4,Delta Electronics,电力线滤波模块,"[ > "" > 滤 > 波 > 器 > "" > , > "" > 电 > 力 > 线 > 滤 > 波 > 模 > 块 > "" > ]",单相 EMC/EMI 线路滤波器 10 A 250VAC 50/60Hz 两级 端接块,https://filecenter.deltaww.com/Products/download/04/0406/iec_inlet_filter/DRP.pdf
-8025653316903387577,ECS-DSF400.0A-51-TR,ECS Inc.,SAW 滤波器,"[ > "" > 滤 > 波 > 器 > "" > , > "" > S > A > W >   > 滤 > 波 > 器 > "" > ]",400MHz 频率 手机，GSM RF SAW 滤波器（表面声波） 6dB 带宽 8-SMD，无引线,https://ecsxtal.com/store/pdf/ecs_dsf400.0A-51.pdf
-5833596213641544933,ECS-D479.5B,ECS Inc.,SAW 滤波器,"[ > "" > 滤 > 波 > 器 > "" > , > "" > S > A > W >   > 滤 > 波 > 器 > "" > ]",479.5MHz 频率 卫星信号接收器 RF SAW 滤波器（表面声波） 23dB 2MHz 带宽 TO-205AD，TO-39-3 金属罐,https://ecsxtal.com/store/pdf/ecs_d479.5b.pdf
-4438088363368781831,ECS-DSF947.5B-21-TR,ECS Inc.,SAW 滤波器,"[ > "" > 滤 > 波 > 器 > "" > , > "" > S > A > W >   > 滤 > 波 > 器 > "" > ]",947.5MHz 频率 手机 RF SAW 滤波器（表面声波） 3.3dB 带宽 6-SMD，无引线,https://ecsxtal.com/store/pdf/ecs_dsf947.5b-21.pdf
-2072188268952209658,ECS-D480A,ECS Inc.,SAW 滤波器,"[ > "" > 滤 > 波 > 器 > "" > , > "" > S > A > W >   > 滤 > 波 > 器 > "" > ]",480MHz 频率 卫星信号接收器 RF SAW 滤波器（表面声波） 19.5dB 2MHz 带宽 TO-205AD，TO-39-3 金属罐,https://ecsxtal.com/store/pdf/ecs_d480a.pdf
-9189307785585574233,B85121A2503C160,EPCOS - TDK Electronics,馈通式电容器,"[ > "" > 滤 > 波 > 器 > "" > , > "" > 馈 > 通 > 式 > 电 > 容 > 器 > "" > ]",0.05 µF 馈通式电容器 600V 轴向，套管,https://product.tdk.com/system/files/dam/doc/product/emc/emc/feedthrough-cap/data_sheet/30/db/b85121.pdf
-9152812720093166406,B84299D1630B701,EPCOS - TDK Electronics,电力线滤波模块,"[ > "" > 滤 > 波 > 器 > "" > , > "" > 电 > 力 > 线 > 滤 > 波 > 模 > 块 > "" > ]",EMC/EMI 线路滤波器 AC,https://product.tdk.cn/system/files/dam/doc/product/emc/emc/shielded_room/data_sheet/30/db/emc_sr/b84299cd1_be701_be703.pdf
-9135747740727495726,B84312C0050B121,EPCOS - TDK Electronics,电力线滤波模块,"[ > "" > 滤 > 波 > 器 > "" > , > "" > 电 > 力 > 线 > 滤 > 波 > 模 > 块 > "" > ]",单相 EMC/EMI 线路滤波器 2 A 100VAC 三级 螺纹接线柱（M6）,https://product.tdk.com/system/files/dam/doc/product/emc/emc/shielded_room/data_sheet/30/db/emc_sr04/commlines__b84312__analog__control.pdf
-9041710456577355463,B84144A0150R140,EPCOS - TDK Electronics,电力线滤波模块,"[ > "" > 滤 > 波 > 器 > "" > , > "" > 电 > 力 > 线 > 滤 > 波 > 模 > 块 > "" > ]",三相（星接） EMC/EMI 线路滤波器 150 A AC 50/60Hz 单级 端接块,https://www.tdk-electronics.tdk.com/inf/30/db/emc_2014/B84144A_R140.pdf
-8974122160615542110,B84143V0066R127,EPCOS - TDK Electronics,电力线滤波模块,"[ > "" > 滤 > 波 > 器 > "" > , > "" > 电 > 力 > 线 > 滤 > 波 > 模 > 块 > "" > ]",三相（角接） EMC/EMI 线路滤波器 66 A AC 50/60Hz 两级 端接块，导线引线,https://www.tdk-electronics.tdk.com/inf/30/db/emc_2014/B84143V_R127.pdf
-9213824945766206884,MFBM1V2012-500-R,Eaton - Electronics Division,铁氧体磁珠和芯片,"[ > "" > 滤 > 波 > 器 > "" > , > "" > 铁 > 氧 > 体 > 磁 > 珠 > 和 > 芯 > 片 > "" > ]",50 Ohms @ 100 MHz 1 电源线 铁氧体磁珠和芯片 0805（2012 公制） 3.5A 40 毫欧,https://www.eaton.com/content/dam/eaton/products/electronic-components/resources/data-sheet/eaton-mfbm1v2012-high-current-multilayer-ferrite-chip-bead-data-sheet.pdf
-9007888519712684211,MFBW1V3216-202-R,Eaton - Electronics Division,铁氧体磁珠和芯片,"[ > "" > 滤 > 波 > 器 > "" > , > "" > 铁 > 氧 > 体 > 磁 > 珠 > 和 > 芯 > 片 > "" > ]",2 kOhms @ 100 MHz 1 铁氧体磁珠和芯片 1206（3216 公制） 300mA 700 毫欧,https://www.eaton.com/content/dam/eaton/products/electronic-components/resources/data-sheet/eaton-mfbw1v3216-high-impedance-multilayer-ferrite-chip-bead-data-sheet.pdf
-9005686366186449876,MFBW1V3216-122-R,Eaton - Electronics Division,铁氧体磁珠和芯片,"[ > "" > 滤 > 波 > 器 > "" > , > "" > 铁 > 氧 > 体 > 磁 > 珠 > 和 > 芯 > 片 > "" > ]",1.2 kOhms @ 100 MHz 1 铁氧体磁珠和芯片 1206（3216 公制） 1A 350 毫欧,https://www.eaton.com/content/dam/eaton/products/electronic-components/resources/data-sheet/eaton-mfbw1v3216-high-impedance-multilayer-ferrite-chip-bead-data-sheet.pdf
-8922753743586242915,MFBW1V1608-500-R,Eaton - Electronics Division,铁氧体磁珠和芯片,"[ > "" > 滤 > 波 > 器 > "" > , > "" > 铁 > 氧 > 体 > 磁 > 珠 > 和 > 芯 > 片 > "" > ]",50 Ohms @ 100 MHz 1 铁氧体磁珠和芯片 0603（1608 公制） 1A 120 毫欧,https://www.eaton.com/content/dam/eaton/products/electronic-components/resources/data-sheet/eaton-mfbw1v1608-high-impedance-multilayer-ferrite-chip-bead-data-sheet.pdf
-8921155893907872312,MFBA2V1608-221-R,Eaton - Electronics Division,铁氧体磁珠和芯片,"[ > "" > 滤 > 波 > 器 > "" > , > "" > 铁 > 氧 > 体 > 磁 > 珠 > 和 > 芯 > 片 > "" > ]",220 Ohms @ 100 MHz 1 信号线 铁氧体磁珠和芯片 0603（1608 公制） 2A 100 毫欧,https://www.eaton.com/content/dam/eaton/products/electronic-components/resources/data-sheet/eaton-mfba2v1608-automotive-multilayer-ferrite-chip-bead-data-sheet-elx1131-en.pdf
-6251448770616272801,ADPH24015,Eaton Tripp Lite,电力线滤波模块,"[ > "" > 滤 > 波 > 器 > "" > , > "" > 电 > 力 > 线 > 滤 > 波 > 模 > 块 > "" > ]",EMC/EMI 线路滤波器 AC,
-5968802896668743331,ADPV12003,Eaton Tripp Lite,电力线滤波模块,"[ > "" > 滤 > 波 > 器 > "" > , > "" > 电 > 力 > 线 > 滤 > 波 > 模 > 块 > "" > ]",EMC/EMI 线路滤波器 AC,
-5412944025227945654,AGCF12060,Eaton Tripp Lite,电力线滤波模块,"[ > "" > 滤 > 波 > 器 > "" > , > "" > 电 > 力 > 线 > 滤 > 波 > 模 > 块 > "" > ]",单相 EMC/EMI 线路滤波器 60 A 120VAC 端接块,https://www.eaton.com/us/en-us/skuPage.AGCF12060.pdf
-5409343944982570962,ADPV24003,Eaton Tripp Lite,电力线滤波模块,"[ > "" > 滤 > 波 > 器 > "" > , > "" > 电 > 力 > 线 > 滤 > 波 > 模 > 块 > "" > ]",EMC/EMI 线路滤波器 AC,
-4320011973130954217,AGCN12030,Eaton Tripp Lite,电力线滤波模块,"[ > "" > 滤 > 波 > 器 > "" > , > "" > 电 > 力 > 线 > 滤 > 波 > 模 > 块 > "" > ]",单相 EMC/EMI 线路滤波器 30 A 120VAC 端接块,https://www.eaton.com/us/en-us/skuPage.AGCN12030.pdf
-9186925391532164040,2743012201,Fair-Rite Products Corp.,铁氧体磁珠和芯片,"[ > "" > 滤 > 波 > 器 > "" > , > "" > 铁 > 氧 > 体 > 磁 > 珠 > 和 > 芯 > 片 > "" > ]",315 Ohms @ 100 MHz 1 铁氧体磁珠和芯片 轴向,https://www.fair-rite.com/wp-content/uploads/2020/01/2743012201cat.pdf
-8993077495268003437,2508053018Z0,Fair-Rite Products Corp.,铁氧体磁珠和芯片,"[ > "" > 滤 > 波 > 器 > "" > , > "" > 铁 > 氧 > 体 > 磁 > 珠 > 和 > 芯 > 片 > "" > ]",铁氧体磁珠和芯片,
-8872861912823319613,2518061018Y0,Fair-Rite Products Corp.,铁氧体磁珠和芯片,"[ > "" > 滤 > 波 > 器 > "" > , > "" > 铁 > 氧 > 体 > 磁 > 珠 > 和 > 芯 > 片 > "" > ]",铁氧体磁珠和芯片,
-8823997686629236390,2508053018Y0,Fair-Rite Products Corp.,铁氧体磁珠和芯片,"[ > "" > 滤 > 波 > 器 > "" > , > "" > 铁 > 氧 > 体 > 磁 > 珠 > 和 > 芯 > 片 > "" > ]",铁氧体磁珠和芯片,
-8784136439014619308,2512065006Y0,Fair-Rite Products Corp.,铁氧体磁珠和芯片,"[ > "" > 滤 > 波 > 器 > "" > , > "" > 铁 > 氧 > 体 > 磁 > 珠 > 和 > 芯 > 片 > "" > ]",铁氧体磁珠和芯片,
-3592985342197220781,NUF6001MUT2G,Fairchild Semiconductor,EMI/RFI 滤波器（LC，RC 网络）,"[ > "" > 滤 > 波 > 器 > "" > , > "" > E > M > I > / > R > F > I >   > 滤 > 波 > 器 > （ > L > C > ， > R > C >   > 网 > 络 > ） > "" > ]",EMI 滤波器 订单 通道,https://rocelec.widen.net/view/pdf/0jjsdmqngk/ONSM-S-A0004900097-1.pdf?t.download=true&u=5oefqw
-9146828152769396077,MLS0805-4S7-301,Ferroxcube,铁氧体磁珠和芯片,"[ > "" > 滤 > 波 > 器 > "" > , > "" > 铁 > 氧 > 体 > 磁 > 珠 > 和 > 芯 > 片 > "" > ]",300 Ohms 1 电源，信号线路 铁氧体磁珠和芯片 0805（2012 公制） 300mA 300 毫欧,https://www.ferroxcube.com/upload/media/product/file/Pr_ds/mls.pdf
-9104280454553992677,BD5.1/0.8/10-3S1,Ferroxcube,铁氧体磁珠和芯片,"[ > "" > 滤 > 波 > 器 > "" > , > "" > 铁 > 氧 > 体 > 磁 > 珠 > 和 > 芯 > 片 > "" > ]",88 Ohms 1 铁氧体磁珠和芯片 圆柱型,https://www.ferroxcube.com/upload/media/product/file/Pr_ds/emisbead.pdf
-9098672104911926152,BD5.1/1.5/10-3C90,Ferroxcube,铁氧体磁珠和芯片,"[ > "" > 滤 > 波 > 器 > "" > , > "" > 铁 > 氧 > 体 > 磁 > 珠 > 和 > 芯 > 片 > "" > ]",1 铁氧体磁珠和芯片 圆柱型,https://www.ferroxcube.com/upload/media/product/file/MDS/3c90.pdf
-9034173100203789781,BD8/3/4-4S2,Ferroxcube,铁氧体磁珠和芯片,"[ > "" > 滤 > 波 > 器 > "" > , > "" > 铁 > 氧 > 体 > 磁 > 珠 > 和 > 芯 > 片 > "" > ]",43 Ohms 1 铁氧体磁珠和芯片 圆柱型,https://www.ferroxcube.com/upload/media/product/file/Pr_ds/emisbead.pdf
-9012328255471598717,BD8/1.5/4-3C90,Ferroxcube,铁氧体磁珠和芯片,"[ > "" > 滤 > 波 > 器 > "" > , > "" > 铁 > 氧 > 体 > 磁 > 珠 > 和 > 芯 > 片 > "" > ]",1 铁氧体磁珠和芯片 圆柱型,https://www.ferroxcube.com/upload/media/product/file/MDS/3c90.pdf
-9087238171151335590,MA05255,Golledge Electronics Ltd,SAW 滤波器,"[ > "" > 滤 > 波 > 器 > "" > , > "" > S > A > W >   > 滤 > 波 > 器 > "" > ]",1575.42MHz 频率 RF SAW 滤波器（表面声波） 2.2dB 2.4MHz 带宽 4-SMD，无引线,https://www.golledge.com/media/1804/ma05255.pdf
-8836582943045371817,MP03077,Golledge Electronics Ltd,SAW 滤波器,"[ > "" > 滤 > 波 > 器 > "" > , > "" > S > A > W >   > 滤 > 波 > 器 > "" > ]",2.25GHz 频率 寻呼机 RF SAW 滤波器（表面声波） 4.5dB 100MHz 带宽 6-SMD，无引线,https://www.golledge.com/media/4951/mp03077.pdf
-8808181215583103419,MP05039,Golledge Electronics Ltd,SAW 滤波器,"[ > "" > 滤 > 波 > 器 > "" > , > "" > S > A > W >   > 滤 > 波 > 器 > "" > ]",918.6MHz 频率 收音机 RF SAW 滤波器（表面声波） 7dB 3.6MHz 带宽 6-SMD，无引线,https://www.golledge.com/media/2579/mp05039.pdf
-8786826743756609191,MP09362,Golledge Electronics Ltd,SAW 滤波器,"[ > "" > 滤 > 波 > 器 > "" > , > "" > S > A > W >   > 滤 > 波 > 器 > "" > ]",1.26GHz 频率 通用 RF SAW 滤波器（表面声波） 4.5dB 96MHz 带宽 6-SMD，无引线,https://www.golledge.com/media/5125/mp09362.pdf
-8700027435277550523,MA04499,Golledge Electronics Ltd,SAW 滤波器,"[ > "" > 滤 > 波 > 器 > "" > , > "" > S > A > W >   > 滤 > 波 > 器 > "" > ]",915MHz 频率 ISM RF SAW 滤波器（表面声波） 3.5dB 26MHz 带宽 6-SMD，无引线,https://www.golledge.com/media/3769/ma04499.pdf
-7716265947091994492,SMB3528-2LF,Gowanda Electronics,铁氧体磁珠和芯片,"[ > "" > 滤 > 波 > 器 > "" > , > "" > 铁 > 氧 > 体 > 磁 > 珠 > 和 > 芯 > 片 > "" > ]",490 Ohms @ 100 MHz 1 电源线 铁氧体磁珠和芯片 非标准 9.5mA 5 毫欧,https://www.gowanda.com/product-finder/assets/images/products/datasheet/SMB3528-Datasheet_RevIssue.pdf
-1678525022567073489,SMB3528-1,Gowanda Electronics,铁氧体磁珠和芯片,"[ > "" > 滤 > 波 > 器 > "" > , > "" > 铁 > 氧 > 体 > 磁 > 珠 > 和 > 芯 > 片 > "" > ]",385 Ohms @ 100 MHz 1 电源线 铁氧体磁珠和芯片 非标准 9.5mA 5 毫欧,https://www.gowanda.com/product-finder/assets/images/products/datasheet/SMB3528-Datasheet_RevIssue.pdf
8485394452510925382,SMB3528-2,Gowanda Electronics,铁氧体磁珠和芯片,"[ > "" > 滤 > 波 > 器 > "" > , > "" > 铁 > 氧 > 体 > 磁 > 珠 > 和 > 芯 > 片 > "" > ]",490 Ohms @ 100 MHz 1 电源线 铁氧体磁珠和芯片 非标准 9.5mA 5 毫欧,https://www.gowanda.com/product-finder/assets/images/products/datasheet/SMB3528-Datasheet_RevIssue.pdf
8866668889404975464,SMB3528-1LF,Gowanda Electronics,铁氧体磁珠和芯片,"[ > "" > 滤 > 波 > 器 > "" > , > "" > 铁 > 氧 > 体 > 磁 > 珠 > 和 > 芯 > 片 > "" > ]",385 Ohms @ 100 MHz 1 电源线 铁氧体磁珠和芯片 非标准 9.5mA 5 毫欧,https://www.gowanda.com/product-finder/assets/images/products/datasheet/SMB3528-Datasheet_RevIssue.pdf
-7836994701575489040,MHC1608S221NBPDG,"INPAQ Technology Co., Ltd",铁氧体磁珠和芯片,"[ > "" > 滤 > 波 > 器 > "" > , > "" > 铁 > 氧 > 体 > 磁 > 珠 > 和 > 芯 > 片 > "" > ]",220 Ohms @ 100 MHz 1 电源，信号线路 铁氧体磁珠和芯片 0603（1608 公制） 2A 90 毫欧,https://mm.digikey.com/Volume0/opasdata/d220001/medias/docus/5561/MHC-S%20Series.pdf
-7706094098093828373,MHC2012S800UBPDG,"INPAQ Technology Co., Ltd",铁氧体磁珠和芯片,"[ > "" > 滤 > 波 > 器 > "" > , > "" > 铁 > 氧 > 体 > 磁 > 珠 > 和 > 芯 > 片 > "" > ]",80 Ohms @ 100 MHz 1 电源，信号线路 铁氧体磁珠和芯片 0805（2012 公制） 5A 20 毫欧,https://mm.digikey.com/Volume0/opasdata/d220001/medias/docus/5561/MHC-S%20Series.pdf
-7540616895955845769,MCB1608S102IBPDG,"INPAQ Technology Co., Ltd",铁氧体磁珠和芯片,"[ > "" > 滤 > 波 > 器 > "" > , > "" > 铁 > 氧 > 体 > 磁 > 珠 > 和 > 芯 > 片 > "" > ]",1 kOhms @ 100 MHz 1 电源，信号线路 铁氧体磁珠和芯片 0603（1608 公制） 600mA 600 毫欧,https://mm.digikey.com/Volume0/opasdata/d220001/medias/docus/5561/MCB-S%20Series.pdf
-6432517769545641042,MCB1005B102FBPDG,"INPAQ Technology Co., Ltd",铁氧体磁珠和芯片,"[ > "" > 滤 > 波 > 器 > "" > , > "" > 铁 > 氧 > 体 > 磁 > 珠 > 和 > 芯 > 片 > "" > ]",1 kOhms @ 100 MHz 1 电源，信号线路 铁氧体磁珠和芯片 0402（1005 公制） 300mA 1 欧姆,https://mm.digikey.com/Volume0/opasdata/d220001/medias/docus/5561/MCB-B%20Series.pdf
-4662410242097448382,MHC1608P221ZBP2A2DG,"INPAQ Technology Co., Ltd",铁氧体磁珠和芯片,"[ > "" > 滤 > 波 > 器 > "" > , > "" > 铁 > 氧 > 体 > 磁 > 珠 > 和 > 芯 > 片 > "" > ]",220 Ohms @ 100 MHz 1 电源线 铁氧体磁珠和芯片 0603（1608 公制） 2.2A 50 毫欧,https://mm.digikey.com/Volume0/opasdata/d220001/medias/docus/6090/MHC_P_Series.pdf
-8546038793609258335,F2779Y001L-003,"ITG Electronics, Inc.",电力线滤波模块,"[ > "" > 滤 > 波 > 器 > "" > , > "" > 电 > 力 > 线 > 滤 > 波 > 模 > 块 > "" > ]",单相 EMC/EMI 线路滤波器 1 A 120V，250VAC DC ~ 60Hz 两级 导线引线,https://www.itg-electronics.com/files/cc1995021f6bf42291100056d3eef54a.pdf
-8409149836719972490,F2779-EXT,"ITG Electronics, Inc.",滤波器配件,"[ > "" > 滤 > 波 > 器 > "" > , > "" > 滤 > 波 > 器 > 配 > 件 > "" > ]",电力线滤波模块 管道扩展器和耦合器,https://www.itg-electronics.com/files/c07039fdee1e8f08da35702a17bac586.pdf
-5968392854091472869,F2782Y001L-061,"ITG Electronics, Inc.",EMI/RFI 滤波器（LC，RC 网络）,"[ > "" > 滤 > 波 > 器 > "" > , > "" > E > M > I > / > R > F > I >   > 滤 > 波 > 器 > （ > L > C > ， > R > C >   > 网 > 络 > ） > "" > ]",LC（T 型） EMI 滤波器 5th 订单 低通 1 通道 1.5 A 模块,https://www.itg-electronics.com/files/354848f9bc6e8c64629ab95f7522f91e.pdf
-5636134589975594343,F2782Y001L-051,"ITG Electronics, Inc.",EMI/RFI 滤波器（LC，RC 网络）,"[ > "" > 滤 > 波 > 器 > "" > , > "" > E > M > I > / > R > F > I >   > 滤 > 波 > 器 > （ > L > C > ， > R > C >   > 网 > 络 > ） > "" > ]",LC（T 型） EMI 滤波器 5th 订单 低通 1 通道 1.5 A 模块,https://www.itg-electronics.com/files/354848f9bc6e8c64629ab95f7522f91e.pdf
-5268272419695685266,F2781Y002L-014,"ITG Electronics, Inc.",EMI/RFI 滤波器（LC，RC 网络）,"[ > "" > 滤 > 波 > 器 > "" > , > "" > E > M > I > / > R > F > I >   > 滤 > 波 > 器 > （ > L > C > ， > R > C >   > 网 > 络 > ） > "" > ]",LC（Pi），RC（Pi） EMI 滤波器 订单 带通 4 通道 2.5 A,https://www.itg-electronics.com/files/1dbb94a481f5ce7d2c8df594640e19a4.pdf
-9217220347366150028,BGF 108L E6328,Infineon Technologies,EMI/RFI 滤波器（LC，RC 网络）,"[ > "" > 滤 > 波 > 器 > "" > , > "" > E > M > I > / > R > F > I >   > 滤 > 波 > 器 > （ > L > C > ， > R > C >   > 网 > 络 > ） > "" > ]",LC EMI 滤波器 5th 订单 低通 7 通道 C = 28pF（总计） 25 mA 18-UFBGA,https://mm.digikey.com/Volume0/opasdata/d220001/medias/docus/602/BGF108L.pdf
-7053602465439274783,BGH 92M E6327,Infineon Technologies,EMI/RFI 滤波器（LC，RC 网络）,"[ > "" > 滤 > 波 > 器 > "" > , > "" > E > M > I > / > R > F > I >   > 滤 > 波 > 器 > （ > L > C > ， > R > C >   > 网 > 络 > ） > "" > ]",LC EMI 滤波器 6th 订单 低通 3 通道 6-XFDFN 祼焊盘,https://www.infineon.com/dgdl/Product+and+Application+Guide.pdf?folderId=db3a30431441fb5d01146ec76de80910&fileId=db3a304329a0f6ee0129b13c338f0372
-5723172980238596831,BGH 182M E6327,Infineon Technologies,EMI/RFI 滤波器（LC，RC 网络）,"[ > "" > 滤 > 波 > 器 > "" > , > "" > E > M > I > / > R > F > I >   > 滤 > 波 > 器 > （ > L > C > ， > R > C >   > 网 > 络 > ） > "" > ]",LC EMI 滤波器 6th 订单 低通 3 通道 6-XFDFN 祼焊盘,https://www.infineon.com/dgdl/Product+and+Application+Guide.pdf?folderId=db3a30431441fb5d01146ec76de80910&fileId=db3a304329a0f6ee0129b13c338f0372
-1044832241385934846,BGF108CE6328XTSA1,Infineon Technologies,EMI/RFI 滤波器（LC，RC 网络）,"[ > "" > 滤 > 波 > 器 > "" > , > "" > E > M > I > / > R > F > I >   > 滤 > 波 > 器 > （ > L > C > ， > R > C >   > 网 > 络 > ） > "" > ]",RC EMI 滤波器 2nd 订单 低通 7 通道 R = 70 欧姆，C = 17pF 18-UFBGA，WLCSP,https://mm.digikey.com/Volume0/opasdata/d220001/medias/docus/862/BGF108C.pdf
23955029609446420,BGF106CE6328XTSA1,Infineon Technologies,EMI/RFI 滤波器（LC，RC 网络）,"[ > "" > 滤 > 波 > 器 > "" > , > "" > E > M > I > / > R > F > I >   > 滤 > 波 > 器 > （ > L > C > ， > R > C >   > 网 > 络 > ） > "" > ]",RC EMI 滤波器 2nd 订单 低通 3 通道 R = 47 欧姆，100 欧姆，C = 16.5pF（总计） 8-UFBGA，WLCSP,https://mm.digikey.com/Volume0/opasdata/d220001/medias/docus/999/BGF106C.pdf
-9100587725414868990,EMDF160W105M1GV001E,Johanson Dielectrics Inc.,馈通式电容器,"[ > "" > 滤 > 波 > 器 > "" > , > "" > 馈 > 通 > 式 > 电 > 容 > 器 > "" > ]",1 µF 馈通式电容器 16V 1210（3225 公制）,https://www.johansondielectrics.com/docs/4303/johanson-emi-filters.pdf
-9049430307734712877,EMCT101W103M1GV002E,Johanson Dielectrics Inc.,馈通式电容器,"[ > "" > 滤 > 波 > 器 > "" > , > "" > 馈 > 通 > 式 > 电 > 容 > 器 > "" > ]",10000 pF 馈通式电容器 100V 0805（2012 公制），3 PC 板,https://www.johansontechnology.com/search/pn-pdf/EMCT101W103M1GV002E/
-9022176040649952941,EMCT500G470M1GV002E,Johanson Dielectrics Inc.,馈通式电容器,"[ > "" > 滤 > 波 > 器 > "" > , > "" > 馈 > 通 > 式 > 电 > 容 > 器 > "" > ]",47 pF 馈通式电容器 50V 0805（2012 公制），3 PC 板,https://www.johansontechnology.com/search/pn-pdf/EMCT500G470M1GV002E/
-8973998138524812774,EMDD101W153M1GF001E,Johanson Dielectrics Inc.,馈通式电容器,"[ > "" > 滤 > 波 > 器 > "" > , > "" > 馈 > 通 > 式 > 电 > 容 > 器 > "" > ]",0.015 µF 馈通式电容器 100V 1206（3216 公制），3 PC 板,https://www.johansontechnology.com/search/pn-pdf/EMDD101W153M1GF001E/
-8950731176100007669,EMCT500W103M1GV001E,Johanson Dielectrics Inc.,馈通式电容器,"[ > "" > 滤 > 波 > 器 > "" > , > "" > 馈 > 通 > 式 > 电 > 容 > 器 > "" > ]",10000 pF 馈通式电容器 50V 0805（2012 公制）,https://www.johansondielectrics.com/docs/4303/johanson-emi-filters.pdf
-9220784933344607850,Z0603C600GPWZT,KEMET,铁氧体磁珠和芯片,"[ > "" > 滤 > 波 > 器 > "" > , > "" > 铁 > 氧 > 体 > 磁 > 珠 > 和 > 芯 > 片 > "" > ]",60 Ohms @ 100 MHz 1 电源线 铁氧体磁珠和芯片 0603（1608 公制） 1.8A 45 毫欧,https://mm.digikey.com/Volume0/opasdata/d220001/medias/docus/7579/KEM_FB0001_Z-PWS.pdf
-9165774973031530922,Z0805C210BPWST,KEMET,铁氧体磁珠和芯片,"[ > "" > 滤 > 波 > 器 > "" > , > "" > 铁 > 氧 > 体 > 磁 > 珠 > 和 > 芯 > 片 > "" > ]",21 Ohms @ 100 MHz 1 电源线 铁氧体磁珠和芯片 0805（2012 公制） 6A 4 毫欧,https://www.yageogroup.com/content/datasheet/asset/file/KEM_F3139_F863H_X2_310_125C
-9107758772831375295,MR-2053,KEMET,电力线滤波模块,"[ > "" > 滤 > 波 > 器 > "" > , > "" > 电 > 力 > 线 > 滤 > 波 > 模 > 块 > "" > ]",单相 EMC/EMI 线路滤波器 5 A 250VAC 单级 快速连接,https://search.kemet.com/download/datasheet/MR-2053
-9055285089574482961,AFPI100410HFT1S,KEMET,馈通式电容器,"[ > "" > 滤 > 波 > 器 > "" > , > "" > 馈 > 通 > 式 > 电 > 容 > 器 > "" > ]",0.5 µF 馈通式电容器 200V 1 A 200 毫欧 轴向，套管 - 2 个焊孔,https://content.kemet.com/datasheets/KEM_EMI0019_AFPI_100.pdf
-9025614564133467672,AFCL100347DFW1T,KEMET,馈通式电容器,"[ > "" > 滤 > 波 > 器 > "" > , > "" > 馈 > 通 > 式 > 电 > 容 > 器 > "" > ]",0.47 µF 馈通式电容器 100V 1 A 200 毫欧 轴向，套管,https://content.kemet.com/datasheets/KEM_EMI0020_AFCL_100.pdf
-7991432727792275233,CZP1JFTTD600P,"KOA Speer Electronics, Inc.",铁氧体磁珠和芯片,"[ > "" > 滤 > 波 > 器 > "" > , > "" > 铁 > 氧 > 体 > 磁 > 珠 > 和 > 芯 > 片 > "" > ]",60 Ohms @ 100 MHz 1 电源线 铁氧体磁珠和芯片 0603（1608 公制） 3A 40 毫欧,https://www.koaspeer.com/pdfs/CZP.pdf
-6023973868207895938,CZP2BFTTE800P,"KOA Speer Electronics, Inc.",铁氧体磁珠和芯片,"[ > "" > 滤 > 波 > 器 > "" > , > "" > 铁 > 氧 > 体 > 磁 > 珠 > 和 > 芯 > 片 > "" > ]",80 Ohms @ 100 MHz 电源线 铁氧体磁珠和芯片 1206（3216 公制） 3A 30 毫欧,https://www.koaspeer.com/pdfs/CZP.pdf
-5209027271173646747,CZB1JGTTD152P,"KOA Speer Electronics, Inc.",铁氧体磁珠和芯片,"[ > "" > 滤 > 波 > 器 > "" > , > "" > 铁 > 氧 > 体 > 磁 > 珠 > 和 > 芯 > 片 > "" > ]",1.5 kOhms @ 100 MHz 1 铁氧体磁珠和芯片 0603（1608 公制） 150mA 700 毫欧,https://www.koaspeer.com/pdfs/CZB.pdf
-3962506290533410075,CZP2AFTTD300P,"KOA Speer Electronics, Inc.",铁氧体磁珠和芯片,"[ > "" > 滤 > 波 > 器 > "" > , > "" > 铁 > 氧 > 体 > 磁 > 珠 > 和 > 芯 > 片 > "" > ]",30 Ohms @ 100 MHz 1 电源线 铁氧体磁珠和芯片 0805（2012 公制） 4A 15 毫欧,https://www.koaspeer.com/pdfs/CZP.pdf
-3745126361258855889,CZB2BFTTE601P,"KOA Speer Electronics, Inc.",铁氧体磁珠和芯片,"[ > "" > 滤 > 波 > 器 > "" > , > "" > 铁 > 氧 > 体 > 磁 > 珠 > 和 > 芯 > 片 > "" > ]",600 Ohms @ 100 MHz 1 铁氧体磁珠和芯片 1206（3216 公制） 400mA 400 毫欧,https://www.koaspeer.com/pdfs/CZB.pdf
-9127601125154007381,W2H15C10384T1F,KYOCERA AVX,馈通式电容器,"[ > "" > 滤 > 波 > 器 > "" > , > "" > 馈 > 通 > 式 > 电 > 容 > 器 > "" > ]",10000 pF 馈通式电容器 50V 1 A 150 毫欧 0805（2012 公制），3 PC 板,https://catalogs.kyocera-avx.com/MultilayerFeedthruCapacitorsAndArrays.pdf
-8755908722759280096,KNF21100-W3,KYOCERA AVX,EMI/RFI 滤波器（LC，RC 网络）,"[ > "" > 滤 > 波 > 器 > "" > , > "" > E > M > I > / > R > F > I >   > 滤 > 波 > 器 > （ > L > C > ， > R > C >   > 网 > 络 > ） > "" > ]",LC EMI 滤波器 订单 低通 通道 C = 65pF 150 mA 0805（2012 公制），3 PC 板,https://mm.digikey.com/Volume0/opasdata/d220001/medias/docus/900/KNF_KNH_Series.pdf
-8692122342156319547,SF11-1192M5UUA1,KYOCERA AVX,SAW 滤波器,"[ > "" > 滤 > 波 > 器 > "" > , > "" > S > A > W >   > 滤 > 波 > 器 > "" > ]",1.176GHz 频率 GPS RF SAW 滤波器（表面声波） 1.3dB 20.46MHz 带宽 5-SMD，无引线,https://mm.digikey.com/Volume0/opasdata/d220001/medias/docus/6254/SF11-1192M5UUA1.pdf
-8551416803914261028,KNH21C106DA3TS,KYOCERA AVX,EMI/RFI 滤波器（LC，RC 网络）,"[ > "" > 滤 > 波 > 器 > "" > , > "" > E > M > I > / > R > F > I >   > 滤 > 波 > 器 > （ > L > C > ， > R > C >   > 网 > 络 > ） > "" > ]",LC EMI 滤波器 订单 低通 通道 C = 10µF 6 A 0805（2012 公制）,https://mm.digikey.com/Volume0/opasdata/d220001/medias/docus/1192/KNH21Series.pdf
-8364906435015173799,W3H11A4718AT1F,KYOCERA AVX,馈通式电容器,"[ > "" > 滤 > 波 > 器 > "" > , > "" > 馈 > 通 > 式 > 电 > 容 > 器 > "" > ]",470 pF 馈通式电容器 100V 4 A 150 毫欧 0612（1632 公制）,https://mm.digikey.com/Volume0/opasdata/d220001/medias/docus/2128/W2H_W3H_Series.pdf
-9221352184433993853,1206Y1000332MJTE07,Knowles Syfer,馈通式电容器,"[ > "" > 滤 > 波 > 器 > "" > , > "" > 馈 > 通 > 式 > 电 > 容 > 器 > "" > ]",3300 pF 馈通式电容器 100V 2 A 1206（3216 公制），3 PC 板,
-9215916878357990209,1812Y1000224MXRE03,Knowles Syfer,馈通式电容器,"[ > "" > 滤 > 波 > 器 > "" > , > "" > 馈 > 通 > 式 > 电 > 容 > 器 > "" > ]",0.22 µF 馈通式电容器 100V 1812（4532 公制）,https://www.knowlescapacitors.com/getattachment/d6174e09-3a5b-4f4c-887d-ff3ea247cf48/X2Y-Filters.aspx
-9215381045691099501,1206J0250473MJTE07,Knowles Syfer,馈通式电容器,"[ > "" > 滤 > 波 > 器 > "" > , > "" > 馈 > 通 > 式 > 电 > 容 > 器 > "" > ]",0.047 µF 馈通式电容器 25V 2 A 1206（3216 公制），3 PC 板,
-9210025685238841664,1812Y5000153MSTE03,Knowles Syfer,馈通式电容器,"[ > "" > 滤 > 波 > 器 > "" > , > "" > 馈 > 通 > 式 > 电 > 容 > 器 > "" > ]",0.015 µF 馈通式电容器 500V 50 mA 1812（4532 公制），3 PC 板,
-9206542202892800495,0805J0500221MATE01,Knowles Syfer,馈通式电容器,"[ > "" > 滤 > 波 > 器 > "" > , > "" > 馈 > 通 > 式 > 电 > 容 > 器 > "" > ]",220 pF 馈通式电容器 50V 300 mA 0805（2012 公制），3 PC 板,
-7149084932886326762,LF 205-P,LEM USA Inc.,电力线滤波模块,"[ > "" > 滤 > 波 > 器 > "" > , > "" > 电 > 力 > 线 > 滤 > 波 > 模 > 块 > "" > ]",单相 EMC/EMI 线路滤波器 5 A 250VAC 两级 螺纹接线柱（M3）,https://www.lem.com/sites/default/files/products_datasheets/lf_205-p_v6.pdf
-9124148103766108364,HZ0603C601R-00,Laird-Signal Integrity Products,铁氧体磁珠和芯片,"[ > "" > 滤 > 波 > 器 > "" > , > "" > 铁 > 氧 > 体 > 磁 > 珠 > 和 > 芯 > 片 > "" > ]",600 Ohms @ 100 MHz 1 信号线 铁氧体磁珠和芯片 0603（1608 公制） 300mA 450 毫欧,https://mm.digikey.com/Volume0/opasdata/d220001/medias/docus/603/HZ.pdf
-8998337262438264304,MI1206K310R-00,Laird-Signal Integrity Products,铁氧体磁珠和芯片,"[ > "" > 滤 > 波 > 器 > "" > , > "" > 铁 > 氧 > 体 > 磁 > 珠 > 和 > 芯 > 片 > "" > ]",31 Ohms @ 100 MHz 1 铁氧体磁珠和芯片 1206（3216 公制） 1.5A 45 毫欧,https://mm.digikey.com/Volume0/opasdata/d220001/medias/docus/897/EMI_Filtering_and_RF_Inductors.pdf
-8987635935746446991,HI0603N800R-10,Laird-Signal Integrity Products,铁氧体磁珠和芯片,"[ > "" > 滤 > 波 > 器 > "" > , > "" > 铁 > 氧 > 体 > 磁 > 珠 > 和 > 芯 > 片 > "" > ]",80 Ohms @ 100 MHz 1 电源线 铁氧体磁珠和芯片 0603（1608 公制） 3A,https://mm.digikey.com/Volume0/opasdata/d220001/medias/docus/897/EMI_Filtering_and_RF_Inductors.pdf
-8985130538507569847,LF1206E152R-10,Laird-Signal Integrity Products,铁氧体磁珠和芯片,"[ > "" > 滤 > 波 > 器 > "" > , > "" > 铁 > 氧 > 体 > 磁 > 珠 > 和 > 芯 > 片 > "" > ]",946 Ohms @ 100 MHz 1 电源，信号线路 铁氧体磁珠和芯片 1206（3216 公制） 500mA 300 毫欧,https://www.laird.com/document/datasheet/lf1206e152r-10-datasheet
-8897500552028371525,29F0830-0T0,Laird-Signal Integrity Products,铁氧体磁珠和芯片,"[ > "" > 滤 > 波 > 器 > "" > , > "" > 铁 > 氧 > 体 > 磁 > 珠 > 和 > 芯 > 片 > "" > ]",126 Ohms @ 100 MHz 8 电源线 铁氧体磁珠和芯片 8A 10 毫欧,https://mm.digikey.com/Volume0/opasdata/d220001/medias/docus/2527/25F%2C%2029F.pdf
8176926233195404587,SP6150-01HTG,Littelfuse Inc.,EMI/RFI 滤波器（LC，RC 网络）,"[ > "" > 滤 > 波 > 器 > "" > , > "" > E > M > I > / > R > F > I >   > 滤 > 波 > 器 > （ > L > C > ， > R > C >   > 网 > 络 > ） > "" > ]",RC（Pi） EMI 滤波器 2nd 订单 低通 1 通道 10 mA TO-236-3，SC-59，SOT-23-3,https://www.littelfuse.com/assetdocs/littelfuse-tvs-diode-array-sp6150--datasheet?assetguid=e4149a7b-dd83-4107-acfe-af787caaa606
-9041195548281711834,BCMS453223I101 8A,Max Echo,铁氧体磁珠和芯片,"[ > "" > 滤 > 波 > 器 > "" > , > "" > 铁 > 氧 > 体 > 磁 > 珠 > 和 > 芯 > 片 > "" > ]",100 Ohms @ 100 MHz 1 电源线 铁氧体磁珠和芯片 1812（4532 公制） 8A 7 毫欧,https://mm.digikey.com/Volume0/opasdata/d220001/medias/docus/6130/BCMS453223I1018A.pdf
-8838406358728464308,ACMS201209A170,Max Echo,铁氧体磁珠和芯片,"[ > "" > 滤 > 波 > 器 > "" > , > "" > 铁 > 氧 > 体 > 磁 > 珠 > 和 > 芯 > 片 > "" > ]",17 Ohms @ 100 MHz 1 电源线 铁氧体磁珠和芯片 0805（2012 公制） 3A 30 毫欧,https://mm.digikey.com/Volume0/opasdata/d220001/medias/docus/5530/ACMS201209A170.pdf
-8822026681070815171,EBMS100505A800,Max Echo,铁氧体磁珠和芯片,"[ > "" > 滤 > 波 > 器 > "" > , > "" > 铁 > 氧 > 体 > 磁 > 珠 > 和 > 芯 > 片 > "" > ]",80 Ohms @ 100 MHz 1 信号线 铁氧体磁珠和芯片 0402（1005 公制） 200mA 400 毫欧,https://mm.digikey.com/Volume0/opasdata/d220001/medias/docus/6130/EBMS100505A800.pdf
-8790798532488973878,ACMS451616A102 RDC09,Max Echo,铁氧体磁珠和芯片,"[ > "" > 滤 > 波 > 器 > "" > , > "" > 铁 > 氧 > 体 > 磁 > 珠 > 和 > 芯 > 片 > "" > ]",1 kOhms @ 100 MHz 1 电源线 铁氧体磁珠和芯片 1806（4516 公制） 1.5A 90 毫欧,https://mm.digikey.com/Volume0/opasdata/d220001/medias/docus/6130/ACMS451616A102RDC09.pdf
-8726760365006041394,ACMS453215A121,Max Echo,铁氧体磁珠和芯片,"[ > "" > 滤 > 波 > 器 > "" > , > "" > 铁 > 氧 > 体 > 磁 > 珠 > 和 > 芯 > 片 > "" > ]",120 Ohms @ 100 MHz 1 电源线 铁氧体磁珠和芯片 1812（4532 公制） 3A 40 毫欧,https://mm.digikey.com/Volume0/opasdata/d220001/medias/docus/6130/ACMS453215A121.pdf
-9186232483683276181,SIM05601Y1A032,Meritek,铁氧体磁珠和芯片,"[ > "" > 滤 > 波 > 器 > "" > , > "" > 铁 > 氧 > 体 > 磁 > 珠 > 和 > 芯 > 片 > "" > ]",600 Ohms @ 100 MHz 1 铁氧体磁珠和芯片 0805（2012 公制） 1A,https://www.meritekusa.com/wp-content/uploads/2022/06/Meritek-Spec-SIM05-32-8b-210225.pdf
-8928093950291786201,SIM05151Y2A0M32,Meritek,铁氧体磁珠和芯片,"[ > "" > 滤 > 波 > 器 > "" > , > "" > 铁 > 氧 > 体 > 磁 > 珠 > 和 > 芯 > 片 > "" > ]",150 Ohms @ 100 MHz 1 铁氧体磁珠和芯片 0805（2012 公制） 2A,https://www.meritekusa.com/wp-content/uploads/2022/06/Meritek-Spec-SIM05-32-8b-210225.pdf
-8757143828495600838,SIM05471Y1A0M32,Meritek,铁氧体磁珠和芯片,"[ > "" > 滤 > 波 > 器 > "" > , > "" > 铁 > 氧 > 体 > 磁 > 珠 > 和 > 芯 > 片 > "" > ]",470 Ohms @ 100 MHz 1 铁氧体磁珠和芯片 0805（2012 公制） 1A,https://www.meritekusa.com/wp-content/uploads/2022/06/Meritek-Spec-SIM05-32-8b-210225.pdf
-8623618552542751933,SIM02300YA30M33,Meritek,铁氧体磁珠和芯片,"[ > "" > 滤 > 波 > 器 > "" > , > "" > 铁 > 氧 > 体 > 磁 > 珠 > 和 > 芯 > 片 > "" > ]",30 Ohms @ 100 MHz 1 铁氧体磁珠和芯片 0402（1005 公制） 300mA,https://www.meritekusa.com/wp-content/uploads/2021/04/sim02-m33-series-chip-ferrite-bead-aecq-type.pdf
-8618044797837705132,SIM03300Y3A032,Meritek,铁氧体磁珠和芯片,"[ > "" > 滤 > 波 > 器 > "" > , > "" > 铁 > 氧 > 体 > 磁 > 珠 > 和 > 芯 > 片 > "" > ]",30 Ohms @ 100 MHz 1 铁氧体磁珠和芯片 0603（1608 公制） 3A,https://www.meritekusa.com/wp-content/uploads/2022/06/Meritek-Spec-SIM03-32-8b-210225.pdf
-4900030858824679395,SF100-28-28S-A-H,Microchip Technology,EMI/RFI 滤波器（LC，RC 网络）,"[ > "" > 滤 > 波 > 器 > "" > , > "" > E > M > I > / > R > F > I >   > 滤 > 波 > 器 > （ > L > C > ， > R > C >   > 网 > 络 > ） > "" > ]",RC EMI 滤波器 2nd 订单 低通 2 通道 6 A 模块,https://ww1.microchip.com/downloads/aemDocuments/documents/OTH/ProductDocuments/DataSheets/DS00003142.pdf
-3686218095606526561,SF200-28-28S-E-H,Microchip Technology,EMI/RFI 滤波器（LC，RC 网络）,"[ > "" > 滤 > 波 > 器 > "" > , > "" > E > M > I > / > R > F > I >   > 滤 > 波 > 器 > （ > L > C > ， > R > C >   > 网 > 络 > ） > "" > ]",EMI 滤波器 订单 2 通道 13 mA 模块,https://ww1.microchip.com/downloads/aemDocuments/documents/PM/ProductDocuments/DataSheets/SF200-28-28S-EMI-Filter-Datasheet-00004285A.pdf
1251305367261345561,SF200-28-28S-C-H,Microchip Technology,EMI/RFI 滤波器（LC，RC 网络）,"[ > "" > 滤 > 波 > 器 > "" > , > "" > E > M > I > / > R > F > I >   > 滤 > 波 > 器 > （ > L > C > ， > R > C >   > 网 > 络 > ） > "" > ]",EMI 滤波器 订单 2 通道 13 mA 模块,https://ww1.microchip.com/downloads/aemDocuments/documents/PM/ProductDocuments/DataSheets/SF200-28-28S-EMI-Filter-Datasheet-00004285A.pdf
3412867444076042470,SF200-28-28S-D-H,Microchip Technology,EMI/RFI 滤波器（LC，RC 网络）,"[ > "" > 滤 > 波 > 器 > "" > , > "" > E > M > I > / > R > F > I >   > 滤 > 波 > 器 > （ > L > C > ， > R > C >   > 网 > 络 > ） > "" > ]",EMI 滤波器 订单 2 通道 13 mA 12-DIP 模块,https://ww1.microchip.com/downloads/aemDocuments/documents/PM/ProductDocuments/DataSheets/SF200-28-28S-EMI-Filter-Datasheet-00004285A.pdf
3648130775590465308,SF200-28-28S-B-H,Microchip Technology,EMI/RFI 滤波器（LC，RC 网络）,"[ > "" > 滤 > 波 > 器 > "" > , > "" > E > M > I > / > R > F > I >   > 滤 > 波 > 器 > （ > L > C > ， > R > C >   > 网 > 络 > ） > "" > ]",EMI 滤波器 订单 2 通道 13 mA 12-DIP 模块,https://ww1.microchip.com/downloads/aemDocuments/documents/PM/ProductDocuments/DataSheets/SF200-28-28S-EMI-Filter-Datasheet-00004285A.pdf
3080071953035903155,CBP-1320Q+,Mini-Circuits,陶瓷滤波器,"[ > "" > 滤 > 波 > 器 > "" > , > "" > 陶 > 瓷 > 滤 > 波 > 器 > "" > ]",1.32GHz 中间值 带通 陶瓷滤波器 80 MHz 50 欧姆 14-SMD 模块,https://www.minicircuits.com/pdfs/CBP-1320Q+.pdf
-6808944197644151932,0732860260,Molex,EMI/RFI 滤波器（LC，RC 网络）,"[ > "" > 滤 > 波 > 器 > "" > , > "" > E > M > I > / > R > F > I >   > 滤 > 波 > 器 > （ > L > C > ， > R > C >   > 网 > 络 > ） > "" > ]",LC EMI 滤波器 3rd 订单 低通 1 通道 C = 4000pF 5 A 模块,https://www.molex.com/en-us/products/part-detail-pdf/732860260?display=pdf
-6596675509584764296,0732860210,Molex,馈通式电容器,"[ > "" > 滤 > 波 > 器 > "" > , > "" > 馈 > 通 > 式 > 电 > 容 > 器 > "" > ]",100 pF 馈通式电容器 100V 3 A 模块,
-6035607065284646096,0732860040,Molex,馈通式电容器,"[ > "" > 滤 > 波 > 器 > "" > , > "" > 馈 > 通 > 式 > 电 > 容 > 器 > "" > ]",1000 pF 馈通式电容器 100V 5 A 模块,https://www.molex.com/content/dam/molex/molex-dot-com/products/automated/en-us/salesdrawingpdf/732/73286/732860040_sd.pdf
-5865867996270052234,0732860440,Molex,EMI/RFI 滤波器（LC，RC 网络）,"[ > "" > 滤 > 波 > 器 > "" > , > "" > E > M > I > / > R > F > I >   > 滤 > 波 > 器 > （ > L > C > ， > R > C >   > 网 > 络 > ） > "" > ]",LC（Pi） EMI 滤波器 3rd 订单 低通 1 通道 C = 2500pF 5 A 模块,https://www.molex.com/en-us/products/part-detail-pdf/732860440?display=pdf
-1145070878075898788,0732860320,Molex,EMI/RFI 滤波器（LC，RC 网络）,"[ > "" > 滤 > 波 > 器 > "" > , > "" > E > M > I > / > R > F > I >   > 滤 > 波 > 器 > （ > L > C > ， > R > C >   > 网 > 络 > ） > "" > ]",LC EMI 滤波器 3rd 订单 低通 1 通道 C = 5000pF 5 A 模块,https://www.molex.com/en-us/products/part-detail-pdf/732860320?display=pdf
-9022265354593024534,FC-L06W2,"Mornsun America, LLC",电力线滤波模块,"[ > "" > 滤 > 波 > 器 > "" > , > "" > 电 > 力 > 线 > 滤 > 波 > 模 > 块 > "" > ]",单相 EMC/EMI 线路滤波器 6 A 230VAC 50 ~ 60Hz 单级 端接块,https://www.mornsun-power.com/html/pdf/FC-L06W2.html
-8630133198527531869,FC-L03D,"Mornsun America, LLC",电力线滤波模块,"[ > "" > 滤 > 波 > 器 > "" > , > "" > 电 > 力 > 线 > 滤 > 波 > 模 > 块 > "" > ]",单相 EMC/EMI 线路滤波器 3 A 230VAC 50 ~ 60Hz 单级 PC 引脚,https://www.mornsun-power.com/html/pdf/FC-L03D.html
-8008900416916390194,FC-L03I2,"Mornsun America, LLC",电力线滤波模块,"[ > "" > 滤 > 波 > 器 > "" > , > "" > 电 > 力 > 线 > 滤 > 波 > 模 > 块 > "" > ]",单相 EMC/EMI 线路滤波器 3 A 230VAC 50 ~ 60Hz 单级 端接块,https://www.mornsun-power.com/html/pdf/FC-L03I2.html
-6574273383894182504,FC-L03W2,"Mornsun America, LLC",电力线滤波模块,"[ > "" > 滤 > 波 > 器 > "" > , > "" > 电 > 力 > 线 > 滤 > 波 > 模 > 块 > "" > ]",单相 EMC/EMI 线路滤波器 3 A 230VAC 50 ~ 60Hz 单级 端接块,https://www.mornsun-power.com/html/pdf/FC-L03W2.html
-2690672813588475799,FC-L06W,"Mornsun America, LLC",电力线滤波模块,"[ > "" > 滤 > 波 > 器 > "" > , > "" > 电 > 力 > 线 > 滤 > 波 > 模 > 块 > "" > ]",单相 EMC/EMI 线路滤波器 6 A 230VAC 50 ~ 60Hz 单级 端接块,https://www.mornsun-power.com/html/pdf/FC-L06W.html
-9220393651360559052,BLM21BD751SZ1D,Murata Electronics,铁氧体磁珠和芯片,"[ > "" > 滤 > 波 > 器 > "" > , > "" > 铁 > 氧 > 体 > 磁 > 珠 > 和 > 芯 > 片 > "" > ]",铁氧体磁珠和芯片,https://www.murata.com/en-us/api/pdfdownloadapi?cate=luCeramicCapacitorsSMD&partno=BLM21BD751SZ1%23
-9208891202545189959,RF3171D,Murata Electronics,SAW 滤波器,"[ > "" > 滤 > 波 > 器 > "" > , > "" > S > A > W >   > 滤 > 波 > 器 > "" > ]",418MHz 频率 远程控制 RF SAW 滤波器（表面声波） 1.6dB 620kHz 带宽 8-SMD，无引线,
-9202863296892559283,NFZ2MSM601SN10L,Murata Electronics,铁氧体磁珠和芯片,"[ > "" > 滤 > 波 > 器 > "" > , > "" > 铁 > 氧 > 体 > 磁 > 珠 > 和 > 芯 > 片 > "" > ]",600 Ohms @ 100 MHz 1 电源线 铁氧体磁珠和芯片 0806（2016 公制） 2.5A 46 毫欧,https://www.murata.com/en-us/products/productdata/8796736815134/ENFJ0002.pdf
-9186406235165405307,BLM15BB100SZ1D,Murata Electronics,铁氧体磁珠和芯片,"[ > "" > 滤 > 波 > 器 > "" > , > "" > 铁 > 氧 > 体 > 磁 > 珠 > 和 > 芯 > 片 > "" > ]",铁氧体磁珠和芯片,https://www.murata.com/en-us/api/pdfdownloadapi?cate=luCeramicCapacitorsSMD&partno=BLM15BB100SZ1%23
-9183408261513676960,BL01RN1A2A2B,Murata Electronics,铁氧体磁珠和芯片,"[ > "" > 滤 > 波 > 器 > "" > , > "" > 铁 > 氧 > 体 > 磁 > 珠 > 和 > 芯 > 片 > "" > ]",1 铁氧体磁珠和芯片 轴向，径向弯曲 7A 20 毫欧,https://mm.digikey.com/Volume0/opasdata/d220001/medias/docus/2316/BL01RN1A_Spec.pdf
-5953643909054090191,BLF03RD501GNED,Murata Power Solutions Inc.,铁氧体磁珠和芯片,"[ > "" > 滤 > 波 > 器 > "" > , > "" > 铁 > 氧 > 体 > 磁 > 珠 > 和 > 芯 > 片 > "" > ]",铁氧体磁珠和芯片,https://www.murata.com/products/productdata/8813341769758/ENFA0103.pdf
-3421529708947536082,NFM41PC155B1H3L,Murata Power Solutions Inc.,馈通式电容器,"[ > "" > 滤 > 波 > 器 > "" > , > "" > 馈 > 通 > 式 > 电 > 容 > 器 > "" > ]",馈通式电容器,https://search.murata.co.jp/Ceramy/image/img/A01X/G101/ENG/NFM41PC155B1H3-01.pdf
-1480917098589675420,BNX026H01L,Murata Power Solutions Inc.,EMI/RFI 滤波器（LC，RC 网络）,"[ > "" > 滤 > 波 > 器 > "" > , > "" > E > M > I > / > R > F > I >   > 滤 > 波 > 器 > （ > L > C > ， > R > C >   > 网 > 络 > ） > "" > ]",EMI 滤波器 订单 通道,https://www.murata.com/en-us/products/productdata/8796778004510/QNFH9101.pdf
-1122962712126706985,BLM21PG300SH1D,Murata Power Solutions Inc.,铁氧体磁珠和芯片,"[ > "" > 滤 > 波 > 器 > "" > , > "" > 铁 > 氧 > 体 > 磁 > 珠 > 和 > 芯 > 片 > "" > ]",铁氧体磁珠和芯片,https://www.murata.com/products/productdata/8796740354078/QNFA9102.pdf
3031539216848836247,BNX024H01L,Murata Power Solutions Inc.,EMI/RFI 滤波器（LC，RC 网络）,"[ > "" > 滤 > 波 > 器 > "" > , > "" > E > M > I > / > R > F > I >   > 滤 > 波 > 器 > （ > L > C > ， > R > C >   > 网 > 络 > ） > "" > ]",EMI 滤波器 订单 通道,https://www.murata.com/en-us/products/productdata/8796778004510/QNFH9101.pdf
-9082376257372304947,10416,"Murrelektronik, Inc",电力线滤波模块,"[ > "" > 滤 > 波 > 器 > "" > , > "" > 电 > 力 > 线 > 滤 > 波 > 模 > 块 > "" > ]",单相 EMC/EMI 线路滤波器 20 A 250VAC 50 ~ 60Hz 单级 端接块,https://shop.murrinc.com/index.php?cl=details&fnc=outputSpecSheet&anid=000000000000010416_1
-8803134467503182287,NCB-H1206B601TR200F,NIC Components Corp,铁氧体磁珠和芯片,"[ > "" > 滤 > 波 > 器 > "" > , > "" > 铁 > 氧 > 体 > 磁 > 珠 > 和 > 芯 > 片 > "" > ]",600 Ohms @ 100 MHz 1 电源线 铁氧体磁珠和芯片 1206（3216 公制） 2A 100 毫欧,https://www.niccomp.com/quickbuilder/qbpn.php?pNumber=NCB-H1206B601TR200F
-7909991897533268659,NCB-H0603R300TR300F,NIC Components Corp,铁氧体磁珠和芯片,"[ > "" > 滤 > 波 > 器 > "" > , > "" > 铁 > 氧 > 体 > 磁 > 珠 > 和 > 芯 > 片 > "" > ]",30 Ohms @ 100 MHz 1 电源线 铁氧体磁珠和芯片 0603（1608 公制） 3A 35 毫欧,https://www.niccomp.com/quickbuilder/qbpn.php?pNumber=NCB-H0603R300TR300F
-6765036741811554153,NCB-H0805A221TR300F,NIC Components Corp,铁氧体磁珠和芯片,"[ > "" > 滤 > 波 > 器 > "" > , > "" > 铁 > 氧 > 体 > 磁 > 珠 > 和 > 芯 > 片 > "" > ]",220 Ohms @ 100 MHz 1 电源线 铁氧体磁珠和芯片 0805（2012 公制） 3A 40 毫欧,https://www.niccomp.com/quickbuilder/qbpn.php?pNumber=NCB-H0805A221TR300F
-2311695493409884870,NCB-H1206B800TR300F,NIC Components Corp,铁氧体磁珠和芯片,"[ > "" > 滤 > 波 > 器 > "" > , > "" > 铁 > 氧 > 体 > 磁 > 珠 > 和 > 芯 > 片 > "" > ]",80 Ohms @ 100 MHz 1 电源线 铁氧体磁珠和芯片 1206（3216 公制） 3A 40 毫欧,https://www.niccomp.com/quickbuilder/qbpn.php?pNumber=NCB-H1206B800TR300F
-562007823072131250,NCB0603R301TR050F,NIC Components Corp,铁氧体磁珠和芯片,"[ > "" > 滤 > 波 > 器 > "" > , > "" > 铁 > 氧 > 体 > 磁 > 珠 > 和 > 芯 > 片 > "" > ]",300 Ohms @ 100 MHz 1 铁氧体磁珠和芯片 0603（1608 公制） 500mA 350 毫欧,https://www.niccomp.com/quickbuilder/qbpn.php?pNumber=NCB0603R301TR050F
738778283392393783,PCMF2HDMI14SZ,NXP Semiconductors,EMI/RFI 滤波器（LC，RC 网络）,"[ > "" > 滤 > 波 > 器 > "" > , > "" > E > M > I > / > R > F > I >   > 滤 > 波 > 器 > （ > L > C > ， > R > C >   > 网 > 络 > ） > "" > ]",LC EMI 滤波器 3rd 订单 低通 2 通道 10-UFBGA，WLCSP,https://assets.nexperia.com/documents/data-sheet/PCMFXHDMI14S_SER.pdf
-8720489928309042890,"IP4088CX20/LF,135",NXP USA Inc.,EMI/RFI 滤波器（LC，RC 网络）,"[ > "" > 滤 > 波 > 器 > "" > , > "" > E > M > I > / > R > F > I >   > 滤 > 波 > 器 > （ > L > C > ， > R > C >   > 网 > 络 > ） > "" > ]",RC（Pi） EMI 滤波器 2nd 订单 低通 8 通道 R = 100 欧姆，C = 50pF 20-WFBGA，WLCSP,https://mm.digikey.com/Volume0/opasdata/d220001/medias/docus/2384/ESD%20Selection%20Guide.pdf
-8667293413048306817,"PEMI2STD/CE,115",NXP USA Inc.,EMI/RFI 滤波器（LC，RC 网络）,"[ > "" > 滤 > 波 > 器 > "" > , > "" > E > M > I > / > R > F > I >   > 滤 > 波 > 器 > （ > L > C > ， > R > C >   > 网 > 络 > ） > "" > ]",RC（Pi） EMI 滤波器 2nd 订单 低通 2 通道 R = 20 欧姆，C = 8.5pF（总计） SOT-665,https://mm.digikey.com/Volume0/opasdata/d220001/medias/docus/732/PEMIXQFN_PEMI2STD_FAM.pdf
-8631336236403445931,"IP4065CX11/LF,135",NXP USA Inc.,EMI/RFI 滤波器（LC，RC 网络）,"[ > "" > 滤 > 波 > 器 > "" > , > "" > E > M > I > / > R > F > I >   > 滤 > 波 > 器 > （ > L > C > ， > R > C >   > 网 > 络 > ） > "" > ]",RC（Pi） EMI 滤波器 2nd 订单 低通 2 通道 R = 33 欧姆，C = 27pF 11-WFBGA，WLCSP,
-7832097481471666475,"IP4252CZ16-8,118",NXP USA Inc.,EMI/RFI 滤波器（LC，RC 网络）,"[ > "" > 滤 > 波 > 器 > "" > , > "" > E > M > I > / > R > F > I >   > 滤 > 波 > 器 > （ > L > C > ， > R > C >   > 网 > 络 > ） > "" > ]",RC（Pi） EMI 滤波器 2nd 订单 低通 8 通道 R = 40 欧姆，C = 12pF（总计） 16-XFDFN 祼焊盘,https://mm.digikey.com/Volume0/opasdata/d220001/medias/docus/1106/IP4251%2C52%2C53%2C54-TTL.pdf
-7759761849041093531,"IP3348CX5,135",NXP USA Inc.,EMI/RFI 滤波器（LC，RC 网络）,"[ > "" > 滤 > 波 > 器 > "" > , > "" > E > M > I > / > R > F > I >   > 滤 > 波 > 器 > （ > L > C > ， > R > C >   > 网 > 络 > ） > "" > ]",LC（Pi） EMI 滤波器 3rd 订单 低通 2 通道 L = 15nH（总计），C = 25pF（总计） 20 mA 5-UFBGA，WLCSP,https://mm.digikey.com/Volume0/opasdata/d220001/medias/docus/407/IP3348CX5%2C10%2C15%2C20.pdf
-7441556699884002432,HPR4004704Z50,NexTek,EMI/RFI 滤波器（LC，RC 网络）,"[ > "" > 滤 > 波 > 器 > "" > , > "" > E > M > I > / > R > F > I >   > 滤 > 波 > 器 > （ > L > C > ， > R > C >   > 网 > 络 > ） > "" > ]",EMI 滤波器 订单 通道 C = 0.47µF 400 A 轴向 - 螺纹端子,https://nextek.com/wp-content/uploads/datasheets/hpr400.pdf
-6767980984867349756,HPR0504705Z10,NexTek,EMI/RFI 滤波器（LC，RC 网络）,"[ > "" > 滤 > 波 > 器 > "" > , > "" > E > M > I > / > R > F > I >   > 滤 > 波 > 器 > （ > L > C > ， > R > C >   > 网 > 络 > ） > "" > ]",EMI 滤波器 订单 通道 C = 4.7µF 50 A 轴向 - 螺纹端子,https://nextek.com/wp-content/uploads/2022/08/HPR050.pdf
-6555465555295215610,HPR4006803Z1K,NexTek,EMI/RFI 滤波器（LC，RC 网络）,"[ > "" > 滤 > 波 > 器 > "" > , > "" > E > M > I > / > R > F > I >   > 滤 > 波 > 器 > （ > L > C > ， > R > C >   > 网 > 络 > ） > "" > ]",EMI 滤波器 订单 通道 C = 0.068µF 400 A 轴向 - 螺纹端子,https://nextek.com/wp-content/uploads/datasheets/hpr400.pdf
-6314498349007722864,HPR2504705Z10,NexTek,EMI/RFI 滤波器（LC，RC 网络）,"[ > "" > 滤 > 波 > 器 > "" > , > "" > E > M > I > / > R > F > I >   > 滤 > 波 > 器 > （ > L > C > ， > R > C >   > 网 > 络 > ） > "" > ]",EMI 滤波器 订单 通道 C = 4.7µF 250 A 轴向 - 螺纹端子,https://nextek.com/wp-content/uploads/datasheets/hpr250.pdf
-6020574849588154972,HPR2504704Z50,NexTek,EMI/RFI 滤波器（LC，RC 网络）,"[ > "" > 滤 > 波 > 器 > "" > , > "" > E > M > I > / > R > F > I >   > 滤 > 波 > 器 > （ > L > C > ， > R > C >   > 网 > 络 > ） > "" > ]",EMI 滤波器 订单 通道 C = 0.47µF 250 A 轴向 - 螺纹端子,https://nextek.com/wp-content/uploads/datasheets/hpr250.pdf
-9004753226956454184,"PEMI1QFN/WE,315",Nexperia USA Inc.,EMI/RFI 滤波器（LC，RC 网络）,"[ > "" > 滤 > 波 > 器 > "" > , > "" > E > M > I > / > R > F > I >   > 滤 > 波 > 器 > （ > L > C > ， > R > C >   > 网 > 络 > ） > "" > ]",RC（Pi） EMI 滤波器 2nd 订单 低通 1 通道 R = 200 欧姆，C = 8.5pF（总计） SC-101，SOT-883,https://mm.digikey.com/Volume0/opasdata/d220001/medias/docus/732/PEMIXQFN_PEMI2STD_FAM.pdf
-8974003190943661571,"PEMI6QFN/LR,132",Nexperia USA Inc.,EMI/RFI 滤波器（LC，RC 网络）,"[ > "" > 滤 > 波 > 器 > "" > , > "" > E > M > I > / > R > F > I >   > 滤 > 波 > 器 > （ > L > C > ， > R > C >   > 网 > 络 > ） > "" > ]",RC（Pi） EMI 滤波器 2nd 订单 低通 6 通道 R = 65 欧姆，C = 21pF（总计） 12-XFDFN,https://mm.digikey.com/Volume0/opasdata/d220001/medias/docus/732/PEMIXQFN_PEMI2STD_FAM.pdf
-8872405925572846125,"PEMI8QFN/HM,132",Nexperia USA Inc.,EMI/RFI 滤波器（LC，RC 网络）,"[ > "" > 滤 > 波 > 器 > "" > , > "" > E > M > I > / > R > F > I >   > 滤 > 波 > 器 > （ > L > C > ， > R > C >   > 网 > 络 > ） > "" > ]",RC（Pi） EMI 滤波器 2nd 订单 低通 8 通道 R = 45 欧姆，C = 16pF（总计） 16-XFDFN 祼焊盘,https://mm.digikey.com/Volume0/opasdata/d220001/medias/docus/732/PEMIXQFN_PEMI2STD_FAM.pdf
-8838310255178865537,"PEMI4QFN/RM,132",Nexperia USA Inc.,EMI/RFI 滤波器（LC，RC 网络）,"[ > "" > 滤 > 波 > 器 > "" > , > "" > E > M > I > / > R > F > I >   > 滤 > 波 > 器 > （ > L > C > ， > R > C >   > 网 > 络 > ） > "" > ]",RC（Pi） EMI 滤波器 2nd 订单 低通 4 通道 R = 100 欧姆，C = 16pF（总计） 8-XFDFN,https://mm.digikey.com/Volume0/opasdata/d220001/medias/docus/732/PEMIXQFN_PEMI2STD_FAM.pdf
-8831706081246490799,"PEMI2QFN/HP,115",Nexperia USA Inc.,EMI/RFI 滤波器（LC，RC 网络）,"[ > "" > 滤 > 波 > 器 > "" > , > "" > E > M > I > / > R > F > I >   > 滤 > 波 > 器 > （ > L > C > ， > R > C >   > 网 > 络 > ） > "" > ]",RC（Pi） EMI 滤波器 2nd 订单 低通 2 通道 R = 45 欧姆，C = 18.5pF（总计） 6-XFDFN,https://mm.digikey.com/Volume0/opasdata/d220001/medias/docus/732/PEMIXQFN_PEMI2STD_FAM.pdf
-8328549545521832002,SXF0916RANSS30,NextGen Components,SAW 滤波器,"[ > "" > 滤 > 波 > 器 > "" > , > "" > S > A > W >   > 滤 > 波 > 器 > "" > ]",916MHz 频率 通用 RF SAW 滤波器（表面声波） 2.5dB 带宽 6-SMD，无引线,https://mm.digikey.com/Volume0/opasdata/d220001/medias/docus/6793/3372_SXF0916RANSS30.pdf
-8220879411420842754,SDF433M92X4086,NextGen Components,SAW 滤波器,"[ > "" > 滤 > 波 > 器 > "" > , > "" > S > A > W >   > 滤 > 波 > 器 > "" > ]",433.92MHz 频率 RF SAW 滤波器（表面声波） 1.5dB 340kHz 带宽 6-SMD，无引线,https://www.dropbox.com/scl/fi/kn7ud5h94j4bdqua5l2h4/SDF433M92X4086.pdf?rlkey=dufvqnmqzgjjfyhn6p7rrvfxu&st=fongcu8s&dl=1
-8062723814104880098,SXF1575RDNSS30,NextGen Components,SAW 滤波器,"[ > "" > 滤 > 波 > 器 > "" > , > "" > S > A > W >   > 滤 > 波 > 器 > "" > ]",1.57542GHz 频率 通用 RF SAW 滤波器（表面声波） 1.85dB 带宽 6-SMD，无引线,https://mm.digikey.com/Volume0/opasdata/d220001/medias/docus/6793/3372_SXF1575RDNSS30.pdf
-7686143066716295997,SXF0915RBNSS30,NextGen Components,SAW 滤波器,"[ > "" > 滤 > 波 > 器 > "" > , > "" > S > A > W >   > 滤 > 波 > 器 > "" > ]",915MHz 频率 通用 RF SAW 滤波器（表面声波） 2.2dB 带宽 6-SMD，无引线,https://mm.digikey.com/Volume0/opasdata/d220001/medias/docus/6793/3372_SXF0915RBNSS30.pdf
-6492456194110796506,SBF947M5DX9613,NextGen Components,SAW 滤波器,"[ > "" > 滤 > 波 > 器 > "" > , > "" > S > A > W >   > 滤 > 波 > 器 > "" > ]",947.5MHz 频率 RF SAW 滤波器（表面声波） 1.4dB 25MHz 带宽 6-SMD，无引线,https://mm.digikey.com/Volume0/opasdata/d220001/medias/docus/7753/SBF947M5DX9613.pdf
-8887608726445117836,AHM-15,Ohmite,电力线滤波模块,"[ > "" > 滤 > 波 > 器 > "" > , > "" > 电 > 力 > 线 > 滤 > 波 > 模 > 块 > "" > ]",单相 EMC/EMI 线路滤波器 15 A 250VAC 50/60Hz 两级 快速连接,
-8818979274270434923,AG-020,Ohmite,电力线滤波模块,"[ > "" > 滤 > 波 > 器 > "" > , > "" > 电 > 力 > 线 > 滤 > 波 > 模 > 块 > "" > ]",单相 EMC/EMI 线路滤波器 20 A 110V，250VAC 50/60Hz 单级 快速连接,
-8106054341875998039,AGM-30,Ohmite,电力线滤波模块,"[ > "" > 滤 > 波 > 器 > "" > , > "" > 电 > 力 > 线 > 滤 > 波 > 模 > 块 > "" > ]",单相 EMC/EMI 线路滤波器 30 A 250VAC 50/60Hz 单级 螺纹接线柱（M5）,
-7830058107107455327,AGM-10,Ohmite,电力线滤波模块,"[ > "" > 滤 > 波 > 器 > "" > , > "" > 电 > 力 > 线 > 滤 > 波 > 模 > 块 > "" > ]",单相 EMC/EMI 线路滤波器 10 A 250VAC 50/60Hz 单级 快速连接,
-7362629362667705720,AH-L10,Ohmite,电力线滤波模块,"[ > "" > 滤 > 波 > 器 > "" > , > "" > 电 > 力 > 线 > 滤 > 波 > 模 > 块 > "" > ]",单相 EMC/EMI 线路滤波器 10 A 110V，250VAC 50/60Hz 两级 快速连接,https://mm.digikey.com/Volume0/opasdata/d220001/medias/docus/457/AHL_Series_DS.pdf
-5855822610778384236,FLT007A0Z,OmniOn Power™,电力线滤波模块,"[ > "" > 滤 > 波 > 器 > "" > , > "" > 电 > 力 > 线 > 滤 > 波 > 模 > 块 > "" > ]",单相 EMC/EMI 线路滤波器 7 A AC 两级 PC 引脚,https://documents.convertdcpower.com/pdf/FLT007A0/Data%20Sheets/ETS0038160
-2352082269183179679,FLT007A0-SRZ,OmniOn Power™,电力线滤波模块,"[ > "" > 滤 > 波 > 器 > "" > , > "" > 电 > 力 > 线 > 滤 > 波 > 模 > 块 > "" > ]",DC EMC/EMI 线路滤波器 7 A AC 两级 SMD（SMT）接片,https://documents.convertdcpower.com/pdf/FLT007A0/Data%20Sheets/ETS0038160
682710747929997862,FLTR100V20,OmniOn Power™,电力线滤波模块,"[ > "" > 滤 > 波 > 器 > "" > , > "" > 电 > 力 > 线 > 滤 > 波 > 模 > 块 > "" > ]",单相 EMC/EMI 线路滤波器 20 A AC 三级 PC 引脚,https://mm.digikey.com/Volume0/opasdata/d220001/medias/docus/2548/FLTR100V20_Series_Ds.pdf
1803072602404638739,FLTR100V10Z,OmniOn Power™,电力线滤波模块,"[ > "" > 滤 > 波 > 器 > "" > , > "" > 电 > 力 > 线 > 滤 > 波 > 模 > 块 > "" > ]",单相 EMC/EMI 线路滤波器 10 A AC 两级 PC 引脚,https://documents.convertdcpower.com/pdf/FLTR100V10/Data%20Sheets/ETS0042602
4002175909365847120,FLTR100V20Z,OmniOn Power™,电力线滤波模块,"[ > "" > 滤 > 波 > 器 > "" > , > "" > 电 > 力 > 线 > 滤 > 波 > 模 > 块 > "" > ]",单相 EMC/EMI 线路滤波器 20 A AC 三级 PC 引脚,https://documents.convertdcpower.com/pdf/FLTR100V20/Data%20Sheets/ETS0042601
-8597212384318478371,802-RF1621.25M-B,Oscilent,SAW 滤波器,"[ > "" > 滤 > 波 > 器 > "" > , > "" > S > A > W >   > 滤 > 波 > 器 > "" > ]",频率 RF SAW 滤波器（表面声波） 带宽,
-5726189349040269182,802-RF1227.0M-A,Oscilent,SAW 滤波器,"[ > "" > 滤 > 波 > 器 > "" > , > "" > S > A > W >   > 滤 > 波 > 器 > "" > ]",频率 RF SAW 滤波器（表面声波） 带宽,
-4230957318476145779,802-RF1180.0M-B,Oscilent,SAW 滤波器,"[ > "" > 滤 > 波 > 器 > "" > , > "" > S > A > W >   > 滤 > 波 > 器 > "" > ]",频率 RF SAW 滤波器（表面声波） 带宽,
-3291883563420717790,803-RF1030.0M-A,Oscilent,SAW 滤波器,"[ > "" > 滤 > 波 > 器 > "" > , > "" > S > A > W >   > 滤 > 波 > 器 > "" > ]",1.03GHz 频率 无线 RF SAW 滤波器（表面声波） 2.3dB 30MHz 带宽 6-SMD，无引线,
-2347263578813254051,802-RF1176.45M-C,Oscilent,SAW 滤波器,"[ > "" > 滤 > 波 > 器 > "" > , > "" > S > A > W >   > 滤 > 波 > 器 > "" > ]",频率 RF SAW 滤波器（表面声波） 带宽,
-9188453059190322929,ELK-EV561FE,Panasonic Electronic Components,EMI/RFI 滤波器（LC，RC 网络）,"[ > "" > 滤 > 波 > 器 > "" > , > "" > E > M > I > / > R > F > I >   > 滤 > 波 > 器 > （ > L > C > ， > R > C >   > 网 > 络 > ） > "" > ]",LC（T 型） EMI 滤波器 3rd 订单 低通 1 通道 C = 560pF 2 A 1207（3218 公制），3 PC 板,https://mm.digikey.com/Volume0/opasdata/d220001/medias/docus/665/ELKEx.pdf
-9097010048323992266,ELK-TT330IA,Panasonic Electronic Components,EMI/RFI 滤波器（LC，RC 网络）,"[ > "" > 滤 > 波 > 器 > "" > , > "" > E > M > I > / > R > F > I >   > 滤 > 波 > 器 > （ > L > C > ， > R > C >   > 网 > 络 > ） > "" > ]",LC（T 型） EMI 滤波器 3rd 订单 低通 1 通道 C = 33pF 径向 - 3 引线,https://mm.digikey.com/Volume0/opasdata/d220001/medias/docus/9/ELK-T_Series_Rev_Feb_2001.pdf
-8789341249035602462,EXC-ELSA35V,Panasonic Electronic Components,铁氧体磁珠和芯片,"[ > "" > 滤 > 波 > 器 > "" > , > "" > 铁 > 氧 > 体 > 磁 > 珠 > 和 > 芯 > 片 > "" > ]",50 Ohms @ 100 MHz 1 铁氧体磁珠和芯片 轴向 7A 10 毫欧,https://mm.digikey.com/Volume0/opasdata/d220001/medias/docus/9/EXCEL_Spec.pdf
-8715999329340349898,ELK-D501FB,Panasonic Electronic Components,EMI/RFI 滤波器（LC，RC 网络）,"[ > "" > 滤 > 波 > 器 > "" > , > "" > E > M > I > / > R > F > I >   > 滤 > 波 > 器 > （ > L > C > ， > R > C >   > 网 > 络 > ） > "" > ]",LC EMI 滤波器 订单 低通 通道 100 mA 0805（2012 公制），3 PC 板,https://mm.digikey.com/Volume0/opasdata/d220001/medias/docus/732/ELKD_Series%282012_size%29.pdf
-8518730132967580904,ELW-CF800F01,Panasonic Electronic Components,EMI/RFI 滤波器（LC，RC 网络）,"[ > "" > 滤 > 波 > 器 > "" > , > "" > E > M > I > / > R > F > I >   > 滤 > 波 > 器 > （ > L > C > ， > R > C >   > 网 > 络 > ） > "" > ]",LC EMI 滤波器 2nd 订单 低通 1 通道 90 mA 0402（1005 公制）,
-7029180271708428459,2948270,Phoenix Contact,电力线滤波模块,"[ > "" > 滤 > 波 > 器 > "" > , > "" > 电 > 力 > 线 > 滤 > 波 > 模 > 块 > "" > ]",三相（角接） EMC/EMI 线路滤波器 500VAC 50/60Hz 单级 端接块,https://mm.digikey.com/Volume0/opasdata/d220001/medias/docus/651/2948270_2948254.pdf
-6804837356579374200,2794123,Phoenix Contact,电力线滤波模块,"[ > "" > 滤 > 波 > 器 > "" > , > "" > 电 > 力 > 线 > 滤 > 波 > 模 > 块 > "" > ]",单相 EMC/EMI 线路滤波器 1 A 264VAC 50/60Hz 单级 端接块,https://mm.digikey.com/Volume0/opasdata/d220001/medias/docus/1216/2794123.pdf
-6762035837207383944,1292321,Phoenix Contact,电力线滤波模块,"[ > "" > 滤 > 波 > 器 > "" > , > "" > 电 > 力 > 线 > 滤 > 波 > 模 > 块 > "" > ]",单相 EMC/EMI 线路滤波器 6 A 250VAC 50Hz 单级 端接块,https://www.phoenixcontact.com/product/pdf/api/v1/MTI5MjMyMQ?_realm=us&_locale=en-US&blocks=commercial-data%2Ctechnical-data%2Cdrawings%2Capprovals%2Cclassifications%2Cenvironmental-compliance-data
-6695645539335588158,2783082,Phoenix Contact,电力线滤波模块,"[ > "" > 滤 > 波 > 器 > "" > , > "" > 电 > 力 > 线 > 滤 > 波 > 模 > 块 > "" > ]",单相 EMC/EMI 线路滤波器 6 A 264VAC 50/60Hz 单级 端接块,https://www.phoenixcontact.com/pxc-oc-itemdetail-pdf-web/eshop?lineItemType=LineItem&UID=2783082
-6663673179050669655,1292318,Phoenix Contact,电力线滤波模块,"[ > "" > 滤 > 波 > 器 > "" > , > "" > 电 > 力 > 线 > 滤 > 波 > 模 > 块 > "" > ]",单相 EMC/EMI 线路滤波器 20 A 250VAC 50Hz 单级 端接块,https://www.phoenixcontact.com/product/pdf/api/v1/MTI5MjMxOA?_realm=us&_locale=en-US&blocks=commercial-data%2Ctechnical-data%2Cdrawings%2Capprovals%2Cclassifications%2Cenvironmental-compliance-data
-9201272662566125771,BBUP00100505181Y00,Pulse Electronics,铁氧体磁珠和芯片,"[ > "" > 滤 > 波 > 器 > "" > , > "" > 铁 > 氧 > 体 > 磁 > 珠 > 和 > 芯 > 片 > "" > ]",180 Ohms @ 100 MHz 1 电源线 铁氧体磁珠和芯片 0402（1005 公制） 1.5A 90 毫欧,https://www.chilisin.com/upload/media/product/emi_bead/file/BBUP_Series.pdf
-9159855520148272298,ABNQ00100505750Y00,Pulse Electronics,铁氧体磁珠和芯片,"[ > "" > 滤 > 波 > 器 > "" > , > "" > 铁 > 氧 > 体 > 磁 > 珠 > 和 > 芯 > 片 > "" > ]",75 Ohms @ 100 MHz 1 信号线 铁氧体磁珠和芯片 0402（1005 公制） 400mA 300 毫欧,https://www.chilisin.com/upload/media/product/emi_bead/file/ABNQ_Series.pdf
-9108939635274089486,ABPY00201209221Y00,Pulse Electronics,铁氧体磁珠和芯片,"[ > "" > 滤 > 波 > 器 > "" > , > "" > 铁 > 氧 > 体 > 磁 > 珠 > 和 > 芯 > 片 > "" > ]",220 Ohms @ 100 MHz 1 电源线 铁氧体磁珠和芯片 0805（2012 公制） 2A 80 毫欧,https://productfinder.pulseelectronics.com/api/open/part-attachments/datasheet/ABPY00201209221Y00
-8921432675366646645,BBUP00160808221Y00,Pulse Electronics,铁氧体磁珠和芯片,"[ > "" > 滤 > 波 > 器 > "" > , > "" > 铁 > 氧 > 体 > 磁 > 珠 > 和 > 芯 > 片 > "" > ]",220 Ohms @ 100 MHz 1 铁氧体磁珠和芯片 0603（1608 公制） 2.5A 40 毫欧,https://productfinder.pulseelectronics.com/api/open/part-attachments/datasheet/BBUP00160808221Y00
-8865980063270686306,BBPY00321611401Y00,Pulse Electronics,铁氧体磁珠和芯片,"[ > "" > 滤 > 波 > 器 > "" > , > "" > 铁 > 氧 > 体 > 磁 > 珠 > 和 > 芯 > 片 > "" > ]",400 Ohms @ 100 MHz 1 电源线 铁氧体磁珠和芯片 1206（3216 公制） 2A 100 毫欧,https://productfinder.pulseelectronics.com/api/open/part-attachments/datasheet/BBPY00321611401Y00
-7361918267902240270,QPQ1061SR,Qorvo,SAW 滤波器,"[ > "" > 滤 > 波 > 器 > "" > , > "" > S > A > W >   > 滤 > 波 > 器 > "" > ]",1.228GHz 中间值 频率 GPS RF SAW 滤波器（表面声波） 2dB 31MHz 带宽 5-SMD，无引线,https://www.qorvo.com/products/d/da008080
-7051434816924401668,QPQ1060TR7,Qorvo,SAW 滤波器,"[ > "" > 滤 > 波 > 器 > "" > , > "" > S > A > W >   > 滤 > 波 > 器 > "" > ]",1.575GHz 频率 GPS RF SAW 滤波器（表面声波） 1.4dB 31MHz 带宽 5-SMD，无引线,https://www.qorvo.com/products/d/da008084
-6743767225280501682,QPQ1061TR7,Qorvo,SAW 滤波器,"[ > "" > 滤 > 波 > 器 > "" > , > "" > S > A > W >   > 滤 > 波 > 器 > "" > ]",1.228GHz 中间值 频率 GPS RF SAW 滤波器（表面声波） 2dB 31MHz 带宽 5-SMD，无引线,https://www.qorvo.com/products/d/da008080
-5810099988242459328,QPQ1028SR,Qorvo,SAW 滤波器,"[ > "" > 滤 > 波 > 器 > "" > , > "" > S > A > W >   > 滤 > 波 > 器 > "" > ]",1.229GHz，1.576GHz 频率 GPS RF SAW 滤波器（表面声波） 3.5dB 24MHz 带宽 3-SMD，无引线,https://www.qorvo.com/products/d/da008152
-5582093991086917163,QPQ1028TR7,Qorvo,SAW 滤波器,"[ > "" > 滤 > 波 > 器 > "" > , > "" > S > A > W >   > 滤 > 波 > 器 > "" > ]",1.229GHz，1.576GHz 频率 GPS RF SAW 滤波器（表面声波） 3.5dB 24MHz 带宽 3-SMD，无引线,https://www.qorvo.com/products/d/da008152
-9212431090020348034,B39321R801H210,Qualcomm,SAW 滤波器,"[ > "" > 滤 > 波 > 器 > "" > , > "" > S > A > W >   > 滤 > 波 > 器 > "" > ]",315MHz 频率 通用 RF SAW 滤波器（表面声波） 1.3dB 带宽 8-SMD，无引线,https://mm.digikey.com/Volume0/opasdata/d220001/medias/docus/1098/B39321-R801-H210w1.pdf
-9098598945196746355,B39431B5055Z810,Qualcomm,SAW 滤波器,"[ > "" > 滤 > 波 > 器 > "" > , > "" > S > A > W >   > 滤 > 波 > 器 > "" > ]",425MHz 频率 TETRA RF SAW 滤波器（表面声波） 2.7dB 10MHz 带宽 8-SMD，无引线,
-9071348712613388468,B39841B8741P810,Qualcomm,SAW 滤波器,"[ > "" > 滤 > 波 > 器 > "" > , > "" > S > A > W >   > 滤 > 波 > 器 > "" > ]",835MHz 频率 ISDB-T RF SAW 滤波器（表面声波） 1.9dB 300MHz 带宽 5-SMD，无引线,
-9060561031373675044,B39881B7671A710,Qualcomm,SAW 滤波器,"[ > "" > 滤 > 波 > 器 > "" > , > "" > S > A > W >   > 滤 > 波 > 器 > "" > ]",836.5/881.5MHz 频率 手机，WCDMA RF SAW 滤波器（表面声波） 1.7dB 25MHz 带宽 9-SMD，无引线,
-9054404070756605450,B39182B9471P810,Qualcomm,SAW 滤波器,"[ > "" > 滤 > 波 > 器 > "" > , > "" > S > A > W >   > 滤 > 波 > 器 > "" > ]",1.8425GHz 频率 手机，GSM RF SAW 滤波器（表面声波） 1.3dB 75MHz 带宽 5-SMD，无引线,
-8667172617513593443,851-10/007,Qualtek,电力线滤波模块,"[ > "" > 滤 > 波 > 器 > "" > , > "" > 电 > 力 > 线 > 滤 > 波 > 模 > 块 > "" > ]",单相 EMC/EMI 线路滤波器 10 A 115V，250VAC 50/60Hz 单级 快速连接,https://www.qualtekusa.com/images/EMI_Filters/pdf/85110007.pdf
-8105194482778089537,850-06/002,Qualtek,电力线滤波模块,"[ > "" > 滤 > 波 > 器 > "" > , > "" > 电 > 力 > 线 > 滤 > 波 > 模 > 块 > "" > ]",单相 EMC/EMI 线路滤波器 6 A 115V，250VAC 50/60Hz 两级 快速连接,https://www.qualtekusa.com/images/EMI_Filters/pdf/85006002.pdf
-7786933607977317922,854-10/018,Qualtek,电力线滤波模块,"[ > "" > 滤 > 波 > 器 > "" > , > "" > 电 > 力 > 线 > 滤 > 波 > 模 > 块 > "" > ]",EMC/EMI 线路滤波器 10 A AC,
-6100298537525289954,853-20/024,Qualtek,电力线滤波模块,"[ > "" > 滤 > 波 > 器 > "" > , > "" > 电 > 力 > 线 > 滤 > 波 > 模 > 块 > "" > ]",单相 EMC/EMI 线路滤波器 20 A 115V，250VAC 50/60Hz 单级 螺纹接线柱（8-32）,https://www.qualtekusa.com/images/EMI_Filters/pdf/85320024.pdf
-5037941488399691095,854-05/009,Qualtek,电力线滤波模块,"[ > "" > 滤 > 波 > 器 > "" > , > "" > 电 > 力 > 线 > 滤 > 波 > 模 > 块 > "" > ]",单相 EMC/EMI 线路滤波器 5 A 115V，250VAC 50/60Hz 两级 快速连接,https://www.qualtekusa.com/images/EMI_Filters/pdf/85405009.pdf
-9203695734622565199,RCY6G-36V,"R-K Electronics, Inc.",电力线滤波模块,"[ > "" > 滤 > 波 > 器 > "" > , > "" > 电 > 力 > 线 > 滤 > 波 > 模 > 块 > "" > ]",三相（星接） EMC/EMI 线路滤波器 600VAC 50 ~ 60Hz 导线引线,http://media.wix.com/ugd/bf08dd_132f05b0ec964247b549e92793e5c41e.pdf
-9146101870217069385,RCY618-30V,"R-K Electronics, Inc.",电力线滤波模块,"[ > "" > 滤 > 波 > 器 > "" > , > "" > 电 > 力 > 线 > 滤 > 波 > 模 > 块 > "" > ]",三相（星接） EMC/EMI 线路滤波器 600VAC 50 ~ 60Hz 导线引线,http://media.wix.com/ugd/bf08dd_132f05b0ec964247b549e92793e5c41e.pdf
-9142268539125551995,RCY2A-30V,"R-K Electronics, Inc.",电力线滤波模块,"[ > "" > 滤 > 波 > 器 > "" > , > "" > 电 > 力 > 线 > 滤 > 波 > 模 > 块 > "" > ]",三相（星接） EMC/EMI 线路滤波器 240VAC 50 ~ 60Hz 导线引线,http://media.wix.com/ugd/bf08dd_132f05b0ec964247b549e92793e5c41e.pdf
-9138648294621527358,RCS3M-6,"R-K Electronics, Inc.",电力线滤波模块,"[ > "" > 滤 > 波 > 器 > "" > , > "" > 电 > 力 > 线 > 滤 > 波 > 模 > 块 > "" > ]",单相 EMC/EMI 线路滤波器 240VAC 50 ~ 60Hz 导线引线,http://media.wix.com/ugd/bf08dd_7eaa00b10dc44c5cbec83fc031202eb5.pdf
-9081286281749987897,RCS3A-30V,"R-K Electronics, Inc.",电力线滤波模块,"[ > "" > 滤 > 波 > 器 > "" > , > "" > 电 > 力 > 线 > 滤 > 波 > 模 > 块 > "" > ]",单相 EMC/EMI 线路滤波器 240VAC 50 ~ 60Hz 导线引线,http://media.wix.com/ugd/bf08dd_7eaa00b10dc44c5cbec83fc031202eb5.pdf
-9209002927436598510,RSF-1960.000-60000-1109-TR-NS3,Raltron Electronics,SAW 滤波器,"[ > "" > 滤 > 波 > 器 > "" > , > "" > S > A > W >   > 滤 > 波 > 器 > "" > ]",1.96GHz 频率 RF SAW 滤波器（表面声波） 2dB 60MHz 带宽 5-SMD，无引线,https://www.raltron.com/webproducts/specs/SAW_FILTER/RSF-1960.000-60000-1109-TR-NS3.pdf
-8729359819309977657,RSF-1842.500-75000-1109-TR-NS4,Raltron Electronics,SAW 滤波器,"[ > "" > 滤 > 波 > 器 > "" > , > "" > S > A > W >   > 滤 > 波 > 器 > "" > ]",1.8425GHz 频率 RF SAW 滤波器（表面声波） 2dB 75MHz 带宽 5-SMD，无引线,https://www.raltron.com/webproducts/specs/SAW_FILTER/RSF-1842.500-75000-1109-TR-NS4.pdf
-8717290414687378141,RSF-1197.420-62400-1511-TR,Raltron Electronics,SAW 滤波器,"[ > "" > 滤 > 波 > 器 > "" > , > "" > S > A > W >   > 滤 > 波 > 器 > "" > ]",1.19742GHz 频率 RF SAW 滤波器（表面声波） 1.2dB 62.4MHz 带宽 10-SMD，无引线,https://www.raltron.com/webproducts/specs/SAW_FILTER/RSF-1197.420-62400-1511-TR.pdf
-8285212596380001102,RSF-942.500-35000-3030-TR-NS3,Raltron Electronics,SAW 滤波器,"[ > "" > 滤 > 波 > 器 > "" > , > "" > S > A > W >   > 滤 > 波 > 器 > "" > ]",942.5MHz 频率 通用 RF SAW 滤波器（表面声波） 4.5dB 35MHz 带宽 6-SMD，无引线,https://www.raltron.com/webproducts/specs/SAW_FILTER/RSF-942.500-35000-3030-TR-NS3.pdf
-8011280376031141031,RSF-780.000-44500-1109-TR,Raltron Electronics,SAW 滤波器,"[ > "" > 滤 > 波 > 器 > "" > , > "" > S > A > W >   > 滤 > 波 > 器 > "" > ]",780MHz 频率 RF SAW 滤波器（表面声波） 1.7dB 44.5MHz 带宽 5-SMD，无引线,https://www.raltron.com/webproducts/specs/SAW_FILTER/RSF-780.000-44500-1109-TR.pdf
-9031021728830353378,SNUB0000,Red Lion Controls,EMI/RFI 滤波器（LC，RC 网络）,"[ > "" > 滤 > 波 > 器 > "" > , > "" > E > M > I > / > R > F > I >   > 滤 > 波 > 器 > （ > L > C > ， > R > C >   > 网 > 络 > ） > "" > ]",RC EMI 滤波器 1st 订单 低通 1 通道 R = 47 欧姆，C = 0.1µF 径向,https://media.hms-networks.com/image/upload/v1749555930/Documents/Generated_Datasheets/Production/en/hms-SNUB0000-en-R-C-Snubber-Inductive-Load-Supressor.pdf
3538490383701709374,LFIL0000,Red Lion Controls,电力线滤波模块,"[ > "" > 滤 > 波 > 器 > "" > , > "" > 电 > 力 > 线 > 滤 > 波 > 模 > 块 > "" > ]",单相 EMC/EMI 线路滤波器 1.15 A 250VAC DC ~ 400Hz 单级 导线引线,https://media.hms-networks.com/image/upload/v1749558698/Documents/Generated_Datasheets/Production/en/hms-LFIL0000-en-General-Purpose-Line-Filter.pdf
-9221237471931271998,5500.2648.03,SCHURTER Inc.,电力线滤波模块,"[ > "" > 滤 > 波 > 器 > "" > , > "" > 电 > 力 > 线 > 滤 > 波 > 模 > 块 > "" > ]",单相 EMC/EMI 线路滤波器 60 A 250VAC 50/60Hz 单级 螺纹接线柱（M6）,https://www.schurter.com/en/datasheet/typ_FMAB_NEO.pdf
-9192662568203055936,3-150-017,SCHURTER Inc.,电力线滤波模块,"[ > "" > 滤 > 波 > 器 > "" > , > "" > 电 > 力 > 线 > 滤 > 波 > 模 > 块 > "" > ]",三相（角接） EMC/EMI 线路滤波器 25 A AC 50/60Hz 单级 螺钉钳,https://www.schurter.com/en/datasheet/typ_FPAC_RAIL.pdf
-9179931983593463173,5500.2116,SCHURTER Inc.,电力线滤波模块,"[ > "" > 滤 > 波 > 器 > "" > , > "" > 电 > 力 > 线 > 滤 > 波 > 模 > 块 > "" > ]",单相 EMC/EMI 线路滤波器 600 mA 250VAC 50/60Hz 单级 PC 引脚,https://us.schurter.com/en/datasheet/typ_FPP-01.pdf
-9133071311043055571,3-128-433,SCHURTER Inc.,电力线滤波模块,"[ > "" > 滤 > 波 > 器 > "" > , > "" > 电 > 力 > 线 > 滤 > 波 > 模 > 块 > "" > ]",三相（星接） EMC/EMI 线路滤波器 230 A 760VAC 50/60Hz 两级 端接块,https://us.schurter.com/en/datasheet/typ_FMBD_EP.pdf
-9124583472418630945,3-109-243,SCHURTER Inc.,电力线滤波模块,"[ > "" > 滤 > 波 > 器 > "" > , > "" > 电 > 力 > 线 > 滤 > 波 > 模 > 块 > "" > ]",单相 EMC/EMI 线路滤波器 16 A 250VAC 50/60Hz 单级 快速连接,https://www.schurter.com/en/datasheet/typ_FMAB_HV.pdf
-9207579122876445046,USBDF02W5,STMicroelectronics,EMI/RFI 滤波器（LC，RC 网络）,"[ > "" > 滤 > 波 > 器 > "" > , > "" > E > M > I > / > R > F > I >   > 滤 > 波 > 器 > （ > L > C > ， > R > C >   > 网 > 络 > ） > "" > ]",RC（Pi） EMI 滤波器 2nd 订单 低通 2 通道 R = 15 欧姆，C = 47pF 5-TSSOP，SC-70-5，SOT-353,https://www.st.com/content/ccc/resource/technical/document/datasheet/ae/09/87/c5/c7/6b/4e/8a/CD00002023.pdf/files/CD00002023.pdf/jcr:content/translations/en.CD00002023.pdf
-9173993028670157966,ST1284-01A8,STMicroelectronics,EMI/RFI 滤波器（LC，RC 网络）,"[ > "" > 滤 > 波 > 器 > "" > , > "" > E > M > I > / > R > F > I >   > 滤 > 波 > 器 > （ > L > C > ， > R > C >   > 网 > 络 > ） > "" > ]","RC EMI 滤波器 订单 低通 17 通道 R = 33 欧姆，4.7 千欧，C = 180pF 28-LSSOP（0.154""，3.90mm 宽）",https://mm.digikey.com/Volume0/opasdata/d220001/medias/docus/631/ST1284-xxA8.pdf
-9146045986606444775,EMIF08-VID01F2,STMicroelectronics,EMI/RFI 滤波器（LC，RC 网络）,"[ > "" > 滤 > 波 > 器 > "" > , > "" > E > M > I > / > R > F > I >   > 滤 > 波 > 器 > （ > L > C > ， > R > C >   > 网 > 络 > ） > "" > ]",RC（Pi） EMI 滤波器 2nd 订单 低通 8 通道 R = 100 欧姆，C = 16pF（总计） 10 mA 20-WFBGA，FCBGA,https://www.st.com/resource/en/datasheet/cd00062834.pdf
-8985631342201798815,EMIF02-SPK01M6,STMicroelectronics,EMI/RFI 滤波器（LC，RC 网络）,"[ > "" > 滤 > 波 > 器 > "" > , > "" > E > M > I > / > R > F > I >   > 滤 > 波 > 器 > （ > L > C > ， > R > C >   > 网 > 络 > ） > "" > ]",RC（Pi） EMI 滤波器 2nd 订单 低通 2 通道 R = 10 欧姆，C = 220pF 6-UFDFN,
-8924009102298948500,EMIF09-SD01F3,STMicroelectronics,EMI/RFI 滤波器（LC，RC 网络）,"[ > "" > 滤 > 波 > 器 > "" > , > "" > E > M > I > / > R > F > I >   > 滤 > 波 > 器 > （ > L > C > ， > R > C >   > 网 > 络 > ） > "" > ]",RC（Pi） EMI 滤波器 2nd 订单 低通 9 通道 R = 40 欧姆，C = 20pF 24-WFBGA，FCBGA,https://mm.digikey.com/Volume0/opasdata/d220001/medias/docus/1808/EMIF09-SD01F3_ds.pdf
-9114818198678109903,CIS10P121AC,Samsung Electro-Mechanics,铁氧体磁珠和芯片,"[ > "" > 滤 > 波 > 器 > "" > , > "" > 铁 > 氧 > 体 > 磁 > 珠 > 和 > 芯 > 片 > "" > ]",120 Ohms @ 100 MHz 1 电源线 铁氧体磁珠和芯片 0603（1608 公制） 3A 30 毫欧,https://mm.digikey.com/Volume0/opasdata/d220001/medias/docus/404/CIS10P.pdf
-8972810949581382406,CIB41P151NE,Samsung Electro-Mechanics,铁氧体磁珠和芯片,"[ > "" > 滤 > 波 > 器 > "" > , > "" > 铁 > 氧 > 体 > 磁 > 珠 > 和 > 芯 > 片 > "" > ]",150 Ohms @ 100 MHz 1 铁氧体磁珠和芯片 1806（4516 公制） 1A 50 毫欧,https://mm.digikey.com/Volume0/opasdata/d220001/medias/docus/2138/Chip_Inductor_Catalog_2014.pdf
-8857642917847832176,CIM21J102NE,Samsung Electro-Mechanics,铁氧体磁珠和芯片,"[ > "" > 滤 > 波 > 器 > "" > , > "" > 铁 > 氧 > 体 > 磁 > 珠 > 和 > 芯 > 片 > "" > ]",1 kOhms @ 100 MHz 1 铁氧体磁珠和芯片 0805（2012 公制） 500mA 350 毫欧,https://mm.digikey.com/Volume0/opasdata/d220001/medias/docus/451/CIB_CIM21_ds.pdf
-8853877717800284664,CIC10P600NC,Samsung Electro-Mechanics,铁氧体磁珠和芯片,"[ > "" > 滤 > 波 > 器 > "" > , > "" > 铁 > 氧 > 体 > 磁 > 珠 > 和 > 芯 > 片 > "" > ]",60 Ohms @ 100 MHz 1 电源线 铁氧体磁珠和芯片 0603（1608 公制） 2.5A 50 毫欧,
-8842511693613912384,CIC21P601NE,Samsung Electro-Mechanics,铁氧体磁珠和芯片,"[ > "" > 滤 > 波 > 器 > "" > , > "" > 铁 > 氧 > 体 > 磁 > 珠 > 和 > 芯 > 片 > "" > ]",600 Ohms @ 100 MHz 1 电源线 铁氧体磁珠和芯片 0805（2012 公制） 1A 150 毫欧,https://mm.digikey.com/Volume0/opasdata/d220001/medias/docus/2330/CIC21_ds.pdf
-8971556113587294427,ECLAMP2374K.TCT,Semtech Corporation,EMI/RFI 滤波器（LC，RC 网络）,"[ > "" > 滤 > 波 > 器 > "" > , > "" > E > M > I > / > R > F > I >   > 滤 > 波 > 器 > （ > L > C > ， > R > C >   > 网 > 络 > ） > "" > ]",RC（Pi） EMI 滤波器 2nd 订单 低通 4 通道 R = 100 欧姆，C = 11pF 8-XFDFN 祼焊盘,https://semtech.my.salesforce.com/sfc/p/E0000000JelG/a/44000000MCVl/z4lEKbBf3bKSxS2ptNPRAJGN3HUOai.KS17jaWUk.84
-8563347643580509341,ECLAMP0504T.TCT,Semtech Corporation,EMI/RFI 滤波器（LC，RC 网络）,"[ > "" > 滤 > 波 > 器 > "" > , > "" > E > M > I > / > R > F > I >   > 滤 > 波 > 器 > （ > L > C > ， > R > C >   > 网 > 络 > ） > "" > ]",RC EMI 滤波器 1st 订单 高通 4 通道 R = 1 千欧，C = 12pF 2 A 8-XFDFN 祼焊盘,https://semtech.my.salesforce.com/sfc/p/E0000000JelG/a/2R0000001O62/WjaLaE8sRtFI4AldpUk98P9ctIYZ1TZGMOK1U6.7MUI
-7809585649495649951,ECLAMP2410P.TCT,Semtech Corporation,EMI/RFI 滤波器（LC，RC 网络）,"[ > "" > 滤 > 波 > 器 > "" > , > "" > E > M > I > / > R > F > I >   > 滤 > 波 > 器 > （ > L > C > ， > R > C >   > 网 > 络 > ） > "" > ]",RC（Pi） EMI 滤波器 2nd 订单 低通 6 通道 R = 45 欧姆，C = 12pF 16-UFDFN 祼焊盘,https://semtech.my.salesforce.com/sfc/p/E0000000JelG/a/44000000MCTB/5msVCfAeBHJEfKOyeVfJ3QXwcmVBXkRudw6i2zaVvgU
-7229320563241404043,ECLAMP2398P.TCT,Semtech Corporation,EMI/RFI 滤波器（LC，RC 网络）,"[ > "" > 滤 > 波 > 器 > "" > , > "" > E > M > I > / > R > F > I >   > 滤 > 波 > 器 > （ > L > C > ， > R > C >   > 网 > 络 > ） > "" > ]",LC（Pi） EMI 滤波器 5th 订单 低通 8 通道 L = 19nH，C = 12pF 16-UFDFN 祼焊盘,https://semtech.my.salesforce.com/sfc/p/E0000000JelG/a/44000000MCRF/Rj.DmGIYPsw4ZLewYkwAelysU_wASxKFSQ_KsG_bhew
-6897334252072789980,ECLAMP2384K.TCT,Semtech Corporation,EMI/RFI 滤波器（LC，RC 网络）,"[ > "" > 滤 > 波 > 器 > "" > , > "" > E > M > I > / > R > F > I >   > 滤 > 波 > 器 > （ > L > C > ， > R > C >   > 网 > 络 > ） > "" > ]",RC（Pi） EMI 滤波器 2nd 订单 低通 4 通道 R = 200 欧姆，C = 12pF 8-UFDFN 祼焊盘,https://semtech.my.salesforce.com/sfc/p/E0000000JelG/a/44000000MCUT/kUXHCysa3pmbHm4bf2A7d9EJth.RjbUuUGdI0d1L0co
-9144750272548873015,GZ1005D301CTF,"Shenzhen Sunlord Electronics Co., Ltd.",铁氧体磁珠和芯片,"[ > "" > 滤 > 波 > 器 > "" > , > "" > 铁 > 氧 > 体 > 磁 > 珠 > 和 > 芯 > 片 > "" > ]",300 Ohms @ 100 MHz 1 信号线 铁氧体磁珠和芯片 0402（1005 公制） 250mA 380 毫欧,https://www.sunlordinc.com/Download.aspx?file=L1VwbG9hZEZpbGVzL1BERl9DYXQvMjAyMDA5MjgxNjI5MjE0NDAucGRm&lan=en
-9143137372536596485,GZ1608D601TF,"Shenzhen Sunlord Electronics Co., Ltd.",铁氧体磁珠和芯片,"[ > "" > 滤 > 波 > 器 > "" > , > "" > 铁 > 氧 > 体 > 磁 > 珠 > 和 > 芯 > 片 > "" > ]",600 Ohms @ 100 MHz 1 信号线 铁氧体磁珠和芯片 0603（1608 公制） 200mA 450 毫欧,https://www.sunlordinc.com//uploads/files/20230829/GZ%20series%20of%20Multilayer%20Chip%20Ferrite%20Bead.pdf
-9126778288287764885,SZ1608K331TF,"Shenzhen Sunlord Electronics Co., Ltd.",铁氧体磁珠和芯片,"[ > "" > 滤 > 波 > 器 > "" > , > "" > 铁 > 氧 > 体 > 磁 > 珠 > 和 > 芯 > 片 > "" > ]",330 Ohms @ 100 MHz 1 信号线 铁氧体磁珠和芯片 0603（1608 公制） 500mA 500 毫欧,https://media.digikey.com/pdf/Data%20Sheets/Shenzhen%20Sunlord/SZ_Series.pdf
-9020500901090795591,GZ1608U601TF,"Shenzhen Sunlord Electronics Co., Ltd.",铁氧体磁珠和芯片,"[ > "" > 滤 > 波 > 器 > "" > , > "" > 铁 > 氧 > 体 > 磁 > 珠 > 和 > 芯 > 片 > "" > ]",600 Ohms @ 100 MHz 1 信号线 铁氧体磁珠和芯片 0603（1608 公制） 200mA 500 毫欧,https://www.sunlordinc.com//uploads/files/20230829/GZ%20series%20of%20Multilayer%20Chip%20Ferrite%20Bead.pdf
-8928065338145466802,SZ1608F121TF,"Shenzhen Sunlord Electronics Co., Ltd.",铁氧体磁珠和芯片,"[ > "" > 滤 > 波 > 器 > "" > , > "" > 铁 > 氧 > 体 > 磁 > 珠 > 和 > 芯 > 片 > "" > ]",120 Ohms @ 100 MHz 1 信号线 铁氧体磁珠和芯片 0603（1608 公制） 200mA 900 毫欧,https://media.digikey.com/pdf/Data%20Sheets/Shenzhen%20Sunlord/SZ_Series.pdf
-7532154614765874250,6SL32010BE218AA0,Siemens,滤波器配件,"[ > "" > 滤 > 波 > 器 > "" > , > "" > 滤 > 波 > 器 > 配 > 件 > "" > ]",制动电阻器,https://mall.industry.siemens.com/tedservices/DatasheetService/DatasheetService?format=PDF&caller=EGH&mlfbs=6SL3201-0BE21-8AA0&language=en
-7173236837626448453,6SL32020AE318SA0,Siemens,电力线滤波模块,"[ > "" > 滤 > 波 > 器 > "" > , > "" > 电 > 力 > 线 > 滤 > 波 > 模 > 块 > "" > ]",EMC/EMI 线路滤波器 182 A AC 快速连接,https://media.distributordatasolutions.com/siemenscomplete/2021q1/documents/cd01b7d36c938ee8d71e76b32a5eeeb80f76c58b.pdf
-7131209510691018698,6SE64003CC004AD3,Siemens,电力线滤波模块,"[ > "" > 滤 > 波 > 器 > "" > , > "" > 电 > 力 > 线 > 滤 > 波 > 模 > 块 > "" > ]",EMC/EMI 线路滤波器 AC 螺纹接线柱（M5）,https://media.distributordatasolutions.com/siemenscomplete/2023q3/documents/86fd1e97d231bb6d30ada5725be1a290f47bd9ad.pdf
-6987206562698054386,6SE64004BC050AA0,Siemens,滤波器配件,"[ > "" > 滤 > 波 > 器 > "" > , > "" > 滤 > 波 > 器 > 配 > 件 > "" > ]",制动电阻器,https://mall.industry.siemens.com/tedservices/DatasheetService/DatasheetService?format=PDF&caller=EGH&mlfbs=6SE6400-4BC05-0AA0&language=en
-5995014560083820141,6SE64003CC026BB3,Siemens,电力线滤波模块,"[ > "" > 滤 > 波 > 器 > "" > , > "" > 电 > 力 > 线 > 滤 > 波 > 模 > 块 > "" > ]",单相 EMC/EMI 线路滤波器 22.8 A 200V，240VAC 端接块,https://media.distributordatasolutions.com/siemenscomplete/2023q3/documents/dbab55ec08e365f67e1cd2e0fbc6a220ae3f3b93.pdf
-8954348899342476841,FCB-0603-300A,Signal Transformer,铁氧体磁珠和芯片,"[ > "" > 滤 > 波 > 器 > "" > , > "" > 铁 > 氧 > 体 > 磁 > 珠 > 和 > 芯 > 片 > "" > ]",30 Ohms 1 电源线 铁氧体磁珠和芯片 0603（1608 公制） 400mA 100 毫欧,https://belfuse.com/media/datasheets/products/chokes-coils-inductors/ds-ST-FCB-0603-series.pdf
-8310261552006095222,FCB-0402-101A,Signal Transformer,铁氧体磁珠和芯片,"[ > "" > 滤 > 波 > 器 > "" > , > "" > 铁 > 氧 > 体 > 磁 > 珠 > 和 > 芯 > 片 > "" > ]",100 Ohms @ 100 MHz 1 电源线 铁氧体磁珠和芯片 0402（1005 公制） 500mA 250 毫欧,https://belfuse.com/media/datasheets/products/chokes-coils-inductors/ds-ST-FCB-0402-series.pdf
-7459825189374457191,FCB-0805-110P,Signal Transformer,铁氧体磁珠和芯片,"[ > "" > 滤 > 波 > 器 > "" > , > "" > 铁 > 氧 > 体 > 磁 > 珠 > 和 > 芯 > 片 > "" > ]",11 Ohms @ 100 MHz 1 电源线 铁氧体磁珠和芯片 0805（2012 公制） 6A 10 毫欧,https://belfuse.com/media/datasheets/products/chokes-coils-inductors/ds-ST-FCB-0805-series.pdf
-7197799370841405436,FCB-0603-301P,Signal Transformer,铁氧体磁珠和芯片,"[ > "" > 滤 > 波 > 器 > "" > , > "" > 铁 > 氧 > 体 > 磁 > 珠 > 和 > 芯 > 片 > "" > ]",300 Ohms @ 100 MHz 1 电源线 铁氧体磁珠和芯片 0603（1608 公制） 1.5A 120 毫欧,https://belfuse.com/media/datasheets/products/chokes-coils-inductors/ds-ST-FCB-0603-series.pdf
-6868953820494819199,FCB-0805-800A,Signal Transformer,铁氧体磁珠和芯片,"[ > "" > 滤 > 波 > 器 > "" > , > "" > 铁 > 氧 > 体 > 磁 > 珠 > 和 > 芯 > 片 > "" > ]",80 Ohms 1 电源线 铁氧体磁珠和芯片 0805（2012 公制） 500mA 150 毫欧,https://belfuse.com/media/datasheets/products/chokes-coils-inductors/ds-ST-FCB-0805-series.pdf
-7970451756043082217,IC+107,SolaHD,电力线滤波模块,"[ > "" > 滤 > 波 > 器 > "" > , > "" > 电 > 力 > 线 > 滤 > 波 > 模 > 块 > "" > ]",单相 EMC/EMI 线路滤波器 7.5 A AC 47Hz，63Hz 单级 端接块,
-4049470265747655989,IE-205,SolaHD,电力线滤波模块,"[ > "" > 滤 > 波 > 器 > "" > , > "" > 电 > 力 > 线 > 滤 > 波 > 模 > 块 > "" > ]",单相 EMC/EMI 线路滤波器 5 A 240VAC 47Hz，63Hz 单级 端接块,https://mm.digikey.com/Volume0/opasdata/d220001/medias/docus/6163/IE-110.pdf
-1297876004400328249,IE-105,SolaHD,电力线滤波模块,"[ > "" > 滤 > 波 > 器 > "" > , > "" > 电 > 力 > 线 > 滤 > 波 > 模 > 块 > "" > ]",单相 EMC/EMI 线路滤波器 5 A AC 47Hz，63Hz 单级 端接块,https://mm.digikey.com/Volume0/opasdata/d220001/medias/docus/6163/IE-110.pdf
715923291716126197,STFV050-10N,SolaHD,电力线滤波模块,"[ > "" > 滤 > 波 > 器 > "" > , > "" > 电 > 力 > 线 > 滤 > 波 > 模 > 块 > "" > ]",单相 EMC/EMI 线路滤波器 5 A AC 50/60Hz 单级 端接块,https://mm.digikey.com/Volume0/opasdata/d220001/medias/docus/7559/2106_catalogsolahdstfvplusseriesactivetrackingfilteringsurgeprotectionenus163754.pdf
1137735087217853936,STFE050-24L,SolaHD,电力线滤波模块,"[ > "" > 滤 > 波 > 器 > "" > , > "" > 电 > 力 > 线 > 滤 > 波 > 模 > 块 > "" > ]",单相 EMC/EMI 线路滤波器 5 A 240VAC 47Hz，63Hz 单级 端接块,https://mm.digikey.com/Volume0/opasdata/d220001/medias/docus/6163/catalogsolahdstfeeliteseriesactivetrackingfilterssurgeprotectionenus163752.pdf
-9124669579922800781,FB08YTYN800,Stackpole Electronics Inc,铁氧体磁珠和芯片,"[ > "" > 滤 > 波 > 器 > "" > , > "" > 铁 > 氧 > 体 > 磁 > 珠 > 和 > 芯 > 片 > "" > ]",80 Ohms @ 100 MHz 1 铁氧体磁珠和芯片 1806（4516 公制） 600mA 200 毫欧,https://www.seielect.com/catalog/SEI-FB.pdf
-9080646101068853751,FB05YTYH110,Stackpole Electronics Inc,铁氧体磁珠和芯片,"[ > "" > 滤 > 波 > 器 > "" > , > "" > 铁 > 氧 > 体 > 磁 > 珠 > 和 > 芯 > 片 > "" > ]",11 Ohms @ 100 MHz 1 电源线 铁氧体磁珠和芯片 0805（2012 公制） 6A 10 毫欧,https://www.seielect.com/catalog/SEI-FB.pdf
-8508556335937144772,FB08YTYN101,Stackpole Electronics Inc,铁氧体磁珠和芯片,"[ > "" > 滤 > 波 > 器 > "" > , > "" > 铁 > 氧 > 体 > 磁 > 珠 > 和 > 芯 > 片 > "" > ]",100 Ohms @ 100 MHz 1 铁氧体磁珠和芯片 1806（4516 公制） 500mA 300 毫欧,https://www.seielect.com/catalog/SEI-FB.pdf
-7773307063751177879,FB05YTYN301,Stackpole Electronics Inc,铁氧体磁珠和芯片,"[ > "" > 滤 > 波 > 器 > "" > , > "" > 铁 > 氧 > 体 > 磁 > 珠 > 和 > 芯 > 片 > "" > ]",300 Ohms @ 100 MHz 1 铁氧体磁珠和芯片 0805（2012 公制） 300mA 300 毫欧,https://www.seielect.com/catalog/SEI-FB.pdf
-6945831359156118100,FB03YTYN121,Stackpole Electronics Inc,铁氧体磁珠和芯片,"[ > "" > 滤 > 波 > 器 > "" > , > "" > 铁 > 氧 > 体 > 磁 > 珠 > 和 > 芯 > 片 > "" > ]",120 Ohms @ 100 MHz 1 铁氧体磁珠和芯片 0603（1608 公制） 400mA 250 毫欧,https://www.seielect.com/catalog/SEI-FB.pdf
-3740336384625409476,SFLSR-1BJ-46A1C-1575.42M,"Suntsu Electronics, Inc",SAW 滤波器,"[ > "" > 滤 > 波 > 器 > "" > , > "" > S > A > W >   > 滤 > 波 > 器 > "" > ]",1.57542GHz 频率 GPS RF SAW 滤波器（表面声波） 1.2dB 46MHz 带宽 5-SMD，无引线,https://suntsucompany.wpengine.com/wp-content/uploads/2020/04/SFLSR-1BJ-46A1C-1575.42MHz.pdf
525580722513527465,TBF-2012-245-R1,Susumu,EMI/RFI 滤波器（LC，RC 网络）,"[ > "" > 滤 > 波 > 器 > "" > , > "" > E > M > I > / > R > F > I >   > 滤 > 波 > 器 > （ > L > C > ， > R > C >   > 网 > 络 > ） > "" > ]",薄膜 EMI 滤波器 订单 带通 1 通道 0805（2012 公制），3 PC 板,https://mm.digikey.com/Volume0/opasdata/d220001/medias/docus/912/TBF-2012-245-R1.pdf
6427090768451219164,TBF-1608-245-R1N,Susumu,EMI/RFI 滤波器（LC，RC 网络）,"[ > "" > 滤 > 波 > 器 > "" > , > "" > E > M > I > / > R > F > I >   > 滤 > 波 > 器 > （ > L > C > ， > R > C >   > 网 > 络 > ） > "" > ]",薄膜 EMI 滤波器 订单 带通 1 通道 0603（1608 公制），4 PC 板,https://mm.digikey.com/Volume0/opasdata/d220001/medias/docus/1122/TBF-1608-245-R1N.PDF
-9134244108827807876,HFZ 1005PF-471T11,"TAI-TECH Advanced Electronics Co., Ltd.",铁氧体磁珠和芯片,"[ > "" > 滤 > 波 > 器 > "" > , > "" > 铁 > 氧 > 体 > 磁 > 珠 > 和 > 芯 > 片 > "" > ]",470 Ohms @ 100 MHz 1 电源线 铁氧体磁珠和芯片 0402（1005 公制） 1.1A 180 毫欧,https://mm.digikey.com/Volume0/opasdata/d220001/medias/docus/6383/HFZ%20Series.pdf
-9106234292837250382,FCM 1608KF-300T07,"TAI-TECH Advanced Electronics Co., Ltd.",铁氧体磁珠和芯片,"[ > "" > 滤 > 波 > 器 > "" > , > "" > 铁 > 氧 > 体 > 磁 > 珠 > 和 > 芯 > 片 > "" > ]",30 Ohms @ 100 MHz 1 铁氧体磁珠和芯片 0603（1608 公制） 700mA 200 毫欧,https://mm.digikey.com/Volume0/opasdata/d220001/medias/docus/6383/FCM%20Series.pdf
-8910434002409707034,FCM 2012KF-221T07,"TAI-TECH Advanced Electronics Co., Ltd.",铁氧体磁珠和芯片,"[ > "" > 滤 > 波 > 器 > "" > , > "" > 铁 > 氧 > 体 > 磁 > 珠 > 和 > 芯 > 片 > "" > ]",220 Ohms @ 100 MHz 1 铁氧体磁珠和芯片 0805（2012 公制） 750mA 300 毫欧,https://mm.digikey.com/Volume0/opasdata/d220001/medias/docus/6383/FCM%20Series.pdf
-8755188490161745361,HCB 3216KF-501T30,"TAI-TECH Advanced Electronics Co., Ltd.",铁氧体磁珠和芯片,"[ > "" > 滤 > 波 > 器 > "" > , > "" > 铁 > 氧 > 体 > 磁 > 珠 > 和 > 芯 > 片 > "" > ]",500 Ohms @ 100 MHz 1 电源线 铁氧体磁珠和芯片 1206（3216 公制） 3A 40 毫欧,https://mm.digikey.com/Volume0/opasdata/d220001/medias/docus/4803/HCB%20Series.pdf
-8530168059406105546,HCB 1608KF-181T20,"TAI-TECH Advanced Electronics Co., Ltd.",铁氧体磁珠和芯片,"[ > "" > 滤 > 波 > 器 > "" > , > "" > 铁 > 氧 > 体 > 磁 > 珠 > 和 > 芯 > 片 > "" > ]",180 Ohms @ 100 MHz 1 电源线 铁氧体磁珠和芯片 0603（1608 公制） 2A 100 毫欧,https://mm.digikey.com/Volume0/opasdata/d220001/medias/docus/4803/HCB%20Series.pdf
-9205500674423192639,MPZ1005S900HT000,TDK Corporation,铁氧体磁珠和芯片,"[ > "" > 滤 > 波 > 器 > "" > , > "" > 铁 > 氧 > 体 > 磁 > 珠 > 和 > 芯 > 片 > "" > ]",90 Ohms @ 100 MHz 1 电源线 铁氧体磁珠和芯片 0402（1005 公制） 2.3A 38 毫欧,https://product.tdk.com/info/zh/catalog/datasheets/beads_commercial_power_mpz1005-h_zh.pdf?ref_disty=digikey
-9202128306284818299,KMZ1608YHR102BTD25,TDK Corporation,铁氧体磁珠和芯片,"[ > "" > 滤 > 波 > 器 > "" > , > "" > 铁 > 氧 > 体 > 磁 > 珠 > 和 > 芯 > 片 > "" > ]",1 kOhms @ 100 MHz 1 信号线 铁氧体磁珠和芯片 0603（1608 公制） 400mA 500 毫欧,https://product.tdk.com/info/zh/catalog/datasheets/beads_automotive_signal_kmz1608-hr_zh.pdf?ref_disty=digikey
-9195675939597804282,VFS6045VA031,TDK Corporation,铁氧体磁珠和芯片,"[ > "" > 滤 > 波 > 器 > "" > , > "" > 铁 > 氧 > 体 > 磁 > 珠 > 和 > 芯 > 片 > "" > ]",57 Ohms @ 10 MHz 1 电源线 铁氧体磁珠和芯片 2424（6060 公制） 6A 15.6 毫欧,https://product.tdk.com/en/system/files?file=dam/doc/product/emc/emc/suppression-filter/catalog/suppression-filter_commercial_vfs6045_en.pdf
-9170089643122330168,YFF18SC1H472MT0H0N,TDK Corporation,馈通式电容器,"[ > "" > 滤 > 波 > 器 > "" > , > "" > 馈 > 通 > 式 > 电 > 容 > 器 > "" > ]",4700 pF 馈通式电容器 50V 1 A 300 毫欧 0603（1608 公制），4 PC 板,https://product.tdk.com/info/zh/catalog/datasheets/3tf_commercial_signal_yff-sc_zh.pdf?ref_disty=digikey
-9169576487500755232,MMZ1608A222BTD25,TDK Corporation,铁氧体磁珠和芯片,"[ > "" > 滤 > 波 > 器 > "" > , > "" > 铁 > 氧 > 体 > 磁 > 珠 > 和 > 芯 > 片 > "" > ]",2.2 kOhms @ 100 MHz 1 信号线 铁氧体磁珠和芯片 0603（1608 公制） 200mA 800 毫欧,https://product.tdk.com/info/zh/catalog/datasheets/beads_automotive_signal_mmz1608_zh.pdf?ref_disty=digikey
-9214994671318991883,RTHN-5030,TDK-Lambda,电力线滤波模块,"[ > "" > 滤 > 波 > 器 > "" > , > "" > 电 > 力 > 线 > 滤 > 波 > 模 > 块 > "" > ]",三相（角接） EMC/EMI 线路滤波器 30 A 500VAC 两级 端接块,https://product.tdk.cn/system/files/dam/doc/product/emc/emc/power-line/catalog/rthn_e.pdf
-9199128735031767688,RTEN-5150,TDK-Lambda,电力线滤波模块,"[ > "" > 滤 > 波 > 器 > "" > , > "" > 电 > 力 > 线 > 滤 > 波 > 模 > 块 > "" > ]",三相（角接） EMC/EMI 线路滤波器 150 A 500VAC 单级 端接块,https://product.tdk.cn/system/files/dam/doc/product/emc/emc/power-line/catalog/rten_e.pdf
-9101070904612945575,RSEN-2003D,TDK-Lambda,电力线滤波模块,"[ > "" > 滤 > 波 > 器 > "" > , > "" > 电 > 力 > 线 > 滤 > 波 > 模 > 块 > "" > ]",单相 EMC/EMI 线路滤波器 3 A 250VAC 单级 端接块,https://product.tdk.cn/system/files/dam/doc/product/emc/emc/power-line/catalog/rsen_e.pdf
-9058739627413099747,RTMN-5006,TDK-Lambda,电力线滤波模块,"[ > "" > 滤 > 波 > 器 > "" > , > "" > 电 > 力 > 线 > 滤 > 波 > 模 > 块 > "" > ]",三相（角接） EMC/EMI 线路滤波器 6 A 500VAC 两级 端接块,https://product.tdk.cn/system/files/dam/doc/product/emc/emc/power-line/catalog/rtmn_e.pdf
-8979965225591775533,RTEN-2050,TDK-Lambda,电力线滤波模块,"[ > "" > 滤 > 波 > 器 > "" > , > "" > 电 > 力 > 线 > 滤 > 波 > 模 > 块 > "" > ]",三相（角接） EMC/EMI 线路滤波器 50 A AC 单级 端接块,https://product.tdk.cn/system/files/dam/doc/product/emc/emc/power-line/catalog/rten-2_e.pdf
-8490156170825122818,803179-SF,TE Connectivity,电力线滤波模块,"[ > "" > 滤 > 波 > 器 > "" > , > "" > 电 > 力 > 线 > 滤 > 波 > 模 > 块 > "" > ]",EMC/EMI 线路滤波器 AC,https://www.te.com/commerce/DocumentDelivery/DDEController?Action=srchrtrv&DocNm=FN2090&DocType=Data%20Sheet&DocLang=English&DocFormat=pdf&PartCntxt=803179-SF
-3211323441513577823,800606-SF,TE Connectivity,电力线滤波模块,"[ > "" > 滤 > 波 > 器 > "" > , > "" > 电 > 力 > 线 > 滤 > 波 > 模 > 块 > "" > ]",EMC/EMI 线路滤波器 AC,https://www.te.com/commerce/DocumentDelivery/DDEController?Action=srchrtrv&DocNm=FN2020&DocType=Data%20Sheet&DocLang=English&DocFormat=pdf&PartCntxt=800606-SF
-1144577007788528490,800577-SF,TE Connectivity,电力线滤波模块,"[ > "" > 滤 > 波 > 器 > "" > , > "" > 电 > 力 > 线 > 滤 > 波 > 模 > 块 > "" > ]",EMC/EMI 线路滤波器 AC,https://www.te.com/commerce/DocumentDelivery/DDEController?Action=srchrtrv&DocNm=FN2070&DocType=Data%20Sheet&DocLang=English&DocFormat=pdf&PartCntxt=800577-SF
-185532699505508150,15ERK1,TE Connectivity,电力线滤波模块,"[ > "" > 滤 > 波 > 器 > "" > , > "" > 电 > 力 > 线 > 滤 > 波 > 模 > 块 > "" > ]",EMC/EMI 线路滤波器 AC,
1023477407468749007,806173-SF,TE Connectivity,电力线滤波模块,"[ > "" > 滤 > 波 > 器 > "" > , > "" > 电 > 力 > 线 > 滤 > 波 > 模 > 块 > "" > ]",EMC/EMI 线路滤波器 AC,https://www.te.com/commerce/DocumentDelivery/DDEController?Action=srchrtrv&DocNm=FN3270_and_FN3271&DocType=Data%20Sheet&DocLang=English&DocFormat=pdf&PartCntxt=806173-SF
-8794890897734893953,3EB1,TE Connectivity AMP Connectors,电力线滤波模块,"[ > "" > 滤 > 波 > 器 > "" > , > "" > 电 > 力 > 线 > 滤 > 波 > 模 > 块 > "" > ]",单相 EMC/EMI 线路滤波器 3 A 250VAC 50/60Hz 单级 快速连接,https://www.te.com/commerce/DocumentDelivery/DDEController?Action=srchrtrv&DocNm=3EB1&DocType=Customer%20Drawing&DocLang=English&DocFormat=pdf&PartCntxt=6609020-5
-4372850766334119530,1VB1,TE Connectivity AMP Connectors,电力线滤波模块,"[ > "" > 滤 > 波 > 器 > "" > , > "" > 电 > 力 > 线 > 滤 > 波 > 模 > 块 > "" > ]",单相 EMC/EMI 线路滤波器 1 A 250VAC 50/60Hz 单级 快速连接,https://www.te.com/commerce/DocumentDelivery/DDEController?Action=srchrtrv&DocNm=1VB1&DocType=Customer+Drawing&DocLang=English
-3518432581638632406,3EHQ1,TE Connectivity AMP Connectors,电力线滤波模块,"[ > "" > 滤 > 波 > 器 > "" > , > "" > 电 > 力 > 线 > 滤 > 波 > 模 > 块 > "" > ]",单相 EMC/EMI 线路滤波器 3 A 250VAC 50/60Hz 两级 快速连接,https://www.te.com/commerce/DocumentDelivery/DDEController?Action=srchrtrv&DocNm=1654001_CORCOM_PRODUCT_GUIDE_HQ_SERIES&DocType=CS&DocLang=English
-3249949409979583652,20VB1,TE Connectivity AMP Connectors,电力线滤波模块,"[ > "" > 滤 > 波 > 器 > "" > , > "" > 电 > 力 > 线 > 滤 > 波 > 模 > 块 > "" > ]",单相 EMC/EMI 线路滤波器 20 A 250VAC 50/60Hz 单级 快速连接,https://www.te.com/commerce/DocumentDelivery/DDEController?Action=srchrtrv&DocNm=20VB1&DocType=Customer+Drawing&DocLang=English
-1757389413625410390,BMB2A0030BN7,TE Connectivity AMP Connectors,铁氧体磁珠和芯片,"[ > "" > 滤 > 波 > 器 > "" > , > "" > 铁 > 氧 > 体 > 磁 > 珠 > 和 > 芯 > 片 > "" > ]",30 Ohms @ 100 MHz 1 信号线 铁氧体磁珠和芯片 0805（2012 公制） 300mA 200 毫欧,https://www.te.com/commerce/DocumentDelivery/DDEController?Action=srchrtrv&DocNm=1773179&DocType=DS&DocLang=English
-9219906303753874540,2443554-9,TE Connectivity Corcom Filters,电力线滤波模块,"[ > "" > 滤 > 波 > 器 > "" > , > "" > 电 > 力 > 线 > 滤 > 波 > 模 > 块 > "" > ]",DC EMC/EMI 线路滤波器 450 A AC DC 两级 端子柱,https://www.te.com/commerce/DocumentDelivery/DDEController?Action=showdoc&DocId=Data+Sheet%7F2459698-1_EVX_SERIES%7F2%7Fpdf%7FEnglish%7FENG_DS_2459698-1_EVX_SERIES_2.pdf%7F1-2443554-1
-9217008136774682146,10ESK7M,TE Connectivity Corcom Filters,电力线滤波模块,"[ > "" > 滤 > 波 > 器 > "" > , > "" > 电 > 力 > 线 > 滤 > 波 > 模 > 块 > "" > ]",单相 EMC/EMI 线路滤波器 10 A 250VAC 50/60Hz 单级 IEC 320-C14，快速连接,https://www.te.com/commerce/DocumentDelivery/DDEController?Action=srchrtrv&DocNm=1654001_CORCOM_PRODUCT_GUIDE_SK_SERIES&DocType=CS&DocLang=English
-9215020769199850173,16BCF10,TE Connectivity Corcom Filters,电力线滤波模块,"[ > "" > 滤 > 波 > 器 > "" > , > "" > 电 > 力 > 线 > 滤 > 波 > 模 > 块 > "" > ]",三相（角接） EMC/EMI 线路滤波器 16 A AC 50/60Hz 两级 端接块,https://www.te.com/usa-en/product-1609989-2.datasheet.pdf
-9143779734034115379,3EHQ3,TE Connectivity Corcom Filters,电力线滤波模块,"[ > "" > 滤 > 波 > 器 > "" > , > "" > 电 > 力 > 线 > 滤 > 波 > 模 > 块 > "" > ]",单相 EMC/EMI 线路滤波器 3 A 250VAC 50/60Hz 两级 导线引线,https://www.te.com/commerce/DocumentDelivery/DDEController?Action=srchrtrv&DocNm=1654001_CORCOM_PRODUCT_GUIDE_HQ_SERIES&DocType=CS&DocLang=English
-9118247072934895237,3-6609074-4,TE Connectivity Corcom Filters,电力线滤波模块,"[ > "" > 滤 > 波 > 器 > "" > , > "" > 电 > 力 > 线 > 滤 > 波 > 模 > 块 > "" > ]",DC EMC/EMI 线路滤波器 100 A AC 单级 螺纹接线柱（1/4-20）,https://www.te.com/commerce/DocumentDelivery/DDEController?Action=srchrtrv&DocNm=1654001_CORCOM_PRODUCT_GUIDE_DC_SERIES&DocType=CS&DocLang=English
-9155133221423155315,2-2176749-0,TE Connectivity Passive Product,铁氧体磁珠和芯片,"[ > "" > 滤 > 波 > 器 > "" > , > "" > 铁 > 氧 > 体 > 磁 > 珠 > 和 > 芯 > 片 > "" > ]",220 Ohms @ 100 MHz 1 电源线 铁氧体磁珠和芯片 1206（3216 公制） 3A 55 毫欧,https://www.te.com/commerce/DocumentDelivery/DDEController?Action=srchrtrv&DocNm=1773178-3&DocType=Data+Sheet&DocLang=English&DocFormat=pdf&PartCntxt=2-2176749-0
-9080649971431947999,BMC1JY0060AN,TE Connectivity Passive Product,铁氧体磁珠和芯片,"[ > "" > 滤 > 波 > 器 > "" > , > "" > 铁 > 氧 > 体 > 磁 > 珠 > 和 > 芯 > 片 > "" > ]",60 Ohms @ 100 MHz 1 信号线 铁氧体磁珠和芯片 0603（1608 公制） 400mA 150 毫欧,https://www.te.com/commerce/DocumentDelivery/DDEController?Action=srchrtrv&DocNm=1773178-1&DocType=DS&DocLang=English
-9004257380772477967,BMC2AY0600KN,TE Connectivity Passive Product,铁氧体磁珠和芯片,"[ > "" > 滤 > 波 > 器 > "" > , > "" > 铁 > 氧 > 体 > 磁 > 珠 > 和 > 芯 > 片 > "" > ]",600 Ohms @ 100 MHz 1 信号线 铁氧体磁珠和芯片 0805（2012 公制） 200mA 350 毫欧,https://www.te.com/commerce/DocumentDelivery/DDEController?Action=srchrtrv&DocNm=1773178-1&DocType=DS&DocLang=English
-9000379644551946847,2-2176742-0,TE Connectivity Passive Product,铁氧体磁珠和芯片,"[ > "" > 滤 > 波 > 器 > "" > , > "" > 铁 > 氧 > 体 > 磁 > 珠 > 和 > 芯 > 片 > "" > ]",220 Ohms @ 100 MHz 1 电源线 铁氧体磁珠和芯片 0402（1005 公制） 300mA 400 毫欧,https://www.te.com/commerce/DocumentDelivery/DDEController?Action=srchrtrv&DocNm=1773178-3&DocType=Data+Sheet&DocLang=English&DocFormat=pdf&PartCntxt=2-2176742-0
-8951194423415210406,BMC1EY1000AN,TE Connectivity Passive Product,铁氧体磁珠和芯片,"[ > "" > 滤 > 波 > 器 > "" > , > "" > 铁 > 氧 > 体 > 磁 > 珠 > 和 > 芯 > 片 > "" > ]",1 kOhms @ 100 MHz 1 信号线 铁氧体磁珠和芯片 0402（1005 公制） 50mA 1.5 欧姆,https://www.te.com/commerce/DocumentDelivery/DDEController?Action=srchrtrv&DocNm=1773178-1&DocType=DS&DocLang=English
-9217415180869185789,FN2010-10-06,TE Connectivity Schaffner,电力线滤波模块,"[ > "" > 滤 > 波 > 器 > "" > , > "" > 电 > 力 > 线 > 滤 > 波 > 模 > 块 > "" > ]",单相 EMC/EMI 线路滤波器 10 A 250VAC DC ~ 400Hz 单级 快速连接,https://www.schaffner.com/product/FN2010/Schaffner_datasheet_FN2010.pdf
-9202531000211949613,FN2070M-10-06,TE Connectivity Schaffner,电力线滤波模块,"[ > "" > 滤 > 波 > 器 > "" > , > "" > 电 > 力 > 线 > 滤 > 波 > 模 > 块 > "" > ]",单相 EMC/EMI 线路滤波器 10 A 110V，250VAC DC ~ 400Hz 两级 快速连接,https://www.schaffner.com/product/FN2070/Schaffner_datasheet_FN2070.pdf
-9191320602072169090,FN350-8-29,TE Connectivity Schaffner,电力线滤波模块,"[ > "" > 滤 > 波 > 器 > "" > , > "" > 电 > 力 > 线 > 滤 > 波 > 模 > 块 > "" > ]",单相 EMC/EMI 线路滤波器 8 A 250VAC DC ~ 400Hz 单级 端接块,https://www.schaffner.com/products/download/product/datasheet/fn-350-single-phase-emcemi-filter-for-motor-drives/
-9188479646910622894,FN3280H-80-35-R69,TE Connectivity Schaffner,电力线滤波模块,"[ > "" > 滤 > 波 > 器 > "" > , > "" > 电 > 力 > 线 > 滤 > 波 > 模 > 块 > "" > ]",三相（星接） EMC/EMI 线路滤波器 80 A AC DC ~ 60Hz 两级 端接块,https://www.te.com/commerce/DocumentDelivery/DDEController?Action=srchrtrv&DocNm=3-Phase_Filters_FN3280&DocType=Data%20Sheet&DocLang=English&DocFormat=pdf&PartCntxt=822029-SF
-9187802013128224996,FN3311HVIT-2300-99-C18-R5,TE Connectivity Schaffner,电力线滤波模块,"[ > "" > 滤 > 波 > 器 > "" > , > "" > 电 > 力 > 线 > 滤 > 波 > 模 > 块 > "" > ]",三相（角接） EMC/EMI 线路滤波器 2.3 kA AC DC ~ 60Hz 单级 端子柱,https://www.schaffner.com/fileadmin/user_upload/pim/products/datasheets/FN3311HV-and-FN3310HV.pdf
-2308622979656591146,SD433M92F4054S,TGS,SAW 滤波器,"[ > "" > 滤 > 波 > 器 > "" > , > "" > S > A > W >   > 滤 > 波 > 器 > "" > ]",433.92MHz 频率 RF SAW 滤波器（表面声波） 2.5dB 2MHz 带宽 6-SMD，无引线,https://mm.digikey.com/Volume0/opasdata/d220001/medias/docus/4831/SD433M92F4054S.pdf
720432417938042024,SDF1090MDX9742,TGS,SAW 滤波器,"[ > "" > 滤 > 波 > 器 > "" > , > "" > S > A > W >   > 滤 > 波 > 器 > "" > ]",频率 RF SAW 滤波器（表面声波） 带宽,https://www.dropbox.com/scl/fi/bkweq11qztmarmge7rly6/SDF1090MDX9742.pdf?rlkey=u4k28abitr0jnh6owemr5sjs0&st=tvgp3yh4&dl=0
6098330249081474516,SD315MF3052S01,TGS,SAW 滤波器,"[ > "" > 滤 > 波 > 器 > "" > , > "" > S > A > W >   > 滤 > 波 > 器 > "" > ]",315MHz 频率 RF SAW 滤波器（表面声波） 2.5dB 800kHz 带宽 6-SMD，无引线,https://mm.digikey.com/Volume0/opasdata/d220001/medias/docus/4831/SD315MF3052S01.pdf
-9209188928834533117,TA2304A,TST,SAW 滤波器,"[ > "" > 滤 > 波 > 器 > "" > , > "" > S > A > W >   > 滤 > 波 > 器 > "" > ]",1.17645GHz 频率 通用 RF SAW 滤波器（表面声波） 2.1dB 5MHz 带宽 5-SMD，无引线,https://www.taisaw.com/assets/PDF/TA2304A%20_Rev.1.0_.pdf
-9190625590011875712,TA0757A,TST,SAW 滤波器,"[ > "" > 滤 > 波 > 器 > "" > , > "" > S > A > W >   > 滤 > 波 > 器 > "" > ]",1.57542GHz 频率 通用 RF SAW 滤波器（表面声波） 1dB 2MHz 带宽 5-SMD，无引线,https://www.taisaw.com/assets/PDF/TA0757A%20_Rev.15.0_.pdf
-9136596289603337975,TR0089AA0090,TST,SAW 滤波器,"[ > "" > 滤 > 波 > 器 > "" > , > "" > S > A > W >   > 滤 > 波 > 器 > "" > ]",频率 RF SAW 滤波器（表面声波） 带宽,
-9136286900826002605,TA2301A,TST,SAW 滤波器,"[ > "" > 滤 > 波 > 器 > "" > , > "" > S > A > W >   > 滤 > 波 > 器 > "" > ]",2.49175GHz 频率 GPS RF SAW 滤波器（表面声波） 4.25dB 16.5MHz 带宽 5-SMD，无引线,https://www.taisaw.com/assets/PDF/TA2301A%20_Rev.2.0_.pdf
-9073914533325110401,TA0395A,TST,SAW 滤波器,"[ > "" > 滤 > 波 > 器 > "" > , > "" > S > A > W >   > 滤 > 波 > 器 > "" > ]",频率 无线 RF SAW 滤波器（表面声波） 3.8dB 带宽 10-SMD，无引线,https://www.taisaw.com/assets/PDF/TA0395A_Rev%204.0_.pdf
-9222837914733778123,LCMGG160808T600RG,Taiyo Yuden,铁氧体磁珠和芯片,"[ > "" > 滤 > 波 > 器 > "" > , > "" > 铁 > 氧 > 体 > 磁 > 珠 > 和 > 芯 > 片 > "" > ]",60 Ohms @ 100 MHz 1 电源线 铁氧体磁珠和芯片 0603（1608 公制） 2.1A 45 毫欧,https://mm.digikey.com/Volume0/opasdata/d220001/medias/docus/5731/LCM01_e.pdf
-9179697905623507848,FAR-F5KA-897M50-D4VW-Z,Taiyo Yuden,SAW 滤波器,"[ > "" > 滤 > 波 > 器 > "" > , > "" > S > A > W >   > 滤 > 波 > 器 > "" > ]",897.5MHz 频率 手机，GSM RF SAW 滤波器（表面声波） 2.6dB 34.2MHz 带宽 5-SMD，无引线,https://mm.digikey.com/Volume0/opasdata/d220001/medias/docus/382/SAW_FBAR_Devices_2015.pdf
-9172387127764018006,BK1608LL181-T,Taiyo Yuden,铁氧体磁珠和芯片,"[ > "" > 滤 > 波 > 器 > "" > , > "" > 铁 > 氧 > 体 > 磁 > 珠 > 和 > 芯 > 片 > "" > ]",180 Ohms @ 100 MHz 1 铁氧体磁珠和芯片 0603（1608 公制） 250mA 650 毫欧,https://ds.yuden.co.jp/TYCOMPAS/ut/detail?pn=BK1608LL181-T%20%20&u=M
-9040161378883629843,FBMH1608HL331-T8,Taiyo Yuden,铁氧体磁珠和芯片,"[ > "" > 滤 > 波 > 器 > "" > , > "" > 铁 > 氧 > 体 > 磁 > 珠 > 和 > 芯 > 片 > "" > ]",330 Ohms @ 100 MHz 1 电源线 铁氧体磁珠和芯片 0603（1608 公制） 800mA 210 毫欧,
-9035588533184185752,FBMJ4516HS111-TV,Taiyo Yuden,铁氧体磁珠和芯片,"[ > "" > 滤 > 波 > 器 > "" > , > "" > 铁 > 氧 > 体 > 磁 > 珠 > 和 > 芯 > 片 > "" > ]",110 Ohms @ 100 MHz 1 电源线 铁氧体磁珠和芯片 1806（4516 公制） 4A 14 毫欧,https://mm.digikey.com/Volume0/opasdata/d220001/medias/docus/18/FBMJ4516HS111-TV_SS.pdf
-5645461229053477347,TPD6F002QDSVRQ1,Texas Instruments,EMI/RFI 滤波器（LC，RC 网络）,"[ > "" > 滤 > 波 > 器 > "" > , > "" > E > M > I > / > R > F > I >   > 滤 > 波 > 器 > （ > L > C > ， > R > C >   > 网 > 络 > ） > "" > ]",RC（Pi） EMI 滤波器 2nd 订单 低通 6 通道 R = 100 欧姆，C = 17pF 12-WFDFN 祼焊盘,https://www.ti.com/general/docs/suppproductinfo.tsp?distId=10&gotoUrl=https%3A%2F%2Fwww.ti.com%2Flit%2Fgpn%2Ftpd6f002-q1
-4761502691940853754,TPD3F303DPVR,Texas Instruments,EMI/RFI 滤波器（LC，RC 网络）,"[ > "" > 滤 > 波 > 器 > "" > , > "" > E > M > I > / > R > F > I >   > 滤 > 波 > 器 > （ > L > C > ， > R > C >   > 网 > 络 > ） > "" > ]",RC（Pi） EMI 滤波器 2nd 订单 低通 3 通道 R = 47 欧姆，100 欧姆，C = 20pF 8-UFDFN 祼焊盘,https://www.ti.com/general/docs/suppproductinfo.tsp?distId=10&gotoUrl=https%3A%2F%2Fwww.ti.com%2Flit%2Fgpn%2Ftpd3f303
-3518789340853741324,TPD6F003DQDR,Texas Instruments,EMI/RFI 滤波器（LC，RC 网络）,"[ > "" > 滤 > 波 > 器 > "" > , > "" > E > M > I > / > R > F > I >   > 滤 > 波 > 器 > （ > L > C > ， > R > C >   > 网 > 络 > ） > "" > ]",RC（Pi） EMI 滤波器 2nd 订单 低通 6 通道 R = 100 欧姆，C = 8.5pF 12-WFDFN 祼焊盘,https://www.ti.com/general/docs/suppproductinfo.tsp?distId=10&gotoUrl=https%3A%2F%2Fwww.ti.com%2Flit%2Fgpn%2Ftpd6f003
-330728806400356106,TPD4F202YFUR,Texas Instruments,EMI/RFI 滤波器（LC，RC 网络）,"[ > "" > 滤 > 波 > 器 > "" > , > "" > E > M > I > / > R > F > I >   > 滤 > 波 > 器 > （ > L > C > ， > R > C >   > 网 > 络 > ） > "" > ]",RC（Pi） EMI 滤波器 2nd 订单 低通 4 通道 R = 100 欧姆，C = 15pF 10-XFBGA，DSBGA,https://www.ti.com/general/docs/suppproductinfo.tsp?distId=10&gotoUrl=https%3A%2F%2Fwww.ti.com%2Flit%2Fgpn%2Ftpd4f202
1393949506983714002,TPD6F002DSVR,Texas Instruments,EMI/RFI 滤波器（LC，RC 网络）,"[ > "" > 滤 > 波 > 器 > "" > , > "" > E > M > I > / > R > F > I >   > 滤 > 波 > 器 > （ > L > C > ， > R > C >   > 网 > 络 > ） > "" > ]",RC（Pi） EMI 滤波器 2nd 订单 低通 6 通道 R = 100 欧姆，C = 17pF 12-WFDFN 祼焊盘,https://www.ti.com/general/docs/suppproductinfo.tsp?distId=10&gotoUrl=https%3A%2F%2Fwww.ti.com%2Flit%2Fgpn%2Ftpd6f002
-8039670534476823829,5HT-36020AS-360,Toko America Inc.,螺旋滤波器,"[ > "" > 滤 > 波 > 器 > "" > , > "" > 螺 > 旋 > 滤 > 波 > 器 > "" > ]",螺旋形滤波器 360 MHz,https://mm.digikey.com/Volume0/opasdata/d220001/medias/docus/1114/5HW_5HT.pdf
-2413080968685767569,302HXPK-1271B,Toko America Inc.,螺旋滤波器,"[ > "" > 滤 > 波 > 器 > "" > , > "" > 螺 > 旋 > 滤 > 波 > 器 > "" > ]",螺旋形滤波器 1.015 GHz,
-1370064187402801419,5HT-83050F-830,Toko America Inc.,螺旋滤波器,"[ > "" > 滤 > 波 > 器 > "" > , > "" > 螺 > 旋 > 滤 > 波 > 器 > "" > ]",螺旋形滤波器 830 MHz,https://mm.digikey.com/Volume0/opasdata/d220001/medias/docus/1114/5HW_5HT.pdf
466686790181811280,302HXPK-1341D1,Toko America Inc.,螺旋滤波器,"[ > "" > 滤 > 波 > 器 > "" > , > "" > 螺 > 旋 > 滤 > 波 > 器 > "" > ]",螺旋形滤波器 813 MHz,
8807350846281030308,272MT-1080A,Toko America Inc.,螺旋滤波器,"[ > "" > 滤 > 波 > 器 > "" > , > "" > 螺 > 旋 > 滤 > 波 > 器 > "" > ]",螺旋形滤波器 223 MHz,https://mm.digikey.com/Volume0/opasdata/d220001/medias/docus/2445/CBW%20CBT%20271%2C272%20MT%20%20%20%20%20.pdf
-5569739166728222857,LB 2.8X4.5U,Toshiba Semiconductor and Storage,铁氧体磁珠和芯片,"[ > "" > 滤 > 波 > 器 > "" > , > "" > 铁 > 氧 > 体 > 磁 > 珠 > 和 > 芯 > 片 > "" > ]",1 铁氧体磁珠和芯片 轴向，纽结径向弯曲 5A（典型值）,
-2512032999631640098,AB4X2X6SM,Toshiba Semiconductor and Storage,铁氧体磁珠和芯片,"[ > "" > 滤 > 波 > 器 > "" > , > "" > 铁 > 氧 > 体 > 磁 > 珠 > 和 > 芯 > 片 > "" > ]",1 铁氧体磁珠和芯片 2-SMD，鸥翼 9A（典型值）,https://mm.digikey.com/Volume0/opasdata/d220001/medias/docus/6147/31ampartsabds.pdf
-1928220804290069806,LB4X2X8F,Toshiba Semiconductor and Storage,铁氧体磁珠和芯片,"[ > "" > 滤 > 波 > 器 > "" > , > "" > 铁 > 氧 > 体 > 磁 > 珠 > 和 > 芯 > 片 > "" > ]",1 铁氧体磁珠和芯片 轴向圆柱形，径向弯曲 8A（典型值）,https://mm.digikey.com/Volume0/opasdata/d220001/medias/docus/6147/31ampartsabds.pdf
5419388663471373495,LB4X2X8U,Toshiba Semiconductor and Storage,铁氧体磁珠和芯片,"[ > "" > 滤 > 波 > 器 > "" > , > "" > 铁 > 氧 > 体 > 磁 > 珠 > 和 > 芯 > 片 > "" > ]",1 铁氧体磁珠和芯片 轴向，纽结径向弯曲 8A（典型值）,https://mm.digikey.com/Volume0/opasdata/d220001/medias/docus/6147/31ampartsabds.pdf
5503493647315925243,AB3X2X3SM,Toshiba Semiconductor and Storage,铁氧体磁珠和芯片,"[ > "" > 滤 > 波 > 器 > "" > , > "" > 铁 > 氧 > 体 > 磁 > 珠 > 和 > 芯 > 片 > "" > ]",1 铁氧体磁珠和芯片 2-SMD，鸥翼 6A（典型值）,https://mm.digikey.com/Volume0/opasdata/d220001/medias/docus/6147/31ampartsabds.pdf
-5447500080850324881,TFI 150,Traco Power,电力线滤波模块,"[ > "" > 滤 > 波 > 器 > "" > , > "" > 电 > 力 > 线 > 滤 > 波 > 模 > 块 > "" > ]",DC EMC/EMI 线路滤波器 AC 两级 PC 引脚,https://mm.digikey.com/Volume0/opasdata/d220001/medias/docus/3008/TFI%20150.pdf
-1370312602267221853,TFI 300,Traco Power,电力线滤波模块,"[ > "" > 滤 > 波 > 器 > "" > , > "" > 电 > 力 > 线 > 滤 > 波 > 模 > 块 > "" > ]",DC EMC/EMI 线路滤波器 AC 两级 PC 引脚,https://mm.digikey.com/Volume0/opasdata/d220001/medias/docus/6166/tfi300datasheet.pdf
1035779038072778834,TFI 20,Traco Power,电力线滤波模块,"[ > "" > 滤 > 波 > 器 > "" > , > "" > 电 > 力 > 线 > 滤 > 波 > 模 > 块 > "" > ]",DC EMC/EMI 线路滤波器 AC 两级 PC 引脚,https://www.tracopower.com/int/media/2470/download
-9151851953282746152,M6-11F,"Tri-Mag, LLC",电力线滤波模块,"[ > "" > 滤 > 波 > 器 > "" > , > "" > 电 > 力 > 线 > 滤 > 波 > 模 > 块 > "" > ]",EMC/EMI 线路滤波器 AC,
-8951916690696843966,MA20-4,"Tri-Mag, LLC",电力线滤波模块,"[ > "" > 滤 > 波 > 器 > "" > , > "" > 电 > 力 > 线 > 滤 > 波 > 模 > 块 > "" > ]",EMC/EMI 线路滤波器 AC,
-8944022014240097531,TPDR0303R0,"Tri-Mag, LLC",电力线滤波模块,"[ > "" > 滤 > 波 > 器 > "" > , > "" > 电 > 力 > 线 > 滤 > 波 > 模 > 块 > "" > ]",三相（角接） EMC/EMI 线路滤波器 30 A AC 47Hz，400Hz 单级 螺纹接线柱（M5）,
-8600746114631611821,DG45-4FF,"Tri-Mag, LLC",电力线滤波模块,"[ > "" > 滤 > 波 > 器 > "" > , > "" > 电 > 力 > 线 > 滤 > 波 > 模 > 块 > "" > ]",EMC/EMI 线路滤波器 AC,
-8535681058294482646,DE60-4FF,"Tri-Mag, LLC",电力线滤波模块,"[ > "" > 滤 > 波 > 器 > "" > , > "" > 电 > 力 > 线 > 滤 > 波 > 模 > 块 > "" > ]",三相（角接） EMC/EMI 线路滤波器 60 A 480VAC 47Hz，63Hz 两级 螺纹接线柱（1/4-20）,https://www.tri-mag.com/wp-content/uploads/DE_SERIES.pdf
-9216233032381421551,4201-001LF,Tusonix a Subsidiary of CTS Electronic Components,EMI/RFI 滤波器（LC，RC 网络）,"[ > "" > 滤 > 波 > 器 > "" > , > "" > E > M > I > / > R > F > I >   > 滤 > 波 > 器 > （ > L > C > ， > R > C >   > 网 > 络 > ） > "" > ]",LC（Pi） EMI 滤波器 3rd 订单 低通 1 通道 C = 1500pF 10 A 轴向，套管，1 条转塔引线,https://www.ctscorp.com/Files/Brochures/EMC/CTS-Tusonix-Feedthrough-Filters-Catalog.pdf
-9195124164549835413,4306-013LF,Tusonix a Subsidiary of CTS Electronic Components,馈通式电容器,"[ > "" > 滤 > 波 > 器 > "" > , > "" > 馈 > 通 > 式 > 电 > 容 > 器 > "" > ]",10 pF 馈通式电容器 200V 5 A 轴向，压接式,https://www.ctscorp.com/Files/Brochures/EMC/CTS-Tusonix-Feedthrough-Filters-Catalog.pdf
-9103924347338628264,4311-007LF,Tusonix a Subsidiary of CTS Electronic Components,EMI/RFI 滤波器（LC，RC 网络）,"[ > "" > 滤 > 波 > 器 > "" > , > "" > E > M > I > / > R > F > I >   > 滤 > 波 > 器 > （ > L > C > ， > R > C >   > 网 > 络 > ） > "" > ]",EMI 滤波器 订单 通道,https://www.ctscorp.com/Files/Brochures/EMC/CTS-Tusonix-Feedthrough-Filters-Catalog.pdf
-9025176108343697771,2499-003-X5W0-502PLF,Tusonix a Subsidiary of CTS Electronic Components,馈通式电容器,"[ > "" > 滤 > 波 > 器 > "" > , > "" > 馈 > 通 > 式 > 电 > 容 > 器 > "" > ]",5000 pF 馈通式电容器 500V 20 A 轴向，套管,https://www.ctscorp.com/Files/Brochures/EMC/CTS-Tusonix-Feedthrough-Filters-Catalog.pdf
-8977805449536603623,4206-020,Tusonix a Subsidiary of CTS Electronic Components,EMI/RFI 滤波器（LC，RC 网络）,"[ > "" > 滤 > 波 > 器 > "" > , > "" > E > M > I > / > R > F > I >   > 滤 > 波 > 器 > （ > L > C > ， > R > C >   > 网 > 络 > ） > "" > ]",LC（Pi） EMI 滤波器 3rd 订单 低通 1 通道 C = 1500pF，3000pF 25 A 轴向，套管,https://www.ctscorp.com/Files/Brochures/EMC/CTS-Tusonix-Feedthrough-Filters-Catalog.pdf
-8797413594638510509,UM4611,Union Semiconductor International Limited,EMI/RFI 滤波器（LC，RC 网络）,"[ > "" > 滤 > 波 > 器 > "" > , > "" > E > M > I > / > R > F > I >   > 滤 > 波 > 器 > （ > L > C > ， > R > C >   > 网 > 络 > ） > "" > ]",LC（Pi） EMI 滤波器 3rd 订单 低通 4 通道 L = 17nH，C = 15pF 8-UFDFN,"http://www.union-ic.com/Upload/Datasheet/Datasheet_UM4601,UM4611,UM8601,UM8611_Rev06.pdf"
-8710908330205984485,UM8401,Union Semiconductor International Limited,EMI/RFI 滤波器（LC，RC 网络）,"[ > "" > 滤 > 波 > 器 > "" > , > "" > E > M > I > / > R > F > I >   > 滤 > 波 > 器 > （ > L > C > ， > R > C >   > 网 > 络 > ） > "" > ]",RC（Pi） EMI 滤波器 2nd 订单 低通 8 通道 R = 100Ohm，C = 10pF 16-WFDFN 祼焊盘,http://www.union-ic.com/Upload/Datasheet/Datasheet_UM8401_Rev10.pdf
-8070462095533953094,UM8611,Union Semiconductor International Limited,EMI/RFI 滤波器（LC，RC 网络）,"[ > "" > 滤 > 波 > 器 > "" > , > "" > E > M > I > / > R > F > I >   > 滤 > 波 > 器 > （ > L > C > ， > R > C >   > 网 > 络 > ） > "" > ]",LC（Pi） EMI 滤波器 3rd 订单 低通 8 通道 L = 17nH，C = 15pF 8-UFDFN,"http://www.union-ic.com/Upload/Datasheet/Datasheet_UM4601,UM4611,UM8601,UM8611_Rev06.pdf"
-6342380109608990003,UM8411,Union Semiconductor International Limited,EMI/RFI 滤波器（LC，RC 网络）,"[ > "" > 滤 > 波 > 器 > "" > , > "" > E > M > I > / > R > F > I >   > 滤 > 波 > 器 > （ > L > C > ， > R > C >   > 网 > 络 > ） > "" > ]",RC（Pi） EMI 滤波器 2nd 订单 低通 8 通道 R = 100Ohm，C = 10pF 8-UFDFN,http://www.union-ic.com/Upload/Datasheet/Datasheet_UM8411Z_Rev06.pdf
-2100414999959332591,UM4401,Union Semiconductor International Limited,EMI/RFI 滤波器（LC，RC 网络）,"[ > "" > 滤 > 波 > 器 > "" > , > "" > E > M > I > / > R > F > I >   > 滤 > 波 > 器 > （ > L > C > ， > R > C >   > 网 > 络 > ） > "" > ]",RC（Pi） EMI 滤波器 2nd 订单 低通 4 通道 R = 100Ohm，C = 10pF 8-UFDFN,http://www.union-ic.com/Upload/Datasheet/Datasheet_UM4401_Rev03.pdf
5997079509433497486,CBM08YTAG101,Viking Tech,铁氧体磁珠和芯片,"[ > "" > 滤 > 波 > 器 > "" > , > "" > 铁 > 氧 > 体 > 磁 > 珠 > 和 > 芯 > 片 > "" > ]",100 Ohms @ 100 MHz 1 铁氧体磁珠和芯片 1806（4516 公制） 3A 40 毫欧,https://www.viking.com.tw/Templates/att/CBM_Series.pdf?lng=en
6029713598918631882,CBM02YTYH121,Viking Tech,铁氧体磁珠和芯片,"[ > "" > 滤 > 波 > 器 > "" > , > "" > 铁 > 氧 > 体 > 磁 > 珠 > 和 > 芯 > 片 > "" > ]",120 Ohms @ 100 MHz 1 铁氧体磁珠和芯片 0402（1005 公制）,https://www.viking.com.tw/Templates/att/CBM_Series.pdf?lng=en
-9182021290839561588,DB045120WE20238BK1,Vishay,馈通式电容器,"[ > "" > 滤 > 波 > 器 > "" > , > "" > 馈 > 通 > 式 > 电 > 容 > 器 > "" > ]",2000 pF 馈通式电容器 11000V（11kV） 50 A 轴向 - 螺纹端子,https://www.vishay.com/docs/22106/db045120.pdf
-9159635466184900383,DS030110WF18233BK1,Vishay,馈通式电容器,"[ > "" > 滤 > 波 > 器 > "" > , > "" > 馈 > 通 > 式 > 电 > 容 > 器 > "" > ]",1800 pF 馈通式电容器 12000V（12kV） 10 A 轴向，孔眼,https://www.vishay.com/docs/22103/ds030070.pdf
-8829835432131765600,DB030100BP10238BJ1,Vishay,馈通式电容器,"[ > "" > 滤 > 波 > 器 > "" > , > "" > 馈 > 通 > 式 > 电 > 容 > 器 > "" > ]",1000 pF 馈通式电容器 8000V（8kV） 30 A 轴向 - 螺纹端子,https://www.vishay.com/docs/22104/db030088.pdf
-8175689836942396164,DWA45150WL12238BJ1,Vishay,馈通式电容器,"[ > "" > 滤 > 波 > 器 > "" > , > "" > 馈 > 通 > 式 > 电 > 容 > 器 > "" > ]",1200 pF 馈通式电容器 16000V（16kV） 10 A 轴向，孔眼,https://www.vishay.com/docs/22151/dwa0451.pdf
-7693273136880917873,DB030088BH20238BK1,Vishay,馈通式电容器,"[ > "" > 滤 > 波 > 器 > "" > , > "" > 馈 > 通 > 式 > 电 > 容 > 器 > "" > ]",2000 pF 馈通式电容器 10000V（10kV） 30 A 轴向 - 螺纹端子,https://www.vishay.com/docs/22104/db030088.pdf
-9166015174479535600,ILB1206ER152V,Vishay Dale,铁氧体磁珠和芯片,"[ > "" > 滤 > 波 > 器 > "" > , > "" > 铁 > 氧 > 体 > 磁 > 珠 > 和 > 芯 > 片 > "" > ]",1.5 kOhms @ 100 MHz 1 铁氧体磁珠和芯片 1206（3216 公制） 100mA 500 毫欧,https://www.vishay.com/docs/34023/ilb1206.pdf
-9034482200634714050,ILBB0402ER301V,Vishay Dale,铁氧体磁珠和芯片,"[ > "" > 滤 > 波 > 器 > "" > , > "" > 铁 > 氧 > 体 > 磁 > 珠 > 和 > 芯 > 片 > "" > ]",300 Ohms @ 100 MHz 1 铁氧体磁珠和芯片 0402（1005 公制） 200mA 800 毫欧,https://www.vishay.com/docs/34146/ilbb0402.pdf
-8985415837999591134,ILHB1806ER600V,Vishay Dale,铁氧体磁珠和芯片,"[ > "" > 滤 > 波 > 器 > "" > , > "" > 铁 > 氧 > 体 > 磁 > 珠 > 和 > 芯 > 片 > "" > ]",60 Ohms @ 100 MHz 1 铁氧体磁珠和芯片 1806（4516 公制） 6A 20 毫欧,https://www.vishay.com/docs/34102/ilhb.pdf
-8340646230115439509,ILB1206ER700V,Vishay Dale,铁氧体磁珠和芯片,"[ > "" > 滤 > 波 > 器 > "" > , > "" > 铁 > 氧 > 体 > 磁 > 珠 > 和 > 芯 > 片 > "" > ]",70 Ohms @ 100 MHz 1 铁氧体磁珠和芯片 1206（3216 公制） 600mA 100 毫欧,https://www.vishay.com/docs/34023/ilb1206.pdf
-8292835477820611918,ILBB0805ER221V,Vishay Dale,铁氧体磁珠和芯片,"[ > "" > 滤 > 波 > 器 > "" > , > "" > 铁 > 氧 > 体 > 磁 > 珠 > 和 > 芯 > 片 > "" > ]",220 Ohms @ 100 MHz 1 铁氧体磁珠和芯片 0805（2012 公制） 200mA 200 毫欧,https://www.vishay.com/docs/34025/ilbb0805.pdf
-8508144286433423356,VEMI85AC-HGK-GS08,Vishay General Semiconductor - Diodes Division,EMI/RFI 滤波器（LC，RC 网络）,"[ > "" > 滤 > 波 > 器 > "" > , > "" > E > M > I > / > R > F > I >   > 滤 > 波 > 器 > （ > L > C > ， > R > C >   > 网 > 络 > ） > "" > ]",RC（Pi） EMI 滤波器 2nd 订单 低通 8 通道 R = 100 欧姆，C = 13pF 4 A 16-UFDFN 祼焊盘,https://www.vishay.com/docs/81674/vemi85ac.pdf
-8489034301746952713,VEMI45AA-HNH-GS08,Vishay General Semiconductor - Diodes Division,EMI/RFI 滤波器（LC，RC 网络）,"[ > "" > 滤 > 波 > 器 > "" > , > "" > E > M > I > / > R > F > I >   > 滤 > 波 > 器 > （ > L > C > ， > R > C >   > 网 > 络 > ） > "" > ]",RC（Pi） EMI 滤波器 2nd 订单 低通 4 通道 R = 100 欧姆，C = 36pF 4 A 8-UFDFN 祼焊盘,https://mm.digikey.com/Volume0/opasdata/d220001/medias/docus/7743/VEMI45AA-HNH-Datasheet.pdf
-5186641985663901763,VEMI255A-HS3-GS08,Vishay General Semiconductor - Diodes Division,EMI/RFI 滤波器（LC，RC 网络）,"[ > "" > 滤 > 波 > 器 > "" > , > "" > E > M > I > / > R > F > I >   > 滤 > 波 > 器 > （ > L > C > ， > R > C >   > 网 > 络 > ） > "" > ]",RC（Pi） EMI 滤波器 2nd 订单 低通 2 通道 R = 50 欧姆，C = 37pF 4 A 6-WDFN 祼焊盘,https://mm.digikey.com/Volume0/opasdata/d220001/medias/docus/608/VEMI255A-HS3.pdf
-2076415716266179267,VEMI65AC-HCI-GS08,Vishay General Semiconductor - Diodes Division,EMI/RFI 滤波器（LC，RC 网络）,"[ > "" > 滤 > 波 > 器 > "" > , > "" > E > M > I > / > R > F > I >   > 滤 > 波 > 器 > （ > L > C > ， > R > C >   > 网 > 络 > ） > "" > ]",RC（Pi） EMI 滤波器 2nd 订单 低通 6 通道 R = 100 欧姆，C = 13pF 2 A 12-UFDFN 祼焊盘,https://www.vishay.com/docs/81680/vemi65ac.pdf
-1998479842502761109,VEMI45AC-HNH-GS08,Vishay General Semiconductor - Diodes Division,EMI/RFI 滤波器（LC，RC 网络）,"[ > "" > 滤 > 波 > 器 > "" > , > "" > E > M > I > / > R > F > I >   > 滤 > 波 > 器 > （ > L > C > ， > R > C >   > 网 > 络 > ） > "" > ]",RC（Pi） EMI 滤波器 2nd 订单 低通 4 通道 R = 100 欧姆，C = 13pF 2 A 8-UFDFN 祼焊盘,https://mm.digikey.com/Volume0/opasdata/d220001/medias/docus/7743/VEMI45AC-HNH-GS08.pdf
-8494931193123311099,DB045120WE12236BJ1,Vishay Sprague,馈通式电容器,"[ > "" > 滤 > 波 > 器 > "" > , > "" > 馈 > 通 > 式 > 电 > 容 > 器 > "" > ]",馈通式电容器,https://www.vishay.com/doc?22106
1930694643714495493,787-980,WAGO Corporation,电力线滤波模块,"[ > "" > 滤 > 波 > 器 > "" > , > "" > 电 > 力 > 线 > 滤 > 波 > 模 > 块 > "" > ]",单相 EMC/EMI 线路滤波器 10 A 250VAC 50 ~ 60Hz 单级 端接块,https://wago.priintcloud.com/datasheets/787-980/en/
7574230756715828126,788-148,WAGO Corporation,电力线滤波模块,"[ > "" > 滤 > 波 > 器 > "" > , > "" > 电 > 力 > 线 > 滤 > 波 > 模 > 块 > "" > ]",EMC/EMI 线路滤波器 230VAC 50 ~ 60Hz,https://wago.priintcloud.com/datasheets/788-148/en/
-8836352287124600045,1-6609987-9,WEC,电力线滤波模块,"[ > "" > 滤 > 波 > 器 > "" > , > "" > 电 > 力 > 线 > 滤 > 波 > 模 > 块 > "" > ]",EMC/EMI 线路滤波器 AC,https://www.te.com/commerce/DocumentDelivery/DDEController?Action=srchrtrv&DocNm=1-1773858-6_Corcom_Selector_Charts&DocType=Data+Sheet&DocLang=English&PartCntxt=1-6609987-9&DocFormat=pdf
-8759546750362590594,3-1609965-3,WEC,电力线滤波模块,"[ > "" > 滤 > 波 > 器 > "" > , > "" > 电 > 力 > 线 > 滤 > 波 > 模 > 块 > "" > ]",EMC/EMI 线路滤波器 AC,https://www.te.com/commerce/DocumentDelivery/DDEController?Action=srchrtrv&DocNm=2376416-1&DocType=Data%20Sheet&DocLang=English&DocFormat=pdf&PartCntxt=3-1609965-1
-8363516058116817773,CX0603MRX7R0BB472,WEC,馈通式电容器,"[ > "" > 滤 > 波 > 器 > "" > , > "" > 馈 > 通 > 式 > 电 > 容 > 器 > "" > ]",4700 pF 馈通式电容器 100V 0603（1608 公制）,https://www.waldomemea.com/productfiles/mf-PUL/PUL-CX0603MRX7R0BB472.pdf
-8300718829707825520,821820-SF,WEC,电力线滤波模块,"[ > "" > 滤 > 波 > 器 > "" > , > "" > 电 > 力 > 线 > 滤 > 波 > 模 > 块 > "" > ]",EMC/EMI 线路滤波器 AC,https://www.schaffner.com/fileadmin/user_upload/pim/products/datasheets/FN2660.pdf
-4919815583000769974,6-1609965-5,WEC,电力线滤波模块,"[ > "" > 滤 > 波 > 器 > "" > , > "" > 电 > 力 > 线 > 滤 > 波 > 模 > 块 > "" > ]",EMC/EMI 线路滤波器 AC,https://www.te.com/commerce/DocumentDelivery/DDEController?Action=srchrtrv&DocNm=2376416-1&DocType=Data%20Sheet&DocLang=English&DocFormat=pdf&PartCntxt=6-1609965-1
-9210789169701175216,WLBD2012HCU301TH,Walsin Technology Corporation,铁氧体磁珠和芯片,"[ > "" > 滤 > 波 > 器 > "" > , > "" > 铁 > 氧 > 体 > 磁 > 珠 > 和 > 芯 > 片 > "" > ]",300 Ohms @ 100 MHz 1 电源线 铁氧体磁珠和芯片 0805（2012 公制） 2A 90 毫欧,https://www.passivecomponent.com/wp-content/uploads/inductor/WLBD1005-4532_HC.pdf
-9114450091800890064,WLBD1005K2U121TP,Walsin Technology Corporation,铁氧体磁珠和芯片,"[ > "" > 滤 > 波 > 器 > "" > , > "" > 铁 > 氧 > 体 > 磁 > 珠 > 和 > 芯 > 片 > "" > ]",120 Ohms @ 100 MHz 1 铁氧体磁珠和芯片 0402（1005 公制） 300mA 400 毫欧,http://www.passivecomponent.com/wp-content/uploads/inductor/WLBD1005-4532.pdf
-8767116891919267523,WLBD1608HCU102TH,Walsin Technology Corporation,铁氧体磁珠和芯片,"[ > "" > 滤 > 波 > 器 > "" > , > "" > 铁 > 氧 > 体 > 磁 > 珠 > 和 > 芯 > 片 > "" > ]",1000 Ohms @ 100 MHz 1 铁氧体磁珠和芯片 0603（1608 公制） 1.3A 150 毫欧,https://www.passivecomponent.com/wp-content/uploads/inductor/WLBD1005-4532_HC.pdf
-8547037091256745827,WLBD1608K2U471TP,Walsin Technology Corporation,铁氧体磁珠和芯片,"[ > "" > 滤 > 波 > 器 > "" > , > "" > 铁 > 氧 > 体 > 磁 > 珠 > 和 > 芯 > 片 > "" > ]",470 Ohms @ 100 MHz 1 铁氧体磁珠和芯片 0603（1608 公制） 1.3A 400 毫欧,http://www.passivecomponent.com/wp-content/uploads/inductor/WLBD1005-4532.pdf
-8386191195503521087,WLBD4516K2U151PP,Walsin Technology Corporation,铁氧体磁珠和芯片,"[ > "" > 滤 > 波 > 器 > "" > , > "" > 铁 > 氧 > 体 > 磁 > 珠 > 和 > 芯 > 片 > "" > ]",150 Ohms @ 100 MHz 1 铁氧体磁珠和芯片 1806（4516 公制） 800mA 300 毫欧,http://www.passivecomponent.com/wp-content/uploads/inductor/WLBD1005-4532.pdf
-9073340597584418395,7426926222,Würth Elektronik,铁氧体磁珠和芯片,"[ > "" > 滤 > 波 > 器 > "" > , > "" > 铁 > 氧 > 体 > 磁 > 珠 > 和 > 芯 > 片 > "" > ]",22 Ohms @ 100 MHz 1 电源线 铁氧体磁珠和芯片 0603（1608 公制） 7.5A 4 毫欧,https://www.we-online.com/components/products/datasheet/7426926222.pdf
-9066157763191174004,7427927115,Würth Elektronik,铁氧体磁珠和芯片,"[ > "" > 滤 > 波 > 器 > "" > , > "" > 铁 > 氧 > 体 > 磁 > 珠 > 和 > 芯 > 片 > "" > ]",150 Ohms @ 100 MHz 1 信号线 铁氧体磁珠和芯片 0402（1005 公制） 100mA 400 毫欧,https://www.we-online.com/katalog/datasheet/7427927115.pdf
-9010019479209601494,7427921,Würth Elektronik,铁氧体磁珠和芯片,"[ > "" > 滤 > 波 > 器 > "" > , > "" > 铁 > 氧 > 体 > 磁 > 珠 > 和 > 芯 > 片 > "" > ]",32 Ohms @ 100 MHz 1 信号线 铁氧体磁珠和芯片 1206（3216 公制） 500mA 200 毫欧,https://www.we-online.com/components/products/datasheet/7427921.pdf
-9002543640964606116,810912003,Würth Elektronik,电力线滤波模块,"[ > "" > 滤 > 波 > 器 > "" > , > "" > 电 > 力 > 线 > 滤 > 波 > 模 > 块 > "" > ]",单相 EMC/EMI 线路滤波器 3 A 250VAC 50/60Hz 单级 快速连接,https://www.we-online.com/components/products/datasheet/810912003.pdf
-8993900131317293027,74279205,Würth Elektronik,铁氧体磁珠和芯片,"[ > "" > 滤 > 波 > 器 > "" > , > "" > 铁 > 氧 > 体 > 磁 > 珠 > 和 > 芯 > 片 > "" > ]",1 kOhms @ 100 MHz 1 信号线 铁氧体磁珠和芯片 0805（2012 公制） 200mA 450 毫欧,https://www.we-online.com/components/products/datasheet/74279205.pdf
-7284192018318480763,FHSMM01A1FR,XP Power,电力线滤波模块,"[ > "" > 滤 > 波 > 器 > "" > , > "" > 电 > 力 > 线 > 滤 > 波 > 模 > 块 > "" > ]",单相 EMC/EMI 线路滤波器 1 A 250VAC DC ~ 400Hz 单级 快速连接,https://www.xppower.com/portals/0/pdfs/SF_FHSM.pdf
-6573507131246552618,FIHAA15C2F,XP Power,电力线滤波模块,"[ > "" > 滤 > 波 > 器 > "" > , > "" > 电 > 力 > 线 > 滤 > 波 > 模 > 块 > "" > ]",单相 EMC/EMI 线路滤波器 15 A 250VAC DC ~ 400Hz 两级 快速连接,https://www.xppower.com/portals/0/pdfs/SF_FIHA.pdf
-6480543267350680360,FHSMM20A2FR,XP Power,电力线滤波模块,"[ > "" > 滤 > 波 > 器 > "" > , > "" > 电 > 力 > 线 > 滤 > 波 > 模 > 块 > "" > ]",单相 EMC/EMI 线路滤波器 20 A 250VAC DC ~ 400Hz 单级 快速连接,https://www.xppower.com/portals/0/pdfs/SF_FHSM.pdf
-6463578009629412294,FIHMA06C1FW,XP Power,电力线滤波模块,"[ > "" > 滤 > 波 > 器 > "" > , > "" > 电 > 力 > 线 > 滤 > 波 > 模 > 块 > "" > ]",单相 EMC/EMI 线路滤波器 6 A 250VAC DC ~ 400Hz 两级 快速连接,https://www.xppower.com/portals/0/pdfs/SF_FIHM.pdf
-5782940173899573892,FHSMM10A1FR,XP Power,电力线滤波模块,"[ > "" > 滤 > 波 > 器 > "" > , > "" > 电 > 力 > 线 > 滤 > 波 > 模 > 块 > "" > ]",单相 EMC/EMI 线路滤波器 10 A 250VAC DC ~ 400Hz 单级 快速连接,https://www.xppower.com/portals/0/pdfs/SF_FHSM.pdf
7849234162484660395,JUPITER-0/PR/NP1S,Zarlink,EMI/RFI 滤波器（LC，RC 网络）,"[ > "" > 滤 > 波 > 器 > "" > , > "" > E > M > I > / > R > F > I >   > 滤 > 波 > 器 > （ > L > C > ， > R > C >   > 网 > 络 > ） > "" > ]",EMI 滤波器 订单 通道,
-8936709961977143964,KEN-ETHERNET-FILTER,emcfixSHOP,EMI/RFI 滤波器（LC，RC 网络）,"[ > "" > 滤 > 波 > 器 > "" > , > "" > E > M > I > / > R > F > I >   > 滤 > 波 > 器 > （ > L > C > ， > R > C >   > 网 > 络 > ） > "" > ]",RLC EMI 滤波器 订单 通道,https://mm.digikey.com/Volume0/opasdata/d220001/medias/docus/6791/Ethernet%20Filter.pdf
-7330617880102889310,KEN-ETHERNET-CASED-FILTER,emcfixSHOP,EMI/RFI 滤波器（LC，RC 网络）,"[ > "" > 滤 > 波 > 器 > "" > , > "" > E > M > I > / > R > F > I >   > 滤 > 波 > 器 > （ > L > C > ， > R > C >   > 网 > 络 > ） > "" > ]",RLC EMI 滤波器 订单 通道,https://cdn.shopify.com/s/files/1/0604/9333/2639/files/KEN-084-04_Datasheet.pdf?v=1747062463
