schema_version,l1_code,scope_level,scope_code,std_attr_code,std_attr_cn,unit_std,db_type,precision,value_domain,min_bound,max_bound,is_l2_common,display_ord,attr_category_cn,attr_category_en,note
capacitor_schema_v1.0.0,capacitor,l2,non_polar_fixed_capacitor,aec_q_level,车规认证等级,,VARCHAR,,,,,1,106,合规参数,regulatory_attributes,
capacitor_schema_v1.0.0,capacitor,l2,non_polar_fixed_capacitor,capacitance_f,标称电容量,F,DOUBLE,,,,,1,112,技术参数,tech_specs,
capacitor_schema_v1.0.0,capacitor,l2,non_polar_fixed_capacitor,capacitance_tolerance_pct,电容量容差,%,DOUBLE,,,,,1,114,技术参数,tech_specs,
capacitor_schema_v1.0.0,capacitor,l2,non_polar_fixed_capacitor,dielectric_material,介质材料,,VARCHAR,,,,,1,115,技术参数,tech_specs,
capacitor_schema_v1.0.0,capacitor,l2,non_polar_fixed_capacitor,dissipation_factor_pct,损耗因数,%,DOUBLE,,,,,1,116,技术参数,tech_specs,
capacitor_schema_v1.0.0,capacitor,l2,non_polar_fixed_capacitor,eccn_code,出口管制分类码,,VARCHAR,,,,,1,105,交易参数,purchasing_attributes,
capacitor_schema_v1.0.0,capacitor,l2,non_polar_fixed_capacitor,insulation_resistance_min_gohm,绝缘电阻下限,GΩ,DOUBLE,,,,,1,117,技术参数,tech_specs,
capacitor_schema_v1.0.0,capacitor,l2,non_polar_fixed_capacitor,lead_free,无铅,,BOOLEAN,,,,,1,107,合规参数,regulatory_attributes,
capacitor_schema_v1.0.0,capacitor,l2,non_polar_fixed_capacitor,lifecycle_status,生命周期状态,,VARCHAR,,,,,1,103,交易参数,purchasing_attributes,
capacitor_schema_v1.0.0,capacitor,l2,non_polar_fixed_capacitor,manufacturer,制造商,,VARCHAR,,,,,1,100,技术参数,tech_specs,ICPDF prajson/prajson2
capacitor_schema_v1.0.0,capacitor,l2,non_polar_fixed_capacitor,mpn,制造商料号,,VARCHAR,,,,,1,101,技术参数,tech_specs,装配侧 fallback partno
capacitor_schema_v1.0.0,capacitor,l2,non_polar_fixed_capacitor,msl_level,湿敏等级,,VARCHAR,,,,,1,108,合规参数,regulatory_attributes,
capacitor_schema_v1.0.0,capacitor,l2,non_polar_fixed_capacitor,package_case,封装形式,,VARCHAR,,,,,1,109,封装参数,package_attributes,
capacitor_schema_v1.0.0,capacitor,l2,non_polar_fixed_capacitor,rated_voltage_v,额定电压,V,DOUBLE,,,,,1,113,技术参数,tech_specs,
capacitor_schema_v1.0.0,capacitor,l2,non_polar_fixed_capacitor,reach,REACH合规,,VARCHAR,,,,,1,104,合规参数,regulatory_attributes,
capacitor_schema_v1.0.0,capacitor,l2,non_polar_fixed_capacitor,rohs_compliant,RoHS合规,,BOOLEAN,,,,,1,102,合规参数,regulatory_attributes,true/false 文本
capacitor_schema_v1.0.0,capacitor,l2,non_polar_fixed_capacitor,temp_max_c,最高工作温度,℃,DOUBLE,,,,,1,111,技术参数,tech_specs,
capacitor_schema_v1.0.0,capacitor,l2,non_polar_fixed_capacitor,temp_min_c,最低工作温度,℃,DOUBLE,,,,,1,110,技术参数,tech_specs,
capacitor_schema_v1.0.0,capacitor,l2,polar_electrolytic_capacitor,aec_q_level,车规认证等级,,VARCHAR,,,,,1,306,合规参数,regulatory_attributes,
capacitor_schema_v1.0.0,capacitor,l2,polar_electrolytic_capacitor,capacitance_f,标称电容量,F,DOUBLE,,,,,1,312,技术参数,tech_specs,
capacitor_schema_v1.0.0,capacitor,l2,polar_electrolytic_capacitor,capacitance_tolerance_pct,电容量容差,%,DOUBLE,,,,,1,314,技术参数,tech_specs,
capacitor_schema_v1.0.0,capacitor,l2,polar_electrolytic_capacitor,eccn_code,出口管制分类码,,VARCHAR,,,,,1,305,交易参数,purchasing_attributes,
capacitor_schema_v1.0.0,capacitor,l2,polar_electrolytic_capacitor,esr_max_mohm,等效串联电阻上限,mΩ,DOUBLE,,,,,1,315,技术参数,tech_specs,
capacitor_schema_v1.0.0,capacitor,l2,polar_electrolytic_capacitor,lead_free,无铅,,BOOLEAN,,,,,1,307,合规参数,regulatory_attributes,
capacitor_schema_v1.0.0,capacitor,l2,polar_electrolytic_capacitor,leakage_current_max_ua,漏电流上限,µA,DOUBLE,,,,,1,316,技术参数,tech_specs,
capacitor_schema_v1.0.0,capacitor,l2,polar_electrolytic_capacitor,lifecycle_status,生命周期状态,,VARCHAR,,,,,1,303,交易参数,purchasing_attributes,
capacitor_schema_v1.0.0,capacitor,l2,polar_electrolytic_capacitor,manufacturer,制造商,,VARCHAR,,,,,1,300,技术参数,tech_specs,ICPDF prajson/prajson2
capacitor_schema_v1.0.0,capacitor,l2,polar_electrolytic_capacitor,mpn,制造商料号,,VARCHAR,,,,,1,301,技术参数,tech_specs,装配侧 fallback partno
capacitor_schema_v1.0.0,capacitor,l2,polar_electrolytic_capacitor,msl_level,湿敏等级,,VARCHAR,,,,,1,308,合规参数,regulatory_attributes,
capacitor_schema_v1.0.0,capacitor,l2,polar_electrolytic_capacitor,package_case,封装形式,,VARCHAR,,,,,1,309,封装参数,package_attributes,
capacitor_schema_v1.0.0,capacitor,l2,polar_electrolytic_capacitor,rated_voltage_v,额定电压,V,DOUBLE,,,,,1,313,技术参数,tech_specs,
capacitor_schema_v1.0.0,capacitor,l2,polar_electrolytic_capacitor,reach,REACH合规,,VARCHAR,,,,,1,304,合规参数,regulatory_attributes,
capacitor_schema_v1.0.0,capacitor,l2,polar_electrolytic_capacitor,ripple_current_ma,纹波电流,mA,DOUBLE,,,,,1,317,技术参数,tech_specs,
capacitor_schema_v1.0.0,capacitor,l2,polar_electrolytic_capacitor,rohs_compliant,RoHS合规,,BOOLEAN,,,,,1,302,合规参数,regulatory_attributes,true/false 文本
capacitor_schema_v1.0.0,capacitor,l2,polar_electrolytic_capacitor,temp_max_c,最高工作温度,℃,DOUBLE,,,,,1,311,技术参数,tech_specs,
capacitor_schema_v1.0.0,capacitor,l2,polar_electrolytic_capacitor,temp_min_c,最低工作温度,℃,DOUBLE,,,,,1,310,技术参数,tech_specs,
capacitor_schema_v1.0.0,capacitor,l2,supercapacitor,aec_q_level,车规认证等级,,VARCHAR,,,,,1,506,合规参数,regulatory_attributes,
capacitor_schema_v1.0.0,capacitor,l2,supercapacitor,capacitance_f,标称电容量,F,DOUBLE,,,,,1,516,技术参数,tech_specs,
capacitor_schema_v1.0.0,capacitor,l2,supercapacitor,capacitance_tolerance_pct,电容量容差,,VARCHAR,,,,,1,519,技术参数,tech_specs,不对称容差原文
capacitor_schema_v1.0.0,capacitor,l2,supercapacitor,eccn_code,出口管制分类码,,VARCHAR,,,,,1,505,交易参数,purchasing_attributes,
capacitor_schema_v1.0.0,capacitor,l2,supercapacitor,electrode_material_system,电极材料体系,,VARCHAR,,,,,1,521,技术参数,tech_specs,
capacitor_schema_v1.0.0,capacitor,l2,supercapacitor,esr_max_mohm,等效串联电阻上限,mΩ,DOUBLE,,,,,1,517,技术参数,tech_specs,
capacitor_schema_v1.0.0,capacitor,l2,supercapacitor,lead_free,无铅,,BOOLEAN,,,,,1,507,合规参数,regulatory_attributes,
capacitor_schema_v1.0.0,capacitor,l2,supercapacitor,leakage_current_max_ua,漏电流上限,µA,DOUBLE,,,,,1,518,技术参数,tech_specs,
capacitor_schema_v1.0.0,capacitor,l2,supercapacitor,lifecycle_status,生命周期状态,,VARCHAR,,,,,1,503,交易参数,purchasing_attributes,
capacitor_schema_v1.0.0,capacitor,l2,supercapacitor,manufacturer,制造商,,VARCHAR,,,,,1,500,技术参数,tech_specs,ICPDF prajson/prajson2
capacitor_schema_v1.0.0,capacitor,l2,supercapacitor,mpn,制造商料号,,VARCHAR,,,,,1,501,技术参数,tech_specs,装配侧 fallback partno
capacitor_schema_v1.0.0,capacitor,l2,supercapacitor,msl_level,湿敏等级,,VARCHAR,,,,,1,508,合规参数,regulatory_attributes,
capacitor_schema_v1.0.0,capacitor,l2,supercapacitor,package_case,封装形式,,VARCHAR,,,,,1,509,封装参数,package_attributes,
capacitor_schema_v1.0.0,capacitor,l2,supercapacitor,pkg_height_mm,封装体高度,mm,DOUBLE,,,,,1,514,封装参数,package_attributes,
capacitor_schema_v1.0.0,capacitor,l2,supercapacitor,pkg_length_mm,封装体长度,mm,DOUBLE,,,,,1,512,封装参数,package_attributes,
capacitor_schema_v1.0.0,capacitor,l2,supercapacitor,pkg_width_mm,封装体宽度,mm,DOUBLE,,,,,1,513,封装参数,package_attributes,
capacitor_schema_v1.0.0,capacitor,l2,supercapacitor,reach,REACH合规,,VARCHAR,,,,,1,504,合规参数,regulatory_attributes,
capacitor_schema_v1.0.0,capacitor,l2,supercapacitor,rohs_compliant,RoHS合规,,BOOLEAN,,,,,1,502,合规参数,regulatory_attributes,true/false 文本
capacitor_schema_v1.0.0,capacitor,l2,supercapacitor,storage_mechanism,储能机制,,VARCHAR,,,,,1,520,技术参数,tech_specs,
capacitor_schema_v1.0.0,capacitor,l2,supercapacitor,temp_max_c,最高工作温度,℃,DOUBLE,,,,,1,511,技术参数,tech_specs,
capacitor_schema_v1.0.0,capacitor,l2,supercapacitor,temp_min_c,最低工作温度,℃,DOUBLE,,,,,1,510,技术参数,tech_specs,
capacitor_schema_v1.0.0,capacitor,l2,supercapacitor,voltage_rated_v,额定电压,V,DOUBLE,,,,,1,515,技术参数,tech_specs,超级电容列名 voltage_rated_v
capacitor_schema_v1.0.0,capacitor,l2,variable_capacitor,aec_q_level,车规认证等级,,VARCHAR,,,,,1,706,合规参数,regulatory_attributes,
capacitor_schema_v1.0.0,capacitor,l2,variable_capacitor,capacitance_max_pf,最大电容量,pF,DOUBLE,,,,,1,716,技术参数,tech_specs,
capacitor_schema_v1.0.0,capacitor,l2,variable_capacitor,capacitance_min_pf,最小电容量,pF,DOUBLE,,,,,1,715,技术参数,tech_specs,
capacitor_schema_v1.0.0,capacitor,l2,variable_capacitor,capacitance_ratio,电容调节比,,DOUBLE,,,,,1,719,技术参数,tech_specs,
capacitor_schema_v1.0.0,capacitor,l2,variable_capacitor,dielectric_material,介质材料,,VARCHAR,,,,,1,720,技术参数,tech_specs,
capacitor_schema_v1.0.0,capacitor,l2,variable_capacitor,eccn_code,出口管制分类码,,VARCHAR,,,,,1,705,交易参数,purchasing_attributes,
capacitor_schema_v1.0.0,capacitor,l2,variable_capacitor,lead_free,无铅,,BOOLEAN,,,,,1,707,合规参数,regulatory_attributes,
capacitor_schema_v1.0.0,capacitor,l2,variable_capacitor,lifecycle_status,生命周期状态,,VARCHAR,,,,,1,703,交易参数,purchasing_attributes,
capacitor_schema_v1.0.0,capacitor,l2,variable_capacitor,manufacturer,制造商,,VARCHAR,,,,,1,700,技术参数,tech_specs,ICPDF prajson/prajson2
capacitor_schema_v1.0.0,capacitor,l2,variable_capacitor,mpn,制造商料号,,VARCHAR,,,,,1,701,技术参数,tech_specs,装配侧 fallback partno
capacitor_schema_v1.0.0,capacitor,l2,variable_capacitor,msl_level,湿敏等级,,VARCHAR,,,,,1,708,合规参数,regulatory_attributes,
capacitor_schema_v1.0.0,capacitor,l2,variable_capacitor,package_case,封装形式,,VARCHAR,,,,,1,709,封装参数,package_attributes,
capacitor_schema_v1.0.0,capacitor,l2,variable_capacitor,pkg_height_mm,封装体高度,mm,DOUBLE,,,,,1,714,封装参数,package_attributes,
capacitor_schema_v1.0.0,capacitor,l2,variable_capacitor,pkg_length_mm,封装体长度,mm,DOUBLE,,,,,1,712,封装参数,package_attributes,
capacitor_schema_v1.0.0,capacitor,l2,variable_capacitor,pkg_width_mm,封装体宽度,mm,DOUBLE,,,,,1,713,封装参数,package_attributes,
capacitor_schema_v1.0.0,capacitor,l2,variable_capacitor,q_factor,品质因数,,DOUBLE,,,,,1,718,技术参数,tech_specs,
capacitor_schema_v1.0.0,capacitor,l2,variable_capacitor,reach,REACH合规,,VARCHAR,,,,,1,704,合规参数,regulatory_attributes,
capacitor_schema_v1.0.0,capacitor,l2,variable_capacitor,rohs_compliant,RoHS合规,,BOOLEAN,,,,,1,702,合规参数,regulatory_attributes,true/false 文本
capacitor_schema_v1.0.0,capacitor,l2,variable_capacitor,temp_max_c,最高工作温度,℃,DOUBLE,,,,,1,711,技术参数,tech_specs,
capacitor_schema_v1.0.0,capacitor,l2,variable_capacitor,temp_min_c,最低工作温度,℃,DOUBLE,,,,,1,710,技术参数,tech_specs,
capacitor_schema_v1.0.0,capacitor,l2,variable_capacitor,voltage_rated_v,额定工作电压,V,DOUBLE,,,,,1,717,技术参数,tech_specs,
mcu_mpu_dsp_schema_v1.0,mcu_mpu_dsp,l2,dsp,aec_q_level,车规认证等级,,VARCHAR,,,,,0,303,合规参数,regulatory_attributes,AEC-Q100/Q104车规认证等级。
mcu_mpu_dsp_schema_v1.0,mcu_mpu_dsp,l2,dsp,core_clock_max_mhz,最高主频,MHz,DOUBLE,1,,0.001,10000,1,100,技术参数,tech_specs,DSP核心最大工作时钟频率，决定指令吞吐量天花板，替代件须 ≥ 原料。
mcu_mpu_dsp_schema_v1.0,mcu_mpu_dsp,l2,dsp,core_data_width_bit,核心数据位宽,bit,INT,,16/24/32/64,8,64,1,101,技术参数,tech_specs,DSP运算核心原生数据位宽，决定单次运算精度上限。
mcu_mpu_dsp_schema_v1.0,mcu_mpu_dsp,l2,dsp,eccn_code,出口管制分类号,,VARCHAR,,,,,0,402,交易参数,purchasing_attributes,美国EAR出口管制编码，高性能DSP多受管制。
mcu_mpu_dsp_schema_v1.0,mcu_mpu_dsp,l2,dsp,lead_free,无铅标识,,BOOLEAN,,yes/no,,,0,302,合规参数,regulatory_attributes,无铅焊接工艺兼容性。
mcu_mpu_dsp_schema_v1.0,mcu_mpu_dsp,l2,dsp,lifecycle_status,生命周期状态,,VARCHAR,,Active/NRND/Obsolete/Unknown,,,1,401,交易参数,purchasing_attributes,器件当前供货阶段。
mcu_mpu_dsp_schema_v1.0,mcu_mpu_dsp,l2,dsp,manufacturer,制造商,,VARCHAR,,NOT NULL,,,0,400,交易参数,purchasing_attributes,原厂品牌标识，供应链溯源底线。
mcu_mpu_dsp_schema_v1.0,mcu_mpu_dsp,l2,dsp,msl_level,湿敏等级,,VARCHAR,,,,,0,304,合规参数,regulatory_attributes,J-STD-020湿敏等级。
mcu_mpu_dsp_schema_v1.0,mcu_mpu_dsp,l2,dsp,onchip_sram_kb,片上SRAM容量,KB,DOUBLE,1,,0,131072,1,102,技术参数,tech_specs,片上静态RAM总容量，决定算法数据缓冲与系数表承载能力，替代件须 ≥ 原料。
mcu_mpu_dsp_schema_v1.0,mcu_mpu_dsp,l2,dsp,package_case,封装形式,,VARCHAR,,,,,1,200,封装参数,package_attributes,器件封装类型，PCB焊盘设计与热设计的物理边界。
mcu_mpu_dsp_schema_v1.0,mcu_mpu_dsp,l2,dsp,reach,REACH合规,,BOOLEAN,,compliant/non_compliant/unknown,,,0,301,合规参数,regulatory_attributes,SVHC合规声明。
mcu_mpu_dsp_schema_v1.0,mcu_mpu_dsp,l2,dsp,rohs_compliant,RoHS合规,,BOOLEAN,,compliant/non_compliant/unknown,,,1,300,合规参数,regulatory_attributes,欧盟RoHS指令合规状态。
mcu_mpu_dsp_schema_v1.0,mcu_mpu_dsp,l2,dsp,supply_voltage_max_v,核心供电电压上限,V,DOUBLE,2,,0.5,5.5,1,104,技术参数,tech_specs,核心供电电压范围上限，过压保护红线。
mcu_mpu_dsp_schema_v1.0,mcu_mpu_dsp,l2,dsp,supply_voltage_min_v,核心供电电压下限,V,DOUBLE,2,,0.5,5.5,1,103,技术参数,tech_specs,核心供电电压范围下限，电源架构设计硬约束。
mcu_mpu_dsp_schema_v1.0,mcu_mpu_dsp,l2,dsp,temp_max_c,最高工作温度,℃,DOUBLE,1,,50,200,1,202,技术参数,tech_specs,器件额定最高工作温度，热设计与可靠性红线。
mcu_mpu_dsp_schema_v1.0,mcu_mpu_dsp,l2,dsp,temp_min_c,最低工作温度,℃,DOUBLE,1,,-65,0,1,201,技术参数,tech_specs,器件额定最低工作温度，替代件须 ≤ 原料。
mcu_mpu_dsp_schema_v1.0,mcu_mpu_dsp,l3,audio_dsp,audio_bit_depth_bit,音频数字处理位深,bit,INT,,,,,0,7,,,Audio_DSP 专有属性
mcu_mpu_dsp_schema_v1.0,mcu_mpu_dsp,l3,audio_dsp,audio_channel_count,音频通道数,,INT,,,,,0,8,,,Audio_DSP 专有属性
mcu_mpu_dsp_schema_v1.0,mcu_mpu_dsp,l3,audio_dsp,audio_interface_type,数字音频接口类型,,VARCHAR,,,,,0,9,,,Audio_DSP 专有属性
mcu_mpu_dsp_schema_v1.0,mcu_mpu_dsp,l3,audio_dsp,hw_audio_accelerators,硬件音频加速器集合,,VARCHAR,,,,,0,10,,,Audio_DSP 专有属性
mcu_mpu_dsp_schema_v1.0,mcu_mpu_dsp,l3,audio_dsp,max_audio_sample_rate_khz,最高音频采样率,kHz,DOUBLE,,,,,0,6,,,Audio_DSP 专有属性
mcu_mpu_dsp_schema_v1.0,mcu_mpu_dsp,l3,general_programmable_dsp,arithmetic_type,运算类型,,VARCHAR,,,,,0,1,,,General_Programmable_DSP 专有属性
mcu_mpu_dsp_schema_v1.0,mcu_mpu_dsp,l3,general_programmable_dsp,dsp_core_count,DSP核心数量,,INT,,,,,0,3,,,General_Programmable_DSP 专有属性
mcu_mpu_dsp_schema_v1.0,mcu_mpu_dsp,l3,general_programmable_dsp,float_format_standard,浮点格式标准,,VARCHAR,,,,,0,5,,,General_Programmable_DSP 专有属性
mcu_mpu_dsp_schema_v1.0,mcu_mpu_dsp,l3,general_programmable_dsp,has_floating_point,浮点运算支持,,VARCHAR,,,,,0,4,,,General_Programmable_DSP 专有属性
mcu_mpu_dsp_schema_v1.0,mcu_mpu_dsp,l3,general_programmable_dsp,peak_mac_throughput_mmacs,峰值MAC吞吐,,DOUBLE,,,,,0,2,,,General_Programmable_DSP 专有属性
mcu_mpu_dsp_schema_v1.1,mcu_mpu_dsp,l2,mcu,adc_channel_count,ADC通道数,,INT,,,0,64,0,109,技术参数,tech_specs,模拟采集类应用同时依赖ADC分辨率与通道数。
mcu_mpu_dsp_schema_v1.1,mcu_mpu_dsp,l2,mcu,adc_resolution_bit,ADC最高分辨率,bit,INT,,,6,24,0,108,技术参数,tech_specs,片上ADC精度能力，影响模拟采样和传感器接口。
mcu_mpu_dsp_schema_v1.1,mcu_mpu_dsp,l2,mcu,aec_q_level,汽车级认证等级,,VARCHAR,,,,,0,303,合规参数,regulatory_attributes,AEC-Q100车规认证等级，车载场景强制过滤项。
mcu_mpu_dsp_schema_v1.1,mcu_mpu_dsp,l2,mcu,bus_width_bit,内核/数据总线位宽,bit,INT,,8/16/32/64,4,128,1,101,技术参数,tech_specs,MCU 核心计算宽度，区分 8/16/32 位 MCU 的基础选型维度。
mcu_mpu_dsp_schema_v1.1,mcu_mpu_dsp,l2,mcu,can_channel_count,CAN接口数量,,INT,,,0,8,0,116,技术参数,tech_specs,CAN/CAN-FD资源是工控、车控、电机控制MCU的关键通信选型字段。
mcu_mpu_dsp_schema_v1.1,mcu_mpu_dsp,l2,mcu,cpu_core_arch,CPU内核架构,,VARCHAR,,,,,1,100,技术参数,tech_specs,"MCU指令集/内核架构，如 ARM Cortex-M0/M3/M4, 8051, AVR, RISC-V 等。替代件须同架构或经评估可接受迁移。"
mcu_mpu_dsp_schema_v1.1,mcu_mpu_dsp,l2,mcu,deep_sleep_current_ua,深度睡眠电流,µA,DOUBLE,3,,0,10000,0,120,技术参数,tech_specs,低功耗设计核心指标，电池供电场景的MCU选型红线。
mcu_mpu_dsp_schema_v1.1,mcu_mpu_dsp,l2,mcu,dma_channel_count,DMA通道数,,INT,,,0,64,0,119,技术参数,tech_specs,DMA通道数决定MCU外设数据搬运并发能力与CPU offload程度。
mcu_mpu_dsp_schema_v1.1,mcu_mpu_dsp,l2,mcu,eccn_code,出口管制分类号,,VARCHAR,,,,,0,402,交易参数,purchasing_attributes,美国EAR出口管制分类，高算力MCU尤为关键。
mcu_mpu_dsp_schema_v1.1,mcu_mpu_dsp,l2,mcu,ethernet_mac_count,以太网MAC数量,,INT,,,0,4,0,117,技术参数,tech_specs,以太网MAC数量决定是否可直接支持有线网络通信。
mcu_mpu_dsp_schema_v1.1,mcu_mpu_dsp,l2,mcu,flash_size_kb,Flash程序存储容量,KB,INT,,,0,2097152,1,103,技术参数,tech_specs,程序代码空间生死线，决定固件可容纳规模，替代件须 ≥ 原料。
mcu_mpu_dsp_schema_v1.1,mcu_mpu_dsp,l2,mcu,gpio_count,通用GPIO数量,,INT,,,0,512,1,107,技术参数,tech_specs,通用IO资源数量，影响引脚复用和外设扩展。
mcu_mpu_dsp_schema_v1.1,mcu_mpu_dsp,l2,mcu,has_fpu,是否含硬件浮点单元,,VARCHAR,,yes/no,,,0,118,技术参数,tech_specs,FPU影响控制算法、DSP运算和软件二进制替代兼容性。
mcu_mpu_dsp_schema_v1.1,mcu_mpu_dsp,l2,mcu,i2c_channel_count,I2C接口数量,,INT,,,0,16,0,114,技术参数,tech_specs,I2C外设数量决定低速传感器总线资源余量。
mcu_mpu_dsp_schema_v1.1,mcu_mpu_dsp,l2,mcu,lead_free,无铅工艺,,BOOLEAN,,yes/no,,,0,302,合规参数,regulatory_attributes,无铅焊接工艺合规声明。
mcu_mpu_dsp_schema_v1.1,mcu_mpu_dsp,l2,mcu,lifecycle_status,生命周期状态,,VARCHAR,,Active/NRND/Obsolete/Unknown,,,1,401,交易参数,purchasing_attributes,物料供应生命周期阶段，EOL/NRND触发替代预警。
mcu_mpu_dsp_schema_v1.1,mcu_mpu_dsp,l2,mcu,manufacturer,制造商,,VARCHAR,,NOT NULL,,,0,400,交易参数,purchasing_attributes,原厂品牌，供应链溯源与替代风险分层的第一维度。
mcu_mpu_dsp_schema_v1.1,mcu_mpu_dsp,l2,mcu,max_cpu_freq_mhz,CPU最高主频,MHz,DOUBLE,1,,0.001,10000,1,102,技术参数,tech_specs,算力天花板，决定实时任务响应能力上限，替代件须 ≥ 原料。
mcu_mpu_dsp_schema_v1.1,mcu_mpu_dsp,l2,mcu,msl_level,湿敏等级,,VARCHAR,,,,,0,304,合规参数,regulatory_attributes,J-STD-020潮湿敏感等级。
mcu_mpu_dsp_schema_v1.1,mcu_mpu_dsp,l2,mcu,package_case,封装形式,,VARCHAR,,,,,1,200,封装参数,package_attributes,PCB焊盘设计与贴片工艺的物理约束，替代件须封装兼容。
mcu_mpu_dsp_schema_v1.1,mcu_mpu_dsp,l2,mcu,pin_count,封装引脚总数,,INT,,,1,1000,1,122,,,物理封装引脚数量
mcu_mpu_dsp_schema_v1.1,mcu_mpu_dsp,l2,mcu,pwm_channel_count,PWM通道数量,,INT,,,0,64,0,111,技术参数,tech_specs,PWM通道数量是电机、LED控制等场景的重要资源字段。
mcu_mpu_dsp_schema_v1.1,mcu_mpu_dsp,l2,mcu,ram_size_kb,SRAM数据存储容量,KB,INT,,,0,131072,1,104,技术参数,tech_specs,运行时堆栈与数据区底线，决定RTOS任务数，替代件须 ≥ 原料。
mcu_mpu_dsp_schema_v1.1,mcu_mpu_dsp,l2,mcu,reach,REACH合规,,BOOLEAN,,compliant/non_compliant/unknown,,,0,301,合规参数,regulatory_attributes,SVHC高关注物质合规声明。
mcu_mpu_dsp_schema_v1.1,mcu_mpu_dsp,l2,mcu,rohs_compliant,RoHS合规,,BOOLEAN,,compliant/non_compliant/unknown,,,1,300,合规参数,regulatory_attributes,欧盟有害物质限制合规状态。
mcu_mpu_dsp_schema_v1.1,mcu_mpu_dsp,l2,mcu,spi_channel_count,SPI接口数量,,INT,,,0,16,0,113,技术参数,tech_specs,SPI外设数量决定高速外设扩展能力。
mcu_mpu_dsp_schema_v1.1,mcu_mpu_dsp,l2,mcu,supply_voltage_max_v,工作电压上限,V,DOUBLE,2,,0.5,5.5,1,106,技术参数,tech_specs,电源系统兼容红线上边界，替代件须 ≥ 原料。
mcu_mpu_dsp_schema_v1.1,mcu_mpu_dsp,l2,mcu,supply_voltage_min_v,工作电压下限,V,DOUBLE,2,,0.5,5.5,1,105,技术参数,tech_specs,电源系统兼容红线下边界，替代件须 ≤ 原料以覆盖低压场景。
mcu_mpu_dsp_schema_v1.1,mcu_mpu_dsp,l2,mcu,temp_max_c,最高工作温度,℃,DOUBLE,1,,50,200,1,202,技术参数,tech_specs,工作温度上限，替代件须 ≥ 原料。
mcu_mpu_dsp_schema_v1.1,mcu_mpu_dsp,l2,mcu,temp_min_c,最低工作温度,℃,DOUBLE,1,,-65,0,1,201,技术参数,tech_specs,工作温度下限，替代件须 ≤ 原料。
mcu_mpu_dsp_schema_v1.1,mcu_mpu_dsp,l2,mcu,timer_count,定时器数量,,INT,,,0,64,0,110,技术参数,tech_specs,定时器资源决定PWM、捕获比较等控制类应用的资源余量。
mcu_mpu_dsp_schema_v1.1,mcu_mpu_dsp,l2,mcu,uart_count,UART接口数量,,INT,,,0,16,0,112,技术参数,tech_specs,UART数量决定串口通信资源。
mcu_mpu_dsp_schema_v1.1,mcu_mpu_dsp,l2,mcu,usb_interface_type,USB接口类型,,VARCHAR,,,,,0,115,技术参数,tech_specs,USB FS/HS/OTG/Device/Host 能力，决定外设连接和升级兼容性。
mcu_mpu_dsp_schema_v1.1,mcu_mpu_dsp,l3,audio_mcu,audio_channel_count,硬件音频通道数,,INT,,,,,0,14,,,Audio_MCU 专有属性
mcu_mpu_dsp_schema_v1.1,mcu_mpu_dsp,l3,audio_mcu,audio_interface_type,硬件音频接口类型,,VARCHAR,,,,,0,13,,,Audio_MCU 专有属性
mcu_mpu_dsp_schema_v1.1,mcu_mpu_dsp,l3,audio_mcu,has_hw_audio_dsp,集成硬件音频DSP,,VARCHAR,,,,,0,15,,,Audio_MCU 专有属性
mcu_mpu_dsp_schema_v1.1,mcu_mpu_dsp,l3,general_mcu,program_memory_type,程序存储器类型,,VARCHAR,,,,,0,1,,,General_MCU 专有属性
mcu_mpu_dsp_schema_v1.1,mcu_mpu_dsp,l3,metering_mcu,has_hw_metering_engine,硬件计量引擎,,VARCHAR,,,,,0,22,,,Metering_MCU 专有属性
mcu_mpu_dsp_schema_v1.1,mcu_mpu_dsp,l3,metering_mcu,metering_accuracy_class,计量精度等级,,DOUBLE,,,,,0,21,,,Metering_MCU 专有属性
mcu_mpu_dsp_schema_v1.1,mcu_mpu_dsp,l3,metering_mcu,metering_adc_resolution_bit,计量ADC分辨率,bit,INT,,,,,0,19,,,Metering_MCU 专有属性
mcu_mpu_dsp_schema_v1.1,mcu_mpu_dsp,l3,metering_mcu,metering_channel_count,计量通道数,,INT,,,,,0,20,,,Metering_MCU 专有属性
mcu_mpu_dsp_schema_v1.1,mcu_mpu_dsp,l3,motor_control_mcu,encoder_interface_type,编码器接口类型,,VARCHAR,,,,,0,8,,,Motor_Control_MCU 专有属性
mcu_mpu_dsp_schema_v1.1,mcu_mpu_dsp,l3,motor_control_mcu,has_foc_hw,是否支持FOC硬件加速,,VARCHAR,,,,,0,7,,,Motor_Control_MCU 专有属性
mcu_mpu_dsp_schema_v1.1,mcu_mpu_dsp,l3,motor_control_mcu,max_pwm_freq_khz,PWM最高频率,kHz,DOUBLE,,,,,0,6,,,Motor_Control_MCU 专有属性
mcu_mpu_dsp_schema_v1.1,mcu_mpu_dsp,l3,motor_control_mcu,pwm_resolution_bit,PWM最高分辨率,bit,INT,,,,,0,5,,,Motor_Control_MCU 专有属性
mcu_mpu_dsp_schema_v1.1,mcu_mpu_dsp,l3,secure_mcu,has_secure_boot,是否支持安全启动,,VARCHAR,,,,,0,12,,,Secure_MCU 专有属性
mcu_mpu_dsp_schema_v1.1,mcu_mpu_dsp,l3,secure_mcu,has_trng,是否含真随机数发生器,,VARCHAR,,,,,0,11,,,Secure_MCU 专有属性
mcu_mpu_dsp_schema_v1.1,mcu_mpu_dsp,l3,secure_mcu,hw_crypto_algorithms,硬件加密引擎支持算法,,VARCHAR,,,,,0,10,,,Secure_MCU 专有属性
mcu_mpu_dsp_schema_v1.1,mcu_mpu_dsp,l3,secure_mcu,security_cert_level,硬件安全认证等级,,VARCHAR,,,,,0,9,,,Secure_MCU 专有属性
mcu_mpu_dsp_schema_v1.1,mcu_mpu_dsp,l3,touch_mcu,is_multitouch_supported,支持多点触控,,VARCHAR,,,,,0,18,,,Touch_MCU 专有属性
mcu_mpu_dsp_schema_v1.1,mcu_mpu_dsp,l3,touch_mcu,touch_channel_count,触控通道数,,INT,,,,,0,16,,,Touch_MCU 专有属性
mcu_mpu_dsp_schema_v1.1,mcu_mpu_dsp,l3,touch_mcu,touch_sensing_type,触控检测技术,,VARCHAR,,,,,0,17,,,Touch_MCU 专有属性
mcu_mpu_dsp_schema_v1.1,mcu_mpu_dsp,l3,wireless_mcu_soc,rf_rx_sensitivity_dbm,接收灵敏度,dBm,DOUBLE,,,,,0,4,,,Wireless_MCU_SoC 专有属性
mcu_mpu_dsp_schema_v1.1,mcu_mpu_dsp,l3,wireless_mcu_soc,rf_tx_power_max_dbm,最大发射功率,dBm,DOUBLE,,,,,0,3,,,Wireless_MCU_SoC 专有属性
mcu_mpu_dsp_schema_v1.1,mcu_mpu_dsp,l3,wireless_mcu_soc,wireless_protocol,集成无线协议,,VARCHAR,,,,,0,2,,,Wireless_MCU_SoC 专有属性
mcu_mpu_dsp_schema_v1.0,mcu_mpu_dsp,l2,mpu_soc,aec_q_level,汽车级认证等级,,VARCHAR,,,,,0,303,合规参数,regulatory_attributes,AEC-Q100/Q104车规认证等级。
mcu_mpu_dsp_schema_v1.0,mcu_mpu_dsp,l2,mpu_soc,cpu_arch,CPU指令集架构,,VARCHAR,,,,,1,100,技术参数,tech_specs,软件生态与二进制兼容性的根本判据，跨架构替代意味着全栈重构。
mcu_mpu_dsp_schema_v1.0,mcu_mpu_dsp,l2,mpu_soc,cpu_core_count,CPU核心总数,,INT,,,1,64,1,102,技术参数,tech_specs,物理并行度与多线程能力硬指标，替代件核心数须 ≥ 原料。
mcu_mpu_dsp_schema_v1.0,mcu_mpu_dsp,l2,mpu_soc,cpu_max_freq_mhz,CPU最高主频,MHz,DOUBLE,1,,1,20000,1,103,技术参数,tech_specs,单线程性能天花板，替代件主频须 ≥ 原料。
mcu_mpu_dsp_schema_v1.0,mcu_mpu_dsp,l2,mpu_soc,cpu_word_width_bit,CPU字长/数据位宽,bit,INT,,8/16/32/64,8,64,1,101,技术参数,tech_specs,MPU/SoC 的核心处理字长，影响ABI、寻址空间和OS兼容性。
mcu_mpu_dsp_schema_v1.0,mcu_mpu_dsp,l2,mpu_soc,ddr_interface_type,外部存储接口类型,,VARCHAR,,,,,1,106,技术参数,tech_specs,外部DRAM接口物理契约，DDR类型决定PCB层数与SI仿真复杂度。
mcu_mpu_dsp_schema_v1.0,mcu_mpu_dsp,l2,mpu_soc,eccn_code,出口管制分类号,,VARCHAR,,,,,0,402,交易参数,purchasing_attributes,美国EAR出口管制编码，高算力SoC极易触发管控。
mcu_mpu_dsp_schema_v1.0,mcu_mpu_dsp,l2,mpu_soc,lead_free,无铅工艺,,BOOLEAN,,yes/no,,,0,302,合规参数,regulatory_attributes,无铅焊接工艺兼容性标识。
mcu_mpu_dsp_schema_v1.0,mcu_mpu_dsp,l2,mpu_soc,lifecycle_status,生命周期状态,,VARCHAR,,Active/NRND/Obsolete/Unknown,,,1,401,交易参数,purchasing_attributes,器件当前供货阶段，Active可正常采购。
mcu_mpu_dsp_schema_v1.0,mcu_mpu_dsp,l2,mpu_soc,manufacturer,制造商,,VARCHAR,,NOT NULL,,,0,400,交易参数,purchasing_attributes,原厂品牌标识，供应链溯源底线。
mcu_mpu_dsp_schema_v1.0,mcu_mpu_dsp,l2,mpu_soc,msl_level,湿敏等级,,VARCHAR,,,,,0,304,合规参数,regulatory_attributes,J-STD-020湿敏等级，MPU/SoC大封装BGA普遍MSL2~3。
mcu_mpu_dsp_schema_v1.0,mcu_mpu_dsp,l2,mpu_soc,package_case,封装形式,,VARCHAR,,,,,1,200,封装参数,package_attributes,物理封装类型，PCB焊盘设计的硬约束。
mcu_mpu_dsp_schema_v1.0,mcu_mpu_dsp,l2,mpu_soc,pkg_height_mm,封装体高度,mm,DOUBLE,2,,0,30,0,203,封装参数,package_attributes,整机高度约束与散热器安装空间的物理上限。
mcu_mpu_dsp_schema_v1.0,mcu_mpu_dsp,l2,mpu_soc,pkg_length_mm,封装体长度,mm,DOUBLE,2,,0,100,0,201,封装参数,package_attributes,PCB布局物理占位红线。
mcu_mpu_dsp_schema_v1.0,mcu_mpu_dsp,l2,mpu_soc,pkg_width_mm,封装体宽度,mm,DOUBLE,2,,0,100,0,202,封装参数,package_attributes,PCB布局物理占位红线。
mcu_mpu_dsp_schema_v1.0,mcu_mpu_dsp,l2,mpu_soc,process_node_nm,制程工艺节点,nm,INT,,,1,2000,0,107,技术参数,tech_specs,制程节点直接决定功耗、性能天花板和供货风险。
mcu_mpu_dsp_schema_v1.0,mcu_mpu_dsp,l2,mpu_soc,reach,REACH合规,,BOOLEAN,,compliant/non_compliant/unknown,,,0,301,合规参数,regulatory_attributes,SVHC合规声明。
mcu_mpu_dsp_schema_v1.0,mcu_mpu_dsp,l2,mpu_soc,rohs_compliant,RoHS合规,,BOOLEAN,,compliant/non_compliant/unknown,,,1,300,合规参数,regulatory_attributes,欧盟RoHS指令合规状态。
mcu_mpu_dsp_schema_v1.0,mcu_mpu_dsp,l2,mpu_soc,supply_voltage_max_v,最高供电电压,V,DOUBLE,2,,0.5,5.5,1,105,技术参数,tech_specs,电源轨兼容性上限，超压直接损毁芯片。
mcu_mpu_dsp_schema_v1.0,mcu_mpu_dsp,l2,mpu_soc,supply_voltage_min_v,最低供电电压,V,DOUBLE,2,,0.5,5.5,1,104,技术参数,tech_specs,电源轨兼容性下限，替代件须 ≤ 原料。
mcu_mpu_dsp_schema_v1.0,mcu_mpu_dsp,l2,mpu_soc,temp_max_c,最高工作温度,℃,DOUBLE,1,,50,200,1,205,技术参数,tech_specs,工作温度上限，热设计天花板。
mcu_mpu_dsp_schema_v1.0,mcu_mpu_dsp,l2,mpu_soc,temp_min_c,最低工作温度,℃,DOUBLE,1,,-65,0,1,204,技术参数,tech_specs,工作温度下限，工业/车规/消费级分级红线。
mcu_mpu_dsp_schema_v1.0,mcu_mpu_dsp,l3,ai_edge_computing_soc,ai_memory_bandwidth_gbps,AI推理内存带宽,,DOUBLE,,,,,0,13,,,AI_Edge_Computing_SoC 专有属性
mcu_mpu_dsp_schema_v1.0,mcu_mpu_dsp,l3,ai_edge_computing_soc,npu_arch_type,NPU架构类型,,VARCHAR,,,,,0,11,,,AI_Edge_Computing_SoC 专有属性
mcu_mpu_dsp_schema_v1.0,mcu_mpu_dsp,l3,ai_edge_computing_soc,npu_precision_support,NPU原生支持精度,,VARCHAR,,,,,0,10,,,AI_Edge_Computing_SoC 专有属性
mcu_mpu_dsp_schema_v1.0,mcu_mpu_dsp,l3,ai_edge_computing_soc,npu_sram_mb,片上AI专用SRAM,KB,DOUBLE,,,,,0,12,,,AI_Edge_Computing_SoC 专有属性
mcu_mpu_dsp_schema_v1.0,mcu_mpu_dsp,l3,ai_edge_computing_soc,npu_tops_int8,NPU INT8峰值算力,,DOUBLE,,,,,0,9,,,AI_Edge_Computing_SoC 专有属性
mcu_mpu_dsp_schema_v1.0,mcu_mpu_dsp,l3,application_mpu,camera_interface_type,摄像头接口类型,,VARCHAR,,,,,0,5,,,Application_MPU 专有属性
mcu_mpu_dsp_schema_v1.0,mcu_mpu_dsp,l3,application_mpu,display_interface_type,显示接口类型,,VARCHAR,,,,,0,3,,,Application_MPU 专有属性
mcu_mpu_dsp_schema_v1.0,mcu_mpu_dsp,l3,application_mpu,display_output_count,显示接口路数,,INT,,,,,0,4,,,Application_MPU 专有属性
mcu_mpu_dsp_schema_v1.0,mcu_mpu_dsp,l3,application_mpu,ethernet_mac_count,以太网MAC数量,,INT,,,,,0,8,,,Application_MPU 专有属性
mcu_mpu_dsp_schema_v1.0,mcu_mpu_dsp,l3,application_mpu,has_integrated_gpu,集成GPU,,VARCHAR,,,,,0,6,,,Application_MPU 专有属性
mcu_mpu_dsp_schema_v1.0,mcu_mpu_dsp,l3,application_mpu,max_memory_bandwidth_gbps,最大内存带宽,,DOUBLE,,,,,0,1,,,Application_MPU 专有属性
mcu_mpu_dsp_schema_v1.0,mcu_mpu_dsp,l3,application_mpu,pcie_lane_count,PCIe通道数,,INT,,,,,0,7,,,Application_MPU 专有属性
mcu_mpu_dsp_schema_v1.0,mcu_mpu_dsp,l3,application_mpu,video_decode_max_res,视频硬解最高分辨率,,VARCHAR,,,,,0,2,,,Application_MPU 专有属性
mcu_mpu_dsp_schema_v1.0,mcu_mpu_dsp,l3,programmable_heterogeneous_soc,bram_total_kb,片上Block RAM容量,KB,DOUBLE,,,,,0,16,,,Programmable_Heterogeneous_SoC 专有属性
mcu_mpu_dsp_schema_v1.0,mcu_mpu_dsp,l3,programmable_heterogeneous_soc,dsp_slice_count,片上DSP硬核数量,,INT,,,,,0,15,,,Programmable_Heterogeneous_SoC 专有属性
mcu_mpu_dsp_schema_v1.0,mcu_mpu_dsp,l3,programmable_heterogeneous_soc,has_npu,片上AI/NPU加速核心,,VARCHAR,,,,,0,20,,,Programmable_Heterogeneous_SoC 专有属性
mcu_mpu_dsp_schema_v1.0,mcu_mpu_dsp,l3,programmable_heterogeneous_soc,logic_cells_count,可编程逻辑单元数量,,INT,,,,,0,14,,,Programmable_Heterogeneous_SoC 专有属性
mcu_mpu_dsp_schema_v1.0,mcu_mpu_dsp,l3,programmable_heterogeneous_soc,pl_process_nm,可编程逻辑工艺节点,nm,INT,,,,,0,21,,,Programmable_Heterogeneous_SoC 专有属性
mcu_mpu_dsp_schema_v1.0,mcu_mpu_dsp,l3,programmable_heterogeneous_soc,ps_cpu_arch,处理器子系统架构,,VARCHAR,,,,,0,17,,,Programmable_Heterogeneous_SoC 专有属性
mcu_mpu_dsp_schema_v1.0,mcu_mpu_dsp,l3,programmable_heterogeneous_soc,serdes_lane_count,高速收发器数量,,INT,,,,,0,18,,,Programmable_Heterogeneous_SoC 专有属性
mcu_mpu_dsp_schema_v1.0,mcu_mpu_dsp,l3,programmable_heterogeneous_soc,serdes_max_rate_gbps,最高SerDes线速率,,DOUBLE,,,,,0,19,,,Programmable_Heterogeneous_SoC 专有属性
pmic_schema_v1.0.00,pmic,l2,battery_management,aec_q_level,汽车级认证等级,,VARCHAR,,"AEC-Q100, AEC-Q101, AEC-Q200, NULL",,,1,107,合规参数,regulatory_attributes,[高价值/易采集] AEC-Q车规可靠性认证等级。车载应用强制准入门槛，替代料等级必须≥原料，NULL表示无车规需求。
pmic_schema_v1.0.00,pmic,l2,battery_management,battery_voltage_max_v,电池端最大工作电压,V,DOUBLE,2,> 0,,,1,116,技术参数,tech_specs,[高价值/易采集] 全族功率级耐压与绝缘设计红线。充电器需承受满充电压浪涌，保护IC需覆盖过充触发前的峰值电压。替代料必须≥原料防击穿。
pmic_schema_v1.0.00,pmic,l2,battery_management,continuous_current_max_a,最大连续充放电流,A,DOUBLE,2,> 0,,,1,117,技术参数,tech_specs,[高价值/易采集] 热设计与线径选择的功率公约数。充电IC对应最大充电电流，保护IC对应最大允许放电电流。替代料必须≥原料功率需求。
pmic_schema_v1.0.00,pmic,l2,battery_management,eccn_code,出口管制分类号,,VARCHAR,,"符合EAR格式，如EAR99, 3A001",,,1,106,交易参数,purchasing_attributes,[高价值/易采集] 美国EAR出口管制分类编码。决定跨境贸易合法性，替代料需保持可交付性，避免供货中断风险。
pmic_schema_v1.0.00,pmic,l2,battery_management,lead_free,无铅,,BOOLEAN,,NOT NULL,,,1,108,合规参数,regulatory_attributes,[高价值/易采集] 无铅焊接工艺兼容性标志。与RoHS协同约束产线焊接工艺，替代料需匹配产线锡膏体系。
pmic_schema_v1.0.00,pmic,l2,battery_management,lifecycle_status,生命周期状态,,VARCHAR,,"Active, NRND, Obsolete, Preview, LastTimeBuy",,,1,104,交易参数,purchasing_attributes,[高价值/易采集] 物料可得性红线。EOL/NRND状态自动触发替代推荐流程，Active为持续采购前提。
pmic_schema_v1.0.00,pmic,l2,battery_management,manufacturer,制造商,,VARCHAR,,NOT NULL,,,1,101,交易参数,purchasing_attributes,[高价值/易采集] 供应链溯源与替代审计根节点，决定采购渠道、原厂技术支持路径与真伪验证体系。替代选型时需评估跨厂兼容性风险。
pmic_schema_v1.0.00,pmic,l2,battery_management,mpn,制造商料号,,VARCHAR,,NOT NULL,,,1,102,交易参数,purchasing_attributes,[高价值/易采集] 全局唯一物料标识符，替代匹配的首要精确主键。BOM比对与替代推荐的绝对锚点。
pmic_schema_v1.0.00,pmic,l2,battery_management,msl_level,湿敏等级,,VARCHAR,,"1, 2, 2a, 3, 4, 5, 5a, 6",,,1,109,合规参数,regulatory_attributes,[高价值/易采集] 湿敏敏感等级，决定开封后SMT操作窗口期与烘烤工艺要求。替代料MSL等级必须≤原料，否则引发爆米花失效风险。
pmic_schema_v1.0.00,pmic,l2,battery_management,package_case,封装形式,,VARCHAR,,"NOT NULL，如QFN, DFN, SOP, WLCSP, SOT",,,1,110,封装参数,package_attributes,[高价值/易采集] PCB焊盘设计与贴片工艺的物理边界约束。替代料必须封装兼容或经过重新布板评估。
pmic_schema_v1.0.00,pmic,l2,battery_management,pkg_height_mm,封装体高度,mm,DOUBLE,2,> 0,,,1,113,封装参数,package_attributes,[高价值/易采集] 机械干涉与散热风道设计约束。替代需评估整机高度限制与散热路径兼容性。
pmic_schema_v1.0.00,pmic,l2,battery_management,pkg_length_mm,封装体长度,mm,DOUBLE,2,> 0,,,1,111,封装参数,package_attributes,[高价值/易采集] PCB布局占位红线。替代料需评估空间兼容性，尤其在高密度设计中为硬约束。
pmic_schema_v1.0.00,pmic,l2,battery_management,pkg_width_mm,封装体宽度,mm,DOUBLE,2,> 0,,,1,112,封装参数,package_attributes,[高价值/易采集] PCB布局占位红线。与pkg_length_mm共同确定封装占板面积，替代需满足空间约束。
pmic_schema_v1.0.00,pmic,l2,battery_management,quiescent_current_typ_ua,静态工作电流（典型值）,uA,DOUBLE,2,≥ 0,,,1,118,技术参数,tech_specs,[高价值/易采集] 待机/监测状态自耗电流，直接决定电池待机寿命。保护IC长期挂载电池侧，此参数尤为关键。替代料必须≤原料以避免自放电恶化。
pmic_schema_v1.0.00,pmic,l2,battery_management,reach,REACH合规,,BOOLEAN,,NOT NULL,,,1,105,合规参数,regulatory_attributes,[高价值/易采集] 欧盟SVHC化学品申报合规状态。替代料需保持同等或更严合规等级，避免地区法规锁定风险。
pmic_schema_v1.0.00,pmic,l2,battery_management,rohs_compliant,RoHS合规,,BOOLEAN,,NOT NULL,,,1,103,合规参数,regulatory_attributes,[高价值/易采集] 欧盟有害物质限制合规硬门槛。不满足则直接淘汰，不进入任何替代候选集合。
pmic_schema_v1.0.00,pmic,l2,battery_management,temp_max_c,最高工作温度,℃,DOUBLE,2,70 ~ 175,,,1,115,技术参数,tech_specs,[高价值/易采集] 器件热失效上限。替代料必须≥原料以保证高温裕量，决定散热设计与可靠性边界。
pmic_schema_v1.0.00,pmic,l2,battery_management,temp_min_c,最低工作温度,℃,DOUBLE,2,-65 ~ 0,,,1,114,技术参数,tech_specs,[高价值/易采集] 器件冷启动能力边界。替代料必须≤原料以覆盖系统最低环境温度，工业/车规选型强制红线。
pmic_schema_v1.0.00,pmic,l2,linear_regulator_reference,aec_q_level,汽车级认证等级,,VARCHAR,,AEC-Q100 / AEC-Q101 / AEC-Q200 / None,,,1,107,合规参数,regulatory_attributes,[高价值/易采集] 汽车电子可靠性认证准入门槛。车规选型强制约束，替代料AEC等级必须≥原料。None=非车规器件。
pmic_schema_v1.0.00,pmic,l2,linear_regulator_reference,eccn_code,出口管制分类编号,,VARCHAR,,符合EAR格式，如 EAR99 / 3A001,,,1,106,交易参数,purchasing_attributes,[高价值/易采集] 美国EAR出口管制分类码。决定跨境采购合规性，替代料需核查ECCN一致性，跨区域供应链必核字段。
pmic_schema_v1.0.00,pmic,l2,linear_regulator_reference,input_voltage_max_v,最大输入电压,V,DOUBLE,2,> 0,,,1,113,技术参数,tech_specs,[高价值/易采集] 器件允许的绝对最大输入电压上限，过压失效红线。替代料input_voltage_max_v必须≥原料，防止过压损毁。通常范围1.5~60V。
pmic_schema_v1.0.00,pmic,l2,linear_regulator_reference,input_voltage_min_v,最小输入电压,V,DOUBLE,2,> 0,,,1,114,技术参数,tech_specs,[高价值/易采集] 器件正常工作所需最低输入电压，低压启动能力边界。替代料input_voltage_min_v必须≤原料，确保低压场景可正常启动。通常范围1.0~40V。
pmic_schema_v1.0.00,pmic,l2,linear_regulator_reference,is_output_adjustable,输出电压是否可调,,BOOLEAN,,TRUE / FALSE,,,1,117,技术参数,tech_specs,[高价值/易采集] 标识输出电压是否可通过外部电阻网络调节。TRUE=可调；FALSE=固定输出。替代时可调/固定属性必须一致，否则需重新设计外围分压电路，是外围电路兼容性的路由分流字段。
pmic_schema_v1.0.00,pmic,l2,linear_regulator_reference,lead_free,无铅,,BOOLEAN,,TRUE / FALSE,,,1,108,合规参数,regulatory_attributes,[高价值/易采集] 焊料与引脚镀层无铅合规标识。TRUE=无铅；FALSE=含铅。与RoHS联动，替代料必须与产线锡膏体系一致。
pmic_schema_v1.0.00,pmic,l2,linear_regulator_reference,lifecycle_status,生命周期状态,,VARCHAR,,Active / NRND / EOL / Obsolete,,,1,104,交易参数,purchasing_attributes,[高价值/易采集] 供应链可持续性红线。Active=量产可采购；NRND=不推荐新设计；EOL=停产预警；Obsolete=已停产。替代选型必须优先选Active，NRND/EOL需强制触发替代流程。
pmic_schema_v1.0.00,pmic,l2,linear_regulator_reference,manufacturer,制造商,,VARCHAR,,非空字符串,,,1,101,技术参数,tech_specs,[高价值/易采集] 供应链溯源与多源替代候选池锁定基础字段。替代时优先同厂升级，跨厂需核查Pin-to-Pin兼容性。
pmic_schema_v1.0.00,pmic,l2,linear_regulator_reference,mpn,制造商料号,,VARCHAR,,非空字符串，全局唯一,,,1,102,技术参数,tech_specs,[高价值/易采集] 全局唯一物料标识符，替代映射与BOM去重的精确锚点，选型系统主键。
pmic_schema_v1.0.00,pmic,l2,linear_regulator_reference,msl_level,湿敏等级,,VARCHAR,,1 / 2 / 2a / 3 / 4 / 5 / 5a / 6,,,1,109,合规参数,regulatory_attributes,[高价值/易采集] IPC/JEDEC J-STD-020湿敏等级。决定开封后存储时限与回流焊前烘烤要求，替代料MSL等级数字必须≤原料（等级数字越小越宽松）。
pmic_schema_v1.0.00,pmic,l2,linear_regulator_reference,output_current_max_ma,最大输出电流,mA,DOUBLE,2,> 0,,,1,116,技术参数,tech_specs,[高价值/易采集] 器件额定最大持续输出电流，负载驱动能力与热设计生死线。LDO看负载电流，基准源看驱动ADC/DAC参考输入能力。替代料output_current_max_ma必须≥原料。
pmic_schema_v1.0.00,pmic,l2,linear_regulator_reference,output_voltage_v,标称输出电压,V,DOUBLE,2,> 0,,,1,115,技术参数,tech_specs,[高价值/易采集] 器件标称输出电压，系统电压轨定义核心。LDO固定型填标称值，可调型填中心值；基准源填精确基准电压值。替代料输出电压必须严格匹配，是选型第一过滤条件。
pmic_schema_v1.0.00,pmic,l2,linear_regulator_reference,package_case,封装形式,,VARCHAR,,如 SOT-23-5 / SOT-223 / TO-252 / DFN-6 / SOT-23-3,,,1,110,封装参数,package_attributes,[高价值/易采集] 元件封装类型，决定PCB焊盘设计与贴装工艺兼容性。替代料封装必须完全一致方可直接替换，否则需重新Layout。
pmic_schema_v1.0.00,pmic,l2,linear_regulator_reference,reach,REACH合规,,VARCHAR,,Compliant / Non-Compliant / Unknown,,,1,105,合规参数,regulatory_attributes,[高价值/易采集] 欧盟SVHC化学品管控合规状态。Compliant=合规；Non-Compliant=含受限物质；Unknown=待确认。受限市场替代需满足同等级。
pmic_schema_v1.0.00,pmic,l2,linear_regulator_reference,rohs_compliant,RoHS合规,,BOOLEAN,,TRUE / FALSE,,,1,103,合规参数,regulatory_attributes,[高价值/易采集] 欧盟有害物质限制指令合规底线。TRUE=符合；FALSE=豁免或不符合。替代料必须与原料一致或更严格，不满足则直接淘汰。
pmic_schema_v1.0.00,pmic,l2,linear_regulator_reference,temp_max_c,最高工作温度,℃,DOUBLE,2,70 ~ 175,,,1,112,技术参数,tech_specs,[高价值/易采集] 器件额定工作温度上限，热失效边界。替代料temp_max_c必须≥原料，确保覆盖应用最高温度场景。
pmic_schema_v1.0.00,pmic,l2,linear_regulator_reference,temp_min_c,最低工作温度,℃,DOUBLE,2,-65 ~ 0,,,1,111,技术参数,tech_specs,[高价值/易采集] 器件额定工作温度下限，环境适配物理底线。替代料temp_min_c必须≤原料，确保覆盖应用最低温度场景。
pmic_schema_v1.0.00,pmic,l2,power_distribution_switch,aec_q_level,汽车级认证等级,,VARCHAR,,AEC-Q100 / AEC-Q101 / AEC-Q200 / NULL,,,1,107,合规参数,regulatory_attributes,[L2强制底线] 车规准入硬门槛，车规场景替代必须≥原料等级，非车规场景填NULL。
pmic_schema_v1.0.00,pmic,l2,power_distribution_switch,eccn_code,出口管制分类号,,VARCHAR,,如 EAR99 / 3A001.a 等,,,1,106,交易参数,purchasing_attributes,[L2强制底线] 美国EAR出口管制编码，跨境采购合规必查，替代料需保持可出口性一致。
pmic_schema_v1.0.00,pmic,l2,power_distribution_switch,iout_max_a,最大持续输出电流,A,DOUBLE,2,> 0,,,1,117,技术参数,tech_specs,[高价值/易采集] 家族公共载流能力红线，热设计与PCB铜宽计算直接输入，替代料必须≥原料（同散热条件下）。
pmic_schema_v1.0.00,pmic,l2,power_distribution_switch,lead_free,无铅,,BOOLEAN,,TRUE / FALSE,,,1,108,合规参数,regulatory_attributes,[L2强制底线] 焊接工艺合规红线，与RoHS联动，替代料需与产线锡膏体系匹配。
pmic_schema_v1.0.00,pmic,l2,power_distribution_switch,lifecycle_status,生命周期状态,,VARCHAR,,Active / NRND / Obsolete / Preview / Last_Time_Buy,,,1,104,交易参数,purchasing_attributes,[L2强制底线] 供应链可得性红线，NRND/Obsolete状态禁止新设计导入，替代选型首要过滤条件。
pmic_schema_v1.0.00,pmic,l2,power_distribution_switch,manufacturer,制造商,,VARCHAR,,非空字符串,,,1,101,交易参数,purchasing_attributes,[L2强制底线] 供应链溯源与多源替代候选池锁定，选型替代第一维度，禁止为空。
pmic_schema_v1.0.00,pmic,l2,power_distribution_switch,mpn,制造商料号,,VARCHAR,,非空字符串，全局唯一,,,1,102,交易参数,purchasing_attributes,[L2强制底线] 全局唯一物料身份码，替代匹配精确锚点，全库唯一，禁止重复。
pmic_schema_v1.0.00,pmic,l2,power_distribution_switch,msl_level,湿敏等级,,VARCHAR,,MSL1 / MSL2 / MSL2a / MSL3 / MSL4 / MSL5 / MSL5a / MSL6,,,1,109,合规参数,regulatory_attributes,[L2强制底线] IPC/JEDEC J-STD-020湿敏等级，决定产线烘烤工艺与存储成本，替代料MSL升高将直接增加制造风险。
pmic_schema_v1.0.00,pmic,l2,power_distribution_switch,package_case,封装形式,,VARCHAR,,如 SOT-23-5 / DFN-2x2-6 / WLCSP / QFN-16 等,,,1,110,封装参数,package_attributes,[L2强制底线] PCB布局与焊盘设计强制匹配项，封装不兼容则不可直接替代，替代料封装必须一致或经验证兼容。
pmic_schema_v1.0.00,pmic,l2,power_distribution_switch,pkg_height_mm,封装体高度,mm,DOUBLE,2,> 0,,,1,115,封装参数,package_attributes,[L2强制底线] 整机限高场景硬约束，低矮封装场景替代料必须满足高度上限。
pmic_schema_v1.0.00,pmic,l2,power_distribution_switch,pkg_length_mm,封装体长度,mm,DOUBLE,2,> 0,,,1,113,封装参数,package_attributes,[L2强制底线] PCB布局机械约束红线，替代料封装变大可能触发结构干涉，需与焊盘文件严格匹配。
pmic_schema_v1.0.00,pmic,l2,power_distribution_switch,pkg_width_mm,封装体宽度,mm,DOUBLE,2,> 0,,,1,114,封装参数,package_attributes,[L2强制底线] PCB布局机械约束红线，与pkg_length_mm联合确定封装占位面积。
pmic_schema_v1.0.00,pmic,l2,power_distribution_switch,rds_on_max_mohm,最大导通电阻,mΩ,DOUBLE,2,> 0,,,1,118,技术参数,tech_specs,[高价值/易采集] 家族公共效率与压降核心，低压大电流场景压降直接影响系统效率与温升，替代料必须≤原料。取max值保证最差情况可比性。
pmic_schema_v1.0.00,pmic,l2,power_distribution_switch,reach,REACH合规,,BOOLEAN,,TRUE / FALSE,,,1,105,合规参数,regulatory_attributes,[L2强制底线] 欧盟SVHC化学品法规准入门槛，欧洲市场出货强制审查项，FALSE直接阻断。
pmic_schema_v1.0.00,pmic,l2,power_distribution_switch,rohs_compliant,RoHS合规,,BOOLEAN,,TRUE / FALSE,,,1,103,合规参数,regulatory_attributes,[L2强制底线] 环保准入硬门槛，欧盟/中国市场强制合规，FALSE直接淘汰，替代料必须同等级。
pmic_schema_v1.0.00,pmic,l2,power_distribution_switch,temp_max_c,最高工作温度,℃,DOUBLE,2,70 ~ 175,,,1,112,技术参数,tech_specs,[L2强制底线] 热设计天花板，替代料必须≥原料，工业级85℃、车规125℃为典型红线，超限导致热失效。
pmic_schema_v1.0.00,pmic,l2,power_distribution_switch,temp_min_c,最低工作温度,℃,DOUBLE,2,-65 ~ 0,,,1,111,技术参数,tech_specs,[L2强制底线] 环境适应性下限，替代料必须≤原料以保证宽温覆盖，车规-40℃、军工-55℃为典型红线。
pmic_schema_v1.0.00,pmic,l2,power_distribution_switch,vin_max_v,最大输入电压,V,DOUBLE,2,> 0,,,1,116,技术参数,tech_specs,[高价值/易采集] 家族公共电压耐压红线，系统电源轨匹配首要过滤条件，超过即击穿，替代料必须≥原料，建议留20%裕量。
pmic_schema_v1.0.00,pmic,l2,power_supervisor,aec_q_level,车规认证等级,,VARCHAR,,AEC-Q100 / AEC-Q101 / AEC-Q200 / None / NULL,,,1,107,合规参数,regulatory_attributes,[高价值/易采集] AEC-Q 车规可靠性认证等级。车载系统强制准入门槛，替代料等级须 >= 原料等级，Q100 为 IC 类车规底线。
pmic_schema_v1.0.00,pmic,l2,power_supervisor,eccn_code,出口管制分类号,,VARCHAR,,符合 EAR 格式，如 EAR99 / 3A001.a,,,1,106,交易参数,purchasing_attributes,[高价值/易采集] 美国 EAR 出口管制分类编码。决定跨境采购合规路径，替代料需核查 ECCN 一致性，避免合规审计风险。
pmic_schema_v1.0.00,pmic,l2,power_supervisor,lead_free,无铅工艺,,BOOLEAN,,NOT NULL,,,1,108,合规参数,regulatory_attributes,[高价值/易采集] 无铅焊接工艺标识。影响 SMT 回流焊温度曲线兼容性，替代料须工艺一致，避免有铅/无铅混用导致焊接缺陷。
pmic_schema_v1.0.00,pmic,l2,power_supervisor,lifecycle_status,生命周期状态,,VARCHAR,,Active / NRND / EOL / Discontinued / Preview,,,1,104,交易参数,purchasing_attributes,[高价值/易采集] 产品供应风险评估核心字段。Active 方可选型，NRND/EOL 状态触发强制替代流程，替代优先选 Active 状态器件。
pmic_schema_v1.0.00,pmic,l2,power_supervisor,manufacturer,制造商,,VARCHAR,,NOT NULL,,,1,101,交易参数,purchasing_attributes,[高价值/易采集] 供应链溯源与品牌替代决策根键。替代选型时优先同厂同系列，次选跨厂参数兼容验证。
pmic_schema_v1.0.00,pmic,l2,power_supervisor,mpn,制造商料号,,VARCHAR,,NOT NULL,,,1,102,交易参数,purchasing_attributes,[高价值/易采集] 全局唯一物料身份标识，替代映射的核心锚点，支持精确匹配与交叉引用检索。
pmic_schema_v1.0.00,pmic,l2,power_supervisor,msl_level,湿敏等级,,VARCHAR,,1 / 2 / 2a / 3 / 4 / 5 / 5a / 6,,,1,109,合规参数,regulatory_attributes,[高价值/易采集] IPC/JEDEC J-STD-020 湿度敏感等级。决定开封后存储时限与贴片前烘烤要求，替代料 MSL 须 <= 原料以避免工艺升级成本。
pmic_schema_v1.0.00,pmic,l2,power_supervisor,package_case,封装形式,,VARCHAR,,NOT NULL,,,1,110,封装参数,package_attributes,[高价值/易采集] 标准封装代码（如 SOT-23-5、SC-70-6、TSOT-23-6）。决定 PCB 焊盘兼容性与自动化贴片工艺，替代料封装须完全 pin-to-pin 兼容。
pmic_schema_v1.0.00,pmic,l2,power_supervisor,pkg_height_mm,封装体高度,mm,DOUBLE,2,> 0,,,1,119,封装参数,package_attributes,[高价值/易采集] 整机空间净高约束。替代料 pkg_height_mm <= 系统允许最大器件高度，低剖面设计敏感指标。
pmic_schema_v1.0.00,pmic,l2,power_supervisor,pkg_length_mm,封装体长度,mm,DOUBLE,2,> 0,,,1,117,封装参数,package_attributes,[高价值/易采集] PCB 布局占位红线。与 pkg_width_mm 联合约束焊盘 footprint 兼容性，替代料封装尺寸须在 PCB 允许范围内。
pmic_schema_v1.0.00,pmic,l2,power_supervisor,pkg_width_mm,封装体宽度,mm,DOUBLE,2,> 0,,,1,118,封装参数,package_attributes,[高价值/易采集] PCB 布局占位红线。与 pkg_length_mm 联合确定封装 footprint，替代料须 footprint 兼容。
pmic_schema_v1.0.00,pmic,l2,power_supervisor,reach,REACH合规,,BOOLEAN,,NOT NULL,,,1,105,合规参数,regulatory_attributes,[高价值/易采集] 欧盟 REACH SVHC 化学品注册法规门槛。欧盟市场准入强制要求，替代料须保持同等合规状态。
pmic_schema_v1.0.00,pmic,l2,power_supervisor,reset_output_type,复位输出类型,,VARCHAR,,Push-Pull / Open-Drain / Open-Collector,,,1,116,技术参数,tech_specs,[高价值/易采集] 复位输出引脚的驱动结构。Open-Drain 需外接上拉电阻且可灵活适配不同逻辑电平，Push-Pull 无需上拉但电平固定。替代料输出类型须与 PCB 上拉设计兼容，类型不同必须改板。
pmic_schema_v1.0.00,pmic,l2,power_supervisor,reset_polarity,复位输出有效极性,,VARCHAR,,Active-High / Active-Low,,,1,115,技术参数,tech_specs,[高价值/易采集] 复位信号输出的有效电平方向。与 MCU 复位引脚电平匹配的硬约束，替代料极性必须与目标 MCU 复位引脚一致，否则需外加反相器或改板。
pmic_schema_v1.0.00,pmic,l2,power_supervisor,rohs_compliant,RoHS合规,,BOOLEAN,,NOT NULL,,,1,103,合规参数,regulatory_attributes,[高价值/易采集] 欧盟有害物质限制指令合规门槛。不满足则直接阻断选型，替代料必须保持同等或更高合规等级。
pmic_schema_v1.0.00,pmic,l2,power_supervisor,supply_voltage_max_v,最大供电电压,V,DOUBLE,2,1.0 ~ 18.0,,,1,114,技术参数,tech_specs,[高价值/易采集] 器件自身正常工作所允许最高 VCC 电压。过压保护红线，替代料 supply_voltage_max_v >= 系统最高供电电压，防止器件损毁。
pmic_schema_v1.0.00,pmic,l2,power_supervisor,supply_voltage_min_v,最小供电电压,V,DOUBLE,2,0.5 ~ 5.5,,,1,113,技术参数,tech_specs,[高价值/易采集] 器件自身正常工作所需最低 VCC 电压。决定能否在低压系统（1.8V / 3.3V）中正常运行，替代料 supply_voltage_min_v <= 系统最低供电电压。
pmic_schema_v1.0.00,pmic,l2,power_supervisor,temp_max_c,最高工作温度,℃,DOUBLE,2,70 ~ 175,,,1,112,技术参数,tech_specs,[高价值/易采集] 器件额定最高工作环境温度。系统热设计天花板，替代料 temp_max_c 须 >= 原料，工业级 85℃ / 车规 125℃ 为常见分界。
pmic_schema_v1.0.00,pmic,l2,power_supervisor,temp_min_c,最低工作温度,℃,DOUBLE,2,-65 ~ 0,,,1,111,技术参数,tech_specs,[高价值/易采集] 器件额定最低工作环境温度。系统热设计底线，替代料 temp_min_c 须 <= 原料，确保低温启动可靠性不降级。
pmic_schema_v1.0.00,pmic,l2,protocol_power_controller,aec_q_level,汽车级认证等级,,VARCHAR,,"'AEC-Q100','AEC-Q101','AEC-Q200','None',NULL",,,1,107,合规参数,regulatory_attributes,[L2通用底线] AEC-Q车规认证等级。车载应用强制准入门槛，替代料需≥原料等级，非车规场景填NULL。
pmic_schema_v1.0.00,pmic,l2,protocol_power_controller,eccn_code,出口管制分类号,,VARCHAR,,"格式如 'EAR99','3A991.a',NULL",,,1,106,交易参数,purchasing_attributes,[L2通用底线] 美国EAR出口管制分类编号。决定跨境贸易合规性，替代料必须同等级或更低限制，涉及军民两用管控风险。
pmic_schema_v1.0.00,pmic,l2,protocol_power_controller,host_interface_type,主控通信接口类型,,VARCHAR,,"'I2C','SPI','UART','GPIO_Only','Standalone'",,,1,119,技术参数,tech_specs,[L2家族公共/高价值/易采集] 与主控MCU/SoC的通信总线类型。决定固件驱动兼容性与配置方式，替代料接口类型必须一致，否则需重写驱动。Standalone表示无需主控的独立工作模式。
pmic_schema_v1.0.00,pmic,l2,protocol_power_controller,iq_ua,静态工作电流,µA,DOUBLE,2,> 0,,,1,121,技术参数,tech_specs,[L2家族公共/高价值/易采集] 空载/待机状态下器件自身消耗电流。便携设备待机功耗预算的决定性参数，替代料需≤原料数值以保证续航目标。
pmic_schema_v1.0.00,pmic,l2,protocol_power_controller,lead_free,无铅,,BOOLEAN,,NOT NULL,,,1,108,合规参数,regulatory_attributes,[L2通用底线] 是否为无铅工艺。与RoHS联动，决定焊接工艺兼容性，混用有铅/无铅将导致可靠性失效，替代必须与产线匹配。
pmic_schema_v1.0.00,pmic,l2,protocol_power_controller,lifecycle_status,生命周期状态,,VARCHAR,,"'Active','NRND','EOL','Discontinued','Preview'",,,1,104,交易参数,purchasing_attributes,[L2通用底线] 产品当前生命周期阶段。直接决定可采购性与长期供货风险，新设计禁用EOL/NRND料，替代优选Active。
pmic_schema_v1.0.00,pmic,l2,protocol_power_controller,manufacturer,制造商,,VARCHAR,,NOT NULL,,,1,101,交易参数,purchasing_attributes,[L2通用底线] 元器件官方制造商全称。供应链溯源与替代筛选的首要过滤维度，决定授权渠道与二级来源可用性边界。
pmic_schema_v1.0.00,pmic,l2,protocol_power_controller,mpn,制造商料号,,VARCHAR,,NOT NULL,,,1,102,交易参数,purchasing_attributes,[L2通用底线] 制造商官方物料编号，全局唯一标识符。替代选型精确匹配主键，去重与数据合并的硬锚点。
pmic_schema_v1.0.00,pmic,l2,protocol_power_controller,msl_level,湿敏等级,,VARCHAR,,"'1','2','2a','3','4','5','5a','6'",,,1,109,合规参数,regulatory_attributes,[L2通用底线] 湿度敏感等级(IPC/JEDEC J-STD-020)。决定存储与贴片烘烤工艺要求，替代料MSL需≤原料等级以降低制程风险。
pmic_schema_v1.0.00,pmic,l2,protocol_power_controller,package_case,封装形式,,VARCHAR,,"如 'QFN-24','WLCSP-16','TSSOP-20'",,,1,110,封装参数,package_attributes,[L2通用底线] 元器件标准封装代号。决定PCB焊盘设计与贴片工艺，替代料必须封装完全兼容，否则需重新布板。
pmic_schema_v1.0.00,pmic,l2,protocol_power_controller,pkg_height_mm,封装体高度,mm,DOUBLE,2,> 0,,,1,115,封装参数,package_attributes,[L2通用底线] 封装体标准高度。决定整机结构净空要求，薄型设计场景的强制过滤维度。
pmic_schema_v1.0.00,pmic,l2,protocol_power_controller,pkg_length_mm,封装体长度,mm,DOUBLE,2,> 0,,,1,113,封装参数,package_attributes,[L2通用底线] 封装体标准长度。PCB布局空间约束红线，替代料超出此值将导致无法布板。
pmic_schema_v1.0.00,pmic,l2,protocol_power_controller,pkg_width_mm,封装体宽度,mm,DOUBLE,2,> 0,,,1,114,封装参数,package_attributes,[L2通用底线] 封装体标准宽度。与长度共同决定占板面积，替代料需在PCB可用空间内。
pmic_schema_v1.0.00,pmic,l2,protocol_power_controller,power_path_current_max_a,功率路径最大电流,A,DOUBLE,2,> 0,,,1,118,技术参数,tech_specs,[L2家族公共/高价值/易采集] 协议控制器可管控的功率路径最大持续电流。系统热设计与线损计算核心红线，替代料需≥原料以避免降额或过热失效。
pmic_schema_v1.0.00,pmic,l2,protocol_power_controller,reach,REACH合规,,BOOLEAN,,NOT NULL,,,1,105,合规参数,regulatory_attributes,[L2通用底线] 是否符合REACH SVHC法规。欧盟化学品合规强制要求，影响全球供应链准入资格，替代料必须同等合规。
pmic_schema_v1.0.00,pmic,l2,protocol_power_controller,rohs_compliant,RoHS合规,,BOOLEAN,,NOT NULL,,,1,103,合规参数,regulatory_attributes,[L2通用底线] 是否符合RoHS有害物质限制指令。欧盟市场准入硬性门槛，替代料必须同等级，不符合直接淘汰。
pmic_schema_v1.0.00,pmic,l2,protocol_power_controller,temp_max_c,最高工作温度,℃,DOUBLE,2,70 ~ 175,,,1,112,技术参数,tech_specs,[L2通用底线] 器件额定最高工作温度。系统热设计红线，替代料需≥原料数值以覆盖系统最高温要求。
pmic_schema_v1.0.00,pmic,l2,protocol_power_controller,temp_min_c,最低工作温度,℃,DOUBLE,2,-65 ~ 0,,,1,111,技术参数,tech_specs,[L2通用底线] 器件额定最低工作温度。系统热设计底线，替代料需≤原料数值以覆盖系统最低温要求。
pmic_schema_v1.0.00,pmic,l2,protocol_power_controller,typec_port_count,Type-C端口数量,,BIGINT,,>= 1,,,1,120,技术参数,tech_specs,[L2家族公共/高价值/易采集] 器件可管控的Type-C端口总数。决定多口充电架构的BOM拓扑，替代料端口数需≥原料，否则需增加额外控制器。
pmic_schema_v1.0.00,pmic,l2,protocol_power_controller,vin_max_v,最大输入电压,V,DOUBLE,2,> 0,,,1,117,技术参数,tech_specs,[L2家族公共/高价值/易采集] 协议控制器自身VDD供电轨最高耐压。决定前端保护网络设计裕量，替代料需≥原料以防过压击穿。
pmic_schema_v1.0.00,pmic,l2,protocol_power_controller,vin_min_v,最小输入电压,V,DOUBLE,2,> 0,,,1,116,技术参数,tech_specs,[L2家族公共/高价值/易采集] 协议控制器自身VDD供电轨最低电压。决定能否由系统最低电源轨直接供电，替代料需≤原料以保证低压启动能力。
pmic_schema_v1.0.00,pmic,l2,switching_controller,aec_q_level,车规认证等级,,VARCHAR,,AEC-Q100 / AEC-Q101 / AEC-Q200 / NULL,,,1,107,合规参数,regulatory_attributes,[高价值/易采集] 车载场景可靠性准入门槛。替代料等级须≥原料，非车规场景填NULL。
pmic_schema_v1.0.00,pmic,l2,switching_controller,control_mode,控制模式,,VARCHAR,,Voltage_Mode / Peak_Current_Mode / Average_Current_Mode / COT / Hysteretic,,,1,120,技术参数,tech_specs,[高价值/易采集] 误差放大器与调制方式。决定外围补偿网络设计复杂度与瞬态响应特性，替代料控制模式须一致，否则需重新设计补偿网络。
pmic_schema_v1.0.00,pmic,l2,switching_controller,ctrl_topology_type,拓扑路由类型,,VARCHAR,,Buck / Isolated,,,1,119,技术参数,tech_specs,[高价值/易采集] L3路由决策字段。Buck与Isolated物理架构互斥，决定ext_attributes解析路径，替代料拓扑必须严格一致。
pmic_schema_v1.0.00,pmic,l2,switching_controller,eccn_code,出口管制分类号,,VARCHAR,,符合EAR格式，如 EAR99 / 3A001.a,,,1,106,交易参数,purchasing_attributes,[高价值/易采集] 美国EAR出口管制编码。跨境采购合规红线，替代料需满足同等或更宽松的流通性。
pmic_schema_v1.0.00,pmic,l2,switching_controller,fsw_max_khz,最大开关频率,kHz,DOUBLE,2,> 0,,,1,118,技术参数,tech_specs,[高价值/易采集] 控制器可支持的最高开关频率。决定磁性元件尺寸上限与EMI频谱，替代料须≥原料设计频率。
pmic_schema_v1.0.00,pmic,l2,switching_controller,lead_free,无铅,,BOOLEAN,,TRUE / FALSE,,,1,108,合规参数,regulatory_attributes,[高价值/易采集] 焊接工艺兼容性底线。替代料须与原料一致，避免产线混用风险。
pmic_schema_v1.0.00,pmic,l2,switching_controller,lifecycle_status,生命周期状态,,VARCHAR,,Active / NRND / EOL / Discontinued / Preview,,,1,104,交易参数,purchasing_attributes,[高价值/易采集] 供应链存活红线。EOL/NRND直接触发强制替代搜寻，Active为可采购基线。
pmic_schema_v1.0.00,pmic,l2,switching_controller,manufacturer,制造商,,VARCHAR,,非空字符串,,,1,101,交易参数,purchasing_attributes,[高价值/易采集] 供应链溯源锚点。替代选型的品牌分组基础，跨厂替代需额外验证时序与引脚兼容性。
pmic_schema_v1.0.00,pmic,l2,switching_controller,mpn,制造商料号,,VARCHAR,,非空字符串，全局唯一,,,1,102,交易参数,purchasing_attributes,[高价值/易采集] 全局唯一物料身份证。BOM去重与替代关系建立的硬主键，不可为空。
pmic_schema_v1.0.00,pmic,l2,switching_controller,msl_level,湿敏等级,,VARCHAR,,1 / 2 / 2a / 3 / 4 / 5 / 5a / 6,,,1,109,合规参数,regulatory_attributes,[高价值/易采集] IPC/JEDEC J-STD-020潮气敏感等级。决定存储与贴片烘烤要求，替代料须≤原料等级防爆米花失效。
pmic_schema_v1.0.00,pmic,l2,switching_controller,output_channel_count,输出通道数,,BIGINT,,≥ 1,,,1,121,技术参数,tech_specs,[高价值/易采集] 控制器可独立控制的输出轨道数量。多轨电源系统架构硬约束，替代料须≥原料通道数。
pmic_schema_v1.0.00,pmic,l2,switching_controller,package_case,封装形式,,VARCHAR,,符合JEDEC/IPC封装命名规范,,,1,110,封装参数,package_attributes,[高价值/易采集] 标准封装代码（如SOIC-8、QFN-20）。PCB焊盘兼容性硬约束，替代料封装须完全一致或经布局评估。
pmic_schema_v1.0.00,pmic,l2,switching_controller,pkg_height_mm,封装体高度,mm,DOUBLE,2,> 0,,,1,115,封装参数,package_attributes,[高价值/易采集] 板间距与薄型化设计约束。替代料高度须≤原料以兼容机构空间。
pmic_schema_v1.0.00,pmic,l2,switching_controller,pkg_length_mm,封装体长度,mm,DOUBLE,2,> 0,,,1,113,封装参数,package_attributes,[高价值/易采集] PCB布局纵向占位红线。替代料须在原焊盘空间内兼容。
pmic_schema_v1.0.00,pmic,l2,switching_controller,pkg_width_mm,封装体宽度,mm,DOUBLE,2,> 0,,,1,114,封装参数,package_attributes,[高价值/易采集] PCB布局横向占位红线。与长度共同决定封装Footprint兼容性。
pmic_schema_v1.0.00,pmic,l2,switching_controller,reach,REACH合规,,BOOLEAN,,TRUE / FALSE,,,1,105,合规参数,regulatory_attributes,[高价值/易采集] 欧盟SVHC化学品管控准入条件。跨区域出货与替代筛选的法规底线。
pmic_schema_v1.0.00,pmic,l2,switching_controller,rohs_compliant,RoHS合规,,BOOLEAN,,TRUE / FALSE,,,1,103,合规参数,regulatory_attributes,[高价值/易采集] 欧盟市场准入硬门槛。替代料必须与原料一致，FALSE直接淘汰出欧盟供应链。
pmic_schema_v1.0.00,pmic,l2,switching_controller,temp_max_c,最高工作温度,℃,DOUBLE,2,70 ~ 175,,,1,112,技术参数,tech_specs,[高价值/易采集] 工作温度上限。替代料须≥原料，高温场景热失控红线。
pmic_schema_v1.0.00,pmic,l2,switching_controller,temp_min_c,最低工作温度,℃,DOUBLE,2,-55 ~ 0,,,1,111,技术参数,tech_specs,[高价值/易采集] 工作温度下限（结温或环境温度，以规格书定义为准）。替代料须≤原料，保障全温域覆盖。
pmic_schema_v1.0.00,pmic,l2,switching_controller,vin_max_v,最大输入电压,V,DOUBLE,2,> vin_min_v,,,1,117,技术参数,tech_specs,[高价值/易采集] 控制器VIN引脚绝对最大额定电压。系统浪涌耐压红线，替代料须≥原料防击穿。
pmic_schema_v1.0.00,pmic,l2,switching_controller,vin_min_v,最小输入电压,V,DOUBLE,2,> 0,,,1,116,技术参数,tech_specs,[高价值/易采集] 控制器VIN引脚UVLO启动下限。决定能否在系统最低母线电压下正常启动，替代料须≤原料。
pmic_schema_v1.0.00,pmic,l2,switching_dcdc_converter,aec_q_level,汽车级认证等级,,VARCHAR,,AEC-Q100 / AEC-Q101 / AEC-Q200 / None,,,1,107,合规参数,regulatory_attributes,[L2底线/高价值/易采集] AEC-Q车规可靠性认证等级。车规项目选型硬门槛，替代料等级必须 >= 原料，None直接排除汽车场景。
pmic_schema_v1.0.00,pmic,l2,switching_dcdc_converter,eccn_code,出口管制分类号,,VARCHAR,,符合EAR格式，如 EAR99 / 3A001.a,,,1,106,交易参数,purchasing_attributes,[L2底线/高价值/易采集] 美国EAR出口管制分类编码。决定跨境采购合规性，替代料ECCN需同码或更宽松（如EAR99）。
pmic_schema_v1.0.00,pmic,l2,switching_dcdc_converter,fsw_khz,开关频率,kHz,DOUBLE,2,> 0,,,1,119,技术参数,tech_specs,[家族公共/高价值/易采集] 内部功率开关典型工作频率（固定频率型填标称值，可调型填典型值）。决定外围电感/电容选型尺寸与EMI特性，替代料fsw_khz偏差超过±20%需重新评估磁性元件与滤波器设计。
pmic_schema_v1.0.00,pmic,l2,switching_dcdc_converter,has_integrated_switch,是否集成功率开关,,BOOLEAN,,TRUE / FALSE,,,1,120,技术参数,tech_specs,[家族公共/高价值/易采集] 功率MOSFET是否集成于IC内部（TRUE=集成型Controller+Driver+FET；FALSE=外置FET控制器型）。决定外围电路架构复杂度与BOM，替代时拓扑类型必须一致，否则需完整重新设计驱动电
pmic_schema_v1.0.00,pmic,l2,switching_dcdc_converter,iout_max_a,最大输出电流,A,DOUBLE,2,> 0,,,1,118,技术参数,tech_specs,[家族公共/高价值/易采集] 所有开关DC-DC共性带载能力生死线。额定最大连续输出电流，替代料iout_max_a必须 >= 原料以覆盖最大负载需求（含降额裕量）。
pmic_schema_v1.0.00,pmic,l2,switching_dcdc_converter,lead_free,无铅,,BOOLEAN,,TRUE / FALSE,,,1,108,合规参数,regulatory_attributes,[L2底线/高价值/易采集] 是否采用无铅工艺。焊接工艺兼容性判据，无铅产线替代料必须为TRUE，混用导致可靠性风险。
pmic_schema_v1.0.00,pmic,l2,switching_dcdc_converter,lifecycle_status,生命周期状态,,VARCHAR,,Active / NRND / Obsolete / Preview,,,1,104,交易参数,purchasing_attributes,[L2底线/高价值/易采集] 物料当前供应生命周期阶段。NRND/Obsolete直接阻断选型，替代必须优先选Active状态物料。
pmic_schema_v1.0.00,pmic,l2,switching_dcdc_converter,manufacturer,制造商,,VARCHAR,,非空字符串,,,1,101,交易参数,purchasing_attributes,[L2底线/高价值/易采集] 原厂品牌唯一标识。供应链溯源与替代认证基准，同厂Pin-Compatible概率更高，替代选型优先评估同厂方案。
pmic_schema_v1.0.00,pmic,l2,switching_dcdc_converter,mpn,制造商料号,,VARCHAR,,非空字符串，全局唯一,,,1,102,交易参数,purchasing_attributes,[L2底线/高价值/易采集] 全局唯一物料身份证。BOM匹配与替代关系建立的硬主键，全局唯一不可重复。
pmic_schema_v1.0.00,pmic,l2,switching_dcdc_converter,msl_level,湿敏等级,,VARCHAR,,1 / 2 / 2a / 3 / 4 / 5 / 5a / 6,,,1,109,合规参数,regulatory_attributes,[L2底线/高价值/易采集] IPC/JEDEC J-STD-020湿度敏感等级。决定存储条件与贴片前烘烤要求，替代料MSL数值需 <= 原料（数值越小越宽松），否则产线成本剧增。
pmic_schema_v1.0.00,pmic,l2,switching_dcdc_converter,package_case,封装形式,,VARCHAR,,符合JEDEC/IPC封装命名规范,,,1,110,封装参数,package_attributes,[L2底线/高价值/易采集] 标准封装代号（如SOT-23-5、SOIC-8、QFN-16）。PCB焊盘设计与替代料封装兼容性的物理红线，封装不兼容则不可直接替代，需重新Layout评估。
pmic_schema_v1.0.00,pmic,l2,switching_dcdc_converter,pkg_height_mm,封装体高度,mm,DOUBLE,2,> 0,,,1,115,封装参数,package_attributes,[L2底线/高价值/易采集] 封装体物理高度。整机限高约束，替代料高度必须 <= 原料或经结构评估放行。
pmic_schema_v1.0.00,pmic,l2,switching_dcdc_converter,pkg_length_mm,封装体长度,mm,DOUBLE,2,> 0,,,1,113,封装参数,package_attributes,[L2底线/高价值/易采集] 封装体物理长度。PCB布局空间约束红线，替代料需在允许公差内匹配，超出则需重新Layout。
pmic_schema_v1.0.00,pmic,l2,switching_dcdc_converter,pkg_width_mm,封装体宽度,mm,DOUBLE,2,> 0,,,1,114,封装参数,package_attributes,[L2底线/高价值/易采集] 封装体物理宽度。PCB布局空间约束红线，替代料需在允许公差内匹配。
pmic_schema_v1.0.00,pmic,l2,switching_dcdc_converter,reach,REACH合规,,BOOLEAN,,TRUE / FALSE,,,1,105,合规参数,regulatory_attributes,[L2底线/高价值/易采集] 欧盟SVHC化学品注册合规状态。跨区域出货合规硬门槛，替代料必须满足同等级合规要求。
pmic_schema_v1.0.00,pmic,l2,switching_dcdc_converter,rohs_compliant,RoHS合规,,BOOLEAN,,TRUE / FALSE,,,1,103,合规参数,regulatory_attributes,[L2底线/高价值/易采集] 欧盟有害物质限制指令合规状态。欧盟市场准入硬门槛，FALSE直接淘汰，替代料必须同等级。
pmic_schema_v1.0.00,pmic,l2,switching_dcdc_converter,temp_max_c,最高工作温度,℃,DOUBLE,2,70 ~ 175,,,1,112,技术参数,tech_specs,[L2底线/高价值/易采集] 器件额定最高工作温度（结温或环境温度，以datasheet定义为准）。热设计天花板，替代料temp_max_c必须 >= 原料以保障高温可靠性。
pmic_schema_v1.0.00,pmic,l2,switching_dcdc_converter,temp_min_c,最低工作温度,℃,DOUBLE,2,-65 ~ 0,,,1,111,技术参数,tech_specs,[L2底线/高价值/易采集] 器件额定最低工作温度（结温或环境温度，以datasheet定义为准）。环境适配底线，替代料temp_min_c必须 <= 原料以覆盖目标工况下限。
pmic_schema_v1.0.00,pmic,l2,switching_dcdc_converter,vin_max_v,最大输入电压,V,DOUBLE,2,> 0,,,1,117,技术参数,tech_specs,[家族公共/高价值/易采集] 所有开关DC-DC共性耐压红线。输入电压绝对最大额定值，替代料vin_max_v必须 >= 系统最高输入电压（含瞬态浪涌），否则器件击穿。
pmic_schema_v1.0.00,pmic,l2,switching_dcdc_converter,vin_min_v,最小输入电压,V,DOUBLE,2,> 0,,,1,116,技术参数,tech_specs,[家族公共/高价值/易采集] 所有开关DC-DC共性选型底线。器件正常工作的输入电压下限，替代料vin_min_v必须 <= 系统最低供电电压（含电池放电末端）。
pmic_schema_v1.0.00,pmic,l2,system_pmic,aec_q_level,车规认证等级,,VARCHAR,,AEC-Q100 / AEC-Q101 / AEC-Q200 / NULL,,,1,107,合规参数,regulatory_attributes,[高价值/易采集] AEC-Q车规认证等级，车规项目选型强制准入门槛。非车规料绝不可替代车规料，非车规场景填NULL。
pmic_schema_v1.0.00,pmic,l2,system_pmic,eccn_code,出口管制分类号,,VARCHAR,,符合EAR格式，如 EAR99 / 3A001.a,,,1,106,交易参数,purchasing_attributes,[高价值/易采集] 美国EAR出口管制分类编码，跨境贸易合规必查字段。替代料需同等或更低管制等级，避免清关阻断。
pmic_schema_v1.0.00,pmic,l2,system_pmic,fsw_khz,开关频率,kHz,DOUBLE,2,> 0,,,1,121,技术参数,tech_specs,[家族公共/高价值/易采集] DC-DC转换器内部主开关频率，直接影响外围电感/电容选型与EMI频谱。替代料需在同频段以保证外围器件兼容，偏离需重测辐射与重选电感。
pmic_schema_v1.0.00,pmic,l2,system_pmic,iout_total_max_ma,总输出电流最大值,mA,DOUBLE,2,> 0,,,1,119,技术参数,tech_specs,[家族公共/高价值/易采集] 所有输出轨电流之和的额定上限，系统功率池总容量红线。替代料必须 ≥ 原料总电流需求，防止过载失效。
pmic_schema_v1.0.00,pmic,l2,system_pmic,iq_ua,静态电流,µA,DOUBLE,2,> 0,,,1,120,技术参数,tech_specs,[家族公共/高价值/易采集] 轻载/待机模式下自身消耗电流，电池供电系统续航生死线。替代料 iq_ua 必须 ≤ 原料，低功耗场景强制比对。
pmic_schema_v1.0.00,pmic,l2,system_pmic,lead_free,无铅标识,,BOOLEAN,,TRUE / FALSE,,,1,108,合规参数,regulatory_attributes,[高价值/易采集] 无铅工艺合规标识，与RoHS联动。决定SMT回流焊温度曲线兼容性，替代料需匹配焊接工艺要求。
pmic_schema_v1.0.00,pmic,l2,system_pmic,lifecycle_status,生命周期状态,,VARCHAR,,Active / NRND / Obsolete / Preview,,,1,104,交易参数,purchasing_attributes,[高价值/易采集] 物料生命周期阶段，直接影响可采购性与BOM风险。EOL/Obsolete触发强制替代流程，禁止选Obsolete作为替代料。
pmic_schema_v1.0.00,pmic,l2,system_pmic,manufacturer,制造商,,VARCHAR,,非空字符串,,,1,101,交易参数,purchasing_attributes,[高价值/易采集] 供应链溯源与品牌质量体系锚点。多源替代时需同等级原厂对标，是BOM风险评估的根节点。
pmic_schema_v1.0.00,pmic,l2,system_pmic,mpn,制造商料号,,VARCHAR,,非空字符串，原厂官方MPN,,,1,102,交易参数,purchasing_attributes,[高价值/易采集] 全局唯一物料标识，替代关系与BOM精确匹配的主键。禁止填入分销商料号或内部编码。
pmic_schema_v1.0.00,pmic,l2,system_pmic,msl_level,湿敏等级,,VARCHAR,,1 / 2 / 2a / 3 / 4 / 5 / 5a / 6,,,1,109,合规参数,regulatory_attributes,[高价值/易采集] IPC/JEDEC J-STD-020湿敏等级，决定存储与贴片工艺要求。替代料MSL等级不可高于原料，否则增加产线烘烤成本与良率风险。
pmic_schema_v1.0.00,pmic,l2,system_pmic,output_rail_count,输出轨路数,,BIGINT,,≥ 2,,,1,118,技术参数,tech_specs,[家族公共/高价值/易采集] 独立受控输出电源轨总数，多路PMIC核心架构规模定义。替代料路数必须 ≥ 原料，否则无法覆盖系统全部供电域。
pmic_schema_v1.0.00,pmic,l2,system_pmic,package_case,封装形式,,VARCHAR,,如 QFN-40 / BGA-64 / WLCSP-49,,,1,110,封装参数,package_attributes,[高价值/易采集] 标准封装代码，PCB布局与焊盘设计的物理边界约束。替代选型必须封装Pin-to-Pin兼容，否则需重新Layout。
pmic_schema_v1.0.00,pmic,l2,system_pmic,pkg_height_mm,封装体高度,mm,DOUBLE,2,> 0,,,1,113,封装参数,package_attributes,[高价值/易采集] 整机空间净高约束，叠板/低矮腔体设计中为硬性限制。替代料高度必须 ≤ 原料。
pmic_schema_v1.0.00,pmic,l2,system_pmic,pkg_length_mm,封装体长度,mm,DOUBLE,2,> 0,,,1,111,封装参数,package_attributes,[高价值/易采集] PCB布局占位红线。替代料封装尺寸需在允许误差内兼容，直接决定换料可行性。
pmic_schema_v1.0.00,pmic,l2,system_pmic,pkg_width_mm,封装体宽度,mm,DOUBLE,2,> 0,,,1,112,封装参数,package_attributes,[高价值/易采集] PCB布局占位红线，与长度共同约束焊盘设计。替代选型必须尺寸兼容。
pmic_schema_v1.0.00,pmic,l2,system_pmic,reach,REACH合规,,BOOLEAN,,TRUE / FALSE,,,1,105,合规参数,regulatory_attributes,[高价值/易采集] EU REACH法规SVHC物质合规声明，跨境出口准入红线。替代料需满足同等SVHC声明状态。
pmic_schema_v1.0.00,pmic,l2,system_pmic,rohs_compliant,RoHS合规,,BOOLEAN,,TRUE / FALSE,,,1,103,合规参数,regulatory_attributes,[高价值/易采集] 欧盟RoHS指令合规状态，供应链准入硬门槛。不合规直接淘汰，替代料必须同等或更高合规等级。
pmic_schema_v1.0.00,pmic,l2,system_pmic,temp_max_c,最高工作温度,℃,DOUBLE,2,70 ≤ temp_max_c ≤ 175,,,1,115,技术参数,tech_specs,[高价值/易采集] 器件额定工作温度上限，系统热设计红线。替代料 temp_max_c 必须 ≥ 原料，否则高温降额或热关机。
pmic_schema_v1.0.00,pmic,l2,system_pmic,temp_min_c,最低工作温度,℃,DOUBLE,2,-55 ≤ temp_min_c ≤ 0,,,1,114,技术参数,tech_specs,[高价值/易采集] 器件额定工作温度下限，系统热设计与应用场景准入红线。替代料 temp_min_c 必须 ≤ 原料，否则低温启动失效。
pmic_schema_v1.0.00,pmic,l2,system_pmic,vin_max_v,输入电压最大值,V,DOUBLE,2,vin_max_v > vin_min_v,,,1,117,技术参数,tech_specs,[家族公共/高价值/易采集] 系统供电轨最高电压，超过此值器件损毁。替代料 vin_max_v 必须 ≥ 原料（含浪涌裕量），是系统耐压设计红线。
pmic_schema_v1.0.00,pmic,l2,system_pmic,vin_min_v,输入电压最小值,V,DOUBLE,2,0.5 ≤ vin_min_v ≤ 60,,,1,116,技术参数,tech_specs,[家族公共/高价值/易采集] 系统供电轨最低电压，低于此值器件不工作。选型第一道硬门槛，替代料 vin_min_v 必须 ≤ 原料，否则低压场景无法启动。
pmic_schema_v1.0.00,pmic,l3,battery_management_ic,charge_current_max_ma,最大充电电流,mA,DOUBLE,2,> 0,,,0,121,技术参数,tech_specs,[高价值/易采集] Battery_Charger节点核心功能指标。决定充电速度与热设计预算，快充选型首要依据。替代料必须≥原料设定值以满足充电速率需求。
pmic_schema_v1.0.00,pmic,l3,battery_management_ic,charge_cutoff_voltage_v,充电截止电压（每节）,V,DOUBLE,2,3.0 ~ 4.6,,,0,122,技术参数,tech_specs,[高价值/易采集] Battery_Charger节点特有。电池化学体系匹配关键参数（钴酸锂4.2V/磷酸铁锂3.65V/高压锂4.35V）。替代料偏差>50mV即引发过充风险，直接影响电池寿命与安全。
pmic_schema_v1.0.00,pmic,l3,battery_management_ic,charge_topology,充电拓扑类型,,VARCHAR,,"Linear, Buck, Boost, Buck-Boost, Direct_Charge",,,0,123,技术参数,tech_specs,[高价值/易采集] Battery_Charger节点特有架构标识。线性拓扑简单低噪但效率差发热大，开关拓扑高效但EMI复杂。替代需匹配散热预算与EMI环境，拓扑变更需重新评估热仿真。
pmic_schema_v1.0.00,pmic,l3,battery_management_ic,comm_interface,通信接口类型,,VARCHAR,,"I2C, SPI, SMBus, 1-Wire, UART, None",,,0,126,技术参数,tech_specs,[高价值/易采集] Battery_Charger节点特有。与主控MCU的数字通信协议，决定固件兼容性与软件移植成本。替代料接口必须匹配或可接受改板改码代价。
pmic_schema_v1.0.00,pmic,l3,battery_management_ic,fet_configuration,FET架构,,VARCHAR,,"Internal, External_Single, External_BackToBack",,,0,132,技术参数,tech_specs,[高价值/易采集] Battery_Protection节点特有架构标识。内置FET简化BOM但限制电流上限，外置背靠背FET支持大电流但增加外围复杂度。替代需保持拓扑一致，否则需重新设计功率路径。
pmic_schema_v1.0.00,pmic,l3,battery_management_ic,has_otp,过温保护功能,,BOOLEAN,,NOT NULL,,,0,134,技术参数,tech_specs,[高价值/易采集] Battery_Protection节点特有安全功能标识。高安全等级应用（车规/储能）强制要求内置过温保护，替代料需功能一致，缺失则需外部热敏电阻补偿方案。
pmic_schema_v1.0.00,pmic,l3,battery_management_ic,has_power_path,功率路径管理,,BOOLEAN,,NOT NULL,,,0,125,技术参数,tech_specs,[高价值/易采集] Battery_Charger节点特有。是否支持边充边用（系统与电池同步供电）。不支持会改变系统架构设计，替代料必须功能一致，否则需重构电源拓扑。
pmic_schema_v1.0.00,pmic,l3,battery_management_ic,input_voltage_max_v,输入电压最大值,V,DOUBLE,2,> 0,,,0,120,技术参数,tech_specs,[高价值/易采集] Battery_Charger节点特有。适配器浪涌/插拔尖峰耐受生死线。替代料必须≥系统最高输入电压（含瞬态），否则输入过压炸机。
pmic_schema_v1.0.00,pmic,l3,battery_management_ic,input_voltage_min_v,输入电压最小值,V,DOUBLE,2,≥ 0,,,0,119,技术参数,tech_specs,[高价值/易采集] Battery_Charger节点特有。适配器/USB/车载输入电压下限，决定IC在低压输入（如USB 4.5V跌落）时能否正常启动充电。替代料必须≤系统最低输入电压。
pmic_schema_v1.0.00,pmic,l3,battery_management_ic,overcharge_threshold_v,过充保护阈值（每节）,V,DOUBLE,2,3.5 ~ 4.5,,,0,127,技术参数,tech_specs,[高价值/易采集] Battery_Protection节点核心安全红线。单节电池过充截止电压精度直接决定热失控风险。替代料阈值必须在原料±25mV范围内，偏高则过充，偏低则容量损失。
pmic_schema_v1.0.00,pmic,l3,battery_management_ic,overcurrent_threshold_a,过流保护阈值（放电）,A,DOUBLE,2,> 0,,,0,129,技术参数,tech_specs,[高价值/易采集] Battery_Protection节点特有。负载异常大电流的最后一道防线，决定最大允许放电电流与误触发风险平衡。替代料需≥负载峰值电流且不牺牲安全裕量。
pmic_schema_v1.0.00,pmic,l3,battery_management_ic,overdischarge_threshold_v,过放保护阈值（每节）,V,DOUBLE,2,1.5 ~ 3.5,,,0,128,技术参数,tech_specs,[高价值/易采集] Battery_Protection节点特有。深度放电损坏电池容量不可逆，此阈值决定电池可用容量下限与寿命。替代料需与系统关机策略匹配，偏差>50mV需重新评估。
pmic_schema_v1.0.00,pmic,l3,battery_management_ic,rds_on_mohm,导通阻抗,mΩ,DOUBLE,2,> 0,,,0,133,技术参数,tech_specs,[高价值/难采集] Battery_Protection节点特有功率损耗指标。决定正常工作时的发热量与续航损失，大电流放电场景选型必看。替代料需≤原料以降低系统内阻与热耗散。
pmic_schema_v1.0.00,pmic,l3,battery_management_ic,short_circuit_delay_us,短路保护响应延迟,us,DOUBLE,2,> 0,,,0,131,技术参数,tech_specs,[高价值/难采集] Battery_Protection节点特有速度红线。延迟越小安全性越高但越易误触发，需在安全与稳定性间精确权衡。替代料必须≤原料以维持保护响应速度。
pmic_schema_v1.0.00,pmic,l3,battery_management_ic,short_circuit_threshold_a,短路保护阈值,A,DOUBLE,2,> 0,,,0,130,技术参数,tech_specs,[高价值/难采集] Battery_Protection节点特有极端故障响应参数。短路瞬态安全红线，需与外部MOSFET/走线能力匹配并满足安规要求。替代料需≤原料以保证更早触发保护。
pmic_schema_v1.0.00,pmic,l3,battery_management_ic,trickle_charge_current_ma,涓流充电电流,mA,DOUBLE,2,> 0,,,0,124,技术参数,tech_specs,[高价值/难采集] Battery_Charger节点特有。深度亏电电池激活阶段的安全电流，过大损伤极度亏电电芯，过小则激活时间过长。替代料需在原料±20%范围内。
pmic_schema_v1.0.00,pmic,l3,boost_converter,max_duty_cycle_pct,最大占空比,%,DOUBLE,2,50 ~ 99,,,0,128,技术参数,tech_specs,[L3 Boost特有/高价值/易采集] Boost拓扑特有极限升压能力参数。理论升压比 Vout/Vin = 1/(1-D)，最大占空比直接决定极限升压倍数（如D=0.9则最大升压10倍）。替代料max_duty_cycle_pct必须
pmic_schema_v1.0.00,pmic,l3,boost_converter,vin_start_min_v,最小冷启动输入电压,V,DOUBLE,2,> 0,,,0,127,技术参数,tech_specs,[L3 Boost特有/高价值/难采集] Boost节点特有冷启动判据，区别于稳态工作vin_min_v。器件能完成自举启动的最低输入电压，电池供电（单节锂电池低电量/超级电容启动）场景生死参数。替代料vin_start_min_v必须 <
pmic_schema_v1.0.00,pmic,l3,boost_converter,vout_max_v,最大输出电压,V,DOUBLE,2,> 0,,,0,126,技术参数,tech_specs,[L3 Boost特有/高价值/易采集] Boost节点最大升压能力边界。决定极端升压场景（如1.8V升15V）可行性，替代料vout_max_v必须 >= 目标输出电压，否则无法达到目标电压轨。
pmic_schema_v1.0.00,pmic,l3,boost_converter,vout_min_v,最小输出电压,V,DOUBLE,2,> 0,,,0,125,技术参数,tech_specs,[L3 Boost特有/高价值/易采集] Boost节点输出电压可调下限，物理约束为必须 > vin_max_v。决定最小升压目标，替代料vout_min_v必须 <= 目标输出电压。
pmic_schema_v1.0.00,pmic,l3,buck_boost_converter,output_polarity,输出极性,,VARCHAR,,Inverting / Non_Inverting,,,0,131,技术参数,tech_specs,[L3 Buck-Boost特有/高价值/易采集] Buck-Boost拓扑输出电压极性核心标志。反相型（Inverting）输出为负电压（如-5V），同相型（Non_Inverting）输出为正电压。极性错误直接导致下游电路损毁，替代料极
pmic_schema_v1.0.00,pmic,l3,buck_boost_converter,topology_type,内部拓扑架构,,VARCHAR,,4_Switch / SEPIC / Cuk / Inverting_Buck_Boost / Other,,,0,132,技术参数,tech_specs,[L3 Buck-Boost特有/高价值/易采集] Buck-Boost内部功率级拓扑类型。四开关（4_Switch）效率最高但成本高；SEPIC单电感正极性输出；Cuk负极性输出纹波小；各拓扑在效率、外围元件数量、EMI特性上差异显著。替
pmic_schema_v1.0.00,pmic,l3,buck_boost_converter,vout_max_v,最大输出电压,V,DOUBLE,2,> 0,,,0,130,技术参数,tech_specs,[L3 Buck-Boost特有/高价值/易采集] Buck-Boost节点输出电压可调上限，需同时覆盖低于和高于输入电压的目标值。替代料vout_max_v必须 >= 目标输出电压。
pmic_schema_v1.0.00,pmic,l3,buck_boost_converter,vout_min_v,最小输出电压,V,DOUBLE,2,> 0,,,0,129,技术参数,tech_specs,[L3 Buck-Boost特有/高价值/易采集] Buck-Boost节点输出电压可调下限，可低于或高于输入电压。替代料vout_min_v必须 <= 目标输出电压，确保全输入范围内均可稳压至目标值。
pmic_schema_v1.0.00,pmic,l3,buck_converter,light_load_mode,轻载工作模式,,VARCHAR,,PWM / PFM / AUTO / FPWM,,,0,124,技术参数,tech_specs,[L3 Buck特有/高价值/易采集] Buck节点轻载效率区分核心参数。PWM模式固定频率纹波小但轻载效率低；PFM模式轻载效率高但频率跳变纹波大；AUTO模式自动切换兼顾两者。IoT/便携/电池供电场景选型必看，替代料需模式兼容，否则轻
pmic_schema_v1.0.00,pmic,l3,buck_converter,max_duty_cycle_pct,最大占空比,%,DOUBLE,2,50 ~ 100,,,0,123,技术参数,tech_specs,[L3 Buck特有/高价值/易采集] Buck拓扑特有极限参数。最大占空比决定低压差场景（Vout接近Vin）的稳压能力，100%占空比意味着直通无降压死区。替代料max_duty_cycle_pct必须 >= 原料，否则在vin≈vou
pmic_schema_v1.0.00,pmic,l3,buck_converter,vout_max_v,最大输出电压,V,DOUBLE,2,> 0,,,0,122,技术参数,tech_specs,[L3 Buck特有/高价值/易采集] Buck节点输出电压可调上限，物理约束为必须 < vin_min_v。与输入电压共同确认降压比可行性，替代料vout_max_v必须 >= 目标输出电压。
pmic_schema_v1.0.00,pmic,l3,buck_converter,vout_min_v,最小输出电压,V,DOUBLE,2,> 0,,,0,121,技术参数,tech_specs,[L3 Buck特有/高价值/易采集] Buck节点输出电压可调下限。决定能否覆盖目标低压轨（如0.6V核心供电），替代料vout_min_v必须 <= 目标输出电压，否则无法稳压至目标值。
pmic_schema_v1.0.00,pmic,l3,isolated_dcdc_controller,dead_time_ctrl_type,死区时间控制方式,,VARCHAR,,Adaptive / Resistor_Programmable / Fixed / NULL,,,0,134,技术参数,tech_specs,[高价值/易采集] 隔离节点全桥/半桥拓扑防直通核心机制。自适应死区可最小化体二极管导通损耗，固定死区设计简单但效率低，替代料须支持等效死区控制能力。
pmic_schema_v1.0.00,pmic,l3,isolated_dcdc_controller,duty_cycle_max_pct,最大占空比,%,DOUBLE,2,0 ~ 100,,,0,130,技术参数,tech_specs,[高价值/易采集] 隔离节点变压器磁芯复位安全红线。正激/全桥拓扑中决定磁芯可靠去磁的占空比上限，替代料须≥原料设计工作点，过低则限制输出功率。
pmic_schema_v1.0.00,pmic,l3,isolated_dcdc_controller,feedback_isolation_type,隔离反馈接口类型,,VARCHAR,,Optocoupler / Auxiliary_Winding / Primary_Side_Regulation / Digital_Isolator,,,0,133,技术参数,tech_specs,[高价值/易采集] 隔离节点反馈路径架构决策。光耦/辅助绕组/原边调节直接决定外围BOM复杂度与输出精度，替代料接口类型须兼容原料方案，否则需重新设计反馈回路。
pmic_schema_v1.0.00,pmic,l3,isolated_dcdc_controller,has_sr_drive,副边同步整流驱动,,BOOLEAN,,TRUE / FALSE,,,0,132,技术参数,tech_specs,[高价值/易采集] 隔离节点副边效率优化核心。TRUE=内置SR驱动输出，可直接驱动副边同步整流MOSFET，省外置SR控制器；替代料若原料为TRUE则必须为TRUE，否则需重新设计副边电路。
pmic_schema_v1.0.00,pmic,l3,isolated_dcdc_controller,isolation_topology,隔离拓扑类型,,VARCHAR,,Flyback / Forward / LLC / Half_Bridge / Full_Bridge / Push_Pull / Phase_Shifted_Full_Bridge,,,0,129,技术参数,tech_specs,[高价值/易采集] 隔离节点决定性区分参数。反激/正激/LLC/全桥/半桥/推挽直接决定变压器设计、驱动时序与功率等级天花板，替代料拓扑须与原料完全一致，不同拓扑不可互替。
pmic_schema_v1.0.00,pmic,l3,isolated_dcdc_controller,primary_ipk_limit_a,原边峰值电流限值,A,DOUBLE,2,> 0,,,0,131,技术参数,tech_specs,[高价值/易采集] 隔离节点功率能力硬红线。决定变压器磁芯规格与最大输出功率上限，替代料须≥原料以保障相同功率等级，低于原料则需重新设计磁件。
pmic_schema_v1.0.00,pmic,l3,isolated_dcdc_controller,soft_start_type,软启动方式,,VARCHAR,,External_Cap / Internal_Fixed / Digitally_Programmable,,,0,135,技术参数,tech_specs,[高价值/易采集] 隔离节点启动冲击电流控制机制。外置电容可调方案灵活性最高，内置固定方案BOM最简，决定上电时序与变压器磁芯启动应力，替代料须支持相同或更灵活的软启动方式。
pmic_schema_v1.0.00,pmic,l3,isolated_dcdc_controller,vref_v,反馈基准电压,V,DOUBLE,2,> 0,,,0,136,技术参数,tech_specs,[高价值/易采集] 隔离节点输出精度锚点（适用于原边调节或内置误差放大器方案）。决定输出电压设定精度，替代料基准偏差须<1%，光耦反馈方案此字段可为NULL。
pmic_schema_v1.0.00,pmic,l3,ldo_regulator,dropout_voltage_max_mv,最大压差电压,mV,DOUBLE,2,> 0,,,0,118,技术参数,tech_specs,[高价值/易采集] LDO节点核心物理定义：维持稳压输出所需的最小Vin-Vout压差上限。直接决定电池放电末期能否维持稳压，是LDO区别于普通线性稳压器的本质参数。替代料dropout_voltage_max_mv必须≤原料，否则低压差场
pmic_schema_v1.0.00,pmic,l3,ldo_regulator,enable_active_level,使能有效电平,,VARCHAR,,High / Low / NA,,,0,123,技术参数,tech_specs,[高价值/易采集] LDO使能引脚的有效触发电平极性。High=高电平使能；Low=低电平使能；NA=无使能引脚。替代时极性不一致将导致系统无法正常开关机，必须严格匹配。
pmic_schema_v1.0.00,pmic,l3,ldo_regulator,has_enable_pin,使能引脚,,BOOLEAN,,TRUE / FALSE,,,0,122,技术参数,tech_specs,[高价值/易采集] LDO节点是否具备外部使能控制引脚。TRUE=支持EN脚控制，可实现电源时序管理与休眠省电；FALSE=常开无使能。替代时必须保持一致，否则需改板或增加外围逻辑。
pmic_schema_v1.0.00,pmic,l3,ldo_regulator,has_thermal_shutdown,热关断保护,,BOOLEAN,,TRUE / FALSE,,,0,124,技术参数,tech_specs,[高价值/易采集] LDO节点是否具备过温自动关断保护功能。TRUE=具备TSD；FALSE=无热保护。高功耗LDO（大压差×大电流）场景选型可靠性红线，替代料必须与原料保持一致以维持系统热保护策略。
pmic_schema_v1.0.00,pmic,l3,ldo_regulator,initial_accuracy_pct,初始精度,%,DOUBLE,2,> 0,,,0,126,技术参数,tech_specs,[高价值/易采集] 基准源节点出厂时输出电压相对标称值的最大偏差百分比（室温，无需校准）。直接决定系统测量/转换精度上限，是基准源选型第一核心参数。替代料initial_accuracy_pct必须≤原料（数值越小越精准）。典型范围0.02
pmic_schema_v1.0.00,pmic,l3,ldo_regulator,load_transient_mv,负载瞬态响应偏差,mV,DOUBLE,2,> 0,,,0,121,技术参数,tech_specs,[高价值/难采集] LDO节点负载电流阶跃时输出电压的最大瞬态偏差。SoC核心电压轨、FPGA I/O供电等快速跳变场景生死线。替代料load_transient_mv必须≤原料（更小偏差=更稳系统）。典型范围1~500mV。
pmic_schema_v1.0.00,pmic,l3,ldo_regulator,long_term_stability_ppm,长期稳定性,ppm,DOUBLE,2,> 0,,,0,128,技术参数,tech_specs,[高价值/难采集] 基准源在额定条件下工作1000小时后输出电压的最大漂移量。精密仪器、计量设备、工业校准系统选型关键，寿命漂移直接影响系统重新校准周期。替代料long_term_stability_ppm必须≤原料。典型范围10~500p
pmic_schema_v1.0.00,pmic,l3,ldo_regulator,noise_0p1_10hz_vpp_uv,低频噪声电压峰峰值,µV,DOUBLE,2,> 0,,,0,129,技术参数,tech_specs,[高价值/难采集] 基准源输出端0.1Hz~10Hz低频段噪声峰峰值（µVpp）。低频噪声直接恶化高精度ADC有效位数（ENOB），高分辨率ADC/DAC参考电压选型底线。替代料noise_0p1_10hz_vpp_uv必须≤原料。典型范围
pmic_schema_v1.0.00,pmic,l3,ldo_regulator,output_cap_max_uf,最大输出电容,µF,DOUBLE,2,> 0,,,0,125,技术参数,tech_specs,[高价值/易采集] LDO节点稳定工作允许的最大外部输出电容上限。超出将导致相位裕度不足引发振荡，替代料output_cap_max_uf必须≥现有BOM电容值以保证稳定性。典型范围1~1000µF。
pmic_schema_v1.0.00,pmic,l3,ldo_regulator,output_noise_vpp_uv,输出噪声电压峰峰值,µV,DOUBLE,2,> 0,,,0,120,技术参数,tech_specs,[高价值/难采集] LDO节点输出端固有噪声峰峰值（典型10Hz~100kHz带宽）。传感器供电、射频前端偏置、高精度ADC供电场景选型红线。替代料output_noise_vpp_uv必须≤原料。典型范围5~500µV。
pmic_schema_v1.0.00,pmic,l3,ldo_regulator,psrr_1khz_db,电源抑制比@1kHz,dB,DOUBLE,2,> 0,,,0,119,技术参数,tech_specs,[高价值/难采集] LDO节点纹波抑制核心指标，测试频率1kHz。衡量LDO对输入端纹波/噪声的抑制能力，数值越大抑制越强。精密ADC/DAC供电、射频PA偏置、PLL供电场景选型必看。替代料psrr_1khz_db必须≥原料。典型范围40
pmic_schema_v1.0.00,pmic,l3,ldo_regulator,reference_output_type,输出拓扑类型,,VARCHAR,,Series / Shunt,,,0,130,技术参数,tech_specs,[高价值/易采集] 基准源输出电路拓扑类型。Series=串联型（低阻抗输出，可直接驱动负载，需独立供电引脚）；Shunt=并联型（需外部限流电阻，功耗随输入电压变化）。两者外围电路完全不同，替代时必须严格匹配，否则需重新设计电路拓扑。
pmic_schema_v1.0.00,pmic,l3,ldo_regulator,sink_source_current_max_ma,最大驱动电流,mA,DOUBLE,2,> 0,,,0,131,技术参数,tech_specs,[高价值/易采集] 基准源在保证精度规格内可提供的最大拉/灌电流能力。决定基准源能否直接驱动后级ADC参考输入或分压网络，无需外部缓冲器。替代料sink_source_current_max_ma必须≥原料。典型范围0.5~50mA。
pmic_schema_v1.0.00,pmic,l3,ldo_regulator,tempco_ppm_per_c,温漂系数,ppm/℃,DOUBLE,2,> 0,,,0,127,技术参数,tech_specs,[高价值/难采集] 基准源节点输出电压随温度漂移的速率，单位ppm/℃。全温度范围精度保持的核心参数，工业/车规/仪表选型绝对红线。替代料tempco_ppm_per_c必须≤原料（数值越小越稳定）。典型范围1~100ppm/℃。
pmic_schema_v1.0.00,pmic,l3,non_isolated_controller,duty_cycle_max_pct,最大占空比,%,DOUBLE,2,50 ~ 100,,,0,122,技术参数,tech_specs,[高价值/易采集] Buck节点特有物理极限。决定最低可实现输入输出压差（Vout_min = Vin × D_max），低压差应用选型生死线，替代料须≥原料设计工作点。
pmic_schema_v1.0.00,pmic,l3,non_isolated_controller,gate_drive_snk_ma,栅极驱动灌电流峰值,mA,DOUBLE,2,> 0,,,0,125,技术参数,tech_specs,[高价值/易采集] Buck节点下管MOSFET关断速度决定因子。决定关断损耗与死区时间设计，替代料须≥原料。
pmic_schema_v1.0.00,pmic,l3,non_isolated_controller,gate_drive_src_ma,栅极驱动拉电流峰值,mA,DOUBLE,2,> 0,,,0,124,技术参数,tech_specs,[高价值/易采集] Buck节点上管MOSFET开关速度决定因子。值越大开关越快，损耗越低，替代料须≥原料以保障外置MOS驱动能力。
pmic_schema_v1.0.00,pmic,l3,non_isolated_controller,light_load_mode,轻载工作模式,,VARCHAR,,DCM / PFM / Burst / CCM_Only / Auto,,,0,128,技术参数,tech_specs,[高价值/易采集] Buck节点轻载效率优化策略。DCM/PFM/Burst模式决定待机功耗，低功耗场景选型关键，替代料须支持相同或更优的轻载策略。
pmic_schema_v1.0.00,pmic,l3,non_isolated_controller,phase_count_max,支持最大相数,,BIGINT,,≥ 1,,,0,127,技术参数,tech_specs,[高价值/易采集] Buck节点多相交错扩流能力。大电流CPU/GPU供电核心参数，替代料须≥原料相数需求，单相控制器不可替代多相方案。
pmic_schema_v1.0.00,pmic,l3,non_isolated_controller,t_on_min_ns,最小导通时间,ns,DOUBLE,2,> 0,,,0,126,技术参数,tech_specs,[高价值/难采集] Buck节点高降压比与高频场景物理极限。限制最小占空比，决定高Vin低Vout场景的可行性边界，替代料须≤原料。
pmic_schema_v1.0.00,pmic,l3,non_isolated_controller,vref_v,反馈基准电压,V,DOUBLE,2,0.5 ~ 1.5,,,0,123,技术参数,tech_specs,[高价值/易采集] Buck节点输出精度锚点。决定外围分压电阻网络计算基础，替代料基准偏差须<1%，否则需重新计算分压电阻导致输出电压偏移。
pmic_schema_v1.0.00,pmic,l3,power_distribution_switch_ic,current_limit_mode,限流保护模式,,VARCHAR,,Cut_Off / Current_Limit / Foldback / Programmable,,,0,130,技术参数,tech_specs,[高价值/易采集] eFuse_Hot_Swap_Controller节点特有保护机制区分。过流时硬关断（Cut_Off）vs恒流限流（Current_Limit）vs折返限流（Foldback），限流模式可保持输出不中断，热插拔场景优先选
pmic_schema_v1.0.00,pmic,l3,power_distribution_switch_ic,enable_polarity,使能极性,,VARCHAR,,Active_High / Active_Low / Both,,,0,119,技术参数,tech_specs,[高价值/易采集] Load_Switch节点特有控制接口红线。决定主控GPIO逻辑兼容性，替代时极性不一致将导致逻辑反转故障，Both表示双极性兼容。
pmic_schema_v1.0.00,pmic,l3,power_distribution_switch_ic,fault_recovery_mode,故障恢复模式,,VARCHAR,,Auto_Retry / Latch_Off / Programmable,,,0,129,技术参数,tech_specs,[高价值/易采集] eFuse_Hot_Swap_Controller节点特有行为特征。故障后恢复方式直接决定系统容错策略：Auto_Retry可能导致持续短路场景反复冲击，Latch_Off需手动复位，Programmable可灵活配置，
pmic_schema_v1.0.00,pmic,l3,power_distribution_switch_ic,fault_response_time_max_us,故障响应时间（最大值）,µs,DOUBLE,2,> 0,,,0,128,技术参数,tech_specs,[高价值/难采集] eFuse_Hot_Swap_Controller节点特有保护速度红线。从过流事件发生到输出关断的最大响应时间，决定下游器件在短路冲击下的存活能力，大电容热插拔场景必须<1ms，替代料必须≤原料。
pmic_schema_v1.0.00,pmic,l3,power_distribution_switch_ic,has_quick_discharge,快速放电功能,,BOOLEAN,,TRUE / FALSE,,,0,123,技术参数,tech_specs,[高价值/易采集] Load_Switch节点特有掉电特性。关断后是否内置输出电容快速泄放路径，决定系统掉电时序可控性，多路电源时序管理场景选型必查，替代料缺失将导致残压影响重启时序。
pmic_schema_v1.0.00,pmic,l3,power_distribution_switch_ic,has_soft_start,软启动功能,,BOOLEAN,,TRUE / FALSE,,,0,120,技术参数,tech_specs,[高价值/易采集] Load_Switch节点特有浪涌抑制能力标识。大容性负载上电场景选型必看，缺失此功能将导致上电浪涌超标触发系统保护，替代料缺失需重新评估EMI与时序。
pmic_schema_v1.0.00,pmic,l3,power_distribution_switch_ic,ileakage_off_max_ua,关断漏电流（最大值）,µA,DOUBLE,2,≥ 0,,,0,125,技术参数,tech_specs,[高价值/难采集] Load_Switch节点特有关断隔离质量指标。关断状态下输出端最大漏电流，决定下游负载待机功耗与隔离可靠性，精密采样/ADC电源场景关键，替代料必须≤原料。
pmic_schema_v1.0.00,pmic,l3,power_distribution_switch_ic,iq_enabled_ua,静态电流（使能态）,µA,DOUBLE,2,≥ 0,,,0,124,技术参数,tech_specs,[高价值/易采集] Load_Switch节点特有功耗底线。使能状态下器件自身消耗电流，电池供电与低功耗IoT场景选型关键，替代料必须≤原料以延长续航。
pmic_schema_v1.0.00,pmic,l3,power_distribution_switch_ic,is_external_fet,外置MOSFET驱动,,BOOLEAN,,TRUE / FALSE,,,0,132,技术参数,tech_specs,[高价值/易采集] eFuse_Hot_Swap_Controller节点特有功率扩展架构标识。决定电流承载是否通过外接MOSFET灵活扩展，大电流（>10A）场景必选外置FET架构，替代料架构不同将导致PCB重新设计。
pmic_schema_v1.0.00,pmic,l3,power_distribution_switch_ic,is_ocp_adjustable,过流阈值可调,,BOOLEAN,,TRUE / FALSE,,,0,127,技术参数,tech_specs,[高价值/易采集] eFuse_Hot_Swap_Controller节点特有灵活性标识。过流阈值是否可通过外部电阻调节，可调型替代固定型需验证外围电路兼容性，固定型替代可调型需确认默认阈值满足系统需求。
pmic_schema_v1.0.00,pmic,l3,power_distribution_switch_ic,is_reverse_blocking,反向电流阻断,,BOOLEAN,,TRUE / FALSE,,,0,122,技术参数,tech_specs,[高价值/易采集] Load_Switch节点特有拓扑保护能力。决定关断状态下能否防止负载端电压倒灌损坏上游电源，多电源ORing与电池供电场景选型必看，替代料必须同等级。
pmic_schema_v1.0.00,pmic,l3,power_distribution_switch_ic,ocp_threshold_typ_a,过流保护阈值（典型值）,A,DOUBLE,2,> 0,,,0,126,技术参数,tech_specs,[高价值/易采集] eFuse_Hot_Swap_Controller节点特有核心保护参数。过流触发电流典型值，直接决定下游负载保护裕量，阈值过高则保护失效，过低则误触发，替代料阈值需与系统最大允许电流精确匹配。
pmic_schema_v1.0.00,pmic,l3,power_distribution_switch_ic,ovp_threshold_v,过压保护阈值,V,DOUBLE,2,> 0,,,0,131,技术参数,tech_specs,[高价值/易采集] eFuse_Hot_Swap_Controller节点特有电压保护维度。输入/输出过压保护触发电压，热插拔控制器特有保护能力，替代料阈值需高于系统最高正常电压且低于下游器件耐压，NULL表示不具备OVP功能。
pmic_schema_v1.0.00,pmic,l3,power_distribution_switch_ic,rise_time_typ_us,输出电压上升时间（典型值）,µs,DOUBLE,2,> 0,,,0,121,技术参数,tech_specs,[高价值/易采集] Load_Switch节点特有浪涌量化参数。输出电压10%→90%典型上升时间，直接决定浪涌电流峰值（I=C×dV/dt），替代料需在系统允许范围内，数值越大浪涌越小。
pmic_schema_v1.0.00,pmic,l3,power_supervisor_ic,has_manual_reset,手动复位输入,,BOOLEAN,,TRUE / FALSE,,,0,127,技术参数,tech_specs,[高价值/易采集] Voltage_Supervisor 节点外部干预能力区分标志。是否具备外部手动复位引脚（MR pin），允许外部按键或逻辑强制触发复位。替代料若原设计使用手动复位功能则替代料必须具备，否则需 PCB 改版增加复位电路。
pmic_schema_v1.0.00,pmic,l3,power_supervisor_ic,has_power_fail_output,电源失效预警输出,,BOOLEAN,,TRUE / FALSE,,,0,128,技术参数,tech_specs,[高价值/易采集] Voltage_Supervisor 节点掉电保护架构区分标志。是否提供电源失效指示输出（PFO/PFI），在电源跌落至复位阈值前提前发出预警中断，为 MCU 争取数据保存时间。替代料缺失此功能将影响系统掉电保护链路，需
pmic_schema_v1.0.00,pmic,l3,power_supervisor_ic,has_watchdog,看门狗功能,,BOOLEAN,,TRUE / FALSE,,,0,125,技术参数,tech_specs,[高价值/易采集] Voltage_Supervisor 节点功能集成度核心区分标志。是否集成看门狗定时器（WDT），直接决定系统是否需要外置看门狗 IC。替代料若原料含看门狗则替代料必须同样具备，否则需系统级补偿并改板。
pmic_schema_v1.0.00,pmic,l3,power_supervisor_ic,hysteresis_mv,欠压迟滞电压,mV,DOUBLE,2,>= 0,,,0,122,技术参数,tech_specs,[高价值/难采集] Voltage_Supervisor 节点抗噪声能力核心参数。监控阈值的上下迟滞窗口电压，防止电源在阈值附近抖动时复位信号反复翻转振荡。噪声环境下选型必看，替代料 hysteresis_mv >= 原料以保证抗干扰能力，
pmic_schema_v1.0.00,pmic,l3,power_supervisor_ic,is_threshold_adjustable,阈值电压可调,,BOOLEAN,,TRUE / FALSE,,,0,121,技术参数,tech_specs,[高价值/易采集] Voltage_Supervisor 节点选型路由分叉点。固定阈值器件只能监控特定电压轨，可调型通过外部分压电阻覆盖非标准电源轨。替代料若原料为可调型则替代料须同为可调型，否则需重新设计分压网络。
pmic_schema_v1.0.00,pmic,l3,power_supervisor_ic,monitor_channel_count,监控通道数量,,BIGINT,,1 ~ 16,,,0,124,技术参数,tech_specs,[高价值/易采集] Voltage_Supervisor 节点多电源轨监控能力核心参数。单颗 IC 可同时监控的独立电源轨数量，多轨监控需求下直接决定选型方案，替代料通道数须 >= 原料，否则需增加器件数量并重新布板。
pmic_schema_v1.0.00,pmic,l3,power_supervisor_ic,reset_delay_ms,复位延迟时间,ms,DOUBLE,2,> 0,,,0,123,技术参数,tech_specs,[高价值/易采集] Voltage_Supervisor 节点上电时序控制关键参数。从电源恢复到阈值以上至复位信号撤销的延迟时间，确保 MCU 在电源完全稳定后才退出复位。替代料 reset_delay_ms 须满足系统上电时序要求，通常需
pmic_schema_v1.0.00,pmic,l3,power_supervisor_ic,reset_threshold_v,复位阈值电压,V,DOUBLE,2,0.4 ~ 6.5,,,0,120,技术参数,tech_specs,[高价值/易采集] Voltage_Supervisor 节点核心选型参数。触发复位动作的被监控电源电压门限标称值，替代料阈值须与系统标称电源精确匹配（误差通常 ≤ ±2%），可调型器件此字段为 NULL。
pmic_schema_v1.0.00,pmic,l3,power_supervisor_ic,watchdog_timeout_ms,看门狗超时时间,ms,DOUBLE,2,> 0 / NULL,,,0,126,技术参数,tech_specs,[高价值/易采集] Voltage_Supervisor 节点看门狗核心参数，has_watchdog = TRUE 时有效。看门狗定时器溢出触发复位的超时周期，决定系统固件喂狗频率上限。替代料超时时间须与固件喂狗周期匹配，过短导致误复位，
pmic_schema_v1.0.00,pmic,l3,protocol_power_controller_ic,cc_pin_count,CC引脚数量,,BIGINT,,"1, 2, 4",,,0,128,技术参数,tech_specs,[L3特有/高价值/易采集] CC通信引脚数量。决定单口/双口控制能力及正反插检测实现方式，替代料CC引脚数需≥原料，否则多口方案或正反插检测无法实现。
pmic_schema_v1.0.00,pmic,l3,protocol_power_controller_ic,has_integrated_vbus_switch,内置VBUS功率开关,,BOOLEAN,,TRUE / FALSE,,,0,129,技术参数,tech_specs,[L3特有/高价值/易采集] 是否内置VBUS功率开关(MOSFET)。决定外围电路复杂度与BOM成本，替代料若原料为TRUE则需同等集成度，否则需在PCB上补充外部开关器件，影响布局与成本。
pmic_schema_v1.0.00,pmic,l3,protocol_power_controller_ic,is_epr_supported,支持EPR模式,,BOOLEAN,,TRUE / FALSE,,,0,126,技术参数,tech_specs,[L3特有/高价值/易采集] 是否支持PD3.1扩展功率范围(Extended Power Range)模式。决定28V/36V/48V高压快充支持能力，替代料若原料为TRUE则必须同为TRUE，否则高功率充电方案完全失效。
pmic_schema_v1.0.00,pmic,l3,protocol_power_controller_ic,is_pps_supported,支持PPS,,BOOLEAN,,TRUE / FALSE,,,0,125,技术参数,tech_specs,[L3特有/高价值/易采集] 是否支持可编程电源规范(Programmable Power Supply)。PPS是手机直充快充协议的必要条件，允许精细电压调节，替代料若原料为TRUE则必须同为TRUE，否则快充档位丢失。
pmic_schema_v1.0.00,pmic,l3,protocol_power_controller_ic,pdo_current_max_a,最大PDO电流,A,DOUBLE,2,> 0,,,0,124,技术参数,tech_specs,[L3特有/高价值/易采集] 器件可宣告/协商的最大输出电流。与VBUS电压共同决定最大功率档位上限，替代料需≥原料数值，否则高功率PDO无法发布导致充电功率缩水。
pmic_schema_v1.0.00,pmic,l3,protocol_power_controller_ic,port_role_support,端口角色支持,,VARCHAR,,"'Source','Sink','DRP'",,,0,127,技术参数,tech_specs,[L3特有/高价值/易采集] 器件支持的端口角色类型。决定充电器(Source)/受电设备(Sink)/双向设备(DRP)的适用场景，替代料角色类型必须完全覆盖原料，否则整机拓扑不可用。
pmic_schema_v1.0.00,pmic,l3,protocol_power_controller_ic,usb_pd_spec_version,USB PD规范版本,,VARCHAR,,"'USB_PD_2.0','USB_PD_3.0','USB_PD_3.1'",,,0,122,技术参数,tech_specs,[L3特有/高价值/易采集] USB_PD_Controller节点首要区分参数。明确支持的USB PD规范代际，决定EPR扩展功率范围(PD3.1最高240W)与PPS能力集，替代料PD版本需≥原料，低版本无法协商高压档位。
pmic_schema_v1.0.00,pmic,l3,protocol_power_controller_ic,vbus_max_voltage_v,VBUS最高可协商电压,V,DOUBLE,2,5 ~ 48,,,0,123,技术参数,tech_specs,[L3特有/高价值/易采集] 器件可协商/输出的VBUS最高电压档位。决定快充档位覆盖能力（PD3.0上限20V，PD3.1 EPR上限48V），替代料需≥原料数值，否则高压PDO无法发布，笔记本/显示器供电失效。
pmic_schema_v1.0.00,pmic,l3,system_pmic_ic,ctrl_interface,数字控制接口类型,,VARCHAR,,I2C / SPI / PMBus / I3C / GPIO_Only / None,,,0,127,技术参数,tech_specs,[L3特有/高价值/易采集] 与主控SoC通信的数字接口协议，决定固件驱动兼容性与系统集成可行性。替代料接口类型必须与主控匹配，否则需重新开发驱动；GPIO_Only表示无寄存器配置能力，选型时需评估是否满足动态配置需求。
pmic_schema_v1.0.00,pmic,l3,system_pmic_ic,has_dvs,是否支持动态电压调节,,BOOLEAN,,TRUE / FALSE,,,0,126,技术参数,tech_specs,[L3特有/高价值/易采集] 各路输出电压是否支持运行时动态调节（DVS/DVFS）。处理器功耗管理强需求，替代料缺失DVS将破坏DVFS功耗策略，直接导致功能降级，是现代SoC平台PMIC选型的强制判据。
pmic_schema_v1.0.00,pmic,l3,system_pmic_ic,iout_per_rail_max_ma,单路最大输出电流,mA,DOUBLE,2,> 0,,,0,122,技术参数,tech_specs,[L3特有/高价值/易采集] 单条输出轨的额定最大电流，决定能否驱动大电流负载（如CPU核心域）。替代料单轨电流必须 ≥ 原料对应轨道需求，是多轨PMIC最核心的差异化参数，总电流相同但单轨不足同样导致选型失败。
pmic_schema_v1.0.00,pmic,l3,system_pmic_ic,ldo_count,集成LDO路数,,BIGINT,,≥ 0,,,0,128,技术参数,tech_specs,[L3特有/高价值/易采集] 芯片内部集成的LDO线性稳压器数量，决定是否需要外挂LDO，直接影响BOM成本与PCB面积。替代料LDO路数必须 ≥ 原料，否则需外加LDO芯片，破坏原有BOM架构。
pmic_schema_v1.0.00,pmic,l3,system_pmic_ic,sequencing_mode,上电时序控制模式,,VARCHAR,,Fixed / Programmable_OTP / I2C_Dynamic / Pin_Select,,,0,125,技术参数,tech_specs,[L3特有/高价值/难采集-强制入] 各路输出轨上电/下电时序的控制方式，多路系统启动故障模式核心判据。SoC/FPGA依赖严格时序，替代料时序模式不兼容将导致系统无法启动或SoC闩锁，是多轨PMIC不可妥协的特有参数。
pmic_schema_v1.0.00,pmic,l3,system_pmic_ic,vout_accuracy_pct,输出电压精度,%,DOUBLE,2,0 < vout_accuracy_pct ≤ 5,,,0,129,技术参数,tech_specs,[L3特有/高价值/易采集] 输出电压相对于设定值的最大偏差百分比，直接影响SoC/DDR等对供电精度敏感器件的工作裕量。替代料该值必须 ≤ 原料，精度越高数值越小，是多轨PMIC供电质量的核心量化指标。
pmic_schema_v1.0.00,pmic,l3,system_pmic_ic,vout_max_v,输出电压范围上限,V,DOUBLE,2,vout_max_v > vout_min_v,,,0,124,技术参数,tech_specs,[L3特有/高价值/易采集] 所有输出轨中可设定的最高电压上限，覆盖IO域/存储器域高压需求（如3.3V/5V）。替代料 vout_max_v 必须 ≥ 原料，防止高压供电域缺口。
pmic_schema_v1.0.00,pmic,l3,system_pmic_ic,vout_min_v,输出电压范围下限,V,DOUBLE,2,> 0,,,0,123,技术参数,tech_specs,[L3特有/高价值/易采集] 所有输出轨中可设定的最低电压下限，覆盖SoC核心域低压工作点（如0.6V）。替代料 vout_min_v 必须 ≤ 原料，否则无法满足低压域供电需求，DVFS低压档位失效。
resistor_schema_v1.5.20,resistor,l2,fixed_resistor,aec_q_level,汽车级认证等级,,VARCHAR,,aec_q200 / none,,,0,302,合规参数,regulatory_attributes,[高价值/易采集] AEC-Q200汽车电子可靠性认证等级（电阻器适用Q200）。车规项目强制准入字段，替代料等级须≥原料，None表示非车规认证。
resistor_schema_v1.5.20,resistor,l2,fixed_resistor,body_material,本体/外壳材料,,VARCHAR,,陶瓷(ceramic)；水泥(cement)；环氧塑料(epoxy_or_plastic)；金属外壳(metal_housing)；金属导体(metal_conductor)；玻璃(glass)；复合或混合(composite_or_mixed)；其它(other),,,0,204,封装参数,package_attributes,标准取值形如「中文(英文枚举关键词)」。贴片膜电阻典型衬底→陶瓷；水泥封装→水泥；塑封/环氧→环氧塑料；金属封装功率外壳→金属外壳；箔/条/分流合金本体→金属导体；玻璃钝化壳→玻璃；线绕/-plugin等多材质→复合或混合；无法归类→其它。可与 resistive_element_technology、form_factor 对照使用。
resistor_schema_v1.5.20,resistor,l2,fixed_resistor,eccn_code,出口管制分类号,,VARCHAR,,符合EAR格式，如 EAR99 / 3a999,,,0,401,交易参数,purchasing_attributes,[高价值/易采集] 美国出口管制分类编码，跨境采购与替代选型的合规红线。变更即触发合规重审，须与原料一致或评估豁免资质。
resistor_schema_v1.5.20,resistor,l2,fixed_resistor,flameproof,阻燃/防火特性,,BOOLEAN,,true / false,,,0,305,合规参数,regulatory_attributes,是否具备阻燃、防火或熔断安全结构。水泥/陶瓷壳功率电阻常见该特性，应用语义可同步生成flameproof/high_power标签。
resistor_schema_v1.5.20,resistor,l2,fixed_resistor,form_factor,外形结构,,VARCHAR,,chip / axial / radial / melf / cement_block / ceramic_case / chassis_mount / array / other,,,0,205,封装参数,package_attributes,固定电阻外形结构，例如贴片、轴向插件、径向插件、MELF、水泥块、瓷壳、底座安装、阵列等。用于替代原先按外形拆分的细类。
resistor_schema_v1.5.20,resistor,l2,fixed_resistor,lead_free,无铅工艺,,BOOLEAN,,true / false,,,0,303,合规参数,regulatory_attributes,[高价值/易采集] 无铅焊接工艺兼容性标志。与产线锡膏体系直接挂钩，有铅/无铅混用致虚焊，替代料须与原料工艺体系严格匹配。
resistor_schema_v1.5.20,resistor,l2,fixed_resistor,lifecycle_status,生命周期状态,,VARCHAR,,active / nrnd / eol / discontinued / preview,,,0,400,交易参数,purchasing_attributes,[高价值/易采集] 供应连续性预警红线。EOL/NRND触发替代与风险预警，替代选型须优先选Active状态，避免引入停产风险。
resistor_schema_v1.5.20,resistor,l2,fixed_resistor,manufacturer,制造商,,VARCHAR,,NOT NULL,,,0,100,技术参数,tech_specs,[高价值/易采集] 供应链溯源与替代寻源核心锚点。替代选型时须优先验证同厂或经认证的二级来源资质，跨厂替代须重新评估工艺一致性。
resistor_schema_v1.5.20,resistor,l2,fixed_resistor,max_working_voltage_v,最高工作电压,V,DOUBLE,,> 0,,,1,110,技术参数,tech_specs,固定电阻可长期承受的最高工作电压。
resistor_schema_v1.5.20,resistor,l2,fixed_resistor,mounting_style,安装方式,,VARCHAR,,smd / through_hole / chassis / panel / other,,,0,206,封装参数,package_attributes,安装方式约束，决定PCB/结构兼容性。贴片、通孔、底座/面板安装不可直接互换。
resistor_schema_v1.5.20,resistor,l2,fixed_resistor,mpn,制造商料号,,VARCHAR,,NOT NULL,,,0,101,技术参数,tech_specs,[高价值/易采集] 全局唯一物料标识，选型替代的主键锚点。BOM锁定与追溯必需字段，替代时必须映射至新MPN并触发合规重审。
resistor_schema_v1.5.20,resistor,l2,fixed_resistor,msl_level,湿敏等级,,VARCHAR,,1 / 2 / 2a / 3 / 4 / 5 / 5a / 6,,,1,304,合规参数,regulatory_attributes,[高价值/易采集] IPC/JEDEC湿敏等级，决定存储条件与贴装前烘烤规程。替代料MSL等级须≤原料（数字越小越宽松）。
resistor_schema_v1.5.20,resistor,l2,fixed_resistor,package_case,封装型号,,VARCHAR,,01005 / 0201 / 0402 / 0603 / 0805 / 1206 / 1210 / 1812 / 2010 / 2512 / axial / radial / melf / cement_block / ceramic_case / chassis_mount / other,,,1,200,封装参数,package_attributes,[高价值/易采集] 标准封装、外形或安装规格。贴片可为EIA封装代码，插件/功率电阻可为轴向、径向、水泥块、瓷壳、底座安装等结构描述。
resistor_schema_v1.5.20,resistor,l2,fixed_resistor,pkg_height_mm,封装体高度,mm,DOUBLE,2,> 0,,,0,203,封装参数,package_attributes,[高价值/易采集] 元件物理高度，决定净空间隙与结构干涉风险。替代料须满足整机高度约束。
resistor_schema_v1.5.20,resistor,l2,fixed_resistor,pkg_length_mm,封装体长度,mm,DOUBLE,2,> 0,,,0,201,封装参数,package_attributes,[高价值/易采集] 元件物理长度，PCB布局与装配空间约束。替代料通常须≤原料或满足安装公差。
resistor_schema_v1.5.20,resistor,l2,fixed_resistor,pkg_width_mm,封装体宽度,mm,DOUBLE,2,> 0,,,0,202,封装参数,package_attributes,[高价值/易采集] 元件物理宽度，PCB布局与装配空间约束。替代料通常须≤原料或满足安装公差。
resistor_schema_v1.5.20,resistor,l2,fixed_resistor,power_rating_w,额定功率,W,DOUBLE,,> 0,,,1,108,技术参数,tech_specs,额定耗散功率，高功率应通过该字段或 semantic_tags=high_power 表达，不作为分类节点。
resistor_schema_v1.5.20,resistor,l2,fixed_resistor,reach,REACH合规,,BOOLEAN,,true / false,,,0,301,合规参数,regulatory_attributes,[高价值/易采集] 欧盟SVHC高关注物质合规声明，欧盟市场准入硬性要求。替代料须保持SVHC通报状态一致或更优。
resistor_schema_v1.5.20,resistor,l2,fixed_resistor,resistance_ohm,标称阻值,Ω,DOUBLE,,> 0,,,1,106,技术参数,tech_specs,固定电阻的标称阻值，是首要选型参数。
resistor_schema_v1.5.20,resistor,l2,fixed_resistor,resistive_element_technology,电阻体工艺/材质,,VARCHAR,,thick_film / thin_film / metal_film / carbon_film / metal_oxide / foil / wirewound / ceramic_composition / other,,,0,105,技术参数,tech_specs,电阻体或导电膜层的工艺/材质，用于表达厚膜、薄膜、金属膜、碳膜、金属氧化膜、箔、电阻丝、陶瓷复合等差异，不作为L3分类节点。
resistor_schema_v1.5.20,resistor,l2,fixed_resistor,resistor_type,固定电阻功能类型,,VARCHAR,,general_fixed / current_sense / array_network / wirewound / other,,,0,104,技术参数,tech_specs,固定电阻的功能/结构类型。材质、膜层、外壳材料不再作为L3分类，应通过resistive_element_technology、body_material、form_factor等字段表达。
resistor_schema_v1.5.20,resistor,l2,fixed_resistor,rohs_compliant,RoHS合规,,BOOLEAN,,true / false,,,0,300,合规参数,regulatory_attributes,[高价值/易采集] 欧盟有害物质限制合规硬门槛。不满足则直接淘汰，替代料必须保持合规状态一致或更严格，车规/工控强制准入。
resistor_schema_v1.5.20,resistor,l2,fixed_resistor,tcr_ppm_per_c,温度系数,ppm/℃,DOUBLE,,,,,1,109,技术参数,tech_specs,阻值随温度变化的系数，是精密和稳定性选型的重要参数。
resistor_schema_v1.5.20,resistor,l2,fixed_resistor,temp_max_c,最高工作温度,℃,DOUBLE,1,70 ~ 275,,,1,103,技术参数,tech_specs,[高价值/易采集] 元件额定工作温度上限，热降额与功率折算基准。替代料temp_max须≥原料，车规通常要求≥155℃。
resistor_schema_v1.5.20,resistor,l2,fixed_resistor,temp_min_c,最低工作温度,℃,DOUBLE,1,-75 ~ 0,,,1,102,技术参数,tech_specs,[高价值/易采集] 元件额定工作温度下限，冷启动与极端环境适配底线。替代料temp_min须≤原料，否则存在低温失效风险。
resistor_schema_v1.5.20,resistor,l2,fixed_resistor,tolerance_pct,阻值容差,%,DOUBLE,,>= 0,0,,1,107,技术参数,tech_specs,标称阻值允许偏差。
resistor_schema_v1.5.20,resistor,l2,protective_sensitive_resistor,aec_q_level,汽车级认证等级,,VARCHAR,,AEC-Q200 / NULL,,,0,302,合规参数,regulatory_attributes,[高价值/易采集] 车规准入硬门槛。热敏电阻适用 AEC-Q200（无源器件）。非车规场景填 NULL，替代件等级须 ≥ 原料。
resistor_schema_v1.5.20,resistor,l2,protective_sensitive_resistor,eccn_code,出口管制分类号,,VARCHAR,,符合 EAR/CCATS 格式，可为 NULL,,,0,401,交易参数,purchasing_attributes,[高价值/易采集] 美国 EAR 出口管制分类编码。决定跨境贸易合规路由，替代件不可引入更高管制等级。格式如 EAR99、3A001。
resistor_schema_v1.5.20,resistor,l2,protective_sensitive_resistor,lead_free,无铅标识,,BOOLEAN,,TRUE / FALSE,,,0,303,合规参数,regulatory_attributes,[高价值/易采集] 焊接工艺兼容性底线。TRUE=无铅工艺兼容；FALSE=含铅。无铅产线替代件必须为 TRUE，与 RoHS 联动核查。
resistor_schema_v1.5.20,resistor,l2,protective_sensitive_resistor,lifecycle_status,生命周期状态,,VARCHAR,,Active / NRND / EOL / Obsolete,,,0,400,交易参数,purchasing_attributes,[高价值/易采集] 物料采购可行性红线。EOL/Obsolete 状态须强制触发替代搜索，替代件必须为 Active。
resistor_schema_v1.5.20,resistor,l2,protective_sensitive_resistor,manufacturer,制造商,,VARCHAR,,非空字符串,,,0,100,交易参数,purchasing_attributes,[高价值/易采集] 供应链溯源根节点。用于多源替代分组、PCN 风险追踪与供应商资质审核。替代选型时同厂同系列优先以降低工艺差异风险。
resistor_schema_v1.5.20,resistor,l2,protective_sensitive_resistor,mpn,制造商料号,,VARCHAR,,非空字符串，全局唯一,,,0,101,交易参数,purchasing_attributes,[高价值/易采集] 全局唯一物料标识符。与 manufacturer 联合构成物料主键，BOM 对齐与替代精确匹配的硬锚点，禁止为空。
resistor_schema_v1.5.20,resistor,l2,protective_sensitive_resistor,msl_level,湿敏等级,,VARCHAR,,1 / 2 / 2a / 3 / 4 / 5 / 5a / 6,,,0,304,合规参数,regulatory_attributes,[高价值/易采集] J-STD-020 潮湿敏感度等级，决定回流焊前烘烤要求与开封后暴露时间上限。替代件 MSL 数字须 ≤ 原料（数字越小越宽松，产线成本越低）。
resistor_schema_v1.5.20,resistor,l2,protective_sensitive_resistor,package_case,封装形式,,VARCHAR,,非空字符串,,,1,200,封装参数,package_attributes,[高价值/易采集] PCB 焊盘设计与贴片工艺匹配红线。如 0402、0603、0805、1206、Radial、Axial 等。替代件封装须与原料完全一致，否则需重新布板评估。
resistor_schema_v1.5.20,resistor,l2,protective_sensitive_resistor,pkg_height_mm,封装体高度,mm,DOUBLE,2,> 0,,,0,203,封装参数,package_attributes,[高价值/易采集] 整机净空高度约束。替代件高度须 ≤ 原料，防止结构干涉。
resistor_schema_v1.5.20,resistor,l2,protective_sensitive_resistor,pkg_length_mm,封装体长度,mm,DOUBLE,2,> 0,,,0,201,封装参数,package_attributes,[高价值/易采集] PCB 布局占位红线。与 pkg_width_mm 共同决定焊盘设计兼容性，替代件须与原料尺寸匹配。
resistor_schema_v1.5.20,resistor,l2,protective_sensitive_resistor,pkg_width_mm,封装体宽度,mm,DOUBLE,2,> 0,,,0,202,封装参数,package_attributes,[高价值/易采集] PCB 布局占位红线。替代件须与原料封装宽度一致，避免焊盘不兼容导致返工。
resistor_schema_v1.5.20,resistor,l2,protective_sensitive_resistor,power_rating_w,额定功率,W,DOUBLE,3,> 0,,,1,114,技术参数,tech_specs,[高价值/易采集] L2 家族热安全边界。器件在额定温度下可持续耗散的最大功率，决定自热效应与长期可靠性。替代件须 ≥ 原料，防止过热失效与阻值漂移。
resistor_schema_v1.5.20,resistor,l2,protective_sensitive_resistor,reach,REACH合规,,VARCHAR,,Compliant / Non-Compliant / Unknown,,,0,301,合规参数,regulatory_attributes,[高价值/易采集] 欧盟 SVHC 化学品管控合规底线。Compliant=不含高关注物质；Non-Compliant=含受限物质。出口欧盟市场必查，替代件须同等或更严格。
resistor_schema_v1.5.20,resistor,l2,protective_sensitive_resistor,resistance_25c_ohm,标称阻值（25℃）,Ω,DOUBLE,2,> 0,,,1,112,技术参数,tech_specs,[高价值/易采集] L2 家族公共核心参数。热敏电阻在 25℃ 基准温度下的标称阻值，是选型与替代的第一匹配锚点。替代件须在原料标称值 ± 容差范围内严格匹配，偏差超出将导致分压/偏置电路工作点漂移。
resistor_schema_v1.5.20,resistor,l2,protective_sensitive_resistor,resistance_tolerance_pct,阻值公差,%,DOUBLE,1,> 0，常见值：1 / 2 / 5 / 10,,,1,113,技术参数,tech_specs,[高价值/易采集] L2 家族公共精度底线。标称阻值的允许偏差百分比，直接决定温度测量/控制精度上限。替代件公差须 ≤ 原料（数值越小越严格），否则系统校准失效。
resistor_schema_v1.5.20,resistor,l2,protective_sensitive_resistor,rohs_compliant,RoHS合规,,BOOLEAN,,TRUE / FALSE,,,0,300,合规参数,regulatory_attributes,[高价值/易采集] 欧盟有害物质限制指令合规底线。TRUE=符合；FALSE=含受限物质。替代件须与原料一致或更严格，不满足则直接排除。
resistor_schema_v1.5.20,resistor,l2,protective_sensitive_resistor,temp_max_c,最高工作温度,℃,DOUBLE,1,50 ~ 300,,,1,111,技术参数,tech_specs,[高价值/易采集] 器件可靠工作温度上限，热失控与老化加速红线。替代件须满足 temp_max_c ≥ 原料，车规/工控场景尤为关键。
resistor_schema_v1.5.20,resistor,l2,protective_sensitive_resistor,temp_min_c,最低工作温度,℃,DOUBLE,1,-100 ~ 25,,,1,110,技术参数,tech_specs,[高价值/易采集] 器件可靠工作温度下限，环境适配红线。替代件须满足 temp_min_c ≤ 原料，确保低温工况全覆盖。
resistor_schema_v1.5.20,resistor,l2,protective_sensitive_resistor,voltage_max_v,最大工作电压,V,DOUBLE,1,> 0,,,1,115,技术参数,tech_specs,[高价值/易采集] L2 家族击穿安全红线。器件可承受的最大连续工作电压，NTC 防自热失控、PTC 防触发后击穿均依赖此参数。替代件须 ≥ 原料。
resistor_schema_v1.5.20,resistor,l2,variable_resistor,aec_q_level,汽车级认证等级,,VARCHAR,,aec-q200 / null,,,0,312,合规参数,regulatory_attributes,[基类生命线] AEC-Q200。
resistor_schema_v1.5.20,resistor,l2,variable_resistor,eccn_code,出口管制分类号,,VARCHAR,,符合EAR格式，如 ear99,,,0,403,交易参数,purchasing_attributes,[基类生命线] ECCN。
resistor_schema_v1.5.20,resistor,l2,variable_resistor,form_factor,外形结构,,VARCHAR,,chip / axial / radial / melf / cement_block / ceramic_case / chassis_mount / array / other,,,1,201,封装参数,package_attributes,[v1.5.20 新增] 可调电阻外形结构。
resistor_schema_v1.5.20,resistor,l2,variable_resistor,lead_free,无铅标识,,BOOLEAN,,true / false,,,0,313,合规参数,regulatory_attributes,[基类生命线] 无铅工艺。
resistor_schema_v1.5.20,resistor,l2,variable_resistor,lifecycle_status,生命周期状态,,VARCHAR,,active / nrnd / obsolete / eol,,,0,402,交易参数,purchasing_attributes,[基类生命线] 供应连续性风险。
resistor_schema_v1.5.20,resistor,l2,variable_resistor,manufacturer,制造商,,VARCHAR,,非空字符串,,,0,400,交易参数,purchasing_attributes,[基类生命线] 供应链溯源与替代认证主体。
resistor_schema_v1.5.20,resistor,l2,variable_resistor,max_working_voltage_v,最大工作电压,V,DOUBLE,1,> 0,,,1,115,技术参数,tech_specs,[高价值/易采集] Excel Voltage_Max_V；ICDPDF 映射与固定电阻 max_working_voltage_v 共用规则通道。
resistor_schema_v1.5.20,resistor,l2,variable_resistor,mounting_style,贴装方式,,VARCHAR,,smd / through_hole / chassis / panel / other,,,1,202,封装参数,package_attributes,[v1.5.20 新增] 安装方式约束，替代原 potentiometer.mounting_type。
resistor_schema_v1.5.20,resistor,l2,variable_resistor,mpn,制造商料号,,VARCHAR,,非空字符串,,,0,401,交易参数,purchasing_attributes,[基类生命线] 全球唯一物料标识。
resistor_schema_v1.5.20,resistor,l2,variable_resistor,msl_level,湿敏等级,,VARCHAR,,1 / 2 / 2a / 3 / 4 / 5 / 5a / 6,,,0,314,合规参数,regulatory_attributes,[基类生命线] J-STD-020 MSL。
resistor_schema_v1.5.20,resistor,l2,variable_resistor,package_case,封装形式,,VARCHAR,,如 3296w / 3006p / 9mm_round / panel_mount,,,1,200,封装参数,package_attributes,[基类生命线] 封装代号。
resistor_schema_v1.5.20,resistor,l2,variable_resistor,power_rating_w,额定功率,W,DOUBLE,3,> 0,,,1,114,技术参数,tech_specs,[高价值/易采集] 最大耗散功率。
resistor_schema_v1.5.20,resistor,l2,variable_resistor,reach,REACH合规,,BOOLEAN,,true / false,,,0,311,合规参数,regulatory_attributes,[基类生命线] REACH/SVHC。
resistor_schema_v1.5.20,resistor,l2,variable_resistor,resistance_ohm,标称阻值,Ω,DOUBLE,2,> 0,,,1,112,技术参数,tech_specs,[高价值/易采集] 可调电阻标称总阻值。
resistor_schema_v1.5.20,resistor,l2,variable_resistor,rohs_compliant,RoHS合规,,BOOLEAN,,true / false,,,0,310,合规参数,regulatory_attributes,[基类生命线] RoHS 合规状态。
resistor_schema_v1.5.20,resistor,l2,variable_resistor,temp_max_c,最高工作温度,℃,DOUBLE,1,70 ~ 200,,,1,111,技术参数,tech_specs,[基类生命线] 工作温度上限。
resistor_schema_v1.5.20,resistor,l2,variable_resistor,temp_min_c,最低工作温度,℃,DOUBLE,1,-65 ~ 0,,,1,110,技术参数,tech_specs,[基类生命线] 工作温度下限。
resistor_schema_v1.5.20,resistor,l2,variable_resistor,tolerance_pct,阻值容差,%,DOUBLE,2,> 0,0,,1,113,技术参数,tech_specs,[高价值/易采集] 阻值允许偏差。
resistor_schema_v1.5.20,resistor,l3,current_sense_resistor,is_kelvin_4terminal,四端开尔文结构,,BOOLEAN,,true / false,,,0,117,技术参数,tech_specs,[v1.5.20 改名 is_kelvin_4_terminal → is_kelvin_4terminal] 电流检测核心结构。
resistor_schema_v1.5.20,resistor,l3,current_sense_resistor,parasitic_inductance_nh,寄生电感,nH,DOUBLE,2,>= 0,0,,0,120,技术参数,tech_specs,[高价值/难采集] 高频电流检测精度关键参数。开关电源di/dt场景下寄生电感会引入电压尖峰，替代料须≤原料。
resistor_schema_v1.5.20,resistor,l3,current_sense_resistor,rated_current_a,额定电流,A,DOUBLE,2,> 0,,,0,118,技术参数,tech_specs,[高价值/易采集] 电流检测长期通流能力上限，决定可检测电流范围与自热误差。替代料须≥原料。
resistor_schema_v1.5.20,resistor,l3,current_sense_resistor,sense_tcr_ppm_per_c,电流检测专用TCR,ppm/℃,DOUBLE,1,0 ~ 200,0,200,0,119,技术参数,tech_specs,[高价值/难采集] 超低阻值检测场景下的专用TCR约束。替代料须≤原料绝对值。
resistor_schema_v1.5.20,resistor,l3,digital_potentiometer,bit_resolution,位分辨率,bit,INT,,>= 1，典型值 6 / 7 / 8 / 10,1,,0,132,技术参数,tech_specs,[v1.5.20 新增 L3 digital_potentiometer] 电阻阵列步进位数。
resistor_schema_v1.5.20,resistor,l3,digital_potentiometer,interface_type,接口类型,,VARCHAR,,spi / i2c / up_down / resistor_ladder,,,0,130,技术参数,tech_specs,[v1.5.20 新增] 控制接口协议。
resistor_schema_v1.5.20,resistor,l3,digital_potentiometer,non_volatile,非易失性,,BOOLEAN,,true / false,,,0,134,技术参数,tech_specs,[v1.5.20 新增] 掉电后是否保留游标位置。
resistor_schema_v1.5.20,resistor,l3,digital_potentiometer,number_of_wipers,游标数量,,INT,,>= 1，典型值 1 / 2 / 4,1,,0,133,技术参数,tech_specs,[v1.5.20 新增] 独立游标数量。
resistor_schema_v1.5.20,resistor,l3,digital_potentiometer,nv_write_cycles,EEPROM 擦写寿命,cycles,INT,,> 0，典型值 100000 / 1000000,1,,0,137,技术参数,tech_specs,[v1.5.20 新增] 仅 non_volatile=true 时有意义。
resistor_schema_v1.5.20,resistor,l3,digital_potentiometer,supply_voltage_v,供电电压,V,DOUBLE,2,> 0，典型值 1.8 / 2.5 / 3.3 / 5.0,0,,0,136,技术参数,tech_specs,[v1.5.20 新增] 器件标称供电电压。
resistor_schema_v1.5.20,resistor,l3,digital_potentiometer,wiper_resistance_ohm,游标电阻,Ω,DOUBLE,1,> 0，典型值 50 / 75 / 100 / 200,0,,0,135,技术参数,tech_specs,[v1.5.20 新增] 游标自身寄生接触电阻。
resistor_schema_v1.5.20,resistor,l3,fusible_resistor,failure_mode,失效模式,,VARCHAR,,Open / Short,,,0,154,技术参数,tech_specs,[高价值/易采集] Fusible_Resistor 节点安全失效判据。熔断后的失效状态，Open（开路）为安全失效，Short（短路）为危险失效，替代料必须一致，否则安全设计根本性失效。
resistor_schema_v1.5.20,resistor,l3,fusible_resistor,fuse_character_type,熔断特性类型,,VARCHAR,,Fast_Blow / Slow_Blow / Time_Lag,,,0,150,技术参数,tech_specs,[高价值/易采集] Fusible_Resistor 节点核心路由键。快断/慢断/延时决定过载保护响应曲线形态，替代料必须特性类型一致，否则保护策略根本性失效。
resistor_schema_v1.5.20,resistor,l3,fusible_resistor,fusing_current_a,熔断电流,A,DOUBLE,3,> 0,,,0,151,技术参数,tech_specs,[高价值/难采集] Fusible_Resistor 节点保护阈值核心。触发熔断的电流阈值，过低误熔断、过高失去保护，替代料偏差需 ≤ ±10% 且匹配系统保护点。
resistor_schema_v1.5.20,resistor,l3,fusible_resistor,fusing_time_max_s,熔断时间上限,s,DOUBLE,3,> 0,,,0,152,技术参数,tech_specs,[高价值/难采集] Fusible_Resistor 节点保护速度红线。在规定过载倍数下从过流到熔断的最大响应时间，替代料需 ≤ 原料以保证故障能量受控。
resistor_schema_v1.5.20,resistor,l3,fusible_resistor,non_fusing_current_a,不熔断电流,A,DOUBLE,3,> 0,,,0,153,技术参数,tech_specs,[高价值/难采集] Fusible_Resistor 节点长期安全工作上限。长期通过不触发熔断的最大持续电流，与 power_rating_w 共同约束降额设计，替代料需 ≥ 原料。
resistor_schema_v1.5.20,resistor,l3,general_fixed_resistor,current_noise_index_db,电流噪声指数,dB,DOUBLE,1,-60 ~ 10,-60,10,0,111,技术参数,tech_specs,[可选/难采集] 固定电阻过剩噪声指标。厚膜/碳膜通常较高，薄膜/金属膜通常较低；低噪声模拟链路可作为替代约束。
resistor_schema_v1.5.20,resistor,l3,general_fixed_resistor,flammability_rating,阻燃等级,,VARCHAR,,ul94-v0 / ul94-v1 / ul94-v2 / ul94-hb / null,,,0,306,合规参数,regulatory_attributes,[可选/易采集] 阻燃等级，陶瓷壳/水泥/防火电阻常见。若无明确安规资料，不应由LLM强行补全。
resistor_schema_v1.5.20,resistor,l3,general_fixed_resistor,load_life_drift_ppm,负荷寿命漂移,ppm,DOUBLE,1,>= 0,0,,0,112,技术参数,tech_specs,[可选/难采集] 额定负荷老化后的阻值漂移，用于精密/长期稳定应用。薄膜、金属膜通常优于普通厚膜/碳膜。
resistor_schema_v1.5.20,resistor,l3,general_fixed_resistor,max_overload_voltage_v,最大过载电压,V,DOUBLE,1,> 0,,,0,114,技术参数,tech_specs,[可选/易采集] 短时过载耐压能力，决定瞬态过压和浪涌裕量。替代料通常须≥原料。
resistor_schema_v1.5.20,resistor,l3,general_fixed_resistor,pulse_withstand_energy_j,脉冲承受能量,J,DOUBLE,3,> 0,,,0,115,技术参数,tech_specs,[可选/难采集] 单次脉冲可承受能量。高功率、水泥/陶瓷壳、抗浪涌电阻可用该字段表达，不再拆独立L3。
resistor_schema_v1.5.20,resistor,l3,general_fixed_resistor,thermal_resistance_c_per_w,热阻,℃/W,DOUBLE,2,> 0,,,0,116,技术参数,tech_specs,[可选/难采集] 本体到环境或外壳的热阻，用于功率/陶瓷/水泥壳电阻的热设计。
resistor_schema_v1.5.20,resistor,l3,general_fixed_resistor,voltage_coefficient_ppm_per_v,电压系数,ppm/V,DOUBLE,2,-1000 ~ 1000,-1000,1000,0,113,技术参数,tech_specs,[可选/难采集] 阻值随施加电压变化的非线性指标。高压精密分压或低失真模拟场景需关注。
resistor_schema_v1.5.20,resistor,l3,ntc_thermistor,b_value_k,B值材料常数,K,DOUBLE,0,2000 ~ 6000,2000,6000,0,120,技术参数,tech_specs,[高价值/易采集] NTC 节点核心特征参数，物理机制唯一标识符。B 值定义 NTC 阻值随温度变化的灵敏度（通常以 B25/85 标注），直接决定温度测量精度与传感器互换性。替代件 B 值偏差须在 ±1% 以内，否则全温区温度计算误差不可接受，系统需重新标定。
resistor_schema_v1.5.20,resistor,l3,ntc_thermistor,b_value_tolerance_pct,B值公差,%,DOUBLE,1,> 0，常见值：0.5 / 1 / 2 / 3,,,0,121,技术参数,tech_specs,[高价值/中等采集难度] NTC 节点特有精度延伸参数。B 值离散直接导致多点温度校准失效，在精密测温与多传感器一致性场景中为选型红线。替代件 B 值公差须 ≤ 原料，否则批次间温度偏差超出系统容忍范围。
resistor_schema_v1.5.20,resistor,l3,ntc_thermistor,current_max_ma,最大稳态电流,mA,DOUBLE,1,> 0,,,0,123,技术参数,tech_specs,[高价值/易采集] NTC 节点特有自热抑制与浪涌场景红线。定义 NTC 在额定温度下允许通过的最大持续电流，超限导致自热失控与阻值永久漂移。替代件须 ≥ 原料，电源浪涌抑制型 NTC 选型必查。
resistor_schema_v1.5.20,resistor,l3,ntc_thermistor,thermal_dissipation_mw_per_c,热耗散系数,mW/℃,DOUBLE,2,> 0，典型值：0.5 ~ 10,,,0,122,技术参数,tech_specs,[高价值/难采集] NTC 节点特有自热误差控制参数。定义 NTC 每升温 1℃ 所需耗散的功率（mW/℃），值越大越不易自热漂移。精密温度测量场景替代件须 ≥ 原料，自热引起的系统性测温偏差须可控。
resistor_schema_v1.5.20,resistor,l3,ntc_thermistor,thermal_time_constant_s,热时间常数,s,DOUBLE,,> 0，典型值：1 ~ 60,,,0,124,技术参数,tech_specs,NTC用于温度传感时，响应速度是核心选型参数；热时间常数直接决定传感器能否满足动态温度检测需求（如电机保护、电池温度监测的实时性），缺少该字段无法筛选快响应NTC；与现有热耗散系数（稳态散热能力）物理含义完全不同，不可互推
resistor_schema_v1.5.20,resistor,l3,other_sensitive_resistor,ntc_b_constant_k,NTC B值常数,K,DOUBLE,0,2000 ~ 5000，非NTC填NULL,,,0,161,技术参数,tech_specs,[高价值/易采集] NTC 热敏电阻温度特性核心参数。材料常数决定阻温曲线斜率，替代料 B 值偏差需 ≤ ±1% 以保证测温/补偿精度，非 NTC 类型填 NULL。
resistor_schema_v1.5.20,resistor,l3,other_sensitive_resistor,photo_dark_resistance_ohm,光敏暗阻,Ω,DOUBLE,1,> 0，非光敏填NULL,,,0,164,技术参数,tech_specs,[高价值/易采集] 光敏电阻无光条件下漏电/误触发红线，决定暗态开关阈值与静态功耗，替代料需 ≥ 原料以降低暗态误判，非光敏类型填 NULL。
resistor_schema_v1.5.20,resistor,l3,other_sensitive_resistor,photo_light_resistance_ohm,光敏亮阻,Ω,DOUBLE,1,> 0，非光敏填NULL,,,0,163,技术参数,tech_specs,[高价值/易采集] 光敏电阻标准照度下工作点阻值（通常 10lux 或 100lux 条件），决定触发阈值，替代料需在同照度条件下匹配，非光敏类型填 NULL。
resistor_schema_v1.5.20,resistor,l3,other_sensitive_resistor,ptc_curie_temp_c,PTC居里温度,℃,DOUBLE,1,60 ~ 200，非PTC填NULL,,,0,162,技术参数,tech_specs,[高价值/难采集] PTC 热敏电阻动作阈值核心判据。超过此温度阻值急剧上升触发限流保护，替代料需在系统目标保护温度允许范围内，非 PTC 类型填 NULL。
resistor_schema_v1.5.20,resistor,l3,other_sensitive_resistor,response_time_const_s,响应时间常数,s,DOUBLE,3,> 0,,,0,165,技术参数,tech_specs,[高价值/难采集] Other_Sensitive_Resistor 节点动态响应速度通用指标。热/光/湿敏从物理量变化到阻值稳定的时间常数，动态测量与控制环路选型关键，替代料需 ≤ 原料。
resistor_schema_v1.5.20,resistor,l3,other_sensitive_resistor,sensitive_type,敏感类型,,VARCHAR,,NTC / PTC / Photoresistor / Humidity / Pressure / Magnetic / Gas / Other,,,0,160,技术参数,tech_specs,[高价值/易采集] Other_Sensitive_Resistor 节点首要路由键。区分 NTC/PTC/光敏/湿敏/力敏/气敏等物理量响应机理，决定后续参数含义与替代可比性，替代料必须敏感类型一致。
resistor_schema_v1.5.20,resistor,l3,potentiometer,gang_count,联数,,INT,,>= 1,1,,0,136,技术参数,tech_specs,[高价值/易采集] 同轴联动通道数。
resistor_schema_v1.5.20,resistor,l3,potentiometer,mechanical_travel_deg,机械行程,°,DOUBLE,1,> 0,,,0,131,技术参数,tech_specs,[高价值/易采集] 旋转总角度。
resistor_schema_v1.5.20,resistor,l3,potentiometer,rotational_life_cycles,旋转寿命,,INT,,> 0,1,,0,132,技术参数,tech_specs,[高价值/难采集] 额定旋转次数。
resistor_schema_v1.5.20,resistor,l3,potentiometer,shaft_diameter_mm,轴径,mm,DOUBLE,2,> 0,,,0,133,技术参数,tech_specs,[高价值/易采集] 机械轴直径。
resistor_schema_v1.5.20,resistor,l3,potentiometer,shaft_type,轴类型,,VARCHAR,,round / d_shaft / knurled / slotted,,,0,134,技术参数,tech_specs,[高价值/易采集] 圆轴/D轴/花轴等。
resistor_schema_v1.5.20,resistor,l3,potentiometer,taper_type,阻值变化特性,,VARCHAR,,linear / audio_log / anti_log / custom,,,0,130,技术参数,tech_specs,[高价值/易采集] 阻值曲线类型。
resistor_schema_v1.5.20,resistor,l3,ptc_thermistor,curie_temp_c,居里温度,℃,DOUBLE,1,40 ~ 200,40,200,0,130,技术参数,tech_specs,[高价值/易采集] PTC 节点核心特征参数，相变临界点唯一标识符。居里温度是 PTC 阻值发生突变跃升的触发温度，直接决定过温保护动作点。替代件居里温度须与原料一致（允差 ±5℃），偏差过大导致保护动作温度漂移，系统失效。
resistor_schema_v1.5.20,resistor,l3,ptc_thermistor,hold_current_ma,保持电流,mA,DOUBLE,1,> 0,,,0,131,技术参数,tech_specs,[高价值/易采集] PTC 节点特有不误触发红线。定义 PTC 在额定环境温度下可长期承载而不触发保护动作的最大持续电流。替代件须 ≥ 原料，防止正常工作电流下误触发保护导致系统异常断路。
resistor_schema_v1.5.20,resistor,l3,ptc_thermistor,ptc_type,PTC功能类型,,VARCHAR,,Resettable / Switching / Linear,,,0,133,技术参数,tech_specs,[高价值/易采集] PTC 节点特有功能路由属性。区分自恢复型（过流保护，断电后自动恢复）、开关型（过温保护，阻值跃变 10³ 倍以上）与线性型（温度补偿，阻值缓变）。替代件必须同类型，否则系统功能完全失效，不可跨类型替代。
resistor_schema_v1.5.20,resistor,l3,ptc_thermistor,trip_current_ma,跳闸电流,mA,DOUBLE,1,> hold_current_ma,,,0,132,技术参数,tech_specs,[高价值/易采集] PTC 节点特有保护触发红线。定义 PTC 必然触发保护动作的最小电流阈值，与 hold_current_ma 共同定义保护动作窗口（hold < 正常工作电流 < trip）。替代件须 ≤ 原料，确保过流保护可靠触发，不可漏保。
resistor_schema_v1.5.20,resistor,l3,resistor_array_network,circuit_count,电路数（通道数）,,INT,0,>= 2,2,,0,121,技术参数,tech_specs,[高价值/易采集] 单封装内独立电阻单元数量。替代料须与原料完全一致，否则总线位宽/分压节点错位。
resistor_schema_v1.5.20,resistor,l3,resistor_array_network,network_topology,内部电路拓扑,,VARCHAR,,isolated / bussed / voltage_divider / dual_bussed,,,0,122,技术参数,tech_specs,[高价值/易采集] 排阻内部连接方式。Isolated、Bussed、Voltage_Divider等拓扑不同则电路功能不等价。
resistor_schema_v1.5.20,resistor,l3,resistor_array_network,ratio_tolerance_pct,通道间阻值匹配精度,%,DOUBLE,3,0.01 ~ 5,0.01,5,0,123,技术参数,tech_specs,[高价值/难采集] 各通道间阻值比例偏差，决定分压/差分电路精度与CMRR。替代料须≤原料。
resistor_schema_v1.5.20,resistor,l3,trimmer_potentiometer,adjustment_life_cycles,调节寿命,,INT,,> 0,1,,0,124,技术参数,tech_specs,[高价值/易采集] 可调次数 cycles。
resistor_schema_v1.5.20,resistor,l3,trimmer_potentiometer,adjustment_turns,调节圈数,,DOUBLE,1,>= 1,1,,0,121,技术参数,tech_specs,[高价值/易采集] 螺旋调节总圈数。
resistor_schema_v1.5.20,resistor,l3,trimmer_potentiometer,adjustment_type,调节方式,,VARCHAR,,top_adjust / side_adjust / multi_turn,,,0,120,技术参数,tech_specs,[高价值/易采集] Trimmer 顶调/侧调/多圈。
resistor_schema_v1.5.20,resistor,l3,trimmer_potentiometer,is_sealed,密封性,,BOOLEAN,,true / false,,,0,123,技术参数,tech_specs,[高价值/易采集] 密封型防潮防尘。
resistor_schema_v1.5.20,resistor,l3,trimmer_potentiometer,pkg_height_mm,本体高度,mm,DOUBLE,2,> 0,,,0,222,封装参数,package_attributes,[高价值/易采集] Trimmer 本体高度。
resistor_schema_v1.5.20,resistor,l3,trimmer_potentiometer,pkg_length_mm,本体长度,mm,DOUBLE,2,> 0,,,0,220,封装参数,package_attributes,[高价值/易采集] Trimmer 本体长度。
resistor_schema_v1.5.20,resistor,l3,trimmer_potentiometer,pkg_width_mm,本体宽度,mm,DOUBLE,2,> 0,,,0,221,封装参数,package_attributes,[高价值/易采集] Trimmer 本体宽度。
resistor_schema_v1.5.20,resistor,l3,trimmer_potentiometer,temp_coeff_ppm_c,温度系数,ppm/℃,DOUBLE,1,> 0，典型值：25 / 50 / 100 / 200,,,0,124,技术参数,tech_specs,[v1.5.20 改名 tcr_ppm_per_c → temp_coeff_ppm_c] Trimmer 节点精密补偿场景核心。
resistor_schema_v1.5.20,resistor,l3,varistor_mov,clamp_voltage_max_v,最大钳位电压,V,DOUBLE,1,> 0,,,0,141,技术参数,tech_specs,[高价值/易采集] Varistor_MOV 节点保护上限红线。规定峰值电流下残压上限，直接决定被保护器件承压极限，替代料需 ≤ 原料，否则后端 IC 击穿。
resistor_schema_v1.5.20,resistor,l3,varistor_mov,energy_absorption_j,能量吸收能力,J,DOUBLE,2,> 0,,,0,143,技术参数,tech_specs,[高价值/难采集] Varistor_MOV 节点容量底线。单次浪涌可吸收最大能量，防雷/EFT 选型硬指标，替代料需 ≥ 原料，否则单次浪涌即永久失效。
resistor_schema_v1.5.20,resistor,l3,varistor_mov,junction_capacitance_pf,结电容,pF,DOUBLE,1,> 0,,,0,145,技术参数,tech_specs,[高价值/易采集] Varistor_MOV 节点高频寄生参数。影响高速信号线完整性，数据线/通信线保护选型必看，替代料偏差需在系统信号容限内。
resistor_schema_v1.5.20,resistor,l3,varistor_mov,leakage_current_ua,漏电流,uA,DOUBLE,1,≥ 0,,,0,144,技术参数,tech_specs,[高价值/易采集] Varistor_MOV 节点静态功耗与误触发风险指标。在额定工作电压下的静态漏电流，高阻抗/低功耗系统选型必看，替代料需 ≤ 原料。
resistor_schema_v1.5.20,resistor,l3,varistor_mov,peak_current_max_a,最大峰值电流,A,DOUBLE,1,> 0,,,0,142,技术参数,tech_specs,[高价值/易采集] Varistor_MOV 节点通流能力红线。8/20μs 标准波形下不损坏的极限峰值电流，替代料需 ≥ 原料，否则浪涌热失效。
resistor_schema_v1.5.20,resistor,l3,varistor_mov,varistor_voltage_v,压敏电压,V,DOUBLE,1,> 0,,,0,140,技术参数,tech_specs,[高价值/易采集] Varistor_MOV 节点核心判据。1mA 直流测试电流下的两端电压，决定过压保护启动阈值，替代料偏差需 ≤ ±10% 且满足系统钳位窗口下限。
resistor_schema_v1.5.20,resistor,l3,wirewound_resistor,overload_ratio,短时过载倍数,,DOUBLE,1,>= 1，常见: 2 ~ 10,1,,0,126,技术参数,tech_specs,[高价值/易采集] 超额定功率的短时承受倍数。电机启动/浪涌保护场景选型需关注。
resistor_schema_v1.5.20,resistor,l3,wirewound_resistor,parasitic_inductance_uh,寄生电感量,μH,DOUBLE,3,>= 0,0,,0,124,技术参数,tech_specs,[高价值/难采集] 绕线结构核心区分特征。高频/脉冲电路需关注寄生电感，无感绕线产品应显著更低。
resistor_schema_v1.5.20,resistor,l3,wirewound_resistor,pulse_energy_j,脉冲能量耐受,J,DOUBLE,2,> 0,,,0,127,技术参数,tech_specs,[高价值/难采集] 绕线电阻抗浪涌能力，由绕线热容和结构决定。替代料通常须≥原料。
resistor_schema_v1.5.20,resistor,l3,wirewound_resistor,winding_type,绕线工艺类型,,VARCHAR,,standard / bifilar / non-inductive,,,0,125,技术参数,tech_specs,[高价值/易采集] 区分有感/无感绕线工艺。Standard用于低频/直流；Bifilar/Non-Inductive用于高频/脉冲场景。
v1.5.09,diode,l2,rectifier_switching_diode,aec_q_level,AEC-Q认证等级,,VARCHAR,,AEC-Q101 / NULL,,,1,302,合规参数,regulatory_attributes,[高价值/易采集] 车规可靠性
v1.5.09,diode,l2,rectifier_switching_diode,eccn_code,出口管制分类号,,VARCHAR,,符合EAR格式,,,1,403,交易参数,purchasing_attributes,[高价值/易采集] 美国EAR管制
v1.5.09,diode,l2,rectifier_switching_diode,if_avg_a,平均正向电流,A,DOUBLE,3,> 0,0,,1,103,技术参数,tech_specs,[高价值/易采集] 持续载流
v1.5.09,diode,l2,rectifier_switching_diode,ifsm_max_a,最大非重复浪涌电流,A,DOUBLE,1,> 0,0,,1,106,技术参数,tech_specs,[高价值/易采集] 抗冲击极限
v1.5.09,diode,l2,rectifier_switching_diode,ir_max_ua,最大反向漏电流,uA,DOUBLE,2,>= 0,0,,1,105,技术参数,tech_specs,[高价值/易采集] 反向截止
v1.5.09,diode,l2,rectifier_switching_diode,lead_free,无铅标识,,BOOLEAN,,TRUE / FALSE,,,1,303,合规参数,regulatory_attributes,[高价值/易采集] 焊接工艺
v1.5.09,diode,l2,rectifier_switching_diode,lifecycle_status,生命周期状态,,VARCHAR,,Active / NRND / Obsolete / Preview,,,1,402,交易参数,purchasing_attributes,[高价值/易采集] 供应链可得性
v1.5.09,diode,l2,rectifier_switching_diode,manufacturer,制造商,,VARCHAR,,非空字符串,,,1,400,交易参数,purchasing_attributes,[高价值/易采集] 供应链溯源
v1.5.09,diode,l2,rectifier_switching_diode,mpn,制造商料号,,VARCHAR,,非空，全局唯一,,,1,401,交易参数,purchasing_attributes,[高价值/易采集] 全局唯一物料标识
v1.5.09,diode,l2,rectifier_switching_diode,msl_level,湿敏等级,,VARCHAR,,1 / 2 / 2a / 3 / 4 / 5 / 5a / 6,,,1,304,合规参数,regulatory_attributes,[高价值/易采集] 湿敏管控
v1.5.09,diode,l2,rectifier_switching_diode,package_case,封装形式,,VARCHAR,,如 SOD-123 / DO-214AC / SMA / TO-220,,,1,200,封装参数,package_attributes,[高价值/易采集] PCB焊盘契约
v1.5.09,diode,l2,rectifier_switching_diode,pkg_height_mm,封装体高度,mm,DOUBLE,2,> 0,0,,1,203,封装参数,package_attributes,[高价值/易采集] 整机净空
v1.5.09,diode,l2,rectifier_switching_diode,pkg_length_mm,封装体长度,mm,DOUBLE,2,> 0,0,,1,201,封装参数,package_attributes,[高价值/易采集] PCB布局红线
v1.5.09,diode,l2,rectifier_switching_diode,pkg_width_mm,封装体宽度,mm,DOUBLE,2,> 0,0,,1,202,封装参数,package_attributes,[高价值/易采集] 焊盘兼容性
v1.5.09,diode,l2,rectifier_switching_diode,reach,REACH合规,,BOOLEAN,,TRUE / FALSE,,,1,301,合规参数,regulatory_attributes,[高价值/易采集] SVHC合规
v1.5.09,diode,l2,rectifier_switching_diode,rohs_compliant,RoHS合规,,BOOLEAN,,TRUE / FALSE,,,1,300,合规参数,regulatory_attributes,[高价值/易采集] 欧盟RoHS合规
v1.5.09,diode,l2,rectifier_switching_diode,temp_max_c,最高工作温度,℃,DOUBLE,1,100 ~ 175（边界已放开）,,,1,101,技术参数,tech_specs,[高价值/易采集] 温度上限；边界因车规扩展暂取消
v1.5.09,diode,l2,rectifier_switching_diode,temp_min_c,最低工作温度,℃,DOUBLE,1,-65 ~ 0（边界已放开）,,,1,100,技术参数,tech_specs,[高价值/易采集] 温度下限；边界因数据分布广暂取消
v1.5.09,diode,l2,rectifier_switching_diode,vf_max_v,最大正向压降,V,DOUBLE,3,> 0,0,,1,104,技术参数,tech_specs,[高价值/易采集] 导通损耗
v1.5.09,diode,l2,rectifier_switching_diode,vrrm_v,重复峰值反向电压,V,DOUBLE,1,> 0,0,,1,102,技术参数,tech_specs,[高价值/易采集] 耐压生死底线
v1.5.09,diode,l2,rf_special_diode,aec_q_level,车规认证等级,,VARCHAR,,AEC-Q101 / AEC-Q102 / None,,,1,302,合规参数,regulatory_attributes,[基类生命线/易采集] 车规可靠性
v1.5.09,diode,l2,rf_special_diode,breakdown_voltage_v,反向击穿电压,V,DOUBLE,1,> 0,0,,1,102,技术参数,tech_specs,[高价值/易采集] L2 家族反偏上限
v1.5.09,diode,l2,rf_special_diode,eccn_code,出口管制分类编码,,VARCHAR,,合法ECCN字符串,,,1,403,交易参数,purchasing_attributes,[基类生命线/易采集] EAR出口管制
v1.5.09,diode,l2,rf_special_diode,frequency_max_mhz,最大工作频率,MHz,DOUBLE,,> 0,0,,1,107,技术参数,tech_specs,射频二极管选型第一入口参数
v1.5.09,diode,l2,rf_special_diode,if_max_ma,最大正向电流,mA,DOUBLE,1,> 0,0,,1,103,技术参数,tech_specs,[高价值/易采集] L2 家族载流红线
v1.5.09,diode,l2,rf_special_diode,junction_capacitance_pf,零偏结电容,pF,DOUBLE,3,> 0,0,,1,106,技术参数,tech_specs,[高价值/易采集] 射频性能锚点（@V=0V）
v1.5.09,diode,l2,rf_special_diode,lead_free,无铅标识,,BOOLEAN,,TRUE / FALSE,,,1,303,合规参数,regulatory_attributes,[基类生命线/易采集] 无铅工艺
v1.5.09,diode,l2,rf_special_diode,lifecycle_status,生命周期状态,,VARCHAR,,Active / NRND / Obsolete / Preview,,,1,402,交易参数,purchasing_attributes,[基类生命线/易采集] 物料供应阶段
v1.5.09,diode,l2,rf_special_diode,manufacturer,制造商,,VARCHAR,,非空字符串,,,1,400,交易参数,purchasing_attributes,[基类生命线/易采集] 供应链溯源
v1.5.09,diode,l2,rf_special_diode,mpn,制造商料号,,VARCHAR,,非空，全局唯一,,,1,401,交易参数,purchasing_attributes,[基类生命线/易采集] 全球唯一物料编码
v1.5.09,diode,l2,rf_special_diode,msl_level,湿敏等级,,VARCHAR,,1 / 2 / 2a / 3 / 4 / 5 / 5a / 6,,,1,304,合规参数,regulatory_attributes,[基类生命线/易采集] 湿敏等级
v1.5.09,diode,l2,rf_special_diode,package_case,封装形式,,VARCHAR,,如 SOD-323 / SOT-23 / SC-79,,,1,200,封装参数,package_attributes,[基类生命线/易采集] 标准封装代码
v1.5.09,diode,l2,rf_special_diode,power_dissipation_max_mw,最大耗散功率,mW,DOUBLE,0,> 0,0,,1,104,技术参数,tech_specs,[高价值/易采集] L2 家族热预算
v1.5.09,diode,l2,rf_special_diode,reach,REACH合规,,BOOLEAN,,TRUE / FALSE,,,1,301,合规参数,regulatory_attributes,[基类生命线/易采集] SVHC合规
v1.5.09,diode,l2,rf_special_diode,reverse_leakage_current_ua,最大反向漏电流,uA,DOUBLE,3,>= 0,0,,1,105,技术参数,tech_specs,[高价值/易采集] 截止态隔离
v1.5.09,diode,l2,rf_special_diode,rohs_compliant,RoHS合规,,BOOLEAN,,TRUE / FALSE,,,1,300,合规参数,regulatory_attributes,[基类生命线/易采集] RoHS合规
v1.5.09,diode,l2,rf_special_diode,temp_max_c,最高工作温度,℃,DOUBLE,1,85 ~ 200（边界已放开）,,,1,101,技术参数,tech_specs,[基类生命线/易采集] 温度上限；边界暂取消
v1.5.09,diode,l2,rf_special_diode,temp_min_c,最低工作温度,℃,DOUBLE,1,-65 ~ 25（边界已放开）,,,1,100,技术参数,tech_specs,[基类生命线/易采集] 温度下限；边界暂取消
v1.5.09,diode,l2,voltage_reg_protection_diode,aec_q_level,汽车级认证等级,,VARCHAR,,AEC-Q101 / NULL,,,1,302,合规参数,regulatory_attributes,[强制底线] 车规选型准入门槛
v1.5.09,diode,l2,voltage_reg_protection_diode,breakdown_voltage_v,击穿/稳压电压,V,DOUBLE,3,> 0,0,,1,105,技术参数,tech_specs,[高价值/易采集] Zener/DIAC 核心工作点
v1.5.09,diode,l2,voltage_reg_protection_diode,clamping_voltage_max_v,最大钳位电压,V,DOUBLE,3,> 0,0,,1,106,技术参数,tech_specs,[低优] L2 保留列；TVS 已迁 circuit_protection
v1.5.09,diode,l2,voltage_reg_protection_diode,diode_type,品类路由,,VARCHAR,,Zener_Diode / DIAC_Trigger_Diode,,,1,102,技术参数,tech_specs,[高价值] L3 路由 ENUM（TVS 已归 circuit_protection）
v1.5.09,diode,l2,voltage_reg_protection_diode,eccn_code,出口管制分类号,,VARCHAR,,符合EAR格式，如EAR99,,,1,403,交易参数,purchasing_attributes,[强制底线] 跨境贸易合规红线
v1.5.09,diode,l2,voltage_reg_protection_diode,ir_max_ua,最大反向漏电流,uA,DOUBLE,3,>= 0,0,,1,104,技术参数,tech_specs,[高价值/易采集] 反向截止绝缘品质
v1.5.09,diode,l2,voltage_reg_protection_diode,lead_free,无铅标识,,BOOLEAN,,TRUE / FALSE,,,1,303,合规参数,regulatory_attributes,[强制底线] 焊接工艺兼容性
v1.5.09,diode,l2,voltage_reg_protection_diode,lifecycle_status,生命周期状态,,VARCHAR,,Active / NRND / Obsolete / LastTimeBuy / Preview,,,1,402,交易参数,purchasing_attributes,[强制底线] 物料可采购性判断
v1.5.09,diode,l2,voltage_reg_protection_diode,manufacturer,制造商,,VARCHAR,,非空,,,1,400,交易参数,purchasing_attributes,[强制底线] 供应链溯源与替代认证基线
v1.5.09,diode,l2,voltage_reg_protection_diode,mpn,制造商料号,,VARCHAR,,非空，全局唯一,,,1,401,交易参数,purchasing_attributes,[强制底线] 全局唯一物料标识
v1.5.09,diode,l2,voltage_reg_protection_diode,msl_level,湿敏等级,,VARCHAR,,1 / 2 / 2a / 3 / 4 / 5 / 5a / 6,,,1,304,合规参数,regulatory_attributes,[强制底线] 回流焊烘烤工艺红线
v1.5.09,diode,l2,voltage_reg_protection_diode,package_case,封装形式,,VARCHAR,,如 SOD-123 / SMA / SMB,,,1,200,封装参数,package_attributes,[强制底线] PCB焊盘设计契约
v1.5.09,diode,l2,voltage_reg_protection_diode,peak_pulse_power_w,峰值脉冲功率,W,DOUBLE,1,> 0,0,,1,107,技术参数,tech_specs,[低优] L2 保留列；TVS 已迁 circuit_protection
v1.5.09,diode,l2,voltage_reg_protection_diode,pkg_height_mm,封装体高度,mm,DOUBLE,2,> 0,0,,1,203,封装参数,package_attributes,[高价值/易采集] 整机净空高度约束
v1.5.09,diode,l2,voltage_reg_protection_diode,pkg_length_mm,封装体长度,mm,DOUBLE,2,> 0,0,,1,201,封装参数,package_attributes,[高价值/易采集] PCB布局占位红线
v1.5.09,diode,l2,voltage_reg_protection_diode,pkg_width_mm,封装体宽度,mm,DOUBLE,2,> 0,0,,1,202,封装参数,package_attributes,[高价值/易采集] 焊盘设计兼容性
v1.5.09,diode,l2,voltage_reg_protection_diode,power_dissipation_max_w,最大额定功耗,W,DOUBLE,2,> 0,0,,1,103,技术参数,tech_specs,[高价值/易采集] 全家族热极限
v1.5.09,diode,l2,voltage_reg_protection_diode,reach,REACH合规,,BOOLEAN,,TRUE / FALSE,,,1,301,合规参数,regulatory_attributes,[强制底线] SVHC化学品管控合规
v1.5.09,diode,l2,voltage_reg_protection_diode,rohs_compliant,RoHS合规,,BOOLEAN,,TRUE / FALSE,,,1,300,合规参数,regulatory_attributes,[强制底线] 欧盟环保准入生死线
v1.5.09,diode,l2,voltage_reg_protection_diode,temp_max_c,最高工作温度,℃,DOUBLE,1,85 ~ 175（边界已放开）,,,1,101,技术参数,tech_specs,[强制底线] 环境适应性上限；边界因车规 200℃ 等扩展暂取消
v1.5.09,diode,l2,voltage_reg_protection_diode,temp_min_c,最低工作温度,℃,DOUBLE,1,-65 ~ 0（边界已放开）,,,1,100,技术参数,tech_specs,[强制底线] 环境适应性下限；边界因数据分布广暂取消
v1.5.09,diode,l3,avalanche_diode,eas_max_mj,最大单脉冲雪崩能量,mJ,DOUBLE,2,> 0,0,,0,192,技术参数,tech_specs,雪崩能量吸收
v1.5.09,diode,l3,avalanche_diode,vbr_max_v,最大雪崩击穿电压,V,DOUBLE,1,> vbr_min_v,0,,0,191,技术参数,tech_specs,雪崩保护上限
v1.5.09,diode,l3,avalanche_diode,vbr_min_v,最小雪崩击穿电压,V,DOUBLE,1,> 0,0,,0,190,技术参数,tech_specs,雪崩保护起点
v1.5.09,diode,l3,avalanche_diode,vc_max_v,最大钳位电压,V,DOUBLE,1,> 0,0,,0,193,技术参数,tech_specs,雪崩钳位电平
v1.5.09,diode,l3,bridge_rectifier,bridge_topology,桥路拓扑类型,,VARCHAR,,Single_Phase_Full / Three_Phase_Full / Center_Tap,,,0,180,技术参数,tech_specs,整流桥结构路由
v1.5.09,diode,l3,bridge_rectifier,io_max_a,最大直流输出电流,A,DOUBLE,2,> 0,0,,0,181,技术参数,tech_specs,整流桥额定输出
v1.5.09,diode,l3,bridge_rectifier,pin_count,引脚数量,,INT,,4 / 6 / 8（边界已放开）,,,0,183,技术参数,tech_specs,整流桥引脚数；模块化 12/16 等也存在，边界暂取消
v1.5.09,diode,l3,bridge_rectifier,vac_max_v,最大交流输入电压,V,DOUBLE,1,> 0,0,,0,182,技术参数,tech_specs,整流桥交流耐压
v1.5.09,diode,l3,diac_trigger_diode,ibo_max_ma,最大转折电流,mA,DOUBLE,2,> 0,0,,0,143,技术参数,tech_specs,DIAC 触发灵敏度
v1.5.09,diode,l3,diac_trigger_diode,ih_max_ma,最大维持电流,mA,DOUBLE,2,> 0,0,,0,144,技术参数,tech_specs,DIAC 导通自持
v1.5.09,diode,l3,diac_trigger_diode,vbo_max_v,转折电压最大值,V,DOUBLE,2,> 0,0,,0,141,技术参数,tech_specs,DIAC 触发窗口上限
v1.5.09,diode,l3,diac_trigger_diode,vbo_min_v,转折电压最小值,V,DOUBLE,2,> 0,0,,0,140,技术参数,tech_specs,DIAC 触发窗口下限
v1.5.09,diode,l3,diac_trigger_diode,vbo_symmetry_v,转折电压双向对称偏差,V,DOUBLE,2,>= 0,0,,0,142,技术参数,tech_specs,DIAC 双向一致性
v1.5.09,diode,l3,diac_trigger_diode,vt_v,通态电压,V,DOUBLE,2,> 0,0,,0,145,技术参数,tech_specs,DIAC 导通后压降
v1.5.09,diode,l3,mixer_diode,conversion_loss_db,转换损耗,dB,DOUBLE,1,> 0,0,,0,230,技术参数,tech_specs,Mixer 核心区分参数①
v1.5.09,diode,l3,mixer_diode,ip3_input_dbm,三阶交调输入截距,dBm,DOUBLE,1,> -50,-50,,0,233,技术参数,tech_specs,Mixer 大信号线性度
v1.5.09,diode,l3,mixer_diode,lo_drive_power_dbm,本振驱动功率,dBm,DOUBLE,1,典型 +7 ~ +20 dBm,,,0,231,技术参数,tech_specs,Mixer 工作点锚定
v1.5.09,diode,l3,mixer_diode,noise_figure_db,单边带噪声系数,dB,DOUBLE,1,>= 0,0,,0,232,技术参数,tech_specs,Mixer 核心区分参数②
v1.5.09,diode,l3,mixer_diode,port_isolation_db,端口隔离度,dB,DOUBLE,1,>= 0,0,,0,234,技术参数,tech_specs,Mixer 泄漏抑制
v1.5.09,diode,l3,pin_diode,carrier_lifetime_us,少数载流子寿命,us,DOUBLE,2,> 0,0,,0,211,技术参数,tech_specs,PIN 物理本质（us 级）
v1.5.09,diode,l3,pin_diode,insertion_loss_db,串联插入损耗,dB,DOUBLE,2,>= 0,0,,0,212,技术参数,tech_specs,PIN 射频链路损耗
v1.5.09,diode,l3,pin_diode,isolation_db,反向隔离度,dB,DOUBLE,1,>= 0,0,,0,213,技术参数,tech_specs,PIN 截止态隔离
v1.5.09,diode,l3,pin_diode,r_on_ohm,正向导通电阻,Ω,DOUBLE,3,> 0,0,,0,210,技术参数,tech_specs,PIN 节点核心区分参数①
v1.5.09,diode,l3,pin_diode,rf_power_max_w,最大射频承受功率,W,DOUBLE,2,> 0,0,,0,215,技术参数,tech_specs,PIN 射频功率上限
v1.5.09,diode,l3,pin_diode,t_rr_ns,反向恢复时间,ns,DOUBLE,1,> 0,0,,0,214,技术参数,tech_specs,PIN 脉冲/开关速度
v1.5.09,diode,l3,rectifier_diode,i2t_a2s,工频浪涌热熔断能力,A²·s,DOUBLE,2,> 0,0,,0,151,技术参数,tech_specs,I²t 值；保险丝协调
v1.5.09,diode,l3,rectifier_diode,rth_jc_cw,结到壳热阻,℃/W,DOUBLE,2,> 0,0,,0,152,技术参数,tech_specs,整流大功率散热
v1.5.09,diode,l3,rectifier_diode,trr_max_ns,最大反向恢复时间,ns,DOUBLE,1,> 0,0,,0,150,技术参数,tech_specs,整流二极管频率适用性
v1.5.09,diode,l3,schottky_diode,cj_max_pf,最大结电容,pF,DOUBLE,1,> 0,0,,0,161,技术参数,tech_specs,肖特基高频性能
v1.5.09,diode,l3,schottky_diode,ir_hot_max_ua,高温最大反向漏电流,uA,DOUBLE,1,>= 0,0,,0,162,技术参数,tech_specs,肖特基热失控判据
v1.5.09,diode,l3,schottky_diode,is_dual_package,是否双管集成封装,,BOOLEAN,,TRUE / FALSE,,,0,163,技术参数,tech_specs,肖特基封装拓扑
v1.5.09,diode,l3,schottky_diode,vf_typ_v,典型正向压降,V,DOUBLE,3,0.1 ~ 0.6（边界已放开）,,,0,160,技术参数,tech_specs,肖特基核心优势；大功率肖特基 Vf>0.6V 常见，边界暂取消
v1.5.09,diode,l3,step_recovery_diode,carrier_lifetime_ns,少数载流子寿命,ns,DOUBLE,1,> 0,0,,0,242,技术参数,tech_specs,SRD 结区物理参数（ns 级，区别 PIN）
v1.5.09,diode,l3,step_recovery_diode,max_harmonic_order,最大谐波倍频次数,,INT,,> 0,0,,0,243,技术参数,tech_specs,SRD 频谱用途红线
v1.5.09,diode,l3,step_recovery_diode,min_drive_power_dbm,最小驱动功率,dBm,DOUBLE,1,典型 0 ~ +20 dBm,,,0,244,技术参数,tech_specs,SRD 工作点起始功率
v1.5.09,diode,l3,step_recovery_diode,storage_time_ns,少数载流子储存时间,ns,DOUBLE,2,> 0,0,,0,241,技术参数,tech_specs,SRD 核心区分参数②
v1.5.09,diode,l3,step_recovery_diode,transition_time_ps,过渡时间,ps,DOUBLE,1,> 0,0,,0,240,技术参数,tech_specs,SRD 核心区分参数①（ps 级 snap）
v1.5.09,diode,l3,switching_diode,cj_max_pf,最大结电容,pF,DOUBLE,1,> 0,0,,0,172,技术参数,tech_specs,开关速度寄生
v1.5.09,diode,l3,switching_diode,qrr_max_nc,最大反向恢复电荷,nC,DOUBLE,2,>= 0,0,,0,171,技术参数,tech_specs,开关损耗核心
v1.5.09,diode,l3,switching_diode,trr_max_ns,最大反向恢复时间,ns,DOUBLE,1,> 0,0,,0,170,技术参数,tech_specs,开关二极管速度生死
v1.5.09,diode,l3,varactor_diode,capacitance_ratio,电容调谐比,,DOUBLE,2,> 1（边界已放开）,,,0,220,技术参数,tech_specs,Varactor 核心区分参数①；边界暂取消
v1.5.09,diode,l3,varactor_diode,nominal_capacitance_pf,标称结电容,pF,DOUBLE,3,> 0,0,,0,221,技术参数,tech_specs,Varactor 谐振电路基准
v1.5.09,diode,l3,varactor_diode,q_factor,品质因数Q值,,DOUBLE,1,> 0,0,,0,222,技术参数,tech_specs,Varactor 谐振损耗核心
v1.5.09,diode,l3,varactor_diode,q_test_freq_mhz,Q值测试频率,MHz,DOUBLE,1,> 0,0,,0,223,技术参数,tech_specs,Q 值可比性锚点
v1.5.09,diode,l3,varactor_diode,rs_series_ohm,串联等效电阻,Ω,DOUBLE,3,> 0,0,,0,226,技术参数,tech_specs,Varactor 损耗核心
v1.5.09,diode,l3,varactor_diode,v_tune_max_v,调谐电压上限,V,DOUBLE,2,> v_tune_min_v,0,,0,225,技术参数,tech_specs,Varactor 调谐窗口上边界
v1.5.09,diode,l3,varactor_diode,v_tune_min_v,调谐电压下限,V,DOUBLE,2,>= 0,0,,0,224,技术参数,tech_specs,Varactor 调谐窗口下边界
v1.5.09,diode,l3,zener_diode,iz_max_ma,最大稳压工作电流,mA,DOUBLE,2,> 0,0,,0,125,技术参数,tech_specs,Zener 热安全红线
v1.5.09,diode,l3,zener_diode,izt_ma,稳压测试电流,mA,DOUBLE,2,> 0,0,,0,122,技术参数,tech_specs,Zener V-I 曲线测试基准
v1.5.09,diode,l3,zener_diode,tc_ppm_per_c,电压温度系数,ppm/℃,DOUBLE,1,-10000 ~ 10000,-10000,10000,0,124,技术参数,tech_specs,Zener 温漂；NULL 允许
v1.5.09,diode,l3,zener_diode,vz_nom_v,标称稳压电压,V,DOUBLE,3,> 0,0,,0,120,技术参数,tech_specs,Zener 选型第一锚点
v1.5.09,diode,l3,zener_diode,vz_tol_pct,稳压电压容差,%,DOUBLE,1,0.5 ~ 20（边界已放开）,,,0,121,技术参数,tech_specs,Zener 精度分级；边界暂取消
v1.5.09,diode,l3,zener_diode,zzt_ohm,最大动态阻抗,Ω,DOUBLE,2,> 0,0,,0,123,技术参数,tech_specs,Zener 负载调整率
v1.5.09,transistor,l2,bipolar_transistor,aec_q_level,汽车级认证等级,,VARCHAR,,"AEC-Q101, NULL",,,1,303,合规参数,regulatory_attributes,[高价值/易采集] AEC-Q车规认证等级，车载应用强制准入门槛。AEC-Q101为双极型晶体管专属认证，替代件等级必须≥原料，非车规场景为NULL。
v1.5.09,transistor,l2,bipolar_transistor,bjt_type,晶体管亚类路由,,VARCHAR,,"BJT, Darlington, Digital_Transistor, Transistor_Array, RF_Transistor, Phototransistor, Other_Transistor",,,1,103,技术参数,tech_specs,[高价值/易采集] L3路由字段，决定ext_attributes解析模板。必须与L3白名单严格一一对应，是数据中台自动分发的核心路由键。
v1.5.09,transistor,l2,bipolar_transistor,eccn_code,出口管制分类号,,VARCHAR,,"符合EAR格式，如EAR99, 3A001，或NULL",,,1,404,交易参数,purchasing_attributes,[高价值/易采集] 美国EAR出口管制分类编码，跨境贸易合规强制字段。决定出口许可范围与替代来源国约束，高频射频器件需重点核查。
v1.5.09,transistor,l2,bipolar_transistor,ft_typ_mhz,典型特征频率,MHz,DOUBLE,1,> 0,,,1,109,技术参数,tech_specs,[高价值/易采集] 电流增益降至1时的频率，全家族速度基线。决定高频放大与开关速度上限，替代件ft_typ_mhz必须≥原料，高速应用必查。
v1.5.09,transistor,l2,bipolar_transistor,hfe_min,最小直流电流增益,,DOUBLE,1,> 0,,,1,108,技术参数,tech_specs,[高价值/易采集] 直流电流增益hFE下限值，放大能力准入门槛。替代件hfe_min必须≥原料设计裕量要求，驱动不足直接导致电路失效。
v1.5.09,transistor,l2,bipolar_transistor,ic_max_ma,集电极最大电流,mA,DOUBLE,1,> 0,,,1,106,技术参数,tech_specs,[高价值/易采集] 集电极额定最大连续电流，电流承载红线。替代件ic_max_ma必须≥原料负载电流（含脉冲峰值裕量），过流直接烧毁。
v1.5.09,transistor,l2,bipolar_transistor,lead_free,无铅标识,,BOOLEAN,,NOT NULL,,,1,304,合规参数,regulatory_attributes,[高价值/易采集] 无铅工艺标识，与RoHS联动。决定焊接工艺兼容性，有铅/无铅混用导致可靠性失效，替代件必须工艺一致。
v1.5.09,transistor,l2,bipolar_transistor,lifecycle_status,生命周期状态,,VARCHAR,,"Active, NRND, EOL, Discontinued, Preview",,,1,403,交易参数,purchasing_attributes,[高价值/易采集] 元件当前生命周期阶段，决定可持续采购能力。EOL/NRND状态直接触发替代预警，新设计禁止选用非Active物料。
v1.5.09,transistor,l2,bipolar_transistor,manufacturer,制造商,,VARCHAR,,NOT NULL,,,1,401,交易参数,purchasing_attributes,[高价值/易采集] 供应链溯源与替代分组主键。同参数下优先同厂同系列以降低工艺差异风险，是BOM管理与真伪验证的第一维度。
v1.5.09,transistor,l2,bipolar_transistor,mpn,制造商料号,,VARCHAR,,NOT NULL,,,1,402,交易参数,purchasing_attributes,[高价值/易采集] 全局唯一物料标识，替代比对的精确锚点键，BOM去重与生命周期追踪的核心字段。
v1.5.09,transistor,l2,bipolar_transistor,msl_level,湿敏等级,,VARCHAR,,"1, 2, 2a, 3, 4, 5, 5a, 6",,,1,305,合规参数,regulatory_attributes,[高价值/易采集] J-STD-020湿敏等级，决定存储与贴片烘烤要求。MSL>3需产线特殊处理，替代件MSL等级需与产线能力兼容，不可更严苛。
v1.5.09,transistor,l2,bipolar_transistor,p_tot_max_mw,最大总功耗,mW,DOUBLE,1,> 0,,,1,107,技术参数,tech_specs,[高价值/易采集] 最大允许总耗散功率，热设计物理极限。替代件p_tot_max_mw必须≥原料实际功耗，需结合热阻校验结温，决定散热方案生死。
v1.5.09,transistor,l2,bipolar_transistor,package_case,封装形式,,VARCHAR,,NOT NULL,,,1,201,封装参数,package_attributes,[高价值/易采集] 标准封装代号（如SOT-23、TO-92、TO-220），PCB焊盘设计与自动化贴片的物理红线。替代件必须封装兼容，否则需重新Layout。
v1.5.09,transistor,l2,bipolar_transistor,pkg_height_mm,封装体高度,mm,DOUBLE,2,> 0,,,1,204,封装参数,package_attributes,[高价值/易采集] 封装体高度，净空间隙约束。限高场景（如汽车薄型板）选型必查，替代件需高度兼容。
v1.5.09,transistor,l2,bipolar_transistor,pkg_length_mm,封装体长度,mm,DOUBLE,2,> 0,,,1,202,封装参数,package_attributes,[高价值/易采集] 封装体长度，PCB布局占位红线。替代件需尺寸兼容，高密度板卡选型必查。
v1.5.09,transistor,l2,bipolar_transistor,pkg_width_mm,封装体宽度,mm,DOUBLE,2,> 0,,,1,203,封装参数,package_attributes,[高价值/易采集] 封装体宽度，PCB布局占位红线。替代件需尺寸兼容。
v1.5.09,transistor,l2,bipolar_transistor,polarity_type,极性类型,,VARCHAR,,"NPN, PNP",,,1,104,技术参数,tech_specs,[高价值/易采集] 晶体管导电极性，电路拓扑强制约束。NPN/PNP决定电流方向与驱动逻辑，替代件极性必须严格一致，不可互换。
v1.5.09,transistor,l2,bipolar_transistor,reach,REACH合规,,BOOLEAN,,NOT NULL,,,1,302,合规参数,regulatory_attributes,[高价值/易采集] 欧盟REACH法规SVHC物质合规状态，化学品管控红线。出口欧盟及汽车/医疗供应链强制审查字段，替代件需同等或更优。
v1.5.09,transistor,l2,bipolar_transistor,rohs_compliant,RoHS合规,,BOOLEAN,,NOT NULL,,,1,301,合规参数,regulatory_attributes,[高价值/易采集] 欧盟RoHS指令合规状态，有害物质管控硬门槛。不满足则直接淘汰，替代件必须同为TRUE，进入欧盟市场的强制准入红线。
v1.5.09,transistor,l2,bipolar_transistor,temp_max_c,最高工作温度,℃,DOUBLE,1,85 ~ 175,,,1,102,技术参数,tech_specs,[高价值/易采集] 结温或环境温度上限，工作温区红线。替代件temp_max_c必须≥原料，车规通常要求≥150℃。
v1.5.09,transistor,l2,bipolar_transistor,temp_min_c,最低工作温度,℃,DOUBLE,1,-65 ~ 0,,,1,101,技术参数,tech_specs,[高价值/易采集] 结温或环境温度下限，工作温区红线。替代件temp_min_c必须≤原料，军工/汽车场景需覆盖-55℃。
v1.5.09,transistor,l2,bipolar_transistor,vceo_max_v,集射极击穿电压,V,DOUBLE,1,> 0,,,1,105,技术参数,tech_specs,[高价值/易采集] 集电极-发射极最大击穿电压（基极开路），耐压安全红线。替代件vceo_max_v必须≥原料工作电压峰值，否则雪崩击穿风险。
v1.5.09,transistor,l2,fet,aec_q_level,汽车级认证等级,,VARCHAR,,AEC-Q101 / AEC-Q100 / NULL,,,1,303,合规参数,regulatory_attributes,[高价值/易采集] 车规应用准入门槛。AEC-Q101为分立半导体标准，替代料认证等级不得低于原料。非车规填NULL。
v1.5.09,transistor,l2,fet,eccn_code,出口管制分类号,,VARCHAR,,符合EAR格式，如 EAR99 / 3A001.a,,,1,404,交易参数,purchasing_attributes,[高价值/易采集] 跨境贸易合规红线。GaN/SiC宽禁带器件尤需关注管制等级，替代需保持同等或更宽松管制。
v1.5.09,transistor,l2,fet,fet_type,L3亚分类路由键,,VARCHAR,,MOSFET / MOSFET_Array / JFET / GaN_FET / SiC_MOSFET / GaAs_MESFET / RF_FET,,,1,103,技术参数,tech_specs,[高价值/易采集] L2→L3路由字段，决定ext_attributes中JSON扩展池的解析分支。替代时必须同类型匹配，跨类型替代需人工评审。
v1.5.09,transistor,l2,fet,id_max_a,最大连续漏极电流,A,DOUBLE,3,> 0,,,1,105,技术参数,tech_specs,[高价值/易采集] 器件最大持续载流能力，决定功率等级与应用场景。替代料id_max_a需≥原料在目标散热条件下的峰值电流需求。
v1.5.09,transistor,l2,fet,lead_free,无铅,,BOOLEAN,,TRUE / FALSE,,,1,304,合规参数,regulatory_attributes,[高价值/易采集] 焊接工艺兼容性底线。无铅产线必须为TRUE，替代料需与原料工艺一致。
v1.5.09,transistor,l2,fet,lifecycle_status,生命周期状态,,VARCHAR,,Active / NRND / Obsolete / Preview,,,1,403,交易参数,purchasing_attributes,[高价值/易采集] 供应链连续性预警红线。Active为首选；NRND/Obsolete自动触发替代搜索流程。
v1.5.09,transistor,l2,fet,manufacturer,制造商,,VARCHAR,,非空字符串,,,1,401,交易参数,purchasing_attributes,[高价值/易采集] 供应链溯源与品牌替代依据。替代时优先同厂或原厂认证兼容厂，以降低工艺与可靠性不确定性。
v1.5.09,transistor,l2,fet,mpn,制造商料号,,VARCHAR,,非空字符串，全局唯一,,,1,402,交易参数,purchasing_attributes,[高价值/易采集] 全局唯一物料标识，选型替代的精确锚点与去重主键。替代映射必须以MPN为起点进行参数比对。
v1.5.09,transistor,l2,fet,msl_level,湿敏等级,,VARCHAR,,1 / 2 / 2a / 3 / 4 / 5 / 5a / 6,,,1,305,合规参数,regulatory_attributes,[高价值/易采集] 回流焊工艺管控依据，决定开封后使用时限与烘烤要求。替代料MSL等级数字需≤原料（等级越小越宽松）。
v1.5.09,transistor,l2,fet,package_case,封装形式,,VARCHAR,,如 TO-220 / TO-263 / DPAK / SOT-23 / DFN / QFN 等,,,1,201,封装参数,package_attributes,[高价值/易采集] PCB焊盘设计与热设计基础约束。替代料封装必须兼容原焊盘，或经PCB变更评审后方可替代。
v1.5.09,transistor,l2,fet,pd_max_w,最大耗散功率,W,DOUBLE,2,> 0,,,1,108,技术参数,tech_specs,[高价值/易采集] 热设计上限边界，决定散热方案选型。替代料pd_max_w需≥原料，否则同封装下更易过热失效。
v1.5.09,transistor,l2,fet,pkg_height_mm,封装体高度,mm,DOUBLE,2,> 0,,,1,204,封装参数,package_attributes,[高价值/易采集] 整机高度约束，薄型/密集装配设计选型必查。替代料需满足整机高度限制。
v1.5.09,transistor,l2,fet,pkg_length_mm,封装体长度,mm,DOUBLE,2,> 0,,,1,202,封装参数,package_attributes,[高价值/易采集] PCB布局占位红线。替代料封装尺寸需在允差范围内，否则需重新Layout评审。
v1.5.09,transistor,l2,fet,pkg_width_mm,封装体宽度,mm,DOUBLE,2,> 0,,,1,203,封装参数,package_attributes,[高价值/易采集] PCB布局占位红线，与长度共同约束焊盘设计边界。替代料需在允差范围内。
v1.5.09,transistor,l2,fet,rds_on_max_mohm,最大导通电阻,mohm,DOUBLE,2,> 0,,,1,106,技术参数,tech_specs,[高价值/易采集] 导通损耗核心参数，直接决定效率与热设计边界。替代料rds_on_max_mohm需≤原料，JFET无此参数时填NULL。
v1.5.09,transistor,l2,fet,reach,REACH合规,,BOOLEAN,,TRUE / FALSE,,,1,302,合规参数,regulatory_attributes,[高价值/易采集] 欧盟SVHC化学品管控合规状态。不满足则不可导入特定市场或客户供应链，替代需同等披露。
v1.5.09,transistor,l2,fet,rohs_compliant,RoHS合规,,BOOLEAN,,TRUE / FALSE,,,1,301,合规参数,regulatory_attributes,[高价值/易采集] 欧盟市场环保准入硬门槛。不满足则直接淘汰，替代料必须同等或更严合规。
v1.5.09,transistor,l2,fet,temp_max_c,最高工作温度,℃,INT,,85 ~ 225,,,1,102,技术参数,tech_specs,[高价值/易采集] 器件工作温度上限，车规/工控选型核心门槛。替代料temp_max_c需≥原料。
v1.5.09,transistor,l2,fet,temp_min_c,最低工作温度,℃,INT,,-65 ~ 0,,,1,101,技术参数,tech_specs,[高价值/易采集] 器件工作温度下限，决定低温环境适用性。替代料temp_min_c需≤原料。
v1.5.09,transistor,l2,fet,vds_max_v,漏源击穿电压,V,DOUBLE,1,> 0,,,1,104,技术参数,tech_specs,[高价值/易采集] FET家族耐压生死红线。决定器件在关断状态下能承受的最大电压，过压即炸。替代料vds_max_v需≥原料，工程实践建议留20%降额裕量。
v1.5.09,transistor,l2,fet,vgs_th_max_v,栅极阈值电压上限,V,DOUBLE,2,> 0,,,1,107,技术参数,tech_specs,[高价值/易采集] 驱动电路兼容性红线，决定器件在目标驱动电平下能否充分导通。替代料vgs_th_max_v需≤原料，确保驱动电路无需改动。
v1.5.09,transistor,l2,igbt,aec_q_level,汽车级认证等级,,VARCHAR,,"AEC-Q101, NULL",,,1,303,合规参数,regulatory_attributes,[高价值/易采集] L2生命线字段。AEC-Q车规认证等级，车规场景选型强制过滤字段，替代品不可降级，非车规填NULL。
v1.5.09,transistor,l2,igbt,e_off_mj,关断能量损耗,mJ,DOUBLE,3,> 0,,,1,108,技术参数,tech_specs,[高价值/难采集] L2家族公共字段。每次关断周期的能量损耗，由IGBT拖尾电流主导，高频工况下热积累的核心决定因素，单管与模块均有标准化测试值（IEC 60747），替代品须满足≤原料值以保证热设计不恶化。
v1.5.09,transistor,l2,igbt,eccn_code,出口管制分类编号,,VARCHAR,,"符合EAR格式，如 EAR99, 3A001，或 NULL",,,1,404,交易参数,purchasing_attributes,[高价值/易采集] L2生命线字段。美国EAR出口管制分类编号，跨境贸易合规强制字段，影响出口许可申请，替代品须满足同等可交付性。
v1.5.09,transistor,l2,igbt,ic_cont_max_a,连续集电极电流,A,DOUBLE,1,> 0,,,1,104,技术参数,tech_specs,[高价值/易采集] L2家族公共字段。额定结温下连续集电极电流，电流承载能力红线，替代品须满足≥原料值并匹配散热条件，单管与模块均以此为电流规格锚点。
v1.5.09,transistor,l2,igbt,lead_free,无铅,,BOOLEAN,,NOT NULL,,,1,304,合规参数,regulatory_attributes,[高价值/易采集] L2生命线字段。焊料与引脚镀层是否无铅，与RoHS联动，影响回流焊工艺兼容性，替代品须与产线工艺匹配。
v1.5.09,transistor,l2,igbt,lifecycle_status,生命周期状态,,VARCHAR,,"Active, NRND, Obsolete, LastTimeBuy, Preview",,,1,403,交易参数,purchasing_attributes,[高价值/易采集] L2生命线字段。物料当前生命周期阶段，直接决定可采购性与BOM风险，替代选型的前置过滤条件，EOL/Obsolete触发强制替代流程。
v1.5.09,transistor,l2,igbt,manufacturer,制造商,,VARCHAR,,NOT NULL,,,1,401,交易参数,purchasing_attributes,[高价值/易采集] L2生命线字段。元器件制造商全称，供应链溯源与替代寻源的首要过滤维度，决定第二来源可行性与品质管控边界。
v1.5.09,transistor,l2,igbt,mpn,制造商零件编号,,VARCHAR,,NOT NULL,,,1,402,交易参数,purchasing_attributes,[高价值/易采集] L2生命线字段。制造商原厂料号，全局唯一物料身份标识，替代选型的精确匹配主键锚点，无MPN即无数据契约。
v1.5.09,transistor,l2,igbt,msl_level,湿敏等级,,VARCHAR,,"1, 2, 2a, 3, 4, 5, 5a, 6",,,1,305,合规参数,regulatory_attributes,[高价值/易采集] L2生命线字段。J-STD-020湿敏等级，决定存储与贴片工艺要求，替代品MSL等级须≤原料以保证产线工艺不恶化。
v1.5.09,transistor,l2,igbt,package_case,封装形式,,VARCHAR,,"NOT NULL，如 TO-247, TO-263, D2PAK, 62mm_Module",,,1,201,封装参数,package_attributes,[高价值/易采集] L2生命线字段。元器件封装标准名称，PCB焊盘设计与自动化贴装的物理边界约束，替代品必须封装引脚兼容，模块类填标准模块型号。
v1.5.09,transistor,l2,igbt,pd_max_w,最大耗散功率,W,DOUBLE,1,> 0,,,1,107,技术参数,tech_specs,[高价值/易采集] L2家族公共字段。规定散热条件下最大允许耗散功率，热设计天花板，替代品须满足≥原料值，散热方案复用的关键约束。
v1.5.09,transistor,l2,igbt,reach,REACH合规,,BOOLEAN,,NOT NULL,,,1,302,合规参数,regulatory_attributes,[高价值/易采集] L2生命线字段。欧盟REACH法规SVHC高关注物质合规状态，化学品合规强制字段，替代品须保持同等合规以规避法规风险。
v1.5.09,transistor,l2,igbt,rohs_compliant,RoHS合规,,BOOLEAN,,NOT NULL,,,1,301,合规参数,regulatory_attributes,[高价值/易采集] L2生命线字段。欧盟RoHS有害物质限制指令合规状态，进入欧盟市场的强制准入门槛，不合规直接淘汰出选型池。
v1.5.09,transistor,l2,igbt,temp_max_c,最高工作温度,℃,DOUBLE,1,85 ~ 200,,,1,102,技术参数,tech_specs,[高价值/易采集] L2生命线字段。器件额定工作环境温度上限，替代品须满足≥原料temp_max_c，热设计裕量的基础输入。
v1.5.09,transistor,l2,igbt,temp_min_c,最低工作温度,℃,DOUBLE,1,-65 ~ 25,,,1,101,技术参数,tech_specs,[高价值/易采集] L2生命线字段。器件额定工作环境温度下限，替代品须满足≤原料temp_min_c，工业/车规场景的环境适应性准入红线。
v1.5.09,transistor,l2,igbt,vce_sat_typ_v,集射极饱和压降（典型值）,V,DOUBLE,2,0.5 ~ 5.0,,,1,105,技术参数,tech_specs,[高价值/易采集] L2家族公共字段。额定电流与栅压下集射极饱和压降典型值，直接决定导通损耗与热积累，替代品须满足≤原料值以保证效率与热设计不恶化。
v1.5.09,transistor,l2,igbt,vces_max_v,集射极击穿电压,V,DOUBLE,0,100 ~ 6500,,,1,103,技术参数,tech_specs,[高价值/易采集] L2家族公共字段。栅射极短路时集射极最大耐压，IGBT家族选型的电压等级第一分流参数，替代品须满足≥原料值，并留足母线浪涌裕量（通常×1.2）。
v1.5.09,transistor,l2,igbt,vge_th_typ_v,栅射极阈值电压（典型值）,V,DOUBLE,1,2.0 ~ 8.0,,,1,106,技术参数,tech_specs,[高价值/易采集] L2家族公共字段。IGBT开启所需最低栅射极电压典型值，驱动电路设计的关键兼容性约束，替代品阈值须与驱动IC输出能力匹配，偏差过大导致驱动逻辑失效。
v1.5.09,transistor,l2,thyristor,aec_q_level,汽车级认证等级,,VARCHAR,,AEC-Q101 / NULL,,,1,303,合规参数,regulatory_attributes,[L2通用底线] AEC-Q认证等级，车规应用强制准入门槛。非车规场景填NULL，替代料等级须≥原料，不可降级替代。
v1.5.09,transistor,l2,thyristor,eccn_code,出口管制分类编号,,VARCHAR,,符合EAR格式，如 EAR99 / 3A001.e,,,1,404,交易参数,purchasing_attributes,[L2通用底线] 美国EAR出口管制分类码，涉及跨境采购合规。高功率晶闸管需重点核查，替代需保持同等或更低管制等级。
v1.5.09,transistor,l2,thyristor,igt_ma,门极触发电流,mA,DOUBLE,1,> 0,,,1,106,技术参数,tech_specs,[L2家族公共/高价值/易采集] 可靠触发所需最小门极电流，驱动电路兼容性底线。MCU/光耦/驱动IC的输出电流须≥此值，替代料须≤原料（越小越易驱动），否则驱动电路无法可靠触发。
v1.5.09,transistor,l2,thyristor,ih_ma,维持电流,mA,DOUBLE,1,> 0,,,1,108,技术参数,tech_specs,[L2家族公共/高价值/易采集] 维持导通所需最小阳极电流，关断可靠性的物理判据。线路最小工作电流须≥此值才能保持导通，替代料须≤原料（越小越易关断），轻载/感性负载场景尤为关键。
v1.5.09,transistor,l2,thyristor,it_av_a,通态平均电流,A,DOUBLE,2,> 0,,,1,109,技术参数,tech_specs,IT(AV)是晶闸管最核心的电流额定口径之一，工频整流、交流调压等主流应用场景以平均电流作为选型和替代的首要依据；现有it_rms_a为均方根电流，两者在非正弦/半波导通场景下数值差异显著且不可互推，分销平台和datasheet均独立列出，缺失会导致主流应用无法按标准口径筛选替代料。
v1.5.09,transistor,l2,thyristor,it_rms_a,通态均方根电流,A,DOUBLE,1,> 0,,,1,104,技术参数,tech_specs,[L2家族公共/高价值/易采集] 交流工况核心载流能力，SCR/TRIAC/Other通用度量基准。替代料须≥原料额定值，低于原料值将导致过热失效，需结合散热条件综合评估。
v1.5.09,transistor,l2,thyristor,itsm_a,非重复浪涌峰值电流,A,DOUBLE,0,> 0,,,1,105,技术参数,tech_specs,[L2家族公共/高价值/难采集] 单周期不重复浪涌电流耐量，上电冲击与短路保护设计的极限红线。保险丝选型与热设计的强制输入，替代料须≥原料，否则启动瞬间器件损毁。
v1.5.09,transistor,l2,thyristor,lead_free,无铅,,BOOLEAN,,NOT NULL,,,1,304,合规参数,regulatory_attributes,[L2通用底线] 是否为无铅工艺。与RoHS联动，影响焊接工艺兼容性，替代料须与原料工艺匹配，混用导致焊接可靠性失效。
v1.5.09,transistor,l2,thyristor,lifecycle_status,生命周期状态,,VARCHAR,,Active / NRND / EOL / Obsolete,,,1,403,交易参数,purchasing_attributes,[L2通用底线] 物料当前生命周期阶段，直接决定可采购性与长期供应风险。EOL/Obsolete触发替代预警，停产料禁止作为新设计选型。
v1.5.09,transistor,l2,thyristor,manufacturer,制造商,,VARCHAR,,NOT NULL,,,1,401,交易参数,purchasing_attributes,[L2通用底线] 元件制造商全称，供应链溯源与替代兼容性评估的物理起点。不同厂商工艺平台决定参数离散度与可靠性等级，替代选型需优先匹配同厂或认证等效厂商。
v1.5.09,transistor,l2,thyristor,mpn,制造商零件编号,,VARCHAR,,NOT NULL,,,1,402,交易参数,purchasing_attributes,[L2通用底线] 制造商官方型号，全局唯一物料标识，替代选型的主键锚点。禁止填写分销商料号，BOM匹配与去重的绝对基准。
v1.5.09,transistor,l2,thyristor,msl_level,湿敏等级,,VARCHAR,,1 / 2 / 2a / 3 / 4 / 5 / 5a / 6,,,1,305,合规参数,regulatory_attributes,[L2通用底线] JEDEC J-STD-020湿敏等级，决定存储与回流焊前烘烤要求。替代料MSL须≤原料（数值越小越宽松），否则需变更制造工艺。
v1.5.09,transistor,l2,thyristor,package_case,封装形式,,VARCHAR,,NOT NULL，如 TO-220 / TO-247 / D2PAK / SOT-223,,,1,201,封装参数,package_attributes,[L2通用底线] 元件封装标准代号，决定PCB焊盘设计、散热方案与机械安装方式。替代料封装须完全兼容或经过布局验证，TO-220/TO-247/D2PAK等大功率封装尤需核查散热接触面。
v1.5.09,transistor,l2,thyristor,pkg_height_mm,封装体高度,mm,DOUBLE,2,> 0,,,1,204,封装参数,package_attributes,[L2通用底线] 整机空间净高约束，散热器安装空间红线。替代料须≤原料高度或经过结构验证，带散热片的TO封装需额外核查。
v1.5.09,transistor,l2,thyristor,pkg_length_mm,封装体长度,mm,DOUBLE,2,> 0,,,1,202,封装参数,package_attributes,[L2通用底线] PCB布局占位红线。替代料须在允许误差内与原料一致，否则需重新布局验证，大功率TO封装尤需核查安装孔位。
v1.5.09,transistor,l2,thyristor,pkg_width_mm,封装体宽度,mm,DOUBLE,2,> 0,,,1,203,封装参数,package_attributes,[L2通用底线] PCB布局占位红线，与pkg_length_mm联合约束封装footprint。替代料须完全兼容，SMD封装需核查焊盘间距。
v1.5.09,transistor,l2,thyristor,reach,REACH合规,,BOOLEAN,,NOT NULL,,,1,302,合规参数,regulatory_attributes,[L2通用底线] 是否符合REACH SVHC法规。欧盟化学品合规强制要求，影响整机出口资质，替代料须满足同等合规要求。
v1.5.09,transistor,l2,thyristor,rohs_compliant,RoHS合规,,BOOLEAN,,NOT NULL,,,1,301,合规参数,regulatory_attributes,[L2通用底线] 是否符合EU RoHS指令。欧盟市场准入硬性门槛，替代料必须与原料等级一致或更高，不满足则直接淘汰。
v1.5.09,transistor,l2,thyristor,temp_max_c,最高工作温度,℃,DOUBLE,1,85 ~ 175,,,1,102,技术参数,tech_specs,[L2通用底线] 元件额定最高工作结温/环境温度上限，热设计天花板。替代料须≥原料，低于原料值禁止替代，车规级通常≥125℃。
v1.5.09,transistor,l2,thyristor,temp_min_c,最低工作温度,℃,DOUBLE,1,-65 ~ 25,,,1,101,技术参数,tech_specs,[L2通用底线] 元件额定最低工作结温/环境温度下限。替代料须≤原料（覆盖更宽低温边界），工业级≤-40℃，军工/车规级≤-55℃。
v1.5.09,transistor,l2,thyristor,vdrm_v,断态重复峰值电压,V,DOUBLE,0,> 0,,,1,103,技术参数,tech_specs,[L2家族公共/高价值/易采集] 晶闸管全家族耐压生死线，正向阻断态最大允许工作电压。选型时须≥线路峰值电压×安全系数（通常≥1.2），替代料须≥原料额定值，否则击穿失效。
v1.5.09,transistor,l2,thyristor,vt_v,通态峰值电压,V,DOUBLE,2,> 0,,,1,107,技术参数,tech_specs,[L2家族公共/高价值/易采集] 导通状态压降，直接决定导通损耗（P=VT×IT）与热设计裕量。替代料须≤原料（越小损耗越低），高电流应用中0.1V差异可导致数瓦功耗差异。
v1.5.09,transistor,l3,bjt,t_off_ns,关断时间,ns,DOUBLE,1,> 0,,,0,112,技术参数,tech_specs,[高价值/中等采集] BJT节点特有开关速度参数。关断时间直接决定开关频率上限与动态损耗，替代件t_off_ns必须≤原料，高频开关电路选型必查。
v1.5.09,transistor,l3,bjt,vcbo_max_v,集基极击穿电压,V,DOUBLE,1,> 0,,,0,111,技术参数,tech_specs,[高价值/易采集] BJT节点特有反偏耐压参数。集电极-基极反向击穿电压（发射极开路），通常高于VCEO，决定反偏安全裕量，高压电路选型必查，替代件必须≥原料。
v1.5.09,transistor,l3,bjt,vce_sat_max_v,集射极饱和压降最大值,V,DOUBLE,3,> 0,,,0,110,技术参数,tech_specs,[高价值/易采集] BJT节点特有开关效率红线。饱和导通损耗直接决定开关电源效率与发热，替代件vce_sat_max_v必须≤原料，开关应用选型核心。
v1.5.09,transistor,l3,bjt,vebo_max_v,发射极-基极击穿电压,V,DOUBLE,,> 0,,,0,113,技术参数,tech_specs,VEBO是BJT绝对最大额定值的标准三项之一（VCEO/VCBO/VEBO），反向BE偏置场景（射极跟随器、开关截止态）的可靠性判断依赖此参数；替代选型时若忽略VEBO可能导致BE结击穿失效。现有字段已有vcbo_max_v但无vebo_max_v，存在明确缺口。
v1.5.09,transistor,l3,darlington,has_base_emitter_resistor,内置基射极泄放电阻,,BOOLEAN,,NOT NULL,,,0,117,技术参数,tech_specs,[高价值/易采集] Darlington节点特有集成特征。内置BE泄放电阻决定关断速度与漏电特性，影响驱动电路设计与温漂行为，替代件必须特性一致。
v1.5.09,transistor,l3,darlington,has_freewheeling_diode,内置续流二极管,,BOOLEAN,,NOT NULL,,,0,116,技术参数,tech_specs,[高价值/易采集] Darlington节点特有集成特征。内置续流二极管决定感性负载（继电器/电机）驱动电路是否需要外加保护二极管，替代件必须特性一致，否则需修改外围电路。
v1.5.09,transistor,l3,darlington,hfe_darlington_min,达林顿总电流增益最小值,,DOUBLE,0,≥ 100,,,0,114,技术参数,tech_specs,[高价值/易采集] Darlington节点核心区分参数。两管复合级联增益乘积，通常≥1000，决定微弱信号驱动能力，替代件hfe_darlington_min必须≥原料驱动需求。
v1.5.09,transistor,l3,darlington,vce_sat_darlington_max_v,达林顿集射极饱和压降最大值,V,DOUBLE,3,> 0,,,0,115,技术参数,tech_specs,[高价值/易采集] Darlington节点特有高损耗红线。两管VBE串联导致VCE(sat)通常≥1.0V（远高于单管BJT的0.2V），热设计必须特别注意，替代件必须≤原料。
v1.5.09,transistor,l3,digital_transistor,r1_kohm,内置基极串联电阻R1,kohm,DOUBLE,2,> 0,,,0,118,技术参数,tech_specs,[高价值/易采集] Digital_Transistor节点核心区分参数。内置基极限流电阻，决定输入驱动电流需求与逻辑电平兼容性，MCU直接驱动的关键约束，替代件r1_kohm必须在电路容差范围内匹配。
v1.5.09,transistor,l3,digital_transistor,r2_kohm,内置基射极下拉电阻R2,kohm,DOUBLE,2,> 0 或 NULL,,,0,119,技术参数,tech_specs,[高价值/易采集] Digital_Transistor节点特有偏置参数。BE下拉电阻与R1的比值决定输入阈值电压，影响关断速度与噪声容限，替代件需匹配R1/R2比值，NULL表示无R2配置。
v1.5.09,transistor,l3,digital_transistor,vin_off_v,输入关断电压阈值,V,DOUBLE,2,≥ 0,,,0,121,技术参数,tech_specs,[高价值/易采集] Digital_Transistor节点特有逻辑阈值。保证晶体管可靠截止的最大输入电压，替代件vin_off_v必须≥原料，防止误导通，与vin_on_v共同定义逻辑窗口。
v1.5.09,transistor,l3,digital_transistor,vin_on_v,输入开启电压阈值,V,DOUBLE,2,> 0,,,0,120,技术参数,tech_specs,[高价值/易采集] Digital_Transistor节点特有逻辑阈值。使晶体管可靠导通所需最小输入电压，决定与上游逻辑器件的电平兼容性，替代件vin_on_v必须≤原料，防止驱动不足。
v1.5.09,transistor,l3,gaas_mesfet,channel_polarity,沟道极性,,VARCHAR,,N-Channel / P-Channel,,,0,136,技术参数,tech_specs,[高价值/易采集] GaAs_MESFET节点极性路由参数。N沟道/P沟道决定电路拓扑与偏置方向，替代必须同极性。
v1.5.09,transistor,l3,gaas_mesfet,gfs_typ_ms,正向跨导（典型值）,mS,DOUBLE,2,> 0,,,0,138,技术参数,tech_specs,[高价值/易采集] MESFET小信号放大能力核心指标，在指定Vds与Id条件下的跨导典型值，低噪声前端选型时需≥原料值。
v1.5.09,transistor,l3,gaas_mesfet,idss_ma,饱和漏极电流,mA,DOUBLE,2,> 0,,,0,139,技术参数,tech_specs,[高价值/易采集] MESFET零偏或饱和区漏极电流典型值，决定静态工作点与恒流源设计精度，替代时需在同一Idss档位范围内。
v1.5.09,transistor,l3,gaas_mesfet,igss_max_na,栅极截止电流,nA,DOUBLE,1,> 0,,,0,140,技术参数,tech_specs,[高价值/易采集] MESFET反向偏置栅极漏电流最大值，体现高输入阻抗特性，超高阻抗前端选型时需≤原料值。
v1.5.09,transistor,l3,gaas_mesfet,vp_v,夹断电压,V,DOUBLE,2,N沟道 < 0，P沟道 > 0,,,0,137,技术参数,tech_specs,[高价值/易采集] MESFET节点特有夹断电压，使漏极电流接近零所需的栅源电压，决定线性工作区与偏置网络设计，替代件Vp需在原料规格范围内。
v1.5.09,transistor,l3,gan_fet,fsw_max_khz,最高开关频率（额定）,kHz,DOUBLE,0,> 0，典型范围 100～10000,,,0,128,技术参数,tech_specs,[高价值/难采集] GaN_FET节点高频能力上限，由厂商在额定热条件下给出的最大推荐开关频率，直接决定能否用于MHz级LLC/图腾柱PFC拓扑。替代时需≥原料值，是GaN选型的核心差异化参数。
v1.5.09,transistor,l3,gan_fet,gan_mode,增强/耗尽模式,,VARCHAR,,"ENUM('E_MODE','D_MODE')",,,0,125,技术参数,tech_specs,[高价值/易采集] GaN_FET节点最核心区分参数。E-mode（增强型，常关）可直接替代Si MOSFET驱动逻辑；D-mode（耗尽型，常开）需负压关断，驱动电路完全不同。替代时模式必须严格一致，不可混用。
v1.5.09,transistor,l3,gan_fet,has_integrated_driver,集成驱动器标识,,BOOLEAN,,TRUE / FALSE,,,0,129,技术参数,tech_specs,[高价值/易采集] GaN_FET节点特有集成度标识。部分GaN产品集成栅极驱动IC（如EPC、GaN Systems部分型号），直接影响外围电路设计复杂度与PCB面积。替代时集成/分立属性必须一致，否则需重新设计驱动级。
v1.5.09,transistor,l3,gan_fet,qg_nc,栅极电荷,nC,DOUBLE,2,> 0,,,0,126,技术参数,tech_specs,[高价值/易采集] GaN_FET节点开关速度核心参数，GaN的Qg远小于同规格Si MOSFET（通常低5～10倍），是GaN高频优势的物理量化依据。驱动器选型与开关损耗计算必用，替代时需≤原料值。
v1.5.09,transistor,l3,gan_fet,qrr_nc,反向恢复电荷,nC,DOUBLE,2,≥ 0,,,0,127,技术参数,tech_specs,[高价值/易采集] GaN_FET节点特有优势参数。GaN无体二极管反向恢复问题（Qrr≈0或极小），是替代Si MOSFET降低开关损耗的核心证据。高频桥式拓扑选型时此值越小越优，替代需≤原料值。
v1.5.09,transistor,l3,gto_thyristor,itgq_max_a,可关断峰值阳极电流,A,DOUBLE,0,> 0,,,0,120,技术参数,tech_specs,[L3 GTO特有/高价值/难采集] GTO/IGCT强制关断能力生死线，决定门极驱动电路规格与关断损耗。超过此值门极信号无法关断器件，替代料须≥原料。
v1.5.09,transistor,l3,gto_thyristor,tq_gto_us,GTO关断时间,us,DOUBLE,1,> 0,,,0,121,技术参数,tech_specs,[L3 GTO特有/高价值/难采集] GTO/IGCT强制关断所需时间，决定高频逆变应用可行性上限。替代料须≤原料（越小越快），与itgq_max_a联合构成GTO选型双红线。
v1.5.09,transistor,l3,igbt,cies_pf,输入电容,pF,DOUBLE,0,> 0,,,0,115,技术参数,tech_specs,[高价值/易采集] IGBT单管节点特有驱动速度参数。栅极输入等效电容（Cge+Cgc），决定驱动电路充放电时间与开关速度，替代品Cies须与驱动电路RC时间常数设计匹配，过大导致驱动波形畸变与EMI恶化。
v1.5.09,transistor,l3,igbt,e_on_mj,开通能量损耗,mJ,DOUBLE,3,> 0,,,0,113,技术参数,tech_specs,[高价值/难采集] IGBT单管节点特有开关损耗参数。每次开通周期的能量损耗，与L2的e_off_mj共同构成完整开关损耗图谱，单管测试条件标准化程度高，替代品须满足≤原料值，高频逆变器选型必看。
v1.5.09,transistor,l3,igbt,has_freewheeling_diode,内置续流二极管,,BOOLEAN,,NOT NULL,,,0,110,技术参数,tech_specs,[高价值/易采集] IGBT单管节点特有集成特征。标识是否内置反并联续流二极管（FWD），直接影响外围电路设计与拓扑选型，替代品该特征须与原料严格一致，感性负载拓扑中缺失FWD将导致器件损毁。
v1.5.09,transistor,l3,igbt,ic_pulse_max_a,脉冲集电极电流,A,DOUBLE,1,> ic_cont_max_a,,,0,114,技术参数,tech_specs,[高价值/易采集] IGBT单管节点特有过载能力参数。脉冲峰值电流承载能力（通常为1ms脉冲），决定短路耐受与浪涌吸收能力，替代品须满足≥原料值，电机驱动与UPS场景选型必看。
v1.5.09,transistor,l3,igbt,qg_typ_nc,总栅极电荷（典型值）,nC,DOUBLE,1,> 0,,,0,112,技术参数,tech_specs,[高价值/易采集] IGBT单管节点特有驱动参数。完全开通所需总栅极电荷量，直接决定驱动电路峰值电流需求与驱动损耗，替代品Qg须与驱动芯片输出能力匹配，过大将导致驱动芯片过热。
v1.5.09,transistor,l3,igbt,rth_jc_c_per_w,结到壳热阻,℃/W,DOUBLE,2,> 0,,,0,109,技术参数,tech_specs,[高价值/易采集] IGBT单管节点特有热管理参数。结到管壳的热阻（区别于模块的结到底板热阻），散热器选型与热仿真的核心输入，替代品须满足≤原料值以保证散热路径不恶化。
v1.5.09,transistor,l3,igbt,vf_typ_v,续流二极管正向压降（典型值）,V,DOUBLE,2,> 0，或 NULL,,,0,111,技术参数,tech_specs,[高价值/难采集] IGBT单管节点特有续流损耗参数。内置FWD的正向压降典型值，直接决定续流阶段的导通损耗，has_freewheeling_diode=FALSE时填NULL，替代品须满足≤原料值。
v1.5.09,transistor,l3,igbt_module,module_topology,模块拓扑结构,,VARCHAR,,"Single, Half_Bridge, Full_Bridge, Three_Phase, Chopper, Dual, Boost",,,0,116,技术参数,tech_specs,[高价值/易采集] IGBT模块节点特有架构标识，选型第一分流参数。标识模块内部电路拓扑，直接决定应用场景适配性，替代品拓扑须与原料完全一致（半桥不可代三相桥），系统级选型的绝对约束。
v1.5.09,transistor,l3,jfet,gfs_typ_ms,正向跨导（典型值）,mS,DOUBLE,2,> 0,,,0,123,技术参数,tech_specs,[高价值/易采集] JFET节点放大能力核心指标，在指定Vds与Id条件下的跨导典型值，决定小信号增益与噪声性能。低噪声前置放大选型时需≥原料值，单位统一为毫西门子(mS)。
v1.5.09,transistor,l3,jfet,idss_ma,零偏漏极饱和电流,mA,DOUBLE,2,> 0，典型范围 0.1～100,,,0,120,技术参数,tech_specs,[高价值/易采集] JFET节点核心特征参数，Vgs=0V时漏极饱和电流，是JFET天然耗尽型工作模式的物理指纹。直接决定静态工作点与恒流源设计精度。替代时需在同一Idss档位范围内，偏差通常要求≤±20%。
v1.5.09,transistor,l3,jfet,igss_max_na,栅极截止电流,nA,DOUBLE,1,> 0，典型范围 0.01～10,,,0,124,技术参数,tech_specs,[高价值/易采集] JFET节点特有漏电指标，反向偏置栅结漏电流最大值，直接体现JFET高输入阻抗优势。超高阻抗传感器前端选型时需≤原料值，单位nA。
v1.5.09,transistor,l3,jfet,jfet_channel_type,沟道类型,,VARCHAR,,"ENUM('N_CHANNEL','P_CHANNEL')",,,0,122,技术参数,tech_specs,[高价值/易采集] JFET节点沟道极性标识，N沟道与P沟道在偏置极性、电路拓扑上完全不可互换，是替代选型的硬性过滤条件，必须严格一致。
v1.5.09,transistor,l3,jfet,vp_v,夹断电压,V,DOUBLE,2,N沟道 < 0，P沟道 > 0，典型范围 -10～-0.5 或 0.5～10,,,0,121,技术参数,tech_specs,[高价值/易采集] JFET节点特有核心参数，使漏极电流降至接近零所需的栅源电压（负值为N沟道，正值为P沟道）。决定JFET的线性工作区范围与偏置网络设计，是替代选型的第一约束，替代件Vp需在原料规格范围内。
v1.5.09,transistor,l3,mosfet,channel_polarity,沟道极性,,VARCHAR,,N-Channel / P-Channel,,,0,109,技术参数,tech_specs,[高价值/易采集] MOSFET节点极性路由参数。N沟道/P沟道决定电路拓扑方向与驱动逻辑，替代必须同极性，否则电路功能错误。
v1.5.09,transistor,l3,mosfet,ciss_pf,输入电容,pF,DOUBLE,,> 0,,,0,114,技术参数,tech_specs,Ciss 与现有 Coss 共同构成 MOSFET 寄生电容参数族，直接决定驱动功率需求、米勒效应强度和开关延迟，是高频/硬开关应用选型的核心参数；主流 datasheet 及分销平台均稳定提供，缺失会导致驱动 IC 选型和开关损耗评估无法完成。
v1.5.09,transistor,l3,mosfet,coss_pf,输出电容,pF,DOUBLE,1,> 0,,,0,113,技术参数,tech_specs,[高价值/难采集] 硬开关死区时间与软开关谐振频率的关键决定因素。替代料coss_pf需根据拓扑权衡：硬开关需≤原料，软开关谐振需匹配。
v1.5.09,transistor,l3,mosfet,operation_mode,工作模式,,VARCHAR,,Enhancement / Depletion,,,0,110,技术参数,tech_specs,[高价值/易采集] 增强型为主流（正压导通），耗尽型需负压关断，驱动电路设计完全不同。替代必须同模式，否则电路逻辑反转。
v1.5.09,transistor,l3,mosfet,qg_nc,总栅极电荷,nC,DOUBLE,1,> 0,,,0,112,技术参数,tech_specs,[高价值/易采集] MOSFET开关损耗与驱动能力核心参数。Qg决定驱动功率需求与开关速度上限，高频应用替代料qg_nc需≤原料。
v1.5.09,transistor,l3,mosfet,vgs_max_v,最大栅源电压,V,DOUBLE,1,> 0,,,0,111,技术参数,tech_specs,[高价值/易采集] 栅极氧化层耐压红线，超压即永久损毁。替代料vgs_max_v需≥原料，驱动电路必须在此范围内工作。
v1.5.09,transistor,l3,mosfet_array,array_topology,通道拓扑配置,,VARCHAR,,"ENUM('N_N','P_P','N_P_COMPLEMENTARY','FULL_BRIDGE','OTHER')",,,0,116,技术参数,tech_specs,[高价值/易采集] MOSFET_Array节点特有拓扑标识。区分各通道是独立N沟道、独立P沟道、互补半桥（N+P）还是全桥配置，直接决定能否用于H桥/半桥驱动场景。替代时拓扑必须严格一致。
v1.5.09,transistor,l3,mosfet_array,channel_count,阵列通道数,,INT,,"≥ 2，常见值：2, 4, 6, 8",,,0,115,技术参数,tech_specs,[高价值/易采集] MOSFET_Array节点核心区分参数。决定单封装内并联或独立驱动的沟道数量，直接影响PCB面积与驱动拓扑选型。替代时必须通道数相同，否则驱动电路需重新设计。
v1.5.09,transistor,l3,mosfet_array,id_per_ch_cont_a,单通道连续漏极电流,A,DOUBLE,2,> 0,,,0,119,技术参数,tech_specs,[高价值/易采集] MOSFET_Array节点单通道额定连续电流，区别于L2层整体功耗，直接约束每路负载能力。多路同时导通时需校验总热耗散。替代时需≥原料单通道值。
v1.5.09,transistor,l3,mosfet_array,is_common_drain,共漏极结构标识,,BOOLEAN,,TRUE / FALSE,,,0,118,技术参数,tech_specs,[高价值/易采集] MOSFET_Array节点特有结构标识。标识各通道漏极是否共用同一引脚（共衬底共漏），直接影响电路隔离性与应用场景（如双向开关、电池保护）。替代时必须结构一致。
v1.5.09,transistor,l3,mosfet_array,rds_on_per_ch_typ_mohm,单通道导通电阻（典型值）,mohm,DOUBLE,1,> 0,,,0,117,技术参数,tech_specs,[高价值/易采集] MOSFET_Array节点单通道导通电阻典型值，在标准Vgs与Id测试条件下。多通道并联时总Rds_on=单通道值/并联数，是热设计与效率计算的基础。替代时需≤原料单通道值。
v1.5.09,transistor,l3,other_thyristor,ift_ma,光触发电流,mA,DOUBLE,2,> 0 或 NULL,,,0,124,技术参数,tech_specs,[L3 Other特有/高价值/难采集] 光控晶闸管（LASCR）LED触发灵敏度，安规隔离驱动设计的选型核心。替代料须≤原料（越小越易触发），非LASCR类填NULL，决定光耦LED驱动电流规格。
v1.5.09,transistor,l3,other_thyristor,thyristor_subtype,器件子类型,,VARCHAR,,DIAC / SIDAC / PUT / LASCR / Other,,,0,122,技术参数,tech_specs,[L3 Other特有/高价值/易采集] Other_Thyristor节点路由核心字段，区分DIAC/SIDAC/PUT/LASCR等特殊结构（GTO已独立为GTO_Thyristor L3）。驱动与关断方式差异巨大，选型替代必须子类型严格一致。
v1.5.09,transistor,l3,other_thyristor,vbo_v,转折导通电压,V,DOUBLE,1,> 0 或 NULL,,,0,123,技术参数,tech_specs,[L3 Other特有/高价值/易采集] DIAC/SIDAC核心触发阈值，双向击穿导通电压。决定触发电路阈值设计，替代料偏差须≤±10%，否则触发时序偏移导致电路功能失效，非DIAC/SIDAC类填NULL。
v1.5.09,transistor,l3,other_transistor,key_limit_note,关键极限参数备注,,VARCHAR,,非空，长度 <= 256字符,,,0,134,技术参数,tech_specs,[低采集成本/高兜底价值] Other_Transistor节点工程安全兜底字段。以结构化自然语言记录该器件区别于标准BJT的最关键物理极限或工作机制（如雪崩触发电压、负阻区间、异质结材料体系），为人工审核与LLM辅助选型提供最低限度的可读上下文，防止黑盒入库。
v1.5.09,transistor,l3,other_transistor,transistor_subtype,子类型标识,,VARCHAR,,非空字符串，如'Avalanche'/'HBT_SiGe'/'GaN_BJT'/'Unijunction',,,0,133,技术参数,tech_specs,[高价值/易采集] Other_Transistor节点分类路由锚点。用于标识无法归入BJT/Darlington/Digital/RF/Phototransistor/Array任一标准节点的特殊晶体管子类型（如SiGe HBT、GaN BJT、雪崩晶体管等），供后续节点裂变与数据迁移决策使用。
v1.5.09,transistor,l3,other_transistor,vchar_op_v,特征工作电压,V,DOUBLE,2,> 0，NULL可接受,,,0,135,技术参数,tech_specs,[高价值/难采集] Other_Transistor节点核心工作点参数。针对特殊工作机制器件（如单结晶体管峰点电压、雪崩晶体管触发电压）的特征电压值，是替代选型的物理匹配红线，无法用L2通用vceo_max_v覆盖。NULL表示该子类型无此概念。
v1.5.09,transistor,l3,phototransistor,bvceo_min_v,集电极-发射极击穿电压,V,DOUBLE,1,> 0,,,0,132,技术参数,tech_specs,[高价值/易采集] Phototransistor节点电压安全红线。光电晶体管工作电压上限，区别于L2通用vceo_max_v（L2已含），此处为该节点在光照条件下的最小保证值，选型替代须bvceo_min_v >= 系统电源电压。
v1.5.09,transistor,l3,phototransistor,ic_dark_ua,暗电流,uA,DOUBLE,3,>= 0,,,0,130,技术参数,tech_specs,[高价值/易采集] Phototransistor节点噪声底线。无光照时的漏电流，决定系统最小可检测光信号阈值。替代器件ic_dark_ua须 <= 原料，否则暗态误触发风险上升。
v1.5.09,transistor,l3,phototransistor,ic_light_ma,光电流,mA,DOUBLE,3,> 0,,,0,129,技术参数,tech_specs,[高价值/易采集] Phototransistor节点光响应强度核心参数。在规定光照度（通常100lux或1mW/cm²）下的集电极电流，决定信号幅度与后级电路设计。替代须ic_light_ma >= 原料以保证信噪比。
v1.5.09,transistor,l3,phototransistor,rise_time_us,上升时间,us,DOUBLE,3,> 0,,,0,131,技术参数,tech_specs,[高价值/难采集] Phototransistor节点响应速度红线。光信号从10%上升至90%输出幅度所需时间，决定最高可检测调制频率。替代须rise_time_us <= 原料，否则高速光通信或编码器应用失效。
v1.5.09,transistor,l3,phototransistor,wavelength_peak_nm,峰值响应波长,nm,DOUBLE,0,300 ~ 1100,,,0,128,技术参数,tech_specs,[高价值/易采集] Phototransistor节点光谱匹配红线。决定器件对哪种光源最灵敏，与配套LED/激光器波长必须匹配。替代器件wavelength_peak_nm偏差须在±20nm以内，否则系统灵敏度大幅下降。
v1.5.09,transistor,l3,rf_fet,channel_polarity,沟道极性,,VARCHAR,,N-Channel / P-Channel,,,0,141,技术参数,tech_specs,[高价值/易采集] RF_FET节点极性路由参数。N沟道/P沟道决定RF电路拓扑方向，替代必须同极性。
v1.5.09,transistor,l3,rf_fet,freq_max_mhz,工作频率上限,MHz,DOUBLE,0,> 0,,,0,143,技术参数,tech_specs,[高价值/易采集] RF_FET节点频段边界。额定工作频率上限，区别于ft_mhz，直接用于频段匹配过滤，替代须freq_max_mhz≥原料工作频率。
v1.5.09,transistor,l3,rf_fet,ft_mhz,特征频率,MHz,DOUBLE,0,> 0,,,0,142,技术参数,tech_specs,[高价值/易采集] RF_FET节点速度红线。电流增益降至1时的频率上限，决定可用频段，替代须ft_mhz≥原料。
v1.5.09,transistor,l3,rf_fet,gain_ss_db,小信号功率增益,dB,DOUBLE,1,NULL可接受,,,0,145,技术参数,tech_specs,[高价值/易采集] RF_FET节点增益核心指标。在额定工作频率下的小信号功率增益，替代须gain_ss_db≥原料设计余量。
v1.5.09,transistor,l3,rf_fet,noise_figure_db,噪声系数,dB,DOUBLE,1,≥ 0,,,0,144,技术参数,tech_specs,[高价值/难采集] RF_FET节点低噪声选型关键。数值越小接收链路灵敏度越高，LNA选型必看，替代须noise_figure_db≤原料。
v1.5.09,transistor,l3,rf_fet,pout_max_dbm,最大输出功率,dBm,DOUBLE,1,NULL可接受,,,0,146,技术参数,tech_specs,[高价值/易采集] RF_FET节点功率红线。规格书标准单位dBm，决定功放链路预算上限，替代须pout_max_dbm≥原料。
v1.5.09,transistor,l3,rf_transistor,freq_max_mhz,工作频率上限,MHz,DOUBLE,0,> 0,,,0,125,技术参数,tech_specs,[高价值/易采集] RF_Transistor节点频段边界。明确器件额定工作频率上限，区别于ft_mhz（增益截止频率），直接用于频段匹配过滤。替代须freq_max_mhz >= 原料工作频率。
v1.5.09,transistor,l3,rf_transistor,ft_mhz,特征频率,MHz,DOUBLE,0,> 0,,,0,123,技术参数,tech_specs,[高价值/易采集] RF_Transistor节点核心速度红线。表征电流增益降至1时的频率上限，直接决定器件可用频段。选型替代要求ft_mhz >= 原料，低于此值将导致高频增益崩塌。
v1.5.09,transistor,l3,rf_transistor,gain_ss_db,小信号功率增益,dB,DOUBLE,1,NULL可接受,,,0,127,技术参数,tech_specs,[高价值/易采集] RF_Transistor节点增益核心指标。在额定工作频率下的小信号功率增益，决定单级放大能力。替代须gain_ss_db >= 原料设计余量。
v1.5.09,transistor,l3,rf_transistor,noise_figure_db,噪声系数,dB,DOUBLE,1,>= 0,,,0,126,技术参数,tech_specs,[高价值/难采集] RF_Transistor节点低噪声选型关键。数值越小接收链路灵敏度越高，LNA选型必看。替代器件noise_figure_db须 <= 原料，否则接收机底噪恶化。
v1.5.09,transistor,l3,rf_transistor,pout_max_dbm,最大输出功率,dBm,DOUBLE,1,NULL可接受,,,0,124,技术参数,tech_specs,[高价值/易采集] RF_Transistor节点功率红线。规格书标准单位dBm，决定功放链路预算上限。替代器件pout_max_dbm须 >= 原料，否则发射链路功率不足。
v1.5.09,transistor,l3,scr_thyristor,di_dt_max_a_per_us,通态电流临界上升率,A/us,DOUBLE,0,> 0,,,0,111,技术参数,tech_specs,[L3 SCR特有/高价值/难采集] SCR抗电流冲击能力红线。电流上升过快导致局部过热失效，替代料须≥原料额定值，容性负载与逆变应用必查。
v1.5.09,transistor,l3,scr_thyristor,dvdt_max_v_per_us,断态电压临界上升率,V/us,DOUBLE,0,> 0,,,0,110,技术参数,tech_specs,[L3 SCR特有/高价值/难采集] SCR抗误触发能力红线。正向电压上升率超过此值即使无门极信号也会误导通，替代料须≥原料额定值，感性负载与快速开关电路必查。
v1.5.09,transistor,l3,scr_thyristor,il_ma,擎住电流,mA,DOUBLE,1,> 0,,,0,113,技术参数,tech_specs,[L3 SCR特有/高价值/难采集] SCR触发后维持自锁导通的最小阳极电流，区别于维持电流（ih_ma）。感性负载与轻载启动稳定性红线，替代料须≤原料，否则触发后立即退出导通。
v1.5.09,transistor,l3,scr_thyristor,tq_us,电路换向关断时间,us,DOUBLE,1,> 0,,,0,112,技术参数,tech_specs,[L3 SCR特有/高价值/难采集] SCR完全关断所需最小时间，决定最高工作频率上限（f_max≈1/(2×tq)）。高频逆变与斩波应用的生死线，替代料须≤原料（越小越快），工频整流场景可放宽。
v1.5.09,transistor,l3,scr_thyristor,vgt_v,门极触发电压,V,DOUBLE,2,> 0,,,0,114,技术参数,tech_specs,[L3 SCR特有/高价值/易采集] SCR可靠触发所需最小门极电压，驱动电平匹配红线。驱动IC输出电压须≥此值，替代料须≤原料（越小越易驱动），与igt_ma联合约束驱动电路设计。
v1.5.09,transistor,l3,sic_mosfet,eas_mj,雪崩耐量（单次）,mJ,DOUBLE,2,> 0,,,0,133,技术参数,tech_specs,[高价值/难采集] SiC_MOSFET节点可靠性核心参数，单次非钳位感性开关（UIS）雪崩能量耐量。电机驱动与逆变器选型时评估过压尖峰吸收能力的唯一量化指标，SiC的Eas普遍弱于同规格Si MOSFET，是选型红线。替代时需≥原料值。
v1.5.09,transistor,l3,sic_mosfet,qg_sic_nc,栅极电荷,nC,DOUBLE,2,> 0,,,0,134,技术参数,tech_specs,[高价值/易采集] SiC_MOSFET节点驱动设计核心参数。SiC栅极氧化层特性导致其推荐Vgs驱动电压（通常+15V/-5V）与Si MOSFET不同，Qg决定驱动器峰值电流需求。替代时需≤原料值，且需确认驱动电压兼容性。
v1.5.09,transistor,l3,sic_mosfet,qrr_sic_nc,体二极管反向恢复电荷,nC,DOUBLE,1,≥ 0,,,0,132,技术参数,tech_specs,[高价值/易采集] SiC_MOSFET节点体二极管特性核心参数。SiC体二极管Qrr远小于Si MOSFET（通常低10倍以上），是SiC在高频桥式拓扑中降低死区损耗的物理依据。替代时需≤原料值，单位nC。
v1.5.09,transistor,l3,sic_mosfet,rds_on_150c_mohm,导通电阻（150℃典型值）,mohm,DOUBLE,1,> 0，通常为25℃值的1.5～3倍,,,0,131,技术参数,tech_specs,[高价值/难采集] SiC_MOSFET节点高温工况核心参数，150℃结温下导通电阻，反映实际工作热点的真实导通损耗。功率模块热设计与效率计算必用，仅凭25℃值选型会严重低估损耗。替代时需≤原料值。
v1.5.09,transistor,l3,sic_mosfet,rds_on_25c_mohm,导通电阻（25℃典型值）,mohm,DOUBLE,1,> 0,,,0,130,技术参数,tech_specs,[高价值/易采集] SiC_MOSFET节点核心效率参数，25℃结温下典型导通电阻。SiC的Rds_on温度系数为正（随温升增大约2～3倍），需结合高温值共同评估。替代时需≤原料值，是SiC替代Si IGBT的核心量化依据。
v1.5.09,transistor,l3,sic_mosfet,vgs_on_rec_v,推荐栅极驱动电压（开态）,V,DOUBLE,1,典型范围 12～20,,,0,135,技术参数,tech_specs,[高价值/易采集] SiC_MOSFET节点特有驱动约束参数。SiC栅氧可靠性要求驱动电压窗口严格（通常+15V～+20V开，-5V关），与Si MOSFET的+10V/0V驱动不兼容。替代时驱动电压必须在原驱动器输出范围内，否则需更换驱动IC。
v1.5.09,transistor,l3,transistor_array,channel_count,阵列通道数,,INT,,≥ 2,,,0,122,技术参数,tech_specs,[高价值/易采集] Transistor_Array节点核心区分参数。单芯片内独立晶体管通道数量，决定集成度与PCB面积节省，替代件channel_count必须≥原料需求通道数。
v1.5.09,transistor,l3,triac,comm_didt_max_a_per_us,换向电流临界下降率,A/us,DOUBLE,1,> 0,,,0,117,技术参数,tech_specs,[L3 TRIAC特有/高价值/极难采集] TRIAC交流换向瞬间电流下降率耐受能力。di/dt过高导致换向失败误关断，替代料须≥原料额定值，与comm_dvdt联合构成TRIAC换向可靠性双红线。
v1.5.09,transistor,l3,triac,comm_dvdt_max_v_per_us,换向电压临界上升率,V/us,DOUBLE,0,> 0,,,0,116,技术参数,tech_specs,[L3 TRIAC特有/高价值/极难采集] TRIAC交流换向瞬间抗误触发能力，感性负载换向安全的核心红线。换向dV/dt超标导致器件失控损毁，替代料须≥原料额定值，电机/变压器负载必查。
v1.5.09,transistor,l3,triac,dvdt_static_max_v_per_us,静态断态电压临界上升率,V/us,DOUBLE,0,> 0,,,0,118,技术参数,tech_specs,[L3 TRIAC特有/高价值/难采集] TRIAC静态工作状态下抗误触发能力，区别于换向dV/dt。电网浪涌与快速瞬变场景的抗扰红线，替代料须≥原料额定值，过零触发电路尤为关键。
v1.5.09,transistor,l3,triac,trigger_quadrant,触发象限模式,,VARCHAR,,Q1Q2 / Q1Q2Q3 / Q1Q2Q3Q4,,,0,115,技术参数,tech_specs,[L3 TRIAC特有/高价值/易采集] TRIAC可触发的电压/电流象限组合，直接决定驱动电路拓扑与交流相位控制可用性。替代料须覆盖原料所有象限，第四象限（MT2-/G-）灵敏度最差需重点核查。
v1.5.09,transistor,l3,triac,vgt_v,门极触发电压,V,DOUBLE,2,> 0,,,0,119,技术参数,tech_specs,[L3 TRIAC特有/高价值/易采集] TRIAC可靠触发所需最小门极电压，双向驱动电平匹配红线。替代料须≤原料（越小越易驱动），需结合trigger_quadrant验证各象限触发电压一致性。
mcu_mpu_dsp_schema_v1.5.20,mcu_mpu_dsp,l2,dsp,aec_q_level,车规认证等级,,VARCHAR,,,,,0,303,合规参数,regulatory_attributes,AEC-Q100/Q104车规认证等级。
mcu_mpu_dsp_schema_v1.5.20,mcu_mpu_dsp,l2,dsp,core_clock_max_mhz,最高主频,MHz,DOUBLE,1,,0.001,10000.0,1,100,技术参数,tech_specs,DSP核心最大工作时钟频率，决定指令吞吐量天花板，替代件须 ≥ 原料。
mcu_mpu_dsp_schema_v1.5.20,mcu_mpu_dsp,l2,dsp,manufacturer,制造商,,VARCHAR,,NOT NULL,,,0,400,交易参数,purchasing_attributes,原厂品牌标识，供应链溯源底线。
mcu_mpu_dsp_schema_v1.5.20,mcu_mpu_dsp,l2,dsp,onchip_sram_kb,片上SRAM容量,KB,DOUBLE,1,,0.0,131072.0,1,102,技术参数,tech_specs,片上静态RAM总容量，决定算法数据缓冲与系数表承载能力，替代件须 ≥ 原料。
mcu_mpu_dsp_schema_v1.5.20,mcu_mpu_dsp,l2,dsp,package_case,封装形式,,VARCHAR,,,,,1,200,封装参数,package_attributes,器件封装类型，PCB焊盘设计与热设计的物理边界。
mcu_mpu_dsp_schema_v1.5.20,mcu_mpu_dsp,l2,mcu,aec_q_level,汽车级认证等级,,VARCHAR,,,,,0,303,合规参数,regulatory_attributes,AEC-Q100车规认证等级，车载场景强制过滤项。
mcu_mpu_dsp_schema_v1.5.20,mcu_mpu_dsp,l2,mcu,bus_width_bit,内核/数据总线位宽,bit,INT,,8/16/32/64,1.0,128.0,1,101,技术参数,tech_specs,MCU 核心计算宽度，区分 8/16/32 位 MCU 的基础选型维度。
mcu_mpu_dsp_schema_v1.5.20,mcu_mpu_dsp,l2,mcu,can_channel_count,CAN接口数量,,INT,,,0.0,8.0,0,116,技术参数,tech_specs,CAN/CAN-FD资源是工控、车控、电机控制MCU的关键通信选型字段。
mcu_mpu_dsp_schema_v1.5.20,mcu_mpu_dsp,l2,mcu,manufacturer,制造商,,VARCHAR,,NOT NULL,,,0,400,交易参数,purchasing_attributes,原厂品牌，供应链溯源与替代风险分层的第一维度。
mcu_mpu_dsp_schema_v1.5.20,mcu_mpu_dsp,l2,mcu,package_case,封装形式,,VARCHAR,,,,,1,200,封装参数,package_attributes,PCB焊盘设计与贴片工艺的物理约束，替代件须封装兼容。
mcu_mpu_dsp_schema_v1.5.20,mcu_mpu_dsp,l2,mcu,spi_channel_count,SPI接口数量,,INT,,,0.0,16.0,0,113,技术参数,tech_specs,SPI外设数量决定高速外设扩展能力。
mcu_mpu_dsp_schema_v1.5.20,mcu_mpu_dsp,l2,mcu,timer_count,定时器数量,,INT,,,0.0,64.0,0,110,技术参数,tech_specs,定时器资源决定PWM、捕获比较等控制类应用的资源余量。
mcu_mpu_dsp_schema_v1.5.20,mcu_mpu_dsp,l2,mcu,usb_interface_type,USB接口类型,,VARCHAR,,,,,0,115,技术参数,tech_specs,USB FS/HS/OTG/Device/Host 能力，决定外设连接和升级兼容性。
mcu_mpu_dsp_schema_v1.5.20,mcu_mpu_dsp,l2,mpu_soc,aec_q_level,汽车级认证等级,,VARCHAR,,,,,0,303,合规参数,regulatory_attributes,AEC-Q100/Q104车规认证等级。
mcu_mpu_dsp_schema_v1.5.20,mcu_mpu_dsp,l2,mpu_soc,cpu_arch,CPU指令集架构,,VARCHAR,,,,,1,100,技术参数,tech_specs,软件生态与二进制兼容性的根本判据，跨架构替代意味着全栈重构。
mcu_mpu_dsp_schema_v1.5.20,mcu_mpu_dsp,l2,mpu_soc,manufacturer,制造商,,VARCHAR,,NOT NULL,,,0,400,交易参数,purchasing_attributes,原厂品牌标识，供应链溯源底线。
mcu_mpu_dsp_schema_v1.5.20,mcu_mpu_dsp,l2,mpu_soc,package_case,封装形式,,VARCHAR,,,,,1,200,封装参数,package_attributes,物理封装类型，PCB焊盘设计的硬约束。
mcu_mpu_dsp_schema_v1.5.20,mcu_mpu_dsp,l2,mpu_soc,pkg_height_mm,封装体高度,mm,DOUBLE,2,,0.0,30.0,0,203,封装参数,package_attributes,整机高度约束与散热器安装空间的物理上限。
mcu_mpu_dsp_schema_v1.5.20,mcu_mpu_dsp,l3,ai_edge_computing_soc,npu_precision_support,NPU原生支持精度,,VARCHAR,,,,,0,10,,,AI_Edge_Computing_SoC 专有属性
mcu_mpu_dsp_schema_v1.5.20,mcu_mpu_dsp,l3,application_mpu,display_interface_type,显示接口类型,,VARCHAR,,,,,0,3,,,Application_MPU 专有属性
mcu_mpu_dsp_schema_v1.5.20,mcu_mpu_dsp,l3,general_programmable_dsp,arithmetic_type,运算类型,,VARCHAR,,,,,0,1,,,General_Programmable_DSP 专有属性
mcu_mpu_dsp_schema_v1.5.20,mcu_mpu_dsp,l3,general_programmable_dsp,peak_mac_throughput_mmacs,峰值MAC吞吐,,DOUBLE,,,,,0,2,,,General_Programmable_DSP 专有属性
mcu_mpu_dsp_schema_v1.5.20,mcu_mpu_dsp,l3,motor_control_mcu,max_pwm_freq_khz,PWM最高频率,kHz,DOUBLE,,,,,0,6,,,Motor_Control_MCU 专有属性
mcu_mpu_dsp_schema_v1.5.20,mcu_mpu_dsp,l3,programmable_heterogeneous_soc,dsp_slice_count,片上DSP硬核数量,,INT,,,,,0,15,,,Programmable_Heterogeneous_SoC 专有属性
mcu_mpu_dsp_schema_v1.5.20,mcu_mpu_dsp,l3,programmable_heterogeneous_soc,logic_cells_count,可编程逻辑单元数量,,INT,,,,,0,14,,,Programmable_Heterogeneous_SoC 专有属性
mcu_mpu_dsp_schema_v1.5.20,mcu_mpu_dsp,l3,programmable_heterogeneous_soc,pl_process_nm,可编程逻辑工艺节点,nm,INT,,,,,0,21,,,Programmable_Heterogeneous_SoC 专有属性
mcu_mpu_dsp_schema_v1.5.20,mcu_mpu_dsp,l3,programmable_heterogeneous_soc,serdes_lane_count,高速收发器数量,,INT,,,,,0,18,,,Programmable_Heterogeneous_SoC 专有属性
mcu_mpu_dsp_schema_v1.5.20,mcu_mpu_dsp,l3,secure_mcu,has_trng,是否含真随机数发生器,,VARCHAR,,,,,0,11,,,Secure_MCU 专有属性
mcu_mpu_dsp_schema_v1.5.20,mcu_mpu_dsp,l3,wireless_mcu_soc,rf_rx_sensitivity_dbm,接收灵敏度,dBm,DOUBLE,,,,,0,4,,,Wireless_MCU_SoC 专有属性
mcu_mpu_dsp_schema_v1.5.20,mcu_mpu_dsp,l2,dsp,lead_free,无铅标识,,BOOLEAN,,yes/no,,,0,302,合规参数,regulatory_attributes,无铅焊接工艺兼容性。
mcu_mpu_dsp_schema_v1.5.20,mcu_mpu_dsp,l2,dsp,reach,REACH合规,,BOOLEAN,,compliant/non_compliant/unknown,,,0,301,合规参数,regulatory_attributes,SVHC合规声明。
mcu_mpu_dsp_schema_v1.5.20,mcu_mpu_dsp,l2,dsp,supply_voltage_min_v,核心供电电压下限,V,DOUBLE,2,,0.5,48.0,1,103,技术参数,tech_specs,核心供电电压范围下限，电源架构设计硬约束。
mcu_mpu_dsp_schema_v1.5.20,mcu_mpu_dsp,l2,dsp,temp_min_c,最低工作温度,℃,DOUBLE,1,,-65.0,150.0,1,201,技术参数,tech_specs,器件额定最低工作温度，替代件须 ≤ 原料。
mcu_mpu_dsp_schema_v1.5.20,mcu_mpu_dsp,l2,mpu_soc,cpu_word_width_bit,CPU字长/数据位宽,bit,INT,,8/16/32/64,1.0,64.0,1,101,技术参数,tech_specs,MPU/SoC 的核心处理字长，影响ABI、寻址空间和OS兼容性。
mcu_mpu_dsp_schema_v1.5.20,mcu_mpu_dsp,l2,mpu_soc,lead_free,无铅工艺,,BOOLEAN,,yes/no,,,0,302,合规参数,regulatory_attributes,无铅焊接工艺兼容性标识。
mcu_mpu_dsp_schema_v1.5.20,mcu_mpu_dsp,l2,mpu_soc,pkg_length_mm,封装体长度,mm,DOUBLE,2,,0.0,100.0,0,201,封装参数,package_attributes,PCB布局物理占位红线。
mcu_mpu_dsp_schema_v1.5.20,mcu_mpu_dsp,l2,mpu_soc,reach,REACH合规,,BOOLEAN,,compliant/non_compliant/unknown,,,0,301,合规参数,regulatory_attributes,SVHC合规声明。
mcu_mpu_dsp_schema_v1.5.20,mcu_mpu_dsp,l2,mpu_soc,supply_voltage_min_v,最低供电电压,V,DOUBLE,2,,0.5,48.0,1,104,技术参数,tech_specs,电源轨兼容性下限，替代件须 ≤ 原料。
mcu_mpu_dsp_schema_v1.5.20,mcu_mpu_dsp,l2,mpu_soc,temp_min_c,最低工作温度,℃,DOUBLE,1,,-65.0,150.0,1,204,技术参数,tech_specs,工作温度下限，工业/车规/消费级分级红线。
mcu_mpu_dsp_schema_v1.5.20,mcu_mpu_dsp,l3,ai_edge_computing_soc,ai_memory_bandwidth_gbps,AI推理内存带宽,,DOUBLE,,,,,0,13,,,AI_Edge_Computing_SoC 专有属性
mcu_mpu_dsp_schema_v1.5.20,mcu_mpu_dsp,l3,ai_edge_computing_soc,npu_arch_type,NPU架构类型,,VARCHAR,,,,,0,11,,,AI_Edge_Computing_SoC 专有属性
mcu_mpu_dsp_schema_v1.5.20,mcu_mpu_dsp,l3,ai_edge_computing_soc,npu_sram_mb,片上AI专用SRAM,KB,DOUBLE,,,,,0,12,,,AI_Edge_Computing_SoC 专有属性
mcu_mpu_dsp_schema_v1.5.20,mcu_mpu_dsp,l3,application_mpu,display_output_count,显示接口路数,,INT,,,,,0,4,,,Application_MPU 专有属性
mcu_mpu_dsp_schema_v1.5.20,mcu_mpu_dsp,l3,application_mpu,max_memory_bandwidth_gbps,最大内存带宽,,DOUBLE,,,,,0,1,,,Application_MPU 专有属性
mcu_mpu_dsp_schema_v1.5.20,mcu_mpu_dsp,l3,application_mpu,pcie_lane_count,PCIe通道数,,INT,,,,,0,7,,,Application_MPU 专有属性
mcu_mpu_dsp_schema_v1.5.20,mcu_mpu_dsp,l3,audio_dsp,max_audio_sample_rate_khz,最高音频采样率,kHz,DOUBLE,,,,,0,6,,,Audio_DSP 专有属性
mcu_mpu_dsp_schema_v1.5.20,mcu_mpu_dsp,l3,programmable_heterogeneous_soc,ps_cpu_arch,处理器子系统架构,,VARCHAR,,,,,0,17,,,Programmable_Heterogeneous_SoC 专有属性
mcu_mpu_dsp_schema_v1.5.20,mcu_mpu_dsp,l2,mcu,adc_resolution_bit,ADC最高分辨率,bit,INT,,,6.0,24.0,0,108,技术参数,tech_specs,片上ADC精度能力，影响模拟采样和传感器接口。
mcu_mpu_dsp_schema_v1.5.20,mcu_mpu_dsp,l2,mcu,deep_sleep_current_ua,深度睡眠电流,µA,DOUBLE,3,,0.0,10000.0,0,120,技术参数,tech_specs,低功耗设计核心指标，电池供电场景的MCU选型红线。
mcu_mpu_dsp_schema_v1.5.20,mcu_mpu_dsp,l2,mcu,dma_channel_count,DMA通道数,,INT,,,0.0,64.0,0,119,技术参数,tech_specs,DMA通道数决定MCU外设数据搬运并发能力与CPU offload程度。
mcu_mpu_dsp_schema_v1.5.20,mcu_mpu_dsp,l2,mcu,lead_free,无铅工艺,,BOOLEAN,,yes/no,,,0,302,合规参数,regulatory_attributes,无铅焊接工艺合规声明。
mcu_mpu_dsp_schema_v1.5.20,mcu_mpu_dsp,l2,mcu,pin_count,封装引脚总数,,INT,,,1.0,1000.0,1,122,,,物理封装引脚数量
mcu_mpu_dsp_schema_v1.5.20,mcu_mpu_dsp,l2,mcu,pwm_channel_count,PWM通道数量,,INT,,,0.0,64.0,0,111,技术参数,tech_specs,PWM通道数量是电机、LED控制等场景的重要资源字段。
mcu_mpu_dsp_schema_v1.5.20,mcu_mpu_dsp,l2,mcu,reach,REACH合规,,BOOLEAN,,compliant/non_compliant/unknown,,,0,301,合规参数,regulatory_attributes,SVHC高关注物质合规声明。
mcu_mpu_dsp_schema_v1.5.20,mcu_mpu_dsp,l2,mcu,supply_voltage_min_v,工作电压下限,V,DOUBLE,2,,0.5,48.0,1,105,技术参数,tech_specs,电源系统兼容红线下边界，替代件须 ≤ 原料以覆盖低压场景。
mcu_mpu_dsp_schema_v1.5.20,mcu_mpu_dsp,l2,mcu,temp_min_c,最低工作温度,℃,DOUBLE,1,,-65.0,150.0,1,201,技术参数,tech_specs,工作温度下限，替代件须 ≤ 原料。
mcu_mpu_dsp_schema_v1.5.20,mcu_mpu_dsp,l3,metering_mcu,has_hw_metering_engine,硬件计量引擎,,VARCHAR,,,,,0,22,,,Metering_MCU 专有属性
mcu_mpu_dsp_schema_v1.5.20,mcu_mpu_dsp,l3,metering_mcu,metering_accuracy_class,计量精度等级,,DOUBLE,,,,,0,21,,,Metering_MCU 专有属性
mcu_mpu_dsp_schema_v1.5.20,mcu_mpu_dsp,l3,secure_mcu,security_cert_level,硬件安全认证等级,,VARCHAR,,,,,0,9,,,Secure_MCU 专有属性
mcu_mpu_dsp_schema_v1.5.20,mcu_mpu_dsp,l3,touch_mcu,is_multitouch_supported,支持多点触控,,VARCHAR,,,,,0,18,,,Touch_MCU 专有属性
mcu_mpu_dsp_schema_v1.5.20,mcu_mpu_dsp,l3,touch_mcu,touch_channel_count,触控通道数,,INT,,,,,0,16,,,Touch_MCU 专有属性
mcu_mpu_dsp_schema_v1.5.20,mcu_mpu_dsp,l3,touch_mcu,touch_sensing_type,触控检测技术,,VARCHAR,,,,,0,17,,,Touch_MCU 专有属性
mcu_mpu_dsp_schema_v1.5.20,mcu_mpu_dsp,l2,dsp,eccn_code,出口管制分类号,,VARCHAR,,,,,0,402,交易参数,purchasing_attributes,美国EAR出口管制编码，高性能DSP多受管制。
mcu_mpu_dsp_schema_v1.5.20,mcu_mpu_dsp,l2,dsp,rohs_compliant,RoHS合规,,BOOLEAN,,compliant/non_compliant/unknown,,,1,300,合规参数,regulatory_attributes,欧盟RoHS指令合规状态。
mcu_mpu_dsp_schema_v1.5.20,mcu_mpu_dsp,l2,mcu,adc_channel_count,ADC通道数,,INT,,,0.0,64.0,0,109,技术参数,tech_specs,模拟采集类应用同时依赖ADC分辨率与通道数。
mcu_mpu_dsp_schema_v1.5.20,mcu_mpu_dsp,l2,mcu,eccn_code,出口管制分类号,,VARCHAR,,,,,0,402,交易参数,purchasing_attributes,美国EAR出口管制分类，高算力MCU尤为关键。
mcu_mpu_dsp_schema_v1.5.20,mcu_mpu_dsp,l2,mcu,max_cpu_freq_mhz,CPU最高主频,MHz,DOUBLE,1,,0.001,10000.0,1,102,技术参数,tech_specs,算力天花板，决定实时任务响应能力上限，替代件须 ≥ 原料。
mcu_mpu_dsp_schema_v1.5.20,mcu_mpu_dsp,l2,mcu,rohs_compliant,RoHS合规,,BOOLEAN,,compliant/non_compliant/unknown,,,1,300,合规参数,regulatory_attributes,欧盟有害物质限制合规状态。
mcu_mpu_dsp_schema_v1.5.20,mcu_mpu_dsp,l2,mcu,uart_count,UART接口数量,,INT,,,0.0,16.0,0,112,技术参数,tech_specs,UART数量决定串口通信资源。
mcu_mpu_dsp_schema_v1.5.20,mcu_mpu_dsp,l2,mpu_soc,ddr_interface_type,外部存储接口类型,,VARCHAR,,,,,1,106,技术参数,tech_specs,外部DRAM接口物理契约，DDR类型决定PCB层数与SI仿真复杂度。
mcu_mpu_dsp_schema_v1.5.20,mcu_mpu_dsp,l2,mpu_soc,eccn_code,出口管制分类号,,VARCHAR,,,,,0,402,交易参数,purchasing_attributes,美国EAR出口管制编码，高算力SoC极易触发管控。
mcu_mpu_dsp_schema_v1.5.20,mcu_mpu_dsp,l2,mpu_soc,process_node_nm,制程工艺节点,nm,INT,,,1.0,2000.0,0,107,技术参数,tech_specs,制程节点直接决定功耗、性能天花板和供货风险。
mcu_mpu_dsp_schema_v1.5.20,mcu_mpu_dsp,l2,mpu_soc,rohs_compliant,RoHS合规,,BOOLEAN,,compliant/non_compliant/unknown,,,1,300,合规参数,regulatory_attributes,欧盟RoHS指令合规状态。
mcu_mpu_dsp_schema_v1.5.20,mcu_mpu_dsp,l3,application_mpu,camera_interface_type,摄像头接口类型,,VARCHAR,,,,,0,5,,,Application_MPU 专有属性
mcu_mpu_dsp_schema_v1.5.20,mcu_mpu_dsp,l3,application_mpu,has_integrated_gpu,集成GPU,,VARCHAR,,,,,0,6,,,Application_MPU 专有属性
mcu_mpu_dsp_schema_v1.5.20,mcu_mpu_dsp,l3,audio_dsp,audio_channel_count,音频通道数,,INT,,,,,0,8,,,Audio_DSP 专有属性
mcu_mpu_dsp_schema_v1.5.20,mcu_mpu_dsp,l3,audio_dsp,hw_audio_accelerators,硬件音频加速器集合,,VARCHAR,,,,,0,10,,,Audio_DSP 专有属性
mcu_mpu_dsp_schema_v1.5.20,mcu_mpu_dsp,l3,audio_mcu,audio_channel_count,硬件音频通道数,,INT,,,,,0,14,,,Audio_MCU 专有属性
mcu_mpu_dsp_schema_v1.5.20,mcu_mpu_dsp,l3,audio_mcu,has_hw_audio_dsp,集成硬件音频DSP,,VARCHAR,,,,,0,15,,,Audio_MCU 专有属性
mcu_mpu_dsp_schema_v1.5.20,mcu_mpu_dsp,l3,general_programmable_dsp,dsp_core_count,DSP核心数量,,INT,,,,,0,3,,,General_Programmable_DSP 专有属性
mcu_mpu_dsp_schema_v1.5.20,mcu_mpu_dsp,l3,metering_mcu,metering_channel_count,计量通道数,,INT,,,,,0,20,,,Metering_MCU 专有属性
mcu_mpu_dsp_schema_v1.5.20,mcu_mpu_dsp,l3,motor_control_mcu,pwm_resolution_bit,PWM最高分辨率,bit,INT,,,,,0,5,,,Motor_Control_MCU 专有属性
mcu_mpu_dsp_schema_v1.5.20,mcu_mpu_dsp,l3,programmable_heterogeneous_soc,bram_total_kb,片上Block RAM容量,KB,DOUBLE,,,,,0,16,,,Programmable_Heterogeneous_SoC 专有属性
mcu_mpu_dsp_schema_v1.5.20,mcu_mpu_dsp,l3,programmable_heterogeneous_soc,serdes_max_rate_gbps,最高SerDes线速率,,DOUBLE,,,,,0,19,,,Programmable_Heterogeneous_SoC 专有属性
mcu_mpu_dsp_schema_v1.5.20,mcu_mpu_dsp,l3,secure_mcu,has_secure_boot,是否支持安全启动,,VARCHAR,,,,,0,12,,,Secure_MCU 专有属性
mcu_mpu_dsp_schema_v1.5.20,mcu_mpu_dsp,l3,secure_mcu,hw_crypto_algorithms,硬件加密引擎支持算法,,VARCHAR,,,,,0,10,,,Secure_MCU 专有属性
mcu_mpu_dsp_schema_v1.5.20,mcu_mpu_dsp,l3,programmable_heterogeneous_soc,ps_onchip_sram_kb,处理器子系统片上SRAM,KB,DOUBLE,1,,0.0,131072.0,0,22,,,PS 子系统 OCM/SRAM；得捷键 RAM 大小
mcu_mpu_dsp_schema_v1.5.20,mcu_mpu_dsp,l2,dsp,core_data_width_bit,核心数据位宽,bit,INT,,16/24/32/64,1.0,64.0,1,101,技术参数,tech_specs,DSP运算核心原生数据位宽，决定单次运算精度上限。
mcu_mpu_dsp_schema_v1.5.20,mcu_mpu_dsp,l2,dsp,lifecycle_status,生命周期状态,,VARCHAR,,Active/NRND/Obsolete/Unknown,,,1,401,交易参数,purchasing_attributes,器件当前供货阶段。
mcu_mpu_dsp_schema_v1.5.20,mcu_mpu_dsp,l2,dsp,msl_level,湿敏等级,,VARCHAR,,,,,0,304,合规参数,regulatory_attributes,J-STD-020湿敏等级。
mcu_mpu_dsp_schema_v1.5.20,mcu_mpu_dsp,l2,dsp,supply_voltage_max_v,核心供电电压上限,V,DOUBLE,2,,0.5,48.0,1,104,技术参数,tech_specs,核心供电电压范围上限，过压保护红线。
mcu_mpu_dsp_schema_v1.5.20,mcu_mpu_dsp,l2,dsp,temp_max_c,最高工作温度,℃,DOUBLE,1,,50.0,250.0,1,202,技术参数,tech_specs,器件额定最高工作温度，热设计与可靠性红线。
mcu_mpu_dsp_schema_v1.5.20,mcu_mpu_dsp,l2,mcu,cpu_core_arch,CPU内核架构,,VARCHAR,,,,,1,100,技术参数,tech_specs,"MCU指令集/内核架构，如 ARM Cortex-M0/M3/M4, 8051, AVR, RISC-V 等。替代件须同架构或经评估可接受迁移。"
mcu_mpu_dsp_schema_v1.5.20,mcu_mpu_dsp,l2,mcu,ethernet_mac_count,以太网MAC数量,,INT,,,0.0,4.0,0,117,技术参数,tech_specs,以太网MAC数量决定是否可直接支持有线网络通信。
mcu_mpu_dsp_schema_v1.5.20,mcu_mpu_dsp,l2,mcu,flash_size_kb,Flash程序存储容量,KB,INT,,,0.0,2097152.0,1,103,技术参数,tech_specs,程序代码空间生死线，决定固件可容纳规模，替代件须 ≥ 原料。
mcu_mpu_dsp_schema_v1.5.20,mcu_mpu_dsp,l2,mcu,gpio_count,通用GPIO数量,,INT,,,0.0,512.0,1,107,技术参数,tech_specs,通用IO资源数量，影响引脚复用和外设扩展。
mcu_mpu_dsp_schema_v1.5.20,mcu_mpu_dsp,l2,mcu,has_fpu,是否含硬件浮点单元,,VARCHAR,,yes/no,,,0,118,技术参数,tech_specs,FPU影响控制算法、DSP运算和软件二进制替代兼容性。
mcu_mpu_dsp_schema_v1.5.20,mcu_mpu_dsp,l2,mcu,i2c_channel_count,I2C接口数量,,INT,,,0.0,16.0,0,114,技术参数,tech_specs,I2C外设数量决定低速传感器总线资源余量。
mcu_mpu_dsp_schema_v1.5.20,mcu_mpu_dsp,l2,mcu,lifecycle_status,生命周期状态,,VARCHAR,,Active/NRND/Obsolete/Unknown,,,1,401,交易参数,purchasing_attributes,物料供应生命周期阶段，EOL/NRND触发替代预警。
mcu_mpu_dsp_schema_v1.5.20,mcu_mpu_dsp,l2,mcu,msl_level,湿敏等级,,VARCHAR,,,,,0,304,合规参数,regulatory_attributes,J-STD-020潮湿敏感等级。
mcu_mpu_dsp_schema_v1.5.20,mcu_mpu_dsp,l2,mcu,ram_size_kb,SRAM数据存储容量,KB,INT,,,0.0,131072.0,1,104,技术参数,tech_specs,运行时堆栈与数据区底线，决定RTOS任务数，替代件须 ≥ 原料。
mcu_mpu_dsp_schema_v1.5.20,mcu_mpu_dsp,l2,mcu,supply_voltage_max_v,工作电压上限,V,DOUBLE,2,,0.5,48.0,1,106,技术参数,tech_specs,电源系统兼容红线上边界，替代件须 ≥ 原料。
mcu_mpu_dsp_schema_v1.5.20,mcu_mpu_dsp,l2,mcu,temp_max_c,最高工作温度,℃,DOUBLE,1,,50.0,250.0,1,202,技术参数,tech_specs,工作温度上限，替代件须 ≥ 原料。
mcu_mpu_dsp_schema_v1.5.20,mcu_mpu_dsp,l2,mpu_soc,cpu_core_count,CPU核心总数,,INT,,,1.0,64.0,1,102,技术参数,tech_specs,物理并行度与多线程能力硬指标，替代件核心数须 ≥ 原料。
mcu_mpu_dsp_schema_v1.5.20,mcu_mpu_dsp,l2,mpu_soc,cpu_max_freq_mhz,CPU最高主频,MHz,DOUBLE,1,,1.0,20000.0,1,103,技术参数,tech_specs,单线程性能天花板，替代件主频须 ≥ 原料。
mcu_mpu_dsp_schema_v1.5.20,mcu_mpu_dsp,l2,mpu_soc,lifecycle_status,生命周期状态,,VARCHAR,,Active/NRND/Obsolete/Unknown,,,1,401,交易参数,purchasing_attributes,器件当前供货阶段，Active可正常采购。
mcu_mpu_dsp_schema_v1.5.20,mcu_mpu_dsp,l2,mpu_soc,msl_level,湿敏等级,,VARCHAR,,,,,0,304,合规参数,regulatory_attributes,J-STD-020湿敏等级，MPU/SoC大封装BGA普遍MSL2~3。
mcu_mpu_dsp_schema_v1.5.20,mcu_mpu_dsp,l2,mpu_soc,pkg_width_mm,封装体宽度,mm,DOUBLE,2,,0.0,100.0,0,202,封装参数,package_attributes,PCB布局物理占位红线。
mcu_mpu_dsp_schema_v1.5.20,mcu_mpu_dsp,l2,mpu_soc,supply_voltage_max_v,最高供电电压,V,DOUBLE,2,,0.5,48.0,1,105,技术参数,tech_specs,电源轨兼容性上限，超压直接损毁芯片。
mcu_mpu_dsp_schema_v1.5.20,mcu_mpu_dsp,l2,mpu_soc,temp_max_c,最高工作温度,℃,DOUBLE,1,,50.0,250.0,1,205,技术参数,tech_specs,工作温度上限，热设计天花板。
mcu_mpu_dsp_schema_v1.5.20,mcu_mpu_dsp,l3,ai_edge_computing_soc,npu_tops_int8,NPU INT8峰值算力,,DOUBLE,,,,,0,9,,,AI_Edge_Computing_SoC 专有属性
mcu_mpu_dsp_schema_v1.5.20,mcu_mpu_dsp,l3,application_mpu,ethernet_mac_count,以太网MAC数量,,INT,,,,,0,8,,,Application_MPU 专有属性
mcu_mpu_dsp_schema_v1.5.20,mcu_mpu_dsp,l3,application_mpu,video_decode_max_res,视频硬解最高分辨率,,VARCHAR,,,,,0,2,,,Application_MPU 专有属性
mcu_mpu_dsp_schema_v1.5.20,mcu_mpu_dsp,l3,audio_dsp,audio_bit_depth_bit,音频数字处理位深,bit,INT,,,,,0,7,,,Audio_DSP 专有属性
mcu_mpu_dsp_schema_v1.5.20,mcu_mpu_dsp,l3,audio_dsp,audio_interface_type,数字音频接口类型,,VARCHAR,,,,,0,9,,,Audio_DSP 专有属性
mcu_mpu_dsp_schema_v1.5.20,mcu_mpu_dsp,l3,audio_mcu,audio_interface_type,硬件音频接口类型,,VARCHAR,,,,,0,13,,,Audio_MCU 专有属性
mcu_mpu_dsp_schema_v1.5.20,mcu_mpu_dsp,l3,general_mcu,program_memory_type,程序存储器类型,,VARCHAR,,,,,0,1,,,General_MCU 专有属性
mcu_mpu_dsp_schema_v1.5.20,mcu_mpu_dsp,l3,general_programmable_dsp,float_format_standard,浮点格式标准,,VARCHAR,,,,,0,5,,,General_Programmable_DSP 专有属性
mcu_mpu_dsp_schema_v1.5.20,mcu_mpu_dsp,l3,general_programmable_dsp,has_floating_point,浮点运算支持,,VARCHAR,,,,,0,4,,,General_Programmable_DSP 专有属性
mcu_mpu_dsp_schema_v1.5.20,mcu_mpu_dsp,l3,metering_mcu,metering_adc_resolution_bit,计量ADC分辨率,bit,INT,,,,,0,19,,,Metering_MCU 专有属性
mcu_mpu_dsp_schema_v1.5.20,mcu_mpu_dsp,l3,motor_control_mcu,encoder_interface_type,编码器接口类型,,VARCHAR,,,,,0,8,,,Motor_Control_MCU 专有属性
mcu_mpu_dsp_schema_v1.5.20,mcu_mpu_dsp,l3,motor_control_mcu,has_foc_hw,是否支持FOC硬件加速,,VARCHAR,,,,,0,7,,,Motor_Control_MCU 专有属性
mcu_mpu_dsp_schema_v1.5.20,mcu_mpu_dsp,l3,programmable_heterogeneous_soc,has_npu,片上AI/NPU加速核心,,VARCHAR,,,,,0,20,,,Programmable_Heterogeneous_SoC 专有属性
mcu_mpu_dsp_schema_v1.5.20,mcu_mpu_dsp,l3,wireless_mcu_soc,rf_tx_power_max_dbm,最大发射功率,dBm,DOUBLE,,,,,0,3,,,Wireless_MCU_SoC 专有属性
mcu_mpu_dsp_schema_v1.5.20,mcu_mpu_dsp,l3,wireless_mcu_soc,wireless_protocol,集成无线协议,,VARCHAR,,,,,0,2,,,Wireless_MCU_SoC 专有属性
mcu_mpu_dsp_schema_v1.5.20,mcu_mpu_dsp,l3,programmable_heterogeneous_soc,ps_onchip_flash_kb,处理器子系统片上Flash,KB,DOUBLE,1,,0.0,2097152.0,0,23,,,PS 子系统启动/片上 Flash；得捷键 闪存大小
v1.5.09,inductor,l2,emi_filter_inductor,aec_q_level,汽车级认证等级,,VARCHAR,,AEC-Q200 / NULL,,,1,303,合规参数,regulatory_attributes,[高价值/易采集] 车规可靠性底线；车载应用替代必须满足同等或更高等级，非车规场景填NULL。
v1.5.09,inductor,l2,emi_filter_inductor,dcr_max_mohm,直流电阻最大值,mohm,DOUBLE,1,> 0,,,1,104,技术参数,tech_specs,[高价值/易采集] L2家族公共底线。导通铜损与压降核心判据，直接影响温升与功耗预算；替代选型需 ≤ 原料值。
v1.5.09,inductor,l2,emi_filter_inductor,eccn_code,出口管制分类号,,VARCHAR,,符合EAR格式，如 EAR99 / 3A001,,,1,404,交易参数,purchasing_attributes,[高价值/易采集] 美国EAR出口管制分类编码；跨境替代与合规审计必需，影响供应链可用性。
v1.5.09,inductor,l2,emi_filter_inductor,impedance_nom_ohm,标称阻抗,ohm,DOUBLE,1,> 0,,,1,105,技术参数,tech_specs,[高价值/易采集] L2家族公共底线。EMI抑制效能核心量化指标，在impedance_test_freq_mhz频率下的阻抗标称值；替代选型需 ≥ 原料值。
v1.5.09,inductor,l2,emi_filter_inductor,impedance_test_freq_mhz,阻抗测试频率,MHz,DOUBLE,1,> 0,,,1,106,技术参数,tech_specs,[高价值/易采集] L2家族公共底线。impedance_nom_ohm的配套频率锚点，两者联合构成EMI效能比较基准；替代选型必须在同一频率点对比，不同频点数据不可比。
v1.5.09,inductor,l2,emi_filter_inductor,lead_free,无铅,,BOOLEAN,,TRUE / FALSE,,,1,304,合规参数,regulatory_attributes,[高价值/易采集] 焊接工艺兼容性底线；替代料必须匹配产线锡膏体系，无铅产线不可用含铅器件。
v1.5.09,inductor,l2,emi_filter_inductor,lifecycle_status,生命周期状态,,VARCHAR,,Active / NRND / Obsolete / Preview,,,1,403,交易参数,purchasing_attributes,[高价值/易采集] 供货连续性生死线；替代选型首要过滤条件，优先Active，排除Obsolete。
v1.5.09,inductor,l2,emi_filter_inductor,manufacturer,制造商,,VARCHAR,,非空字符串,,,1,401,交易参数,purchasing_attributes,[高价值/易采集] 供应链溯源与替代审计底线，锁定原厂渠道；替代选型时用于品牌过滤与授权验证。
v1.5.09,inductor,l2,emi_filter_inductor,mounting_style,安装方式,,VARCHAR,,"IN ('SMT','THT')",,,1,202,封装参数,package_attributes,[高价值/易采集] PCB 装配工艺：SMT 贴片 / THT 插件。源字段 prajson2.表面贴装 YES→SMT、NO→THT。
v1.5.09,inductor,l2,emi_filter_inductor,mpn,制造商料号,,VARCHAR,,非空字符串，全局唯一,,,1,402,交易参数,purchasing_attributes,[高价值/易采集] 全局唯一物料标识，数据主键；替代选型交叉引用核心锚点，规格书溯源必填。
v1.5.09,inductor,l2,emi_filter_inductor,msl_level,湿敏等级,,VARCHAR,,1 / 2 / 2a / 3 / 4 / 5 / 5a / 6,,,1,305,合规参数,regulatory_attributes,[高价值/易采集] 回流焊受潮风险红线；替代料MSL等级不应高于原料，避免产线管控成本上升。
v1.5.09,inductor,l2,emi_filter_inductor,package_case,封装形式,,VARCHAR,,如 0402 / 0603 / 1206 / SMD / THT,,,1,201,封装参数,package_attributes,[高价值/易采集] PCB焊盘设计与贴片工艺兼容性硬约束；替代选型封装必须Pin-to-Pin兼容或等效。
v1.5.09,inductor,l2,emi_filter_inductor,pkg_height_mm,封装体高度,mm,DOUBLE,2,> 0,,,1,205,封装参数,package_attributes,[高价值/易采集] 整机净空高度约束；替代选型需 ≤ 原始净空限制，高密度设计关键过滤项。
v1.5.09,inductor,l2,emi_filter_inductor,pkg_length_mm,封装体长度,mm,DOUBLE,2,> 0,,,1,203,封装参数,package_attributes,[高价值/易采集] PCB布局占位红线；替代选型封装尺寸兼容性首要判据，需满足原始焊盘设计约束。
v1.5.09,inductor,l2,emi_filter_inductor,pkg_width_mm,封装体宽度,mm,DOUBLE,2,> 0,,,1,204,封装参数,package_attributes,[高价值/易采集] PCB布局占位红线；与长度共同约束封装footprint兼容性，替代选型必须满足。
v1.5.09,inductor,l2,emi_filter_inductor,rated_current_ma,额定电流,mA,DOUBLE,1,> 0,,,1,103,技术参数,tech_specs,[高价值/易采集] L2家族公共底线。热失效与磁芯饱和双重红线，磁珠和共模扼流圈均适用；替代选型需 ≥ 电路最大工作电流。
v1.5.09,inductor,l2,emi_filter_inductor,reach,REACH合规,,BOOLEAN,,TRUE / FALSE,,,1,302,合规参数,regulatory_attributes,[高价值/易采集] 欧盟SVHC化学品注册底线；替代料必须同等合规，不满足则不可导入特定市场。
v1.5.09,inductor,l2,emi_filter_inductor,rohs_compliant,RoHS合规,,BOOLEAN,,TRUE / FALSE,,,1,301,合规参数,regulatory_attributes,[高价值/易采集] 欧盟市场准入硬性门槛；替代料必须同等合规，FALSE直接淘汰出欧盟供应链。
v1.5.09,inductor,l2,emi_filter_inductor,temp_max_c,最高工作温度,℃,DOUBLE,1,70 ~ 200,,,1,102,技术参数,tech_specs,[高价值/易采集] 热老化与磁芯特性退化上限；替代料必须覆盖原料温度上限，即替代料temp_max_c ≥ 原料值。
v1.5.09,inductor,l2,emi_filter_inductor,temp_min_c,最低工作温度,℃,DOUBLE,1,-65 ~ 0,,,1,101,技术参数,tech_specs,[高价值/易采集] 冷启动环境适应性底线；替代料必须覆盖原料温度下限，即替代料temp_min_c ≤ 原料值。
v1.5.09,inductor,l2,hf_chip_inductor,aec_q_level,车规认证等级,,VARCHAR,,AEC-Q200 / NULL,,,1,303,合规参数,regulatory_attributes,[L2通用底线] AEC-Q车规认证等级，车载场景选型强制准入门槛，替代必须 >= 原料等级，非车规场景填NULL。
v1.5.09,inductor,l2,hf_chip_inductor,dcr_mohm,直流电阻,mohm,DOUBLE,1,> 0,,,1,107,技术参数,tech_specs,[高价值/易采集] 线圈直流电阻，单位归一化为mΩ，铜损与效率核心约束，替代件须 <= 原料值（越小越优）。
v1.5.09,inductor,l2,hf_chip_inductor,eccn_code,出口管制分类号,,VARCHAR,,符合EAR格式，如 EAR99 / 3A001.a,,,1,402,交易参数,purchasing_attributes,[L2通用底线] 美国EAR出口管制分类编码，涉及跨境贸易合规，替代涉及跨境时必须严格匹配或更宽松。
v1.5.09,inductor,l2,hf_chip_inductor,inductance_nh,标称电感量,nH,DOUBLE,2,> 0，典型值 0.1 ~ 100000,,,1,105,技术参数,tech_specs,[高价值/易采集] 高频片式电感选型第一锚点，决定谐振频率与滤波特性，单位统一归一化为nH。替代件须在inductance_tolerance_pct范围内严格匹配。
v1.5.09,inductor,l2,hf_chip_inductor,inductance_test_freq_mhz,电感量测试频率,MHz,DOUBLE,,> 0，常见 0.1 / 1 / 10 / 100 / 500 / 1000,,,1,111,技术参数,tech_specs,高频片式电感的标称电感量在特定测试频率下给出，不同厂商测试频率不同（如Murata部分型号@100MHz，TDK部分型号@500MHz）；缺失此字段无法判断不同器件的标称电感量是否在同一条件下可比，直接影响替代等价性判断。
v1.5.09,inductor,l2,hf_chip_inductor,inductance_tolerance_pct,电感量容差,%,DOUBLE,1,> 0，典型值 0.5 / 1 / 2 / 5 / 10 / 20,,,1,106,技术参数,tech_specs,[高价值/易采集] 电感量允许偏差百分比（如±2%填2.0），谐振电路与滤波器设计精度红线，替代件容差须 <= 原料值（更精）。
v1.5.09,inductor,l2,hf_chip_inductor,lead_free,无铅标识,,BOOLEAN,,TRUE / FALSE,,,1,304,合规参数,regulatory_attributes,[L2通用底线] 无铅工艺合规标识，与RoHS联动，焊接工艺兼容性判断依据，替代必须匹配SMT回流温度曲线。
v1.5.09,inductor,l2,hf_chip_inductor,lifecycle_status,生命周期状态,,VARCHAR,,Active / NRND / Obsolete / Preview,,,1,401,交易参数,purchasing_attributes,[L2通用底线] 物料生命周期阶段，库存风险与长期供应保障核心指标，EOL/NRND直接触发替代动作，替代优先选Active。
v1.5.09,inductor,l2,hf_chip_inductor,manufacturer,制造商,,VARCHAR,,非空,,,1,101,技术参数,tech_specs,[L2通用底线] 原厂名称，供应链溯源与替代来源管理根节点，决定PCN/EOL风险与第二来源策略。
v1.5.09,inductor,l2,hf_chip_inductor,mounting_style,安装方式,,VARCHAR,,"IN ('SMT','THT')",,,1,202,封装参数,package_attributes,[高价值/易采集] PCB 装配工艺：SMT 贴片 / THT 插件。源字段 prajson2.表面贴装 YES→SMT、NO→THT。
v1.5.09,inductor,l2,hf_chip_inductor,mpn,制造商料号,,VARCHAR,,非空，全局唯一,,,1,102,技术参数,tech_specs,[L2通用底线] 全局唯一物料标识，替代匹配精确锚点，BOM解析硬键，禁止模糊匹配。
v1.5.09,inductor,l2,hf_chip_inductor,msl_level,湿敏等级,,VARCHAR,,1 / 2 / 2a / 3 / 4 / 5 / 5a / 6,,,1,305,合规参数,regulatory_attributes,[L2通用底线] IPC/JEDEC J-STD-020湿敏等级，决定存储与贴片烘烤要求，替代等级数字须 <= 原料（更耐湿）。
v1.5.09,inductor,l2,hf_chip_inductor,package_case,封装形式,,VARCHAR,,非空，如 0201 / 0402 / 0603 / 0805 / 1206,,,1,201,封装参数,package_attributes,[L2通用底线] 标准封装代号（如0402/0603/0805），PCB焊盘布局与贴片工艺兼容性第一约束，替代件封装必须一致。
v1.5.09,inductor,l2,hf_chip_inductor,pkg_height_mm,封装体高度,mm,DOUBLE,2,> 0,,,1,205,封装参数,package_attributes,[高价值/易采集] 板级装配净空间隙约束，高度超标直接导致结构干涉，替代件须 <= 原料值或满足净空要求。
v1.5.09,inductor,l2,hf_chip_inductor,pkg_length_mm,封装体长度,mm,DOUBLE,2,> 0,,,1,203,封装参数,package_attributes,[高价值/易采集] PCB布局X方向物理边界，Drop-in替代必须满足焊盘兼容性，替代件须 <= 原料值或焊盘等效。
v1.5.09,inductor,l2,hf_chip_inductor,pkg_width_mm,封装体宽度,mm,DOUBLE,2,> 0,,,1,204,封装参数,package_attributes,[高价值/易采集] PCB布局Y方向物理边界，与pkg_length_mm共同约束焊盘设计兼容性。
v1.5.09,inductor,l2,hf_chip_inductor,rated_current_ma,额定电流,mA,DOUBLE,1,> 0,,,1,108,技术参数,tech_specs,[高价值/易采集] 基于温升（通常ΔT=40℃）定义的最大连续工作电流，热安全红线，替代件须 >= 原料值。注意：各厂温升判据可能为20℃或40℃，需在描述中核实。
v1.5.09,inductor,l2,hf_chip_inductor,reach,REACH合规,,VARCHAR,,Compliant / Non-Compliant / Unknown,,,1,302,合规参数,regulatory_attributes,[L2通用底线] 欧盟化学品注册评估授权限制，跨境采购合规底线，替代必须同等合规，不合规直接拒采。
v1.5.09,inductor,l2,hf_chip_inductor,rohs_compliant,RoHS合规,,BOOLEAN,,TRUE / FALSE,,,1,301,合规参数,regulatory_attributes,[L2通用底线] 欧盟有害物质限制指令合规状态，市场准入生死线，不合规直接淘汰，替代必须同等或更严。
v1.5.09,inductor,l2,hf_chip_inductor,saturation_current_ma,饱和电流,mA,DOUBLE,1,> 0,,,1,109,技术参数,tech_specs,[高价值/强制采集] 电感量跌落至标称值特定百分比（通常-20%或-30%）时的直流叠加电流，电源与射频偏置电路选型生死线，替代件须 >= 原料值，且跌落判据须一致（通常-30%）。
v1.5.09,inductor,l2,hf_chip_inductor,srf_mhz,自谐振频率,MHz,DOUBLE,1,> 0,,,1,110,技术参数,tech_specs,[高价值/易采集] 电感与寄生电容谐振的频率上限，高频有效性生死线，工作频率须远低于SRF（通常 < SRF/3），替代件须 >= 原料值。
v1.5.09,inductor,l2,hf_chip_inductor,temp_max_c,最高工作温度,℃,DOUBLE,1,85 ~ 200,,,1,104,技术参数,tech_specs,[L2通用底线] 器件额定最高工作温度，热设计红线，替代件须 >= 原料值（覆盖更宽）。
v1.5.09,inductor,l2,hf_chip_inductor,temp_min_c,最低工作温度,℃,DOUBLE,1,-65 ~ 0,,,1,103,技术参数,tech_specs,[L2通用底线] 器件额定最低工作温度，与temp_max_c共同划定热安全工作窗口，替代件须 <= 原料值（覆盖更宽）。
v1.5.09,inductor,l2,power_inductor,aec_q_level,汽车级认证等级,,VARCHAR,,"IN ('AEC-Q200','None')",,,1,305,合规参数,regulatory_attributes,[高价值/易采集] AEC-Q200车规认证等级。车规场景替代料必须同为AEC-Q200，非车规场景可为NULL。
v1.5.09,inductor,l2,power_inductor,dcr_max_mohm,最大直流电阻,mohm,DOUBLE,2,> 0,,,1,107,技术参数,tech_specs,[高价值/易采集] 铜损与效率红线。DCR直接决定I²R损耗与温升，低压大电流场景生死参数，替代料须≤原料值。
v1.5.09,inductor,l2,power_inductor,eccn_code,出口管制分类号,,VARCHAR,,NULL allowed,,,1,404,交易参数,purchasing_attributes,[高价值/易采集] 美国出口管制分类编码。跨境替代与分销合规必备，军工/航天场景禁入判据。
v1.5.09,inductor,l2,power_inductor,inductance_test_freq_khz,电感量测试频率,kHz,DOUBLE,,> 0,,,1,109,技术参数,tech_specs,功率电感标称电感量必须在特定测试频率下测量（常见100kHz/1MHz），不同频率下同一器件电感量可能相差数倍，缺少该字段无法判断两颗器件是否等价替代；主流datasheet均明确标注，采集容易
v1.5.09,inductor,l2,power_inductor,inductance_tolerance_pct,电感量容差,%,DOUBLE,1,> 0 AND <= 50,,,1,104,技术参数,tech_specs,[高价值/易采集] 电感量偏差百分比。影响谐振电路精度与滤波截止频率，替代料容差须≤原料，否则需重新验证控制环路裕量。
v1.5.09,inductor,l2,power_inductor,inductance_uh,标称电感量,uH,DOUBLE,3,> 0,,,1,103,技术参数,tech_specs,[高价值/易采集] 功率电感家族选型第一锚点。决定储能与滤波基础能力，替代料须在容差范围内严格匹配，偏差影响纹波与控制环路稳定性。
v1.5.09,inductor,l2,power_inductor,lead_free,无铅,,BOOLEAN,,NOT NULL,,,1,303,合规参数,regulatory_attributes,[高价值/易采集] 无铅焊接工艺标识。替代料必须匹配产线工艺，含铅/无铅混用导致焊接失效。
v1.5.09,inductor,l2,power_inductor,lifecycle_status,生命周期状态,,VARCHAR,,"IN ('Active','NRND','Obsolete','Last_Time_Buy','Preview')",,,1,403,交易参数,purchasing_attributes,[高价值/易采集] 物料供货生命线。NRND/Obsolete须立即触发替代选型，优先选Active料。
v1.5.09,inductor,l2,power_inductor,manufacturer,制造商,,VARCHAR,,NOT NULL,,,1,401,交易参数,purchasing_attributes,[高价值/易采集] 品牌溯源与供应链安全根节点。替代时评估第二货源资质与认证等效性。
v1.5.09,inductor,l2,power_inductor,mounting_style,安装方式,,VARCHAR,,"IN ('SMT','THT')",,,1,202,封装参数,package_attributes,[高价值/易采集] PCB 装配工艺：SMT 贴片 / THT 插件。源字段 prajson2.表面贴装 YES→SMT、NO→THT。
v1.5.09,inductor,l2,power_inductor,mpn,制造商料号,,VARCHAR,,NOT NULL,,,1,402,交易参数,purchasing_attributes,[高价值/易采集] 全局唯一物料标识，替代选型精确匹配锚点。禁止NULL，是替代关系建立的原始对照键。
v1.5.09,inductor,l2,power_inductor,msl_level,湿敏等级,,VARCHAR,,"IN ('1','2','2a','3','4','5','5a','6')",,,1,304,合规参数,regulatory_attributes,[高价值/易采集] JEDEC J-STD-020湿敏等级。决定回流焊前烘烤工艺要求，替代料MSL_Level须≤原料等级，否则需升级产线防潮管控。
v1.5.09,inductor,l2,power_inductor,package_case,封装形式,,VARCHAR,,NOT NULL,,,1,201,封装参数,package_attributes,[高价值/易采集] 封装类型标识（如SRR1260/IHLP4040等）。PCB布局与贴片工艺兼容性红线，替代料必须封装可互换。
v1.5.09,inductor,l2,power_inductor,pkg_height_mm,封装体高度,mm,DOUBLE,2,> 0,,,1,205,封装参数,package_attributes,[高价值/易采集] 结构净空间隙（Clearance）约束红线。替代料高度须≤原料或满足屏蔽罩/整机厚度净空要求。
v1.5.09,inductor,l2,power_inductor,pkg_length_mm,封装体长度,mm,DOUBLE,2,> 0,,,1,203,封装参数,package_attributes,[高价值/易采集] PCB焊盘设计物理红线。替代料须在允差范围内，超出触发改板评估。
v1.5.09,inductor,l2,power_inductor,pkg_width_mm,封装体宽度,mm,DOUBLE,2,> 0,,,1,204,封装参数,package_attributes,[高价值/易采集] PCB布局走线空间约束红线。替代料须满足占位与间距要求。
v1.5.09,inductor,l2,power_inductor,reach,REACH合规,,BOOLEAN,,NOT NULL,,,1,302,合规参数,regulatory_attributes,[高价值/易采集] 欧盟SVHC高关注物质合规声明。替代料必须同合规状态，化学品法规准入红线。
v1.5.09,inductor,l2,power_inductor,rohs_compliant,RoHS合规,,BOOLEAN,,NOT NULL,,,1,301,合规参数,regulatory_attributes,[高价值/易采集] 欧盟有害物质限制合规硬门槛。替代料必须同为合规，否则直接淘汰，欧洲市场准入红线。
v1.5.09,inductor,l2,power_inductor,saturation_current_a,饱和电流,A,DOUBLE,2,> 0,,,1,105,技术参数,tech_specs,[高价值/难采集] 功率电感独有生死线。磁芯达饱和临界点时的峰值电流，超过则感值暴跌导致纹波失控，Buck/Boost选型核心。替代料须≥原料峰值电流需求。
v1.5.09,inductor,l2,power_inductor,srf_mhz,自谐振频率,MHz,DOUBLE,1,> 0,,,1,108,技术参数,tech_specs,[高价值/易采集] 电感高频可用性红线。超过SRF则呈容性失效，工作频率必须远低于此值，替代料须≥原料SRF。
v1.5.09,inductor,l2,power_inductor,temp_max_c,最高工作温度,℃,DOUBLE,1,> temp_min_c AND <= 200,,,1,102,技术参数,tech_specs,[高价值/易采集] 器件额定工作温度上限（含自温升）。替代料须≥原料值，高温饱和电流衰减与绝缘老化判据。
v1.5.09,inductor,l2,power_inductor,temp_min_c,最低工作温度,℃,DOUBLE,1,>= -65 AND < temp_max_c,,,1,101,技术参数,tech_specs,[高价值/易采集] 器件额定工作温度下限。替代料须≤原料值，覆盖系统最低环境温度，低温磁特性保持红线。
v1.5.09,inductor,l2,power_inductor,temp_rise_current_a,温升电流,A,DOUBLE,2,> 0,,,1,106,技术参数,tech_specs,[高价值/易采集] 热设计边界（通常基于ΔT=40℃定义）。决定PCB散热设计与长期可靠性，替代料须≥原料RMS电流需求。
v1.5.09,inductor,l3,common_mode_choke,cm_impedance_ohm,共模阻抗,ohm,DOUBLE,1,> 0,,,0,107,技术参数,tech_specs,[高价值/易采集] Common_Mode_Choke节点核心区分参数。在标称频率下对共模噪声呈现的阻抗，是区别于磁珠单线吸收的双线耦合抑制能力核心判据；替代选型需 ≥ 原料值。
v1.5.09,inductor,l3,common_mode_choke,leakage_inductance_uh,漏感,uH,DOUBLE,3,≥ 0,,,0,108,技术参数,tech_specs,[高价值/难采集] Common_Mode_Choke节点特有参数。两绕组间磁耦合不完全产生的差模残余电感，过大将劣化差模信号完整性与电源纹波；替代选型需 ≤ 原料值。
v1.5.09,inductor,l3,common_mode_choke,number_of_lines,线路数,,INT,,2 / 3 / 4,,,0,110,技术参数,tech_specs,[高价值/易采集] Common_Mode_Choke节点拓扑结构参数。区分单相（2线）、三相（3线）、差分对（4线）等拓扑形态；替代选型必须与原料线路数严格一致，不同线路数不可互换。
v1.5.09,inductor,l3,common_mode_choke,rated_voltage_v,额定电压,V,DOUBLE,0,> 0,,,0,109,技术参数,tech_specs,[高价值/易采集] Common_Mode_Choke节点安规红线。线间及线对地绝缘耐压，电源/接口EMI滤波场景安规认证强制项；替代选型需 ≥ 原料值，磁珠无此参数故不入L2。
v1.5.09,inductor,l3,coupled_inductor,coupling_coefficient,耦合系数,,DOUBLE,3,>= 0.5 AND <= 1.0,,,0,118,技术参数,tech_specs,[高价值/难采集] 耦合电感节点绝对核心特有参数。表征两绕组磁通耦合紧密程度（0~1），多相Buck纹波抵消与反激能量传输的决定因子，替代须在±0.05容差内匹配，否则需重算缓冲电路。
v1.5.09,inductor,l3,coupled_inductor,leakage_inductance_max_uh,最大漏感,uH,DOUBLE,3,>= 0,,,0,120,技术参数,tech_specs,[高价值/难采集] 耦合电感节点特有，开关损耗与EMI源头。漏感能量需RCD钳位电路吸收，替代须≤原料值，否则需重算钳位网络，过大导致开关管电压尖峰超标。
v1.5.09,inductor,l3,coupled_inductor,temp_rise_current_per_winding_a,单绕组温升电流,A,DOUBLE,2,> 0,,,0,122,技术参数,tech_specs,[高价值/易采集] 耦合电感节点特有，各绕组独立热设计红线。多相电路各相电流独立设计，替代须≥原料单绕组温升电流，防止局部过热失效。
v1.5.09,inductor,l3,coupled_inductor,turns_ratio,匝数比,,DOUBLE,3,> 0,,,0,119,技术参数,tech_specs,[高价值/易采集] 耦合电感节点特有，电压变换比精确值。归一化为副边/原边比值（如0.5表示2:1），替代须严格匹配，偏差导致输出电压漂移，需重新验证控制环路。
v1.5.09,inductor,l3,coupled_inductor,winding_count,绕组数量,,INT,0,>= 2 AND <= 6,,,0,121,技术参数,tech_specs,[高价值/易采集] 耦合电感节点特有，决定电路拓扑适配性。双绕组/三绕组/四绕组决定多相电路相数，替代须严格匹配绕组数，否则拓扑无法适配。
v1.5.09,inductor,l3,ferrite_bead,impedance_at_100mhz_ohm,100MHz阻抗,ohm,DOUBLE,1,> 0,,,0,111,技术参数,tech_specs,[高价值/易采集] Ferrite_Bead节点核心区分参数。行业标准选型第一判据，磁珠型号命名与选型的核心基准值，区别于共模扼流圈的共模阻抗概念；替代选型需 ≥ 原料值。
v1.5.09,inductor,l3,ferrite_bead,impedance_at_1ghz_ohm,1GHz阻抗,ohm,DOUBLE,1,≥ 0,,,0,112,技术参数,tech_specs,[高价值/易采集] Ferrite_Bead节点高频特性参数。与100MHz阻抗联合描述阻抗-频率曲线斜率，反映磁珠高频抑制上限；高速数字/5G场景替代选型关键，需 ≥ 原料值。
v1.5.09,inductor,l3,ferrite_bead,impedance_drop_at_rated_current_pct,直流偏置阻抗跌落率,%,DOUBLE,1,0 ~ 100,,,0,113,技术参数,tech_specs,[高价值/难采集] Ferrite_Bead节点特有硬骨头参数。在额定直流电流叠加下阻抗相对空载值的跌落百分比，直接决定实际工作状态下的真实EMI抑制效能；替代选型需 ≤ 原料值。
v1.5.09,inductor,l3,ferrite_bead,impedance_peak_freq_mhz,阻抗峰值频率,MHz,DOUBLE,0,> 0,,,0,114,技术参数,tech_specs,[高价值/易采集] Ferrite_Bead节点特有参数。阻抗峰值对应频率，决定磁珠最优噪声抑制频段；替代选型需与原料峰值频率在同一数量级，频段偏差过大则抑制效果失配。
v1.5.09,inductor,l3,molded_power_inductor,dc_bias_drop_pct,直流叠加电感跌落率,%,DOUBLE,1,> 0 AND <= 100,,,0,117,技术参数,tech_specs,[高价值/难采集] 一体成型节点特有直流偏置特性。磁粉芯在直流叠加下电感量软性跌落，跌落率决定实际工作点感值，多相Buck设计必须考量，替代需在同偏置电流下比对跌落曲线。
v1.5.09,inductor,l3,molded_power_inductor,molded_density_level,成型压制密度等级,,VARCHAR,,"IN ('Standard','High','Ultra_High')",,,0,116,技术参数,tech_specs,[高价值/难采集] 一体成型节点特有工艺指标。压制密度直接关联磁导率稳定性、机械强度与磁致伸缩噪声，高密度对应更低声学噪声，车规振动场景替代需同等级或验证声学性能。
v1.5.09,inductor,l3,molded_power_inductor,saturation_drop_pct,饱和电流跌落判据,%,DOUBLE,1,> 0 AND <= 50,,,0,115,技术参数,tech_specs,[高价值/难采集] 一体成型节点特有硬饱和判据。合金粉压制磁芯饱和曲线更陡峭，跌落百分比通常更低（如20%），替代须严格在同判据下比对，防止峰值电流下感值骤降失控。
v1.5.09,inductor,l3,molded_power_inductor,shielding_type,磁屏蔽结构,,VARCHAR,,"IN ('Semi_Shielded','Fully_Shielded')",,,0,114,技术参数,tech_specs,[高价值/易采集] 一体成型电感节点核心参数。压制工艺天然提供优异屏蔽，但需明确等级以量化EMI抑制能力，替代时屏蔽等级须≥原料。
v1.5.09,inductor,l3,multilayer_chip_inductor,dc_bias_inductance_retention_pct,直流偏置电感保持率,%,DOUBLE,1,"(0, 100]",,,0,115,技术参数,tech_specs,[高价值/难采集] 叠层铁氧体软饱和特有指标：在额定直流偏置电流下电感量保持的百分比（如80%表示跌落20%），叠层受DC偏置影响显著强于绕线，电源/偏置电路选型核心判据，替代件须 >= 原料值（同偏置电流条件）。
v1.5.09,inductor,l3,multilayer_chip_inductor,q_factor,品质因数,,DOUBLE,1,> 0，典型值 10 ~ 50,,,0,112,技术参数,tech_specs,[高价值/易采集] 叠层节点在规定MHz级测试频率下的Q值，铁氧体闭合磁路Q值中等（典型10~50），区分叠层与绕线/薄膜高Q特性的核心指标，替代件须 >= 原料值（同测试频率）。
v1.5.09,inductor,l3,multilayer_chip_inductor,q_test_freq_mhz,Q值测试频率,MHz,DOUBLE,1,> 0，典型值 10 ~ 500,,,0,113,技术参数,tech_specs,[高价值/易采集] 定义q_factor可比性的基准测试频率，无此频点则Q值无法用于替代判定，替代件须在相同或更高频率下满足Q值要求。
v1.5.09,inductor,l3,multilayer_chip_inductor,rated_voltage_v,额定电压,V,DOUBLE,2,> 0，典型值 10 ~ 50,,,0,114,技术参数,tech_specs,[高价值/易采集] 叠层结构特有：层间陶瓷介质耐压上限，叠层因介质层薄耐压能力弱于绕线型，高压应用选型必查，替代件须 >= 原料值。
v1.5.09,inductor,l3,thin_film_inductor,inductance_temp_coeff_ppm_c,电感量温度系数,ppm/C,DOUBLE,0,-200 ~ 200,,,0,123,技术参数,tech_specs,[高价值/难采集] 薄膜节点温度稳定性极致指标：光刻金属膜温度系数远优于铁氧体（典型±50ppm/℃内），精密射频滤波与毫米波匹配网络选型核心，替代件绝对值须 <= 原料值。
v1.5.09,inductor,l3,thin_film_inductor,max_operating_freq_ghz,最高工作频率,GHz,DOUBLE,2,> 0，典型值 1 ~ 40,,,0,124,技术参数,tech_specs,[高价值/易采集] 薄膜节点基于极低寄生参数实现的GHz级工作频率上限，区分薄膜与叠层/绕线高频能力的核心硬指标，毫米波/射频选型硬红线，替代件须 >= 原料值。
v1.5.09,inductor,l3,thin_film_inductor,q_factor_hf,高频品质因数,,DOUBLE,1,> 0，典型值 30 ~ 80,,,0,121,技术参数,tech_specs,[高价值/难采集] 薄膜节点光刻工艺低损耗核心优势：在GHz级测试频率下的Q值，显著高于叠层与绕线（典型30~80），射频低噪声放大器（LNA）匹配网络与毫米波电路选型核心判据，替代件须 >= 原料值（同GHz测试频率）。
v1.5.09,inductor,l3,thin_film_inductor,q_hf_test_freq_ghz,高频Q值测试频率,GHz,DOUBLE,2,> 0，典型值 0.5 ~ 10,,,0,122,技术参数,tech_specs,[高价值/易采集] 定义q_factor_hf可比性的GHz级基准测试频率，薄膜型工作于GHz频段，测试频率与叠层/绕线（MHz级）量级不同，替代件须在相同GHz频率点下比对Q值。
v1.5.09,inductor,l3,tunable_inductor,inductance_max_uh,最大可调电感量,uH,DOUBLE,3,> inductance_min_uh,,,0,124,技术参数,tech_specs,[高价值/易采集] 可调电感节点核心特有参数，调节范围上限。决定电路可覆盖的最低谐振频率，替代须≥原料上限，否则低频端调谐范围缺失。
v1.5.09,inductor,l3,tunable_inductor,inductance_min_uh,最小可调电感量,uH,DOUBLE,3,> 0 AND < inductance_max_uh,,,0,123,技术参数,tech_specs,[高价值/易采集] 可调电感节点核心特有参数，调节范围下限。决定电路可覆盖的最高谐振频率，替代须≤原料下限，否则高频端调谐范围缺失。
v1.5.09,inductor,l3,tunable_inductor,tuning_mechanism_type,调节机制类型,,VARCHAR,,"IN ('Mechanical_Screw','Magnetic_Slide','Varactor_Control','Digital_Switch')",,,0,125,技术参数,tech_specs,[高价值/易采集] 可调电感节点特有，决定可靠性与应用场景。机械螺纹(高Q但振动敏感)/磁芯滑动(中等)/变容二极管电控(快速但非线性)/数字开关(精确可编程)，替代须匹配控制方式，否则系统级改动。
v1.5.09,inductor,l3,tunable_inductor,tuning_resolution_nh,调节分辨率,nH,DOUBLE,2,> 0,,,0,126,技术参数,tech_specs,[高价值/难采集] 可调电感节点特有，单步最小调节量。决定频率调谐精度，精密谐振电路选型核心，替代须≤原料分辨率，否则无法达到目标频点精度。
v1.5.09,inductor,l3,wire_wound_chip_inductor,ac_resistance_mohm,交流电阻,mohm,DOUBLE,1,> 0,,,0,119,技术参数,tech_specs,[高价值/难采集] 绕线节点高频皮肤效应特有指标：在规定高频测试频率下的交流电阻（mΩ），显著高于DCR，决定高频铜损与效率，替代件须 <= 原料值（同测试频率）。
v1.5.09,inductor,l3,wire_wound_chip_inductor,ac_resistance_test_freq_mhz,交流电阻测试频率,MHz,DOUBLE,1,> 0，典型值 100 ~ 1000,,,0,120,技术参数,tech_specs,[高价值/易采集] 定义ac_resistance_mohm可比性的基准测试频率，无此频点则AC电阻无法用于替代判定。
v1.5.09,inductor,l3,wire_wound_chip_inductor,is_magnetically_shielded,磁屏蔽结构,,BOOLEAN,,TRUE / FALSE,,,0,118,技术参数,tech_specs,[高价值/易采集] 绕线节点EMI耦合风险关键区分：屏蔽型（闭合磁路）抑制近场辐射，非屏蔽型（开放磁路）Q值更高但EMI风险大。密集布局PCB选型必查，屏蔽型替代非屏蔽需评估串扰，反之不可直接替换。
v1.5.09,inductor,l3,wire_wound_chip_inductor,q_factor_peak,品质因数峰值,,DOUBLE,1,> 0，典型值 30 ~ 100,,,0,116,技术参数,tech_specs,[高价值/难采集] 绕线节点开放/半开放磁路高Q优势核心指标，Q峰值显著高于叠层（典型30~100），射频匹配与谐振电路选型核心，替代件须 >= 原料值。
v1.5.09,inductor,l3,wire_wound_chip_inductor,q_peak_test_freq_mhz,Q峰值测试频率,MHz,DOUBLE,1,> 0，典型值 50 ~ 1000,,,0,117,技术参数,tech_specs,[高价值/易采集] 定义q_factor_peak可比性的基准测试频率，绕线型Q峰值频率与叠层差异显著，替代件须在相同频率点下满足Q峰值要求。
v1.5.09,inductor,l3,wire_wound_power_inductor,core_material_type,磁芯材质类型,,VARCHAR,,"IN ('Ferrite','Iron_Powder','MPP','Sendust','High_Flux','Other')",,,0,112,技术参数,tech_specs,[高价值/易采集] 绕线电感节点特有，决定B-H曲线与高频损耗特性。铁氧体(Ferrite)适合高频低损耗，铁粉芯(Iron_Powder)适合大电流软饱和，合金粉芯(MPP/Sendust)兼顾两者。替代需同材质族或仿真验证损耗。
v1.5.09,inductor,l3,wire_wound_power_inductor,saturation_drop_pct,饱和电流跌落判据,%,DOUBLE,1,> 0 AND <= 50,,,0,111,技术参数,tech_specs,[高价值/难采集] 绕线电感节点特有软饱和判据。定义饱和电流点感值相对标称值的剩余百分比（如30%或10%），铁氧体软饱和曲线斜率决定裕量设计，替代时需在同判据下比对，不同判据需折算。
v1.5.09,inductor,l3,wire_wound_power_inductor,shielding_type,磁屏蔽结构,,VARCHAR,,"IN ('Unshielded','Semi_Shielded','Fully_Shielded')",,,0,110,技术参数,tech_specs,[高价值/易采集] 绕线电感节点核心区分参数。屏蔽结构决定漏磁辐射与邻近耦合风险，EMC敏感设计必查。替代时屏蔽等级须≥原料，降级需重新做EMI整改。
v1.5.09,inductor,l3,wire_wound_power_inductor,voltage_rated_v,额定电压,V,DOUBLE,1,> 0,,,0,113,技术参数,tech_specs,[高价值/易采集] 绕线电感绝缘耐压红线。高压应用（PFC、逆变器）选型必查，替代料须≥原料额定电压，击穿导致灾难性失效。
v1.5.09,inductor,l3,wireless_charging_rx_coil,q_factor,品质因数Q值,,DOUBLE,1,> 0,,,0,134,技术参数,tech_specs,[高价值/难采集] RX线圈节点特有，接收效率与负载敏感性指标。RX-Q需平衡效率与带宽，替代须匹配原设计负载曲线，过高导致轻载过压保护触发，过低则效率下降。
v1.5.09,inductor,l3,wireless_charging_rx_coil,resonant_freq_khz,谐振频率,kHz,DOUBLE,1,> 0,,,0,133,技术参数,tech_specs,[高价值/易采集] RX线圈节点核心特有参数，必须与TX谐振配对。接收端调谐精度直接影响整流效率与热耗，替代偏差须<±3%（严于TX端），否则效率恶化并触发过温保护。
v1.5.09,inductor,l3,wireless_charging_rx_coil,wireless_protocol,无线充电协议,,VARCHAR,,"IN ('Qi','AirFuel','PMA','Qi_AirFuel','Other')",,,0,135,技术参数,tech_specs,接收线圈必须与发射端协议匹配才能正常工作，协议类型是决定TX/RX兼容性的首要选型过滤条件；TX_Coil已有该字段，RX_Coil缺失属于明显横向遗漏，采集容易
v1.5.09,inductor,l3,wireless_charging_tx_coil,coil_outer_diameter_mm,线圈外径,mm,DOUBLE,2,> 0,,,0,132,技术参数,tech_specs,[高价值/易采集] TX线圈节点特有物理占位红线。决定充电板安装空间与磁场覆盖范围，替代须在允差范围内，过大导致安装干涉。
v1.5.09,inductor,l3,wireless_charging_tx_coil,coupling_distance_max_mm,最大耦合距离,mm,DOUBLE,1,> 0,,,0,130,技术参数,tech_specs,[高价值/难采集] TX线圈节点特有，有效能量传输的最大线圈间距。决定产品厚度设计余量与对准容差，替代须≥原料值，否则充电距离缩短影响用户体验。
v1.5.09,inductor,l3,wireless_charging_tx_coil,q_factor,品质因数Q值,,DOUBLE,1,> 0,,,0,128,技术参数,tech_specs,[高价值/难采集] TX线圈节点特有，谐振锐度与传输效率指标。Q值决定线圈选择性及损耗，替代须≥原料值以维持传输效率，过高则频带过窄导致失谐敏感。
v1.5.09,inductor,l3,wireless_charging_tx_coil,resonant_freq_khz,谐振频率,kHz,DOUBLE,1,> 0,,,0,127,技术参数,tech_specs,[高价值/易采集] TX线圈节点核心特有参数，Qi/AirFuel协议互操作第一锚点。必须匹配接收端谐振频率（如Qi BPP：110~205kHz），替代偏差须<±5%，否则功率传输效率崩溃。
v1.5.09,inductor,l3,wireless_charging_tx_coil,tx_power_max_w,最大发射功率,W,DOUBLE,1,> 0,,,0,129,技术参数,tech_specs,[高价值/易采集] TX线圈节点特有，充电功率等级上限（5W/10W/15W/EPP）。替代须≥原料发射功率，否则充电协议降级或线圈过热。
v1.5.09,inductor,l3,wireless_charging_tx_coil,wireless_protocol,无线充电协议,,VARCHAR,,"IN ('Qi','AirFuel','PMA','Qi_AirFuel','Other')",,,0,131,技术参数,tech_specs,[高价值/易采集] TX线圈节点特有，决定系统生态互操作性。Qi/AirFuel/PMA协议不兼容则无法充电，替代须匹配原料协议集合。
driver_ic_schema_v1.5.09,driver_ic,l2,display_driver,aec_q_level,汽车级认证等级,,VARCHAR,,AEC-Q100 / AEC-Q101 / AEC-Q102 / NULL,,,1,173,合规参数,regulatory_attributes,[高价值/易采集] L2物理底线。AEC-Q车规认证等级，车规项目强制核查，替代时等级须≥原料，消费级可为NULL。
driver_ic_schema_v1.5.09,driver_ic,l2,display_driver,display_driver_type,显示驱动类型,,VARCHAR,,Segment_LCD_Driver / TFT_OLED_Source_Driver / TCON / LED_Matrix_Driver / E_Paper_Driver,,,1,179,技术参数,tech_specs,[高价值/易采集] L2家族路由字段。标识器件所属显示驱动亚分类，是L3 ext_attributes的分发锚点，必须与L3分类英文名严格一一对应。
driver_ic_schema_v1.5.09,driver_ic,l2,display_driver,eccn_code,出口管制分类号,,VARCHAR,,符合EAR格式，如 3A991.a / EAR99,,,1,172,交易参数,purchasing_attributes,[高价值/易采集] L2物理底线。美国EAR出口管制分类编码，涉及跨境采购合规，替代需同等级或更宽松。
driver_ic_schema_v1.5.09,driver_ic,l2,display_driver,host_interface_type,主机接口类型,,VARCHAR,,SPI / I2C / RGB / MIPI_DSI / MIPI_DBI / Parallel_8080 / Parallel_6800 / LVDS / eDP / NULL,,,1,183,技术参数,tech_specs,[高价值/易采集] L2家族公共底线。器件与主控MCU/SoC的通信总线类型，接口不兼容则无法直接替代，是替代选型的硬性互联红线。
driver_ic_schema_v1.5.09,driver_ic,l2,display_driver,lead_free,无铅工艺,,BOOLEAN,,TRUE / FALSE,,,1,174,合规参数,regulatory_attributes,[高价值/易采集] L2物理底线。焊接工艺无铅声明，影响SMT工艺兼容性，替代料须与原料工艺一致。
driver_ic_schema_v1.5.09,driver_ic,l2,display_driver,lifecycle_status,生命周期状态,,VARCHAR,,Active / NRND / Last_Time_Buy / Obsolete / Preview,,,1,170,交易参数,purchasing_attributes,[高价值/易采集] L2物理底线。器件当前生命周期阶段，替代选型必须优先选Active，禁止选入Obsolete。
driver_ic_schema_v1.5.09,driver_ic,l2,display_driver,logic_level_v,逻辑电平电压,V,DOUBLE,2,1.2 ~ 5.5,1.2,5.5,1,184,技术参数,tech_specs,[高价值/易采集] L2家族公共底线。IO口逻辑高电平判定电压基准（VIH典型值），决定与主控IO电平兼容性，替代时3.3V/1.8V系统必须核查，不匹配需电平转换。
driver_ic_schema_v1.5.09,driver_ic,l2,display_driver,manufacturer,制造商,,VARCHAR,,非空,,,1,167,合规参数,regulatory_attributes,[高价值/易采集] L2物理底线。供应链溯源与替代认证基准，标准化原厂全称，禁止填入分销商名称。
driver_ic_schema_v1.5.09,driver_ic,l2,display_driver,mounting_style,安装方式,,VARCHAR,,smd/through_hole/chassis/panel/other,,,1,185,封装参数,package_attributes,从安装类型/封装推导
driver_ic_schema_v1.5.09,driver_ic,l2,display_driver,mpn,制造商料号,,VARCHAR,,非空,,,1,168,合规参数,regulatory_attributes,[高价值/易采集] L2物理底线。全局唯一器件身份标识，替代选型主键锚点，禁止使用分销商料号。
driver_ic_schema_v1.5.09,driver_ic,l2,display_driver,msl_level,湿敏等级,,VARCHAR,,1 / 2 / 2a / 3 / 4 / 5 / 5a / 6,,,1,175,合规参数,regulatory_attributes,[高价值/易采集] L2物理底线。J-STD-020湿敏等级，决定存储与贴片烘烤要求，替代料MSL须≤原料（或产线可兼容）。
driver_ic_schema_v1.5.09,driver_ic,l2,display_driver,output_channels,输出通道总数,,INT,,> 0,0.0,,1,182,技术参数,tech_specs,[高价值/易采集] L2家族公共底线。驱动器可驱动的输出通道总数，决定驱动规模上限，替代料须≥原料通道数。
driver_ic_schema_v1.5.09,driver_ic,l2,display_driver,package_case,封装形式,,VARCHAR,,如 QFP-128 / COG / WLCSP / BGA,,,1,176,封装参数,package_attributes,[高价值/易采集] L2物理底线。器件物理封装类型，决定PCB焊盘设计与贴片工艺，替代料封装须兼容或重新布板评估。
driver_ic_schema_v1.5.09,driver_ic,l2,display_driver,reach,REACH合规,,VARCHAR,,TRUE / FALSE,,,1,171,合规参数,regulatory_attributes,[高价值/易采集] L2物理底线。欧盟SVHC物质合规声明，影响欧盟市场准入，替代料须同等合规。
driver_ic_schema_v1.5.09,driver_ic,l2,display_driver,rohs_compliant,RoHS合规,,BOOLEAN,,TRUE / FALSE,,,1,169,合规参数,regulatory_attributes,[高价值/易采集] L2物理底线。欧盟RoHS指令合规状态，不合规器件直接阻断选型与出口。
driver_ic_schema_v1.5.09,driver_ic,l2,display_driver,supply_voltage_max_v,供电电压最大值,V,DOUBLE,2,> 0,0.0,,1,181,技术参数,tech_specs,[高价值/易采集] L2家族公共底线。器件正常工作所允许最高电源电压，过压保护红线，替代料须≥系统供电上限。
driver_ic_schema_v1.5.09,driver_ic,l2,display_driver,supply_voltage_min_v,供电电压最小值,V,DOUBLE,2,> 0,0.0,,1,180,技术参数,tech_specs,[高价值/易采集] L2家族公共底线。器件正常工作所需最低电源电压，电源轨兼容性红线，替代料须≤系统供电下限。
driver_ic_schema_v1.5.09,driver_ic,l2,display_driver,temp_max_c,最高工作温度,℃,DOUBLE,1,70 ~ 175,70.0,175.0,1,178,技术参数,tech_specs,[高价值/易采集] L2物理底线。器件额定工作温度上限，替代选型时须≥原料指标（覆盖更宽）。
driver_ic_schema_v1.5.09,driver_ic,l2,display_driver,temp_min_c,最低工作温度,℃,DOUBLE,1,-65 ~ 0,-65.0,0.0,1,177,技术参数,tech_specs,[高价值/易采集] L2物理底线。器件额定工作温度下限，替代选型时须≤原料指标（覆盖更宽）。
driver_ic_schema_v1.5.09,driver_ic,l2,gate_driver,aec_q_level,汽车级认证等级,,VARCHAR,,AEC-Q100 / AEC-Q101 / AEC-Q200 / None,,,1,105,合规参数,regulatory_attributes,[高价值/易采集] AEC-Q车规认证等级。车载应用强制准入门槛，替代料等级必须≥原料，Q100/Q101区分IC/分立器件应用场景。
driver_ic_schema_v1.5.09,driver_ic,l2,gate_driver,driver_topology,驱动器拓扑类型,,VARCHAR,,Single / Dual / Half_Bridge / Full_Bridge / Three_Phase / Isolated,,,1,121,技术参数,tech_specs,选型第一步即按拓扑筛选，缺少该字段无法在L2层做跨L3横向过滤，也无法支持替代料等价判断；现有L3分类名隐含拓扑但不可直接作为数据库查询条件
driver_ic_schema_v1.5.09,driver_ic,l2,gate_driver,eccn_code,出口管制分类号,,VARCHAR,,符合EAR格式，如 EAR99 / 3A001.a,,,1,108,交易参数,purchasing_attributes,[高价值/易采集] 美国EAR出口管制编码。跨境采购合规必查项，替代料ECCN需严格匹配，影响供应链全球可用性。
driver_ic_schema_v1.5.09,driver_ic,l2,gate_driver,input_logic_level,输入逻辑电平类型,,VARCHAR,,3.3V_CMOS / 5V_TTL / 5V_CMOS / Universal,,,1,119,技术参数,tech_specs,[高价值/易采集] 输入信号逻辑电平标准。决定与MCU/DSP/FPGA接口直接兼容性，替代料必须相同或兼容，否则需外部电平转换。
driver_ic_schema_v1.5.09,driver_ic,l2,gate_driver,lead_free,无铅,,BOOLEAN,,TRUE / FALSE,,,1,104,合规参数,regulatory_attributes,[高价值/易采集] 无铅工艺认证状态。焊接工艺兼容性底线，与产线锡膏体系强绑定，替代料必须匹配。
driver_ic_schema_v1.5.09,driver_ic,l2,gate_driver,lifecycle_status,生命周期状态,,VARCHAR,,Active / NRND / EOL / Discontinued / Preview,,,1,107,交易参数,purchasing_attributes,[高价值/易采集] 物料生命周期阶段。EOL/Discontinued状态直接触发替代选型流程，供应链风险评估核心判据。
driver_ic_schema_v1.5.09,driver_ic,l2,gate_driver,manufacturer,制造商,,VARCHAR,,非空字符串,,,1,100,合规参数,regulatory_attributes,[高价值/易采集] 供应链溯源与品牌认证体系绑定。替代选型时决定第二货源可接受性与认证继承性。
driver_ic_schema_v1.5.09,driver_ic,l2,gate_driver,mounting_style,安装方式,,VARCHAR,,smd/through_hole/chassis/panel/other,,,1,122,封装参数,package_attributes,从安装类型/封装推导
driver_ic_schema_v1.5.09,driver_ic,l2,gate_driver,mpn,制造商料号,,VARCHAR,,非空字符串，全局唯一,,,1,101,合规参数,regulatory_attributes,[高价值/易采集] 全域数据主键，跨平台精确替代匹配的唯一锚点，全局唯一不可重复。
driver_ic_schema_v1.5.09,driver_ic,l2,gate_driver,msl_level,湿敏等级,,VARCHAR,,1 / 2 / 2a / 3 / 4 / 5 / 5a / 6,,,1,106,合规参数,regulatory_attributes,[高价值/易采集] J-STD-020湿敏等级。决定存储与贴装烘烤工艺要求，替代料MSL数值需≤原料，否则直接增加制造成本。
driver_ic_schema_v1.5.09,driver_ic,l2,gate_driver,package_case,封装形式,,VARCHAR,,如 SOIC-8 / DFN-8 / QFN-16 / TSSOP-20,,,1,109,封装参数,package_attributes,[高价值/易采集] 标准封装代码。PCB焊盘设计与自动化贴装的物理硬约束，替代料必须封装兼容或重新Layout评估。
driver_ic_schema_v1.5.09,driver_ic,l2,gate_driver,peak_sink_current_ma,峰值灌电流,mA,DOUBLE,0,> 0,0.0,,1,116,技术参数,tech_specs,[高价值/易采集] 栅极放电峰值灌电流。直接决定MOSFET/IGBT关断速度与关断损耗，替代料需≥原料，是驱动能力第二生死线。
driver_ic_schema_v1.5.09,driver_ic,l2,gate_driver,peak_source_current_ma,峰值拉电流,mA,DOUBLE,0,> 0,0.0,,1,115,技术参数,tech_specs,[高价值/易采集] 栅极充电峰值拉电流。直接决定MOSFET/IGBT开通速度与开通损耗，替代料需≥原料，是驱动能力第一生死线。
driver_ic_schema_v1.5.09,driver_ic,l2,gate_driver,pkg_height_mm,封装体高度,mm,DOUBLE,2,> 0,0.0,,1,112,封装参数,package_attributes,[高价值/易采集] 封装体高度。整机结构净空约束，超高直接淘汰，薄型电源/车载模块选型关键。
driver_ic_schema_v1.5.09,driver_ic,l2,gate_driver,pkg_length_mm,封装体长度,mm,DOUBLE,2,> 0,0.0,,1,110,封装参数,package_attributes,[高价值/易采集] 封装体长度。PCB布局空间红线，替代料需在允许误差内匹配，空间受限场景直接淘汰超尺寸料。
driver_ic_schema_v1.5.09,driver_ic,l2,gate_driver,pkg_width_mm,封装体宽度,mm,DOUBLE,2,> 0,0.0,,1,111,封装参数,package_attributes,[高价值/易采集] 封装体宽度。与长度共同决定PCB占位面积，替代料需在允许误差内匹配。
driver_ic_schema_v1.5.09,driver_ic,l2,gate_driver,propagation_delay_ns,传播延迟典型值,ns,DOUBLE,1,> 0,0.0,,1,120,技术参数,tech_specs,[高价值/易采集] 输入信号到输出驱动的典型传播延迟。系统死区时间设计与时序匹配底线，高频GaN/SiC场景选型关键，替代料需≤原料。
driver_ic_schema_v1.5.09,driver_ic,l2,gate_driver,reach,REACH合规,,VARCHAR,,TRUE / FALSE,,,1,103,合规参数,regulatory_attributes,[高价值/易采集] SVHC物质合规声明。欧盟市场准入红线，替代料必须满足同等合规要求。
driver_ic_schema_v1.5.09,driver_ic,l2,gate_driver,rohs_compliant,RoHS合规,,BOOLEAN,,TRUE / FALSE,,,1,102,合规参数,regulatory_attributes,[高价值/易采集] 欧盟RoHS指令合规状态。出口合规硬性门槛，替代料必须同等级，不合规直接淘汰。
driver_ic_schema_v1.5.09,driver_ic,l2,gate_driver,temp_max_c,最高工作温度,℃,DOUBLE,1,85 ~ 175,85.0,175.0,1,114,技术参数,tech_specs,[高价值/易采集] 器件工作环境温度上限。热设计与降额计算红线，车规要求≥125℃，替代料需≥原料。
driver_ic_schema_v1.5.09,driver_ic,l2,gate_driver,temp_min_c,最低工作温度,℃,DOUBLE,1,-65 ~ 0,-65.0,0.0,1,113,技术参数,tech_specs,[高价值/易采集] 器件工作环境温度下限。工业/车规/消费分级核心判据，替代料需≤原料以覆盖全温度范围。
driver_ic_schema_v1.5.09,driver_ic,l2,gate_driver,vcc_max_v,驱动器电源电压最大值,V,DOUBLE,1,> 0,0.0,,1,118,技术参数,tech_specs,[高价值/易采集] 驱动器VCC供电上限。系统电源轨耐压红线，替代料需≥原料防止过压损毁，含浪涌裕量评估依据。
driver_ic_schema_v1.5.09,driver_ic,l2,gate_driver,vcc_min_v,驱动器电源电压最小值,V,DOUBLE,1,> 0,0.0,,1,117,技术参数,tech_specs,[高价值/易采集] 驱动器VCC供电下限。决定与系统电源轨兼容性，替代料需≤原料以确保在最低供电条件下正常启动。
driver_ic_schema_v1.5.09,driver_ic,l2,laser_driver,aec_q_level,AEC-Q认证等级,,VARCHAR,,AEC-Q100 / AEC-Q101 / AEC-Q200 / None,,,1,192,合规参数,regulatory_attributes,[高价值/易采集] 汽车电子可靠性认证等级，车规选型强制核查，替代料等级必须 ≥ 原料。
driver_ic_schema_v1.5.09,driver_ic,l2,laser_driver,bias_current_max_ma,最大偏置电流,mA,DOUBLE,1,> 0,0.0,,1,205,技术参数,tech_specs,[高价值/易采集] 激光驱动家族公共底线。激光器直流工作点设定能力上限，过驱即烧毁激光器，替代料需 ≥ 原料值且 ≤ 目标激光器极限。
driver_ic_schema_v1.5.09,driver_ic,l2,laser_driver,eccn_code,ECCN编码,,VARCHAR,,符合EAR格式，如 EAR99 / 3A001.a,,,1,191,交易参数,purchasing_attributes,[高价值/易采集] 美国出口管制分类编号，跨境采购合规必查，替代需确认同等或更宽松管制等级。
driver_ic_schema_v1.5.09,driver_ic,l2,laser_driver,lead_free,无铅工艺,,BOOLEAN,,TRUE / FALSE,,,1,193,合规参数,regulatory_attributes,[高价值/易采集] 无铅焊接工艺合规标识，影响SMT回流焊工艺兼容性，替代料必须匹配产线能力。
driver_ic_schema_v1.5.09,driver_ic,l2,laser_driver,lifecycle_status,生命周期状态,,VARCHAR,,Active / NRND / Obsolete / Preview,,,1,189,交易参数,purchasing_attributes,[高价值/易采集] 物料生命周期阶段，直接影响可采购性与替代紧迫度，替代优先选Active。
driver_ic_schema_v1.5.09,driver_ic,l2,laser_driver,manufacturer,制造商,,VARCHAR,,非空字符串,,,1,186,交易参数,purchasing_attributes,[高价值/易采集] 供应链溯源与品牌替代基准。替代料需评估原厂认证兼容性与交期风险。
driver_ic_schema_v1.5.09,driver_ic,l2,laser_driver,modulation_bandwidth_mhz,调制带宽,MHz,DOUBLE,1,> 0,0.0,,1,203,技术参数,tech_specs,[高价值/易采集] 激光驱动家族公共底线。全家族速率能力物理上限，决定能否驱动目标速率激光器，替代料需 ≥ 原料值，带宽降级不可接受。
driver_ic_schema_v1.5.09,driver_ic,l2,laser_driver,mounting_style,安装方式,,VARCHAR,,smd/through_hole/chassis/panel/other,,,1,206,封装参数,package_attributes,从安装类型/封装推导
driver_ic_schema_v1.5.09,driver_ic,l2,laser_driver,mpn,制造商料号,,VARCHAR,,非空字符串,,,1,187,交易参数,purchasing_attributes,[高价值/易采集] 全局唯一器件身份标识，替代料比对的精确锚点，禁止为空。
driver_ic_schema_v1.5.09,driver_ic,l2,laser_driver,msl_level,湿敏等级,,VARCHAR,,1 / 2 / 2a / 3 / 4 / 5 / 5a / 6,,,1,194,合规参数,regulatory_attributes,[高价值/易采集] IPC/JEDEC J-STD-020湿敏等级，决定存储与贴片工艺要求，替代料等级必须 ≤ 原料或产线能力可覆盖。
driver_ic_schema_v1.5.09,driver_ic,l2,laser_driver,output_current_max_ma,最大输出电流,mA,DOUBLE,1,> 0,0.0,,1,204,技术参数,tech_specs,[高价值/易采集] 激光驱动家族公共底线。驱动能力物理极限，决定可驱动激光器的功率等级，替代料需 ≥ 原料值，电流不足则激光功率达不到要求。
driver_ic_schema_v1.5.09,driver_ic,l2,laser_driver,package_case,封装形式,,VARCHAR,,如 QFN-16 / SOP-8 / DFN-10 / BGA,,,1,195,封装参数,package_attributes,[高价值/易采集] 物理封装类型，决定PCB焊盘设计与散热方案，替代料必须封装机械兼容。
driver_ic_schema_v1.5.09,driver_ic,l2,laser_driver,pkg_height_mm,封装体高度,mm,DOUBLE,2,> 0,0.0,,1,200,封装参数,package_attributes,[高价值/易采集] 整机高度约束，光模块薄型设计场景选型硬限制，替代料需 ≤ 原料值。
driver_ic_schema_v1.5.09,driver_ic,l2,laser_driver,pkg_length_mm,封装体长度,mm,DOUBLE,2,> 0,0.0,,1,198,封装参数,package_attributes,[高价值/易采集] PCB布局占位红线，替代料封装尺寸需在允差范围内，超出则需重新布板。
driver_ic_schema_v1.5.09,driver_ic,l2,laser_driver,pkg_width_mm,封装体宽度,mm,DOUBLE,2,> 0,0.0,,1,199,封装参数,package_attributes,[高价值/易采集] PCB布局占位红线，与长度联合约束替代料物理兼容性。
driver_ic_schema_v1.5.09,driver_ic,l2,laser_driver,reach,REACH合规,,VARCHAR,,TRUE / FALSE,,,1,190,合规参数,regulatory_attributes,[高价值/易采集] SVHC物质合规声明，欧盟进出口强制要求，替代料必须同等合规。
driver_ic_schema_v1.5.09,driver_ic,l2,laser_driver,rohs_compliant,RoHS合规,,BOOLEAN,,TRUE / FALSE,,,1,188,合规参数,regulatory_attributes,[高价值/易采集] 欧盟RoHS指令合规状态，供应链准入硬门槛，不合规直接淘汰，替代料必须同等合规。
driver_ic_schema_v1.5.09,driver_ic,l2,laser_driver,supply_voltage_max_v,供电电压最大值,V,DOUBLE,2,> 0,0.0,,1,202,技术参数,tech_specs,[高价值/易采集] 激光驱动家族公共底线。供电系统兼容性上限，超出此值器件损毁，替代料需 ≥ 原料值。
driver_ic_schema_v1.5.09,driver_ic,l2,laser_driver,supply_voltage_min_v,供电电压最小值,V,DOUBLE,2,> 0,0.0,,1,201,技术参数,tech_specs,[高价值/易采集] 激光驱动家族公共底线。供电系统兼容性下限，替代料需 ≤ 原料值以覆盖系统电源轨。
driver_ic_schema_v1.5.09,driver_ic,l2,laser_driver,temp_max_c,最高工作温度,℃,DOUBLE,1,70 ~ 175,70.0,175.0,1,197,技术参数,tech_specs,[高价值/易采集] 器件额定工作温度上限，超出则器件失效，替代料需 ≥ 原料值保证热裕量。
driver_ic_schema_v1.5.09,driver_ic,l2,laser_driver,temp_min_c,最低工作温度,℃,DOUBLE,1,-65 ~ 0,-65.0,0.0,1,196,技术参数,tech_specs,[高价值/易采集] 器件额定工作温度下限，低于此值性能不保证，替代料需 ≤ 原料值以覆盖工况。
driver_ic_schema_v1.5.09,driver_ic,l2,led_lighting_driver,aec_q_level,AEC-Q认证等级,,VARCHAR,,NULL / AEC-Q100 / AEC-Q101 / AEC-Q102 / AEC-Q103 / AEC-Q104 / AEC-Q200,,,1,129,合规参数,regulatory_attributes,[高价值/易采集] 汽车级可靠性认证等级。车规 LED 驱动选型强制过滤字段，替代料等级须 ≥ 原料；非车规填 NULL。
driver_ic_schema_v1.5.09,driver_ic,l2,led_lighting_driver,dimming_interface_type,调光接口类型,,VARCHAR,,PWM / Analog / I2C / DALI / 0-10V / None / Other,,,1,142,技术参数,tech_specs,[高价值/易采集] 家族公共底线。决定与 MCU/控制器/墙壁调光器的接口兼容性，替代料必须支持相同调光协议，不可降级。
driver_ic_schema_v1.5.09,driver_ic,l2,led_lighting_driver,eccn_code,ECCN编码,,VARCHAR,,符合 EAR 格式，如 EAR99 / 3A001.a,,,1,128,交易参数,purchasing_attributes,[高价值/易采集] 美国出口管制分类编号。跨境采购合规红线，影响供应链全球可用性，替代料必须同等级或更低管制。
driver_ic_schema_v1.5.09,driver_ic,l2,led_lighting_driver,input_voltage_max_v,输入电压最大值,V,DOUBLE,2,> 0,0.0,,1,139,技术参数,tech_specs,[高价值/易采集] 家族公共底线。决定耐压安全裕量上限，替代料 input_voltage_max 须 ≥ 原料以保证不过压损毁。
driver_ic_schema_v1.5.09,driver_ic,l2,led_lighting_driver,input_voltage_min_v,输入电压最小值,V,DOUBLE,2,> 0,0.0,,1,138,技术参数,tech_specs,[高价值/易采集] 家族公共底线。决定电源系统适配性下限，替代料 input_voltage_min 须 ≤ 原料以覆盖原系统最低输入。
driver_ic_schema_v1.5.09,driver_ic,l2,led_lighting_driver,lead_free,无铅标识,,BOOLEAN,,TRUE / FALSE,,,1,130,合规参数,regulatory_attributes,[高价值/易采集] 引脚/焊端无铅工艺标识。焊接工艺兼容性红线，与 RoHS 联动但独立存储，替代料必须与原料一致以防产线锡膏污染。
driver_ic_schema_v1.5.09,driver_ic,l2,led_lighting_driver,lifecycle_status,生命周期状态,,VARCHAR,,Active / NRND / EOL / Obsolete / Preview,,,1,126,交易参数,purchasing_attributes,[高价值/易采集] 物料供应链存续判据。直接决定可采购性，替代选型首要过滤条件，优选 Active，EOL/Obsolete 强制触发替代流程。
driver_ic_schema_v1.5.09,driver_ic,l2,led_lighting_driver,manufacturer,制造商,,VARCHAR,,非空字符串,,,1,123,技术参数,tech_specs,[高价值/易采集] 供应链溯源与替代寻源绝对底线。替代选型时用于交叉参考原厂认证体系与品质等级。
driver_ic_schema_v1.5.09,driver_ic,l2,led_lighting_driver,mounting_style,安装方式,,VARCHAR,,smd/through_hole/chassis/panel/other,,,1,144,封装参数,package_attributes,从安装类型/封装推导
driver_ic_schema_v1.5.09,driver_ic,l2,led_lighting_driver,mpn,制造商料号,,VARCHAR,,非空字符串，全局唯一,,,1,124,技术参数,tech_specs,[高价值/易采集] 全局唯一物料身份证，选型替代的主键锚点。替代比对的首要精确键，不可为空。
driver_ic_schema_v1.5.09,driver_ic,l2,led_lighting_driver,msl_level,湿敏等级,,VARCHAR,,1 / 2 / 2a / 3 / 4 / 5 / 5a / 6,,,1,131,合规参数,regulatory_attributes,[高价值/易采集] IPC/JEDEC J-STD-020 潮湿敏感等级。决定开包后存储时限与贴片烘烤工艺，替代料 MSL 须 ≤ 原料以防产线变更。
driver_ic_schema_v1.5.09,driver_ic,l2,led_lighting_driver,output_channel_count,输出通道数,,INT,,≥ 1,1.0,,1,141,技术参数,tech_specs,[高价值/易采集] 家族公共底线。决定单芯片可独立控制的 LED 串数，多通道矩阵驱动拓扑基础，替代料须 ≥ 原料通道数。
driver_ic_schema_v1.5.09,driver_ic,l2,led_lighting_driver,output_current_max_ma,最大输出电流,mA,DOUBLE,1,> 0,0.0,,1,140,技术参数,tech_specs,[高价值/易采集] 家族公共底线。LED 驱动能力核心物理契约，直接决定可驱动 LED 串电流与亮度，替代料须 ≥ 原料需求值。
driver_ic_schema_v1.5.09,driver_ic,l2,led_lighting_driver,package_case,封装形式,,VARCHAR,,非空字符串，如 SOT-23 / SOIC-8 / QFN-16 / TSSOP-20,,,1,132,封装参数,package_attributes,[高价值/易采集] 物理封装类型标识。PCB 焊盘设计与热阻计算的物理基础，替代料必须封装兼容或重新 Layout。
driver_ic_schema_v1.5.09,driver_ic,l2,led_lighting_driver,pkg_height_mm,封装体高度,mm,DOUBLE,2,> 0,0.0,,1,135,封装参数,package_attributes,[高价值/易采集] 整机限高设计约束。超薄灯具/灯带场景选型必看，替代料须 ≤ 原料高度限制。
driver_ic_schema_v1.5.09,driver_ic,l2,led_lighting_driver,pkg_length_mm,封装体长度,mm,DOUBLE,2,> 0,0.0,,1,133,封装参数,package_attributes,[高价值/易采集] PCB 布局空间红线。决定器件物理占位，替代料须在允许误差内匹配以保证 footprint 兼容。
driver_ic_schema_v1.5.09,driver_ic,l2,led_lighting_driver,pkg_width_mm,封装体宽度,mm,DOUBLE,2,> 0,0.0,,1,134,封装参数,package_attributes,[高价值/易采集] PCB 布局空间红线。与长度共同约束 footprint 兼容性，替代料须在允许误差内匹配。
driver_ic_schema_v1.5.09,driver_ic,l2,led_lighting_driver,reach,REACH合规,,VARCHAR,,TRUE / FALSE,,,1,127,合规参数,regulatory_attributes,[高价值/易采集] 欧盟 SVHC 化学品注册底线。出口欧盟必查字段，替代料需同等 SVHC 披露等级。
driver_ic_schema_v1.5.09,driver_ic,l2,led_lighting_driver,rohs_compliant,RoHS合规,,BOOLEAN,,TRUE / FALSE,,,1,125,合规参数,regulatory_attributes,[高价值/易采集] 欧盟有害物质限制指令合规标识。欧盟市场准入生死线，替代料必须与原料合规等级一致。
driver_ic_schema_v1.5.09,driver_ic,l2,led_lighting_driver,switching_freq_max_khz,最大开关频率,kHz,DOUBLE,1,> 0 或 NULL,0.0,,1,143,技术参数,tech_specs,[高价值/易采集] 家族公共底线。EMI 设计与外围磁性元件选型基础；线性驱动器无开关动作填 NULL；开关型/AC-DC 替代料须在频率范围内兼容以避免重新设计滤波器。
driver_ic_schema_v1.5.09,driver_ic,l2,led_lighting_driver,temp_max_c,最高工作温度,℃,DOUBLE,1,35 ~ 175,35.0,175.0,1,137,技术参数,tech_specs,[高价值/易采集] 热设计物理上限。灯具散热设计边界决定值，替代料 temp_max 须 ≥ 原料。
driver_ic_schema_v1.5.09,driver_ic,l2,led_lighting_driver,temp_min_c,最低工作温度,℃,DOUBLE,1,-55 ~ 0,-55.0,0.0,1,136,技术参数,tech_specs,[高价值/易采集] 工况覆盖物理下限。户外低温/车规场景选型红线，替代料 temp_min 须 ≤ 原料。
driver_ic_schema_v1.5.09,driver_ic,l2,motor_driver,aec_q_level,车规认证等级,,VARCHAR,,AEC-Q100 / AEC-Q101 / AEC-Q200 / NULL,,,1,151,合规参数,regulatory_attributes,[高价值/易采集] AEC-Q100/Q101车规认证等级，汽车应用强制门槛，替代料须≥原料等级，NULL表示非车规。
driver_ic_schema_v1.5.09,driver_ic,l2,motor_driver,control_interface_type,控制接口类型,,VARCHAR,,PWM / PH_EN / IN_IN / SPI / I2C / UART / STEP_DIR / Analog / CAN / Other,,,1,165,技术参数,tech_specs,控制接口类型决定驱动器与主控 MCU 的连接方式，是所有 L3 电机驱动器横向比较的首轮筛选维度。现有 schema 中 Brushed/BLDC/Stepper L3 均无统一接口字段，Servo 的 command_interface_type 仅覆盖伺服场景，缺失该字段会导致同电压电流等级器件无法按接口快速筛选与替代。
driver_ic_schema_v1.5.09,driver_ic,l2,motor_driver,eccn_code,出口管制分类号,,VARCHAR,,符合EAR格式，如 EAR99 / 3A991.a,,,1,148,交易参数,purchasing_attributes,[高价值/易采集] 美国EAR出口管制编码，跨境采购合规红线，替代料须同等或更宽松管制级别。
driver_ic_schema_v1.5.09,driver_ic,l2,motor_driver,lead_free,无铅,,BOOLEAN,,TRUE / FALSE,,,1,152,合规参数,regulatory_attributes,[高价值/易采集] 无铅工艺标志，SMT焊接工艺兼容性红线，替代料须与产线工艺一致。
driver_ic_schema_v1.5.09,driver_ic,l2,motor_driver,lifecycle_status,生命周期状态,,VARCHAR,,Active / NRND / EOL / Discontinued / Preview,,,1,147,交易参数,purchasing_attributes,[高价值/易采集] 停产/EOL状态直接触发替代选型流程，Active状态才可进入新设计BOM。
driver_ic_schema_v1.5.09,driver_ic,l2,motor_driver,manufacturer,制造商,,VARCHAR,,非空字符串,,,1,145,交易参数,purchasing_attributes,[高价值/易采集] 供应链溯源与授权替代池锚点。替代时优先同厂pin-compatible系列，缩短验证周期。
driver_ic_schema_v1.5.09,driver_ic,l2,motor_driver,mounting_style,安装方式,,VARCHAR,,smd/through_hole/chassis/panel/other,,,1,166,封装参数,package_attributes,从安装类型/封装推导
driver_ic_schema_v1.5.09,driver_ic,l2,motor_driver,mpn,制造商料号,,VARCHAR,,非空字符串，全局唯一,,,1,146,交易参数,purchasing_attributes,[高价值/易采集] 全局唯一物料标识符，替代检索与交叉引用的主键锚点，禁止为空。
driver_ic_schema_v1.5.09,driver_ic,l2,motor_driver,msl_level,湿敏等级,,VARCHAR,,1 / 2 / 2a / 3 / 4 / 5 / 5a / 6,,,1,153,合规参数,regulatory_attributes,[高价值/易采集] J-STD-020湿敏等级，SMT贴装烘烤工艺决策依据，替代料须≤原料等级（数值越小越宽松）。
driver_ic_schema_v1.5.09,driver_ic,l2,motor_driver,number_of_half_bridges,半桥数量,,INT,,2 / 4 / 6 / 8,,,1,164,技术参数,tech_specs,[高价值/易采集] 拓扑容量路由核心：2=有刷单H桥，4=双H桥/两相步进，6=三相BLDC/伺服。替代拓扑必须匹配电机相数需求，是L3路由的物理锚点。
driver_ic_schema_v1.5.09,driver_ic,l2,motor_driver,output_current_continuous_a,连续输出电流,A,DOUBLE,2,> 0,0.0,,1,162,技术参数,tech_specs,[高价值/易采集] 热限制下持续带载能力，热设计与降额核心依据，替代料须≥原料负载电流。
driver_ic_schema_v1.5.09,driver_ic,l2,motor_driver,package_case,封装形式,,VARCHAR,,如 QFN-32 / HTSSOP-28 / DIP-16,,,1,154,封装参数,package_attributes,[高价值/易采集] 封装类型，PCB焊盘设计与热阻红线，替代料须封装兼容或重新布局评估。
driver_ic_schema_v1.5.09,driver_ic,l2,motor_driver,peak_output_current_a,峰值输出电流,A,DOUBLE,2,> 0,0.0,,1,163,技术参数,tech_specs,[高价值/易采集] 电机启动/堵转瞬态峰值电流能力，替代料须≥原料，与连续电流共同构成电流能力完整画像。
driver_ic_schema_v1.5.09,driver_ic,l2,motor_driver,pkg_height_mm,封装体高度,mm,DOUBLE,2,> 0,0.0,,1,157,封装参数,package_attributes,[高价值/易采集] 整机限高约束，替代料须≤原料高度限制，影响散热器安装空间。
driver_ic_schema_v1.5.09,driver_ic,l2,motor_driver,pkg_length_mm,封装体长度,mm,DOUBLE,2,> 0,0.0,,1,155,封装参数,package_attributes,[高价值/易采集] PCB布局占位红线，替代料须≤原料或重新布局评估。
driver_ic_schema_v1.5.09,driver_ic,l2,motor_driver,pkg_width_mm,封装体宽度,mm,DOUBLE,2,> 0,0.0,,1,156,封装参数,package_attributes,[高价值/易采集] PCB布局占位红线，与长度共同约束footprint兼容性，替代料须尺寸兼容。
driver_ic_schema_v1.5.09,driver_ic,l2,motor_driver,reach,REACH合规,,VARCHAR,,TRUE / FALSE,,,1,150,合规参数,regulatory_attributes,[高价值/易采集] SVHC物质合规声明，跨境贸易强制要求，汽车/医疗替代必查，替代料须同级。
driver_ic_schema_v1.5.09,driver_ic,l2,motor_driver,rohs_compliant,RoHS合规,,BOOLEAN,,TRUE / FALSE,,,1,149,合规参数,regulatory_attributes,[高价值/易采集] 欧盟有害物质限制合规标志，进入欧洲市场法律红线，替代料必须同等合规。
driver_ic_schema_v1.5.09,driver_ic,l2,motor_driver,supply_voltage_max_v,最高供电电压,V,DOUBLE,2,> 0,0.0,,1,161,技术参数,tech_specs,[高价值/易采集] 驱动器最高耐压，超压即损毁，替代料须≥原料，是选型首要过滤条件。
driver_ic_schema_v1.5.09,driver_ic,l2,motor_driver,supply_voltage_min_v,最低供电电压,V,DOUBLE,2,> 0,0.0,,1,160,技术参数,tech_specs,[高价值/易采集] 驱动器可正常工作的最低供电电压，系统电源轨设计红线，替代料须≤原料以保证低压启动能力。
driver_ic_schema_v1.5.09,driver_ic,l2,motor_driver,temp_max_c,最高工作温度,℃,DOUBLE,1,70 ~ 175,70.0,175.0,1,159,技术参数,tech_specs,[高价值/易采集] 工作温度上限，热设计与降额计算红线，替代料须≥原料。
driver_ic_schema_v1.5.09,driver_ic,l2,motor_driver,temp_min_c,最低工作温度,℃,DOUBLE,1,-65 ~ 0,-65.0,0.0,1,158,技术参数,tech_specs,[高价值/易采集] 工作温度下限，工业/车规/消费级分级红线，替代料须≤原料。
driver_ic_schema_v1.5.09,driver_ic,l3,ac_dc_led_driver,ac_input_voltage_max_v,AC输入电压最大值,V,DOUBLE,1,> 0,0.0,,0,247,技术参数,tech_specs,[高价值/易采集] AC/DC 节点核心区分参数。宽压设计上限，替代料须 ≥ 原料以保证高压电网（如 277V 北美商照）不过压损毁。
driver_ic_schema_v1.5.09,driver_ic,l3,ac_dc_led_driver,ac_input_voltage_min_v,AC输入电压最小值,V,DOUBLE,1,> 0,0.0,,0,246,技术参数,tech_specs,[高价值/易采集] AC/DC 节点核心区分参数。决定电网适配范围下限（如 85V 宽压 vs 176V 单压），替代料须 ≤ 原料以保证全球电网兼容性。
driver_ic_schema_v1.5.09,driver_ic,l3,ac_dc_led_driver,inrush_current_max_a,浪涌电流耐受峰值,A,DOUBLE,2,> 0,0.0,,0,251,技术参数,tech_specs,[高价值/难采集] AC/DC 节点电网恶劣环境选型硬骨头。冷启动冲击电流决定保险丝/NTC 热敏电阻选型，替代料须 ≥ 原料以保证在同等保险丝规格下不误断，是 AC/DC 节点可靠性的隐性红线。
driver_ic_schema_v1.5.09,driver_ic,l3,ac_dc_led_driver,isolation_type,隔离类型,,VARCHAR,,Isolated / Non-Isolated,,,0,249,技术参数,tech_specs,[高价值/易采集] AC/DC 节点安全设计生死线。Isolated/Non-Isolated 决定变压器需求与安规认证路径（UL/CE/CCC），替代料隔离类型须与原料一致，不可从隔离降为非隔离。
driver_ic_schema_v1.5.09,driver_ic,l3,ac_dc_led_driver,output_power_max_w,最大输出功率,W,DOUBLE,2,> 0,0.0,,0,250,技术参数,tech_specs,[高价值/易采集] AC/DC 节点系统容量核心参数。决定可驱动 LED 总功率，替代料须 ≥ 原料应用所需输出功率，功率不足将导致驱动器过载保护频繁触发。
driver_ic_schema_v1.5.09,driver_ic,l3,ac_dc_led_driver,pfc_type,PFC类型,,VARCHAR,,None / Passive / Active,,,0,248,技术参数,tech_specs,[高价值/易采集] AC/DC 节点谐波合规核心参数。None/Passive/Active 三级决定是否满足 IEC 61000-3-2 谐波限制与 EnergyStar 要求，替代料 PFC 能力不可降级，Active PFC 不可替换为 None。
driver_ic_schema_v1.5.09,driver_ic,l3,bldc_motor_driver,commutation_type,换相控制方式,,VARCHAR,,Trapezoidal / Sinusoidal / FOC,,,0,261,技术参数,tech_specs,[高价值/易采集] BLDC_Motor_Driver特有核心。换相控制策略，方波换相效率低但简单，正弦/FOC平滑但需算力，替代料须控制方式兼容系统架构。
driver_ic_schema_v1.5.09,driver_ic,l3,bldc_motor_driver,dead_time_ns,死区时间,ns,DOUBLE,1,> 0,0.0,,0,265,技术参数,tech_specs,[高价值/难采集] BLDC_Motor_Driver特有。三相桥上下管切换死区时间，防直通短路安全红线，高速BLDC死区过大会损失有效占空比，替代料须≤原料。
driver_ic_schema_v1.5.09,driver_ic,l3,bldc_motor_driver,gate_drive_current_peak_ma,栅极驱动峰值电流,mA,DOUBLE,1,> 0,0.0,,0,264,技术参数,tech_specs,[高价值/易采集] BLDC_Motor_Driver特有。驱动外部功率MOSFET栅极的峰值电流，决定开关速度与外部管选型（Qg/Igate决定开关时间），替代料须≥原料。
driver_ic_schema_v1.5.09,driver_ic,l3,bldc_motor_driver,has_foc,FOC算法内置,,VARCHAR,,TRUE / FALSE,,,0,263,技术参数,tech_specs,[高价值/易采集] BLDC_Motor_Driver特有。是否内置磁场定向控制算法，TRUE可省去外部MCU矢量控制算法，是系统架构分水岭，替代料须功能一致。
driver_ic_schema_v1.5.09,driver_ic,l3,bldc_motor_driver,is_sensorless,无感控制支持,,VARCHAR,,TRUE / FALSE,,,0,262,技术参数,tech_specs,[高价值/易采集] BLDC_Motor_Driver特有。是否支持无传感器（反电动势）换向，TRUE可省去霍尔传感器，直接影响硬件架构与BOM，替代料须功能一致。
driver_ic_schema_v1.5.09,driver_ic,l3,bldc_motor_driver,phase_count,驱动相数,,INT,,3 / 6,,,0,260,技术参数,tech_specs,[高价值/易采集] BLDC_Motor_Driver特有核心。支持的电机相数，决定驱动拓扑与换向逻辑，通常为3相，替代料须相数严格一致。
driver_ic_schema_v1.5.09,driver_ic,l3,bldc_motor_driver,pwm_freq_max_khz,最大PWM调制频率,kHz,DOUBLE,1,> 0,0.0,,0,266,技术参数,tech_specs,[高价值/易采集] BLDC_Motor_Driver特有。PWM调制频率上限，决定电流纹波与开关损耗，FOC控制需要足够高的调制频率，替代料须≥原料。
driver_ic_schema_v1.5.09,driver_ic,l3,bldc_motor_driver,speed_feedback_type,速度反馈接口,,VARCHAR,,Hall / ABZ_Encoder / FG / Sensorless / Hall_and_Encoder,,,0,267,技术参数,tech_specs,[高价值/易采集] BLDC_Motor_Driver特有。速度/位置反馈信号接口类型，决定与电机传感器的硬件兼容性，替代料须覆盖原料接口类型。
driver_ic_schema_v1.5.09,driver_ic,l3,brushed_dc_motor_driver,brake_mode,制动模式,,VARCHAR,,Coast / Brake / Regenerative / Coast_and_Brake,,,0,257,技术参数,tech_specs,[高价值/易采集] Brushed_DC_Motor_Driver特有。支持的电机制动方式，决定停车响应特性与能量处理，替代料须覆盖原料制动模式。
driver_ic_schema_v1.5.09,driver_ic,l3,brushed_dc_motor_driver,current_sense_ratio_v_per_a,电流检测增益,V/A,DOUBLE,2,> 0,0.0,,0,255,技术参数,tech_specs,[高价值/难采集] Brushed_DC_Motor_Driver特有。内置电流采样放大增益（V/A），决定MCU ADC量程匹配，has_current_sense=FALSE时为NULL，替代料须增益兼容ADC输入范围。
driver_ic_schema_v1.5.09,driver_ic,l3,brushed_dc_motor_driver,dead_time_ns,死区时间,ns,DOUBLE,1,> 0,0.0,,0,256,技术参数,tech_specs,[高价值/难采集] Brushed_DC_Motor_Driver特有。H桥上下管切换互锁时间，防直通短路安全红线，替代料须≤原料以保证换向安全裕量。
driver_ic_schema_v1.5.09,driver_ic,l3,brushed_dc_motor_driver,h_bridge_count,H桥数量,,INT,,≥ 1,1.0,,0,259,技术参数,tech_specs,[高价值/易采集] Brushed_DC_Motor_Driver特有。单芯片内集成的全H桥数量，直接决定可独立驱动的有刷电机路数，替代料须≥原料。
driver_ic_schema_v1.5.09,driver_ic,l3,brushed_dc_motor_driver,has_current_sense,内置电流检测,,VARCHAR,,TRUE / FALSE,,,0,254,技术参数,tech_specs,[高价值/易采集] Brushed_DC_Motor_Driver特有。是否集成电流采样电路，TRUE可省去外部采样电阻与运放，直接影响BOM与PCB面积，替代料须功能一致。
driver_ic_schema_v1.5.09,driver_ic,l3,brushed_dc_motor_driver,logic_input_voltage_v,逻辑输入电平,,VARCHAR,,1.8 / 3.3 / 5.0 / 3.3_and_5.0,,,0,258,技术参数,tech_specs,[高价值/易采集] Brushed_DC_Motor_Driver特有。控制接口兼容的逻辑电平电压，与MCU IO电平必须匹配，替代料须与系统逻辑电平一致。
driver_ic_schema_v1.5.09,driver_ic,l3,brushed_dc_motor_driver,pwm_freq_max_khz,最大PWM频率,kHz,DOUBLE,1,> 0,0.0,,0,253,技术参数,tech_specs,[高价值/易采集] Brushed_DC_Motor_Driver特有。调速PWM频率上限，决定电机噪声（>20kHz可超声静音）与开关损耗，替代料须≥原料。
driver_ic_schema_v1.5.09,driver_ic,l3,brushed_dc_motor_driver,rds_on_total_mohm,H桥总导通电阻,mΩ,DOUBLE,1,> 0,0.0,,0,252,技术参数,tech_specs,[高价值/难采集] Brushed_DC_Motor_Driver特有核心。高侧+低侧MOSFET导通电阻之和，直接决定H桥导通损耗P=I²×Rds_total，替代料须≤原料以控制发热。
driver_ic_schema_v1.5.09,driver_ic,l3,communication_laser_driver,ctrl_interface,控制接口类型,,VARCHAR,,I2C / SPI / MDIO / None,,,0,313,技术参数,tech_specs,[高价值/易采集] 通信节点固件配置接口，决定主控MCU/FPGA的软件驱动兼容性，替代料需接口协议一致。
driver_ic_schema_v1.5.09,driver_ic,l3,communication_laser_driver,data_rate_max_gbps,最大数据速率,Gbps,DOUBLE,2,> 0,0.0,,0,305,技术参数,tech_specs,[高价值/易采集] 通信节点核心区分参数。决定支持的最高串行协议速率（1G/10G/25G/100G），替代料需 ≥ 原料值，速率降级导致链路不兼容。
driver_ic_schema_v1.5.09,driver_ic,l3,communication_laser_driver,extinction_ratio_min_db,最小消光比,dB,DOUBLE,1,> 0,0.0,,0,306,技术参数,tech_specs,[高价值/难采集] 通信节点光链路质量红线。消光比决定眼图张开度与误码率，替代料需 ≥ 原料值，低于此值光接收端无法正确判决。常见标准：多模 ≥ 3.5dB，单模 ≥ 8.2dB。
driver_ic_schema_v1.5.09,driver_ic,l3,communication_laser_driver,has_cdr,内置CDR,,VARCHAR,,TRUE / FALSE,,,0,307,技术参数,tech_specs,[高价值/易采集] 通信节点系统集成度关键特征。内置时钟数据恢复电路可省去外部CDR芯片，影响方案BOM与PCB面积，替代料需功能对等。
driver_ic_schema_v1.5.09,driver_ic,l3,communication_laser_driver,input_diff_swing_max_mv,输入差分电压摆幅最大值,mV,DOUBLE,1,> 0,0.0,,0,310,技术参数,tech_specs,[高价值/易采集] 通信节点输入过驱保护上限，超出可能损伤输入级，替代料需与系统SerDes输出范围匹配。
driver_ic_schema_v1.5.09,driver_ic,l3,communication_laser_driver,input_diff_swing_min_mv,输入差分电压摆幅最小值,mV,DOUBLE,1,> 0,0.0,,0,309,技术参数,tech_specs,[高价值/易采集] 通信节点与SerDes接口匹配的电气红线。决定前级SerDes能否直接驱动，替代料需在系统SerDes输出范围内。
driver_ic_schema_v1.5.09,driver_ic,l3,communication_laser_driver,is_burst_mode,突发模式支持,,VARCHAR,,TRUE / FALSE,,,0,311,技术参数,tech_specs,[高价值/易采集] 通信节点PON应用必选特征。GPON/EPON突发模式要求驱动器快速开关偏置电流，不支持则无法用于PON场景，替代料需功能对等。
driver_ic_schema_v1.5.09,driver_ic,l3,communication_laser_driver,is_pre_emphasis,发射预加重,,VARCHAR,,TRUE / FALSE,,,0,308,技术参数,tech_specs,[高价值/易采集] 通信节点信号完整性关键特征。高速链路补偿ISI失真，有无预加重直接影响误码率，替代料需功能对等。
driver_ic_schema_v1.5.09,driver_ic,l3,communication_laser_driver,sff_msa_compliance,模块标准兼容性,,VARCHAR,,SFP / SFP+ / QSFP / QSFP28 / QSFP-DD / OSFP / None,,,0,312,技术参数,tech_specs,[高价值/易采集] 通信节点模块形态锁定参数。决定驱动器能否直接用于标准光模块，替代料必须满足相同MSA标准，否则机械与电气均不兼容。
driver_ic_schema_v1.5.09,driver_ic,l3,e_paper_driver,epd_resolution_h_px,电子纸水平分辨率上限,,INT,,> 0,0.0,,0,299,技术参数,tech_specs,[高价值/易采集] E_Paper_Driver节点特有核心。支持电子墨水屏水平像素数上限，替代须≥原料，不足将无法驱动相同尺寸面板。
driver_ic_schema_v1.5.09,driver_ic,l3,e_paper_driver,epd_resolution_v_px,电子纸垂直分辨率上限,,INT,,> 0,0.0,,0,300,技术参数,tech_specs,[高价值/易采集] E_Paper_Driver节点特有核心。支持电子墨水屏垂直像素数上限，与水平分辨率共同确定最大可驱动面板规格，替代须≥原料。
driver_ic_schema_v1.5.09,driver_ic,l3,e_paper_driver,epd_source_voltage_max_v,源极驱动输出电压最大值,V,DOUBLE,2,10 ~ 30,10.0,30.0,0,301,技术参数,tech_specs,[高价值/难采集] E_Paper_Driver节点特有高压驱动红线。电子纸需要±15V以上高压驱动粒子翻转，输出电压不匹配直接导致显示失效，替代料须与面板高压规格严格匹配，是电子纸选型的物理生死线。
driver_ic_schema_v1.5.09,driver_ic,l3,e_paper_driver,global_refresh_time_ms,全局刷新时间,ms,DOUBLE,1,> 0,0.0,,0,303,技术参数,tech_specs,[高价值/难采集] E_Paper_Driver节点特有响应速度红线。全屏黑白刷新耗时，决定用户体验响应底线，替代须≤原料（更快），超出将导致用户可感知的刷新迟滞。
driver_ic_schema_v1.5.09,driver_ic,l3,e_paper_driver,has_partial_refresh,是否支持局部刷新,,VARCHAR,,TRUE / FALSE,,,0,304,技术参数,tech_specs,[高价值/易采集] E_Paper_Driver节点特有功能标识。是否支持区域局部刷新（降低功耗与闪烁），低功耗与动态内容应用替代必须匹配，缺失则需全屏刷新导致功耗与闪烁显著增加。
driver_ic_schema_v1.5.09,driver_ic,l3,e_paper_driver,waveform_lut_levels,波形LUT灰阶级数,,INT,,2 / 4 / 16,,,0,302,技术参数,tech_specs,[高价值/难采集] E_Paper_Driver节点特有核心。内置波形查找表支持灰阶/彩色阶数（2/4/16级），决定刷新质量与残影控制能力，替代须≥原料，降级将导致图像质量下降。
driver_ic_schema_v1.5.09,driver_ic,l3,full_bridge_gate_driver,dead_time_max_ns,死区时间最大值,ns,DOUBLE,1,> 0,0.0,,0,224,技术参数,tech_specs,[高价值/难采集] 全桥拓扑同桥臂高低侧切换死区时间上限。决定开关损耗上限与最低有效占空比，替代料需≥原料以保证调节灵活性，与最小值共同约束死区调节范围。
driver_ic_schema_v1.5.09,driver_ic,l3,full_bridge_gate_driver,dead_time_min_ns,死区时间最小值,ns,DOUBLE,1,> 0,0.0,,0,223,技术参数,tech_specs,[高价值/难采集] 全桥拓扑同桥臂高低侧切换死区时间下限。决定直通风险底线，替代料需≤原料以保证安全裕量不缩水，与最大值共同约束死区调节范围。
driver_ic_schema_v1.5.09,driver_ic,l3,full_bridge_gate_driver,has_brake_mode,制动模式支持,,VARCHAR,,TRUE / FALSE,,,0,226,技术参数,tech_specs,[高价值/易采集] 是否支持硬件制动模式（同侧下管同时导通实现快速制动）。电机驱动应用选型关键功能，影响制动响应速度与能量回收策略，替代料需一致否则需固件重新实现。
driver_ic_schema_v1.5.09,driver_ic,l3,full_bridge_gate_driver,has_cross_conduction_protection,内置交叉导通保护,,VARCHAR,,TRUE / FALSE,,,0,222,技术参数,tech_specs,[高价值/易采集] 是否内置防止同桥臂上下管同时导通的硬件互锁。全桥拓扑直通短路的核心安全防线，替代料必须具备同等级保护，无此功能需外部逻辑实现。
driver_ic_schema_v1.5.09,driver_ic,l3,full_bridge_gate_driver,has_fault_output_pin,故障输出引脚,,VARCHAR,,TRUE / FALSE,,,0,225,技术参数,tech_specs,[高价值/易采集] 是否具备故障状态输出引脚（nFAULT/FAULT）。系统级保护闭环的硬件接口，替代料必须具备同等故障上报能力，否则需重新设计MCU保护中断逻辑。
driver_ic_schema_v1.5.09,driver_ic,l3,full_bridge_gate_driver,hbridge_control_mode,H桥控制模式,,VARCHAR,,Independent / Phase_PWM / PWM_DIR / Sign_Magnitude,,,0,221,技术参数,tech_specs,[高价值/易采集] 全桥四路输出的控制逻辑模式。独立/相位/PWM+DIR模式决定与控制器固件接口方式，替代料控制模式必须与固件逻辑兼容，否则需重新开发驱动程序。
driver_ic_schema_v1.5.09,driver_ic,l3,full_bridge_gate_driver,vs_max_v,高侧浮动电源电压最大值,V,DOUBLE,0,> 0,0.0,,0,220,技术参数,tech_specs,[高价值/易采集] 全桥高侧浮动地最大允许电压。决定全桥可支持的最高母线电压，替代料需≥系统实际母线电压，是全桥电压等级核心判据。
driver_ic_schema_v1.5.09,driver_ic,l3,half_bridge_gate_driver,bootstrap_voltage_max_v,自举电压最大值,V,DOUBLE,1,> 0,0.0,,0,214,技术参数,tech_specs,[高价值/易采集] 高侧驱动自举电容两端最大允许电压。决定高侧MOSFET/IGBT可靠开通的Vgs裕量，替代料需≥原料以保证高侧可靠驱动，自举电容选型依据。
driver_ic_schema_v1.5.09,driver_ic,l3,half_bridge_gate_driver,dead_time_ns,内置死区时间,ns,DOUBLE,1,≥ 0,0.0,,0,215,技术参数,tech_specs,[高价值/难采集] 高侧与低侧驱动信号之间内置的固定死区时间。防止上下管直通的核心安全参数，替代料死区时间需≥原料且≤系统允许最大值，0表示无内置死区需外部控制。
driver_ic_schema_v1.5.09,driver_ic,l3,half_bridge_gate_driver,has_bootstrap_diode,内置自举二极管,,VARCHAR,,TRUE / FALSE,,,0,217,技术参数,tech_specs,[高价值/易采集] 是否集成自举充电二极管。集成可减少1颗外部快恢复二极管，影响BOM成本与PCB面积，替代料需一致或外部补充，直接影响电路设计复杂度。
driver_ic_schema_v1.5.09,driver_ic,l3,half_bridge_gate_driver,has_input_interlock,输入互锁保护,,VARCHAR,,TRUE / FALSE,,,0,219,技术参数,tech_specs,[高价值/易采集] 是否内置上下桥输入互锁硬件逻辑。防止控制器信号竞争导致上下管直通，替代料有此功能可简化外部保护逻辑设计，无此功能需固件补偿。
driver_ic_schema_v1.5.09,driver_ic,l3,half_bridge_gate_driver,is_dead_time_programmable,死区时间是否可编程,,VARCHAR,,TRUE / FALSE,,,0,216,技术参数,tech_specs,[高价值/易采集] 死区时间是否支持通过外部电阻/寄存器调节。可编程死区时间提升系统灵活性，适配不同功率器件Ciss差异，替代料此特性必须一致否则需重新调试时序。
driver_ic_schema_v1.5.09,driver_ic,l3,half_bridge_gate_driver,vs_max_v,高侧浮动电源电压最大值,V,DOUBLE,0,> 0,0.0,,0,213,技术参数,tech_specs,[高价值/易采集] 高侧浮动地（VS引脚）相对GND的最大允许电压。决定驱动器可支持的母线电压上限，替代料需≥系统母线电压峰值含浪涌裕量，是半桥电压等级核心判据。
driver_ic_schema_v1.5.09,driver_ic,l3,half_bridge_gate_driver,vs_negative_transient_v,VS引脚负压瞬态耐受,V,DOUBLE,1,≥ 0,0.0,,0,218,技术参数,tech_specs,[高价值/难采集] VS引脚允许的最大负压瞬态幅值（绝对值）。感性负载换相时VS节点出现负压尖峰，替代料耐受值需≥原料以防止闩锁或器件损毁，高压半桥选型必查。
driver_ic_schema_v1.5.09,driver_ic,l3,industrial_laser_driver,has_overcurrent_protection,过流保护,,VARCHAR,,TRUE / FALSE,,,0,321,技术参数,tech_specs,[高价值/易采集] 工业节点可靠性安全特征。高功率场景激光器过流会永久损毁，有无硬件保护直接影响系统可靠性设计，替代料需功能对等。
driver_ic_schema_v1.5.09,driver_ic,l3,industrial_laser_driver,operation_mode,工作模式,,VARCHAR,,CW / Pulsed / Gated / CW+Pulsed,,,0,320,技术参数,tech_specs,[高价值/易采集] 工业节点功能模式区分。CW/脉冲/门控模式决定驱动器能否满足应用场景需求，替代料需模式覆盖原料。
driver_ic_schema_v1.5.09,driver_ic,l3,industrial_laser_driver,output_impedance_ohm,输出阻抗,Ω,DOUBLE,1,> 0,0.0,,0,322,技术参数,tech_specs,[高价值/难采集] 工业节点与激光器阻抗匹配红线。失配导致反射与振铃，破坏脉冲波形质量，替代料需在允差范围内匹配激光器驱动端阻抗。
driver_ic_schema_v1.5.09,driver_ic,l3,industrial_laser_driver,pulse_peak_current_max_a,脉冲峰值电流最大值,A,DOUBLE,1,> 0,0.0,,0,314,技术参数,tech_specs,[高价值/易采集] 工业节点核心区分参数。决定能驱动的激光器功率等级（切割/打标/测距/LiDAR），替代料需 ≥ 原料值，电流不足则激光功率达不到工艺要求。
driver_ic_schema_v1.5.09,driver_ic,l3,industrial_laser_driver,pulse_repetition_max_khz,最大重复频率,kHz,DOUBLE,1,> 0,0.0,,0,317,技术参数,tech_specs,[高价值/易采集] 工业节点吞吐量上限。决定激光打标/切割速度或LiDAR点云密度，替代料需 ≥ 原料值，频率降级直接影响产能。
driver_ic_schema_v1.5.09,driver_ic,l3,industrial_laser_driver,pulse_rise_time_ns,脉冲上升时间,ns,DOUBLE,2,> 0,0.0,,0,318,技术参数,tech_specs,[高价值/难采集] 工业节点脉冲边沿质量红线。上升时间越短脉冲越陡，直接影响加工精度与LiDAR测距分辨率，替代料需 ≤ 原料值。
driver_ic_schema_v1.5.09,driver_ic,l3,industrial_laser_driver,pulse_width_max_ns,最大脉冲宽度,ns,DOUBLE,1,> 0,0.0,,0,316,技术参数,tech_specs,[高价值/易采集] 工业节点脉宽上限，与min构成完整可调区间，决定最大单脉冲能量，替代料需 ≥ 原料值以覆盖工艺窗口。
driver_ic_schema_v1.5.09,driver_ic,l3,industrial_laser_driver,pulse_width_min_ns,最小脉冲宽度,ns,DOUBLE,1,> 0,0.0,,0,315,技术参数,tech_specs,[高价值/难采集] 工业节点时域精度红线。决定激光脉冲最短持续时间，影响精密加工分辨率与LiDAR测距精度，替代料需 ≤ 原料值。
driver_ic_schema_v1.5.09,driver_ic,l3,industrial_laser_driver,trigger_input_type,触发输入类型,,VARCHAR,,TTL / LVDS / PECL / CML / 光耦隔离,,,0,319,技术参数,tech_specs,[高价值/易采集] 工业节点与控制器接口兼容性标识。TTL/LVDS/光耦隔离决定与PLC/FPGA的直接对接方式，替代料需接口电平兼容。
driver_ic_schema_v1.5.09,driver_ic,l3,isolated_gate_driver,cmti_v_per_us,共模瞬态抑制能力,V/µs,DOUBLE,0,> 0,0.0,,0,228,技术参数,tech_specs,[高价值/难采集] 隔离屏障的共模瞬态抑制能力（CMTI）。高dv/dt开关环境（SiC/GaN可达100kV/µs）下防止隔离失效的核心指标，替代料需≥原料，高频高压场景生死线。
driver_ic_schema_v1.5.09,driver_ic,l3,isolated_gate_driver,has_integrated_dcdc,集成隔离DC-DC电源,,VARCHAR,,TRUE / FALSE,,,0,231,技术参数,tech_specs,[高价值/易采集] 是否内置隔离DC-DC变换器为次级侧供电。集成电源可大幅简化外围设计减少BOM，替代料需一致否则需重新设计次级供电电路，影响PCB面积与成本。
driver_ic_schema_v1.5.09,driver_ic,l3,isolated_gate_driver,is_reinforced_isolation,加强绝缘认证,,VARCHAR,,TRUE / FALSE,,,0,230,技术参数,tech_specs,[高价值/易采集] 是否通过加强绝缘（Reinforced Insulation）认证。医疗/电网级应用强制要求，基础绝缘不可替代加强绝缘，替代料认证等级必须匹配，直接影响系统安规认证。
driver_ic_schema_v1.5.09,driver_ic,l3,isolated_gate_driver,isolation_technology,隔离技术类型,,VARCHAR,,Optocoupler / Magnetic / Capacitive / GMR,,,0,229,技术参数,tech_specs,[高价值/易采集] 实现电气隔离的物理技术路线。光耦/磁隔离/电容隔离在速度、功耗、CMTI、寿命上差异显著，替代料隔离技术需满足系统EMC与寿命要求，不同技术路线不可盲目互换。
driver_ic_schema_v1.5.09,driver_ic,l3,isolated_gate_driver,isolation_voltage_vrms,隔离耐压有效值,Vrms,DOUBLE,0,> 0,0.0,,0,227,技术参数,tech_specs,[高价值/难采集] 输入侧与输出侧之间的额定隔离耐压（Vrms，1分钟测试）。决定可安全隔离的系统母线电压等级，替代料需≥原料，是隔离驱动器最核心的安规选型参数，UL1577/VDE0884认证依据。
driver_ic_schema_v1.5.09,driver_ic,l3,isolated_gate_driver,safety_certification,安全认证等级,,VARCHAR,,UL1577 / VDE0884-11 / IEC60747-17 / CSA / None,,,0,233,技术参数,tech_specs,[高价值/易采集] 通过的电气安全认证标准。医疗/工业/能源场景强制准入门槛，替代料认证等级需≥原料，直接决定终端产品系统级安规认证可行性。
driver_ic_schema_v1.5.09,driver_ic,l3,isolated_gate_driver,viso_max_v,隔离侧电源电压最大值,V,DOUBLE,1,> 0,0.0,,0,232,技术参数,tech_specs,[高价值/易采集] 隔离输出侧（次级）电源电压上限。决定隔离驱动器次级供电设计，SiC器件常需+18V/-5V双极性供电，替代料需≥系统次级电源电压需求。
driver_ic_schema_v1.5.09,driver_ic,l3,led_matrix_driver,current_accuracy_pct,通道间电流匹配精度,%,DOUBLE,2,0.5 ~ 5.0,0.5,5.0,0,297,技术参数,tech_specs,[高价值/难采集] LED_Matrix_Driver节点特有均匀性红线。各通道电流偏差百分比，直接决定LED矩阵亮度均匀性，替代料精度须≤原料（数值越小越优），高品质显示应用不可妥协。
driver_ic_schema_v1.5.09,driver_ic,l3,led_matrix_driver,has_open_detect,是否支持开短路检测,,VARCHAR,,TRUE / FALSE,,,0,298,技术参数,tech_specs,[高价值/易采集] LED_Matrix_Driver节点特有可靠性标识。是否集成LED开路/短路故障诊断功能，高可靠性应用（车载/工控）替代必须匹配，缺失则需外部检测电路补偿。
driver_ic_schema_v1.5.09,driver_ic,l3,led_matrix_driver,led_matrix_cols,LED矩阵驱动列数,,INT,,> 0,0.0,,0,295,技术参数,tech_specs,[高价值/易采集] LED_Matrix_Driver节点特有核心。恒流输出列驱动通道数，决定阵列规模宽度，替代须≥原料，与行数共同确定最大可驱动矩阵规模。
driver_ic_schema_v1.5.09,driver_ic,l3,led_matrix_driver,led_matrix_rows,LED矩阵扫描行数,,INT,,> 0,0.0,,0,294,技术参数,tech_specs,[高价值/易采集] LED_Matrix_Driver节点特有核心。扫描矩阵行驱动能力，决定阵列规模高度，替代须≥原料，不足将无法驱动相同规模LED矩阵。
driver_ic_schema_v1.5.09,driver_ic,l3,led_matrix_driver,pwm_resolution_bits,PWM调光分辨率,,INT,,8 / 12 / 16,,,0,296,技术参数,tech_specs,[高价值/易采集] LED_Matrix_Driver节点特有灰阶参数。单LED亮度调光位数（8/12/16bit），决定灰阶级数与色深，替代须≥原料，降级将导致亮度分级粗糙或色彩失真。
driver_ic_schema_v1.5.09,driver_ic,l3,linear_led_driver,current_set_method,电流设置方式,,VARCHAR,,External_Resistor / Internal_Fixed / DAC / PWM_Analog,,,0,238,技术参数,tech_specs,[高价值/易采集] Linear 节点特有外围电路设计判据。决定外围电路设计（外部电阻设定 vs 内部固定 vs DAC），替代料须支持相同设置方式以保证 PCB 兼容，不同设置方式不可直接替代。
driver_ic_schema_v1.5.09,driver_ic,l3,linear_led_driver,dropout_voltage_max_mv,最大压差电压,mV,DOUBLE,1,> 0,0.0,,0,235,技术参数,tech_specs,[高价值/易采集] Linear 节点特有热耗散生死线。线性驱动器功耗 = Vdropout × Iout，直接决定结温与散热方案，替代料 dropout_voltage_max 须 ≤ 原料以降低热耗，是线性节点与开关节点的核心区分参数。
driver_ic_schema_v1.5.09,driver_ic,l3,linear_led_driver,load_regulation_pct,负载调整率,%,DOUBLE,2,≥ 0,0.0,,0,237,技术参数,tech_specs,[高价值/难采集] Linear 节点特有电流稳定度指标。负载变化时输出电流的稳定程度，决定 LED 在不同工况下的光通量一致性，替代料须 ≤ 原料以保证等效精度。
driver_ic_schema_v1.5.09,driver_ic,l3,linear_led_driver,output_current_accuracy_pct,输出电流精度,%,DOUBLE,1,0 < x ≤ 15,,15.0,0,236,技术参数,tech_specs,[高价值/易采集] Linear 节点特有亮度一致性红线。多通道间电流匹配度，直接决定 LED 亮度均匀性，高端商照/车灯选型关键指标，替代料精度须 ≤ 原料百分比值。
driver_ic_schema_v1.5.09,driver_ic,l3,linear_led_driver,thermal_shutdown_temp_c,热关断阈值温度,℃,DOUBLE,1,100 ~ 175,100.0,175.0,0,239,技术参数,tech_specs,[高价值/难采集] Linear 节点特有热保护边界。线性驱动器自身功耗大，热关断阈值决定系统热保护触发点，替代料须 ≥ 原料阈值以避免在正常工况下误触发保护。
driver_ic_schema_v1.5.09,driver_ic,l3,segment_lcd_driver,bias_level,偏压等级,,VARCHAR,,1/2_Bias / 1/3_Bias / 1/4_Bias / 1/5_Bias / 1/6_Bias,,,0,280,技术参数,tech_specs,[高价值/易采集] Segment_LCD_Driver节点特有核心。LCD驱动波形偏压架构（1/2、1/3、1/4 Bias），直接决定与LCD面板的电气匹配，替代必须与目标面板偏压规格严格一致，不可跨级替代。
driver_ic_schema_v1.5.09,driver_ic,l3,segment_lcd_driver,duty_ratio,扫描占空比,,VARCHAR,,Static / 1/2_Duty / 1/3_Duty / 1/4_Duty / 1/8_Duty / 1/16_Duty,,,0,281,技术参数,tech_specs,[高价值/易采集] Segment_LCD_Driver节点特有核心。COM扫描占空比（Static~1/16 Duty），决定多路复用能力与显示段数上限，替代须支持原料所需占空比。
driver_ic_schema_v1.5.09,driver_ic,l3,segment_lcd_driver,has_display_ram,内置显示RAM,,VARCHAR,,TRUE / FALSE,,,0,283,技术参数,tech_specs,[高价值/易采集] Segment_LCD_Driver节点特有架构标识。有无内置显示缓冲RAM决定主控是否需要维护显示缓冲区，影响固件架构，替代时须保持一致，否则需重写驱动逻辑。
driver_ic_schema_v1.5.09,driver_ic,l3,segment_lcd_driver,has_internal_boost,内置升压电路,,VARCHAR,,TRUE / FALSE,,,0,282,技术参数,tech_specs,[高价值/易采集] Segment_LCD_Driver节点特有核心。是否集成电荷泵/DC-DC生成LCD所需偏置高压，决定外部BOM复杂度，替代若原料有升压则替代料必须有，否则需重新设计外围电路。
driver_ic_schema_v1.5.09,driver_ic,l3,segment_lcd_driver,max_segments,最大可驱动段数,,INT,,> 0,0.0,,0,279,技术参数,tech_specs,[高价值/易采集] Segment_LCD_Driver节点特有核心。COM×SEG总段数上限，直接决定可驱动LCD面板规模，替代料须≥原料，是段码屏选型的规模生死线。
driver_ic_schema_v1.5.09,driver_ic,l3,servo_motor_driver,closed_loop_bandwidth_khz,闭环位置控制带宽,kHz,DOUBLE,2,> 0,0.0,,0,272,技术参数,tech_specs,[高价值/难采集] Servo节点速度环/位置环响应能力的核心物理红线。直接决定伺服系统动态跟随精度与抗扰能力，替代料必须 >= 原料，降低该值将导致系统振荡或响应迟滞。单位强制为kHz以保证数值精度。
driver_ic_schema_v1.5.09,driver_ic,l3,servo_motor_driver,command_interface_type,控制指令接口,,VARCHAR,,"ENUM('Pulse_Dir','Analog_±10V','CANopen','EtherCAT','PROFINET','RS485_Modbus','SPI','PWM')",,,0,275,技术参数,tech_specs,[高价值/易采集] Servo节点与上位控制器通信协议的核心区分参数。决定与运动控制器/PLC的系统级兼容性，协议不匹配则整个控制链路失效，替代时必须完全一致或向上兼容。
driver_ic_schema_v1.5.09,driver_ic,l3,servo_motor_driver,current_sense_resolution_bit,电流环采样精度,bit,INT,,>= 8 AND <= 16,8.0,,0,276,技术参数,tech_specs,[高价值/难采集] Servo节点电流闭环控制精度的物理底线。ADC位数直接决定转矩纹波与低速平稳性，高精度伺服应用（机器人关节）要求≥12bit，替代料该值必须 >= 原料。
driver_ic_schema_v1.5.09,driver_ic,l3,servo_motor_driver,encoder_interface_type,编码器接口类型,,VARCHAR,,"ENUM('ABZ_Incremental','UVW_Hall','Sin_Cos','EnDat2.2','BiSS_C','SSI','Resolver','HIPERFACE')",,,0,271,技术参数,tech_specs,[高价值/易采集] Servo节点核心区分参数。决定与位置反馈传感器的物理兼容性，选型替代时接口协议必须完全匹配，不可降级替代。枚举值覆盖主流工业编码器协议。
driver_ic_schema_v1.5.09,driver_ic,l3,servo_motor_driver,gate_drive_current_ma,内置栅极驱动能力,mA,DOUBLE,0,> 0 OR NULL,0.0,,0,277,技术参数,tech_specs,[高价值/易采集] Servo节点功率级驱动能力参数。决定可驱动外置MOSFET/IGBT的开关速度上限，直接影响开关损耗与EMI，外置功率级伺服方案选型替代时该值必须 >= 原料以保证开关时序一致。无内置栅驱则填NULL。
driver_ic_schema_v1.5.09,driver_ic,l3,servo_motor_driver,motor_phase_count,支持电机相数,,VARCHAR,,"ENUM('2','3','5')",,,0,273,技术参数,tech_specs,[高价值/易采集] Servo节点拓扑结构决定参数。三相永磁同步电机(PMSM)是伺服主流，与有刷/步进驱动器形成根本性拓扑区分，替代时相数必须严格一致。
driver_ic_schema_v1.5.09,driver_ic,l3,servo_motor_driver,peak_phase_current_a,峰值相电流,A,DOUBLE,1,> 0,0.0,,0,274,技术参数,tech_specs,[高价值/易采集] Servo节点过载能力核心红线。伺服系统加减速瞬间需要3~5倍额定电流，峰值电流决定系统最大加速转矩上限，替代料峰值电流必须 >= 原料，否则过载保护误触发。
driver_ic_schema_v1.5.09,driver_ic,l3,servo_motor_driver,pwm_carrier_freq_max_khz,PWM载波频率最大值,kHz,DOUBLE,1,> 0,0.0,,0,278,技术参数,tech_specs,[高价值/易采集] Servo节点专属载波频率参数。伺服系统FOC算法的PWM频率（通常8~20kHz）直接影响电流纹波、音频噪声与铁损，与步进STEP脉冲频率物理含义完全不同，替代料该值必须 >= 原料以保证控制算法兼容性。
driver_ic_schema_v1.5.09,driver_ic,l3,single_dual_gate_driver,channel_count,驱动通道数,,INT,,1 / 2,,,0,207,技术参数,tech_specs,[高价值/易采集] 单双通道节点特有核心路由参数。1通道不可替代2通道，决定单管/双管独立驱动能力，替代料必须严格匹配。
driver_ic_schema_v1.5.09,driver_ic,l3,single_dual_gate_driver,enable_pin_active_level,使能引脚有效电平,,VARCHAR,,Active_High / Active_Low / None,,,0,210,技术参数,tech_specs,[高价值/易采集] 使能控制引脚的有效触发电平。决定系统保护逻辑与MCU IO极性设计，替代料必须一致否则需外部反相，直接影响固件兼容性。
driver_ic_schema_v1.5.09,driver_ic,l3,single_dual_gate_driver,is_dual_independent,双通道独立使能,,VARCHAR,,TRUE / FALSE,,,0,209,技术参数,tech_specs,[高价值/易采集] 双通道时两路是否具备独立使能控制。独立使能支持两路异步控制（如H桥独立臂控制），替代料功能必须匹配，否则需外部逻辑补偿。
driver_ic_schema_v1.5.09,driver_ic,l3,single_dual_gate_driver,max_switching_freq_mhz,最大开关频率,MHz,DOUBLE,1,> 0,0.0,,0,212,技术参数,tech_specs,[高价值/难采集] 单双通道节点高频应用生死线。决定可支持的PWM频率上限，GaN/SiC高频场景选型必查，替代料需≥原料。
driver_ic_schema_v1.5.09,driver_ic,l3,single_dual_gate_driver,output_polarity,输出极性,,VARCHAR,,Non_Inverting / Inverting / Complementary,,,0,208,技术参数,tech_specs,[高价值/易采集] 驱动输出相对输入的极性关系。同相/反相/互补决定与控制器PWM信号的直接连接方式，替代料极性必须一致，否则需外部反相电路。
driver_ic_schema_v1.5.09,driver_ic,l3,single_dual_gate_driver,uvlo_threshold_v,欠压锁定阈值,V,DOUBLE,1,> 0,0.0,,0,211,技术参数,tech_specs,[高价值/易采集] 内置欠压锁定保护触发阈值。低于此值输出强制关闭，防止MOSFET/IGBT欠驱动进入线性区过热，替代料阈值需与系统最低供电电压匹配。
driver_ic_schema_v1.5.09,driver_ic,l3,stepper_motor_driver,decay_mode,电流衰减模式,,VARCHAR,,Slow / Fast / Mixed / Auto / Smart_Tune,,,0,270,技术参数,tech_specs,电流衰减模式直接影响步进电机低速运行时的噪声、振动和效率，是步进驱动器差异化选型的核心参数。不同应用场景（3D 打印、工业 CNC、相机云台）对衰减模式有明确要求，现有 Stepper L3 仅有 max_microstep_division 和 phase_current_max_a，无法覆盖此选型维度。
driver_ic_schema_v1.5.09,driver_ic,l3,stepper_motor_driver,max_microstep_division,最大微步细分数,,INT,,1 / 2 / 4 / 8 / 16 / 32 / 64 / 128 / 256,,,0,268,技术参数,tech_specs,[高价值/易采集] Stepper_Motor_Driver特有核心。最高支持的细分数（如256=1/256步），直接决定定位精度与低速平滑度，替代料须≥原料细分需求。
driver_ic_schema_v1.5.09,driver_ic,l3,stepper_motor_driver,phase_current_max_a,最大相电流,A,DOUBLE,2,> 0,0.0,,0,269,技术参数,tech_specs,[高价值/易采集] Stepper_Motor_Driver特有。驱动器可输出的最大相电流，直接决定步进电机可产生的最大转矩，替代料须≥原料以保证扭矩余量。
driver_ic_schema_v1.5.09,driver_ic,l3,switching_led_driver,efficiency_peak_pct,峰值效率,%,DOUBLE,1,50 ~ 100,50.0,100.0,0,241,技术参数,tech_specs,[高价值/易采集] Switching 节点核心能效指标。直接决定系统热耗散与电池/电源寿命，开关型效率通常 >85%，替代料效率须 ≥ 原料标称值以保证热设计不恶化。
driver_ic_schema_v1.5.09,driver_ic,l3,switching_led_driver,output_voltage_max_v,最大输出电压,V,DOUBLE,2,> 0,0.0,,0,244,技术参数,tech_specs,[高价值/易采集] Switching 节点 LED 串驱动能力上限。决定可串联 LED 数量，替代料须 ≥ 原料应用所需输出电压，不足则无法驱动原有 LED 串。
driver_ic_schema_v1.5.09,driver_ic,l3,switching_led_driver,requires_external_inductor,是否需要外部电感,,VARCHAR,,TRUE / FALSE,,,0,245,技术参数,tech_specs,[高价值/易采集] Switching 节点 BOM 与 PCB 面积决策参数。集成电感方案节省空间但成本高，替代选型需确认 BOM 变更与 PCB Layout 影响，不同方案不可直接替代。
driver_ic_schema_v1.5.09,driver_ic,l3,switching_led_driver,switch_current_peak_ma,内部开关管峰值电流,mA,DOUBLE,1,> 0,0.0,,0,243,技术参数,tech_specs,[高价值/易采集] Switching 节点电感选型基础。决定外部电感饱和电流需求，替代料须与电感峰值电流规格联动匹配，峰值电流不足将导致电感饱和失控。
driver_ic_schema_v1.5.09,driver_ic,l3,switching_led_driver,switch_voltage_rating_v,内部开关管耐压,V,DOUBLE,1,> 0,0.0,,0,242,技术参数,tech_specs,[高价值/易采集] Switching 节点可靠性红线。决定内部 MOSFET 的耐压裕量，替代料须 ≥ 原料应用电压 × 1.2 安全系数，耐压不足将导致器件击穿失效。
driver_ic_schema_v1.5.09,driver_ic,l3,switching_led_driver,switching_topology,开关拓扑类型,,VARCHAR,,Buck / Boost / Buck-Boost / SEPIC / Flyback / Other,,,0,240,技术参数,tech_specs,[高价值/易采集] Switching 节点最核心区分参数。Buck/Boost/Buck-Boost/SEPIC/Flyback 决定升降压能力、电感/二极管/开关管选型逻辑与外围电路设计，替代料拓扑须与原料一致或为功能超集，不同拓扑不可直接替代。
driver_ic_schema_v1.5.09,driver_ic,l3,tcon,has_vrr_support,是否支持可变刷新率,,VARCHAR,,TRUE / FALSE,,,0,293,技术参数,tech_specs,[高价值/易采集] TCON节点特有功能标识。是否支持Adaptive-Sync/FreeSync/G-Sync可变刷新率，游戏显示与车载HMI替代必须匹配，缺失则需系统级重新评估。
driver_ic_schema_v1.5.09,driver_ic,l3,tcon,lvds_lane_count,差分输出通道数,,INT,,1 / 2 / 4 / 8 / 16,,,0,291,技术参数,tech_specs,[高价值/易采集] TCON节点特有核心。LVDS/eDP/V-by-One差分对数，决定面板侧带宽上限与线材成本，替代须≥原料带宽需求，不足将限制分辨率或帧率。
driver_ic_schema_v1.5.09,driver_ic,l3,tcon,max_refresh_rate_hz,最大刷新率,Hz,INT,,60 / 120 / 144 / 165 / 240 / 360,,,0,292,技术参数,tech_specs,[高价值/易采集] TCON节点特有速度红线。支持面板最高刷新率，电竞/车载高刷应用替代须≥原料，不足将导致帧率下降或画面撕裂。
driver_ic_schema_v1.5.09,driver_ic,l3,tcon,panel_resolution_h_px,面板水平分辨率上限,,INT,,> 0,0.0,,0,289,技术参数,tech_specs,[高价值/易采集] TCON节点特有核心。支持面板水平像素数上限，时序匹配第一关，替代须≥原料，否则无法驱动同等分辨率面板。
driver_ic_schema_v1.5.09,driver_ic,l3,tcon,panel_resolution_v_px,面板垂直分辨率上限,,INT,,> 0,0.0,,0,290,技术参数,tech_specs,[高价值/易采集] TCON节点特有核心。支持面板垂直像素数上限，时序匹配第二关，与水平分辨率共同确定最大面板规格，替代须≥原料。
driver_ic_schema_v1.5.09,driver_ic,l3,tft_oled_source_driver,gamma_resolution_bits,Gamma校正DAC位数,,INT,,6 / 8 / 10 / 12,,,0,285,技术参数,tech_specs,[高价值/难采集] TFT_OLED_Source_Driver节点特有核心。Gamma校正DAC位数（6/8/10/12bit），决定色彩灰阶精度，替代须≥原料，降级将导致色彩失真，高端显示应用不可妥协。
driver_ic_schema_v1.5.09,driver_ic,l3,tft_oled_source_driver,has_demura_support,是否支持Demura补偿,,VARCHAR,,TRUE / FALSE,,,0,288,技术参数,tech_specs,[高价值/易采集] TFT_OLED_Source_Driver节点特有功能标识。是否集成OLED面板亮度不均补偿（Demura）硬件接口，OLED高端应用替代必须匹配，缺失则需软件补偿或重新标定。
driver_ic_schema_v1.5.09,driver_ic,l3,tft_oled_source_driver,output_swing_max_v,源极输出电压摆幅最大值,V,DOUBLE,2,> 0,0.0,,0,286,技术参数,tech_specs,[高价值/难采集] TFT_OLED_Source_Driver节点特有模拟输出红线。源极输出电压摆幅决定与面板像素电极的驱动匹配，替代料须覆盖原料摆幅范围，不足将导致画面对比度下降或显示异常。
driver_ic_schema_v1.5.09,driver_ic,l3,tft_oled_source_driver,panel_type,面板类型支持,,VARCHAR,,TFT-LCD / AMOLED / PMOLED / LTPS / Oxide-TFT,,,0,287,技术参数,tech_specs,[高价值/易采集] TFT_OLED_Source_Driver节点特有介质标识。TFT与OLED驱动电路架构差异显著，替代时必须确认面板类型匹配，不可跨类替代，否则驱动时序与电压均不兼容。
driver_ic_schema_v1.5.09,driver_ic,l3,tft_oled_source_driver,source_output_channels,源极输出通道数,,INT,,> 0,0.0,,0,284,技术参数,tech_specs,[高价值/易采集] TFT_OLED_Source_Driver节点特有核心。源极（列）驱动通道数，决定可驱动面板水平分辨率（像素×RGB=通道数），替代料须≥原料，是TFT/OLED面板选型的分辨率生死线。
driver_ic_schema_v1.5.09,driver_ic,l3,three_phase_gate_driver,vs_max_v,高侧浮动电源电压最大值,V,DOUBLE,0,> 0,0.0,,0,234,技术参数,tech_specs,[高价值/易采集] 三相桥高侧浮动地最大允许电压。决定三相驱动器可支持的最高母线电压，替代料需≥系统实际母线电压，是三相驱动器电压等级核心判据，新能源汽车800V平台选型必查。
driver_ic_schema_v1.5.09,driver_ic,l3,vcsel_driver,channel_count,驱动通道数,,INT,,≥ 1,1.0,,0,323,技术参数,tech_specs,[高价值/易采集] VCSEL节点核心区分参数。VCSEL阵列应用（3D感知/并行光互连）需多通道同步驱动，通道数决定系统架构，替代料需 ≥ 原料值。
driver_ic_schema_v1.5.09,driver_ic,l3,vcsel_driver,drive_mode,驱动拓扑模式,,VARCHAR,,Common_Cathode / Common_Anode / Bipolar,,,0,324,技术参数,tech_specs,[高价值/易采集] VCSEL节点电路拓扑核心区分参数。共阴/共阳/双极性模式决定VCSEL阵列的电路连接方式，替代料必须拓扑完全一致，否则电路不兼容。
driver_ic_schema_v1.5.09,driver_ic,l3,vcsel_driver,has_apc,自动功率控制,,VARCHAR,,TRUE / FALSE,,,0,325,技术参数,tech_specs,[高价值/易采集] VCSEL节点温漂补偿核心特征。VCSEL阈值电流随温度漂移显著，APC闭环控制维持光功率稳定，3D感知/ToF场景必须具备，替代料需功能对等。
driver_ic_schema_v1.5.09,driver_ic,l3,vcsel_driver,has_mpd_input,背光监控输入,,VARCHAR,,TRUE / FALSE,,,0,326,技术参数,tech_specs,[高价值/易采集] VCSEL节点APC闭环反馈硬件前提。监控光电二极管电流输入是实现APC的必要接口，无此接口则APC无法实现，替代料需功能对等。
driver_ic_schema_v1.5.09,driver_ic,l3,vcsel_driver,mod_current_rise_time_ps,调制电流上升时间,ps,DOUBLE,1,> 0,0.0,,0,328,技术参数,tech_specs,[高价值/难采集] VCSEL节点脉冲边沿质量红线。ToF/结构光系统中上升时间直接影响测距精度与空间分辨率，替代料需 ≤ 原料值。
driver_ic_schema_v1.5.09,driver_ic,l3,vcsel_driver,per_channel_mod_current_max_ma,单通道调制电流最大值,mA,DOUBLE,1,> 0,0.0,,0,327,技术参数,tech_specs,[高价值/易采集] VCSEL节点每通道驱动能力上限。决定单个VCSEL发射单元的光功率，多通道场景需逐通道核查，替代料需 ≥ 原料值。
