id,partno,brand,category,category2,note_cn,sql_l2,sql_l3,gemini_l3,qwen_l3,deepseek_l3,gold_l2,gold_l3,gold_snippet,gold_source,gold_source_type,gold_confidence,sql_correct,gemini_correct,qwen_correct,deepseek_correct
18,5962-87681012A,TI,PWM控制器,开关式稳压器或控制器,高速PWM控制器,voltage_regulator,dcdc_switching,dcdc_switching,dcdc_switching,dcdc_switching,dcdc,dcdc_switching,5962-8768 SMD: TL1451 dual PWM switching regulator (TI),,known-series,medium,1,1,1,1
19,5962-8768101EA,TI,PWM控制器,开关式稳压器或控制器,高速PWM控制器,voltage_regulator,dcdc_switching,dcdc_switching,dcdc_switching,dcdc_switching,voltage_regulator,dcdc_switching,TI 5962-8768101EA: military PWM controller (UC1825-family),ti.com/uc1825,external_web,1.0,1,1,1,1
20,5962-8768101QFA,TI,,开关式稳压器或控制器,高速PWM控制器,voltage_regulator,dcdc_switching,dcdc_switching,dcdc_switching,dcdc_switching,dcdc,dcdc_switching,5962-8768: TI military-grade TL1451 dual PWM switching regulator,,known-series,high,1,1,1,1
21,5962-8768101V2A,TI,PWM控制器,开关式稳压器或控制器,高速PWM控制器,voltage_regulator,dcdc_switching,dcdc_switching,dcdc_switching,dcdc_switching,voltage_regulator,dcdc_switching,TI 5962-8768101V2A: military-rated PWM controller (UC1846/UC185x family),ti.com/uc1846,external_web,1.0,1,1,1,1
22,5962-8768101VEA,TI,,开关式稳压器或控制器,高速PWM控制器,voltage_regulator,dcdc_switching,dcdc_switching,dcdc_switching,dcdc_switching,dcdc,dcdc_switching,5962-8768: TI military-grade TL1451 PWM switching regulator,,known-series,high,1,1,1,1
117,IRIS-F6456S,INFINEON,,开关式稳压器或控制器,集成开关调节器,voltage_regulator,dcdc_switching,dcdc_switching,dcdc_switching,dcdc_switching,dcdc,dcdc_switching,IRIS-F6456S: integrated switcher with built-in power MOSFET for flyback SMPS (IR/Infineon),,ext-datasheet,high,1,1,1,1
118,IRS2153D,INFINEON,,MOSFET 驱动器,自激振荡半。41驱动器IC,driver_ic,gate_driver,gate_driver,gate_driver,gate_driver,driver_ic,gate_driver,IRS2153D: self-oscillating half-bridge gate driver (IR/Infineon),,known-series,high,1,1,1,1
120,IRS2153DSPBF,INFINEON,FET驱动器,外围驱动器,自激振荡半。41驱动器IC,driver_ic,gate_driver,gate_driver,gate_driver,gate_driver,driver_ic,gate_driver,IRS2153D: self-oscillating half-bridge gate driver (IR/Infineon),,known-series,high,1,1,1,1
129,L6997S,STMICROELECTRONICS,DC/DC转换器,开关式稳压器或控制器,降压控制器，适用于低压OPERATIONS,voltage_regulator,dcdc_switching,dcdc_switching,dcdc_switching,dcdc_switching,dcdc,dcdc_switching,L6997: 5V to 28V input synchronous step-down controller (ST),,known-series,high,1,1,1,1
130,L6997STR,STMICROELECTRONICS,,开关式稳压器或控制器,降压控制器，适用于低压OPERATIONS,voltage_regulator,dcdc_switching,dcdc_switching,dcdc_switching,dcdc_switching,dcdc,dcdc_switching,L6997: synchronous step-down controller (ST),,known-series,high,1,1,1,1
145,LTC1875EGN,Linear,DC/DC转换器,开关式稳压器或控制器,15毫安静态电流1.5A单片同步降压型稳压器,voltage_regulator,dcdc_switching,dcdc_switching,dcdc_switching,dcdc_switching,voltage_regulator,dcdc_switching,Linear Tech LTC1875: 15uA quiescent 1.5A monolithic synchronous step-down regulator,analog.com/ltc1875,external_web,1.0,1,1,1,1
192,NJM2891PB1-0303,NJRC,,线性稳压器IC,2路低压差稳压器,voltage_regulator,ldo_regulator,ldo_regulator,ldo_regulator,ldo_regulator,ldo_regulator,ldo_regulator,NJM2891: low dropout 3-terminal regulator (NJR),,known-series,high,1,1,1,1
193,NJM2891PB1-0328,NJRC,,线性稳压器IC,2路低压差稳压器,voltage_regulator,ldo_regulator,ldo_regulator,ldo_regulator,ldo_regulator,ldo_regulator,ldo_regulator,NJM2891: LDO regulator (NJR),,known-series,high,1,1,1,1
194,NJM2891PB1-0521,NJRC,,线性稳压器IC,2路低压差稳压器,voltage_regulator,ldo_regulator,ldo_regulator,ldo_regulator,ldo_regulator,ldo_regulator,ldo_regulator,NJM2891: LDO regulator (NJR),,known-series,high,1,1,1,1
195,NJM2891PB1-2121,NJRC,,线性稳压器IC,2路低压差稳压器,voltage_regulator,ldo_regulator,ldo_regulator,ldo_regulator,ldo_regulator,ldo_regulator,ldo_regulator,NJM2891: LDO regulator (NJR),,known-series,high,1,1,1,1
196,NJM2891PB1-2725,NJRC,,线性稳压器IC,2路低压差稳压器,voltage_regulator,ldo_regulator,ldo_regulator,ldo_regulator,ldo_regulator,voltage_regulator,ldo_regulator,NJRC NJM2891: Adjustable dual LDO regulator series,njr.com/NJM2891,external_web,1.0,1,1,1,1
197,NJM2891PB1-2727,NJRC,,线性稳压器IC,2路低压差稳压器,voltage_regulator,ldo_regulator,ldo_regulator,ldo_regulator,ldo_regulator,ldo_regulator,ldo_regulator,NJM2891: LDO regulator (NJR),,known-series,high,1,1,1,1
198,NJM2891PB1-2825,NJRC,,线性稳压器IC,2路低压差稳压器,voltage_regulator,ldo_regulator,ldo_regulator,ldo_regulator,ldo_regulator,ldo_regulator,ldo_regulator,NJM2891: LDO regulator (NJR),,known-series,high,1,1,1,1
199,NJM2891PB1-2828,NJRC,,线性稳压器IC,2路低压差稳压器,voltage_regulator,ldo_regulator,ldo_regulator,ldo_regulator,ldo_regulator,ldo_regulator,ldo_regulator,NJM2891: LDO regulator (NJR),,known-series,high,1,1,1,1
200,NJM2891PB1-2929,NJRC,,线性稳压器IC,2路低压差稳压器,voltage_regulator,ldo_regulator,ldo_regulator,ldo_regulator,ldo_regulator,ldo_regulator,ldo_regulator,NJM2891: LDO regulator 3-pin series (NJR),,known-series,high,1,1,1,1
202,NJM2891PB1-J18,NJRC,,线性稳压器IC,2路低压差稳压器,voltage_regulator,ldo_regulator,ldo_regulator,ldo_regulator,ldo_regulator,voltage_regulator,ldo_regulator,NJRC NJM2891: Adjustable dual LDO regulator series,njr.com/NJM2891,external_web,1.0,1,1,1,1
230,REF02,ADI,,,5 V精密基准电压源/温度传感器,bms_supervisor,voltage_ref,voltage_ref,voltage_ref,voltage_ref,voltage_ref,voltage_ref,REF02: 5V precision voltage reference (ADI),,known-series,high,1,1,1,1
231,REF02AJ/883C,ADI,,,5 V精密基准电压源/温度传感器,bms_supervisor,voltage_ref,voltage_ref,voltage_ref,voltage_ref,voltage_ref,voltage_ref,"REF02A: 5V precision voltage reference, military grade (ADI)",,known-series,high,1,1,1,1
232,REF02AZ,ADI,电压基准芯片,,5 V精密基准电压源/温度传感器,bms_supervisor,voltage_ref,voltage_ref,voltage_ref,voltage_ref,voltage_ref,voltage_ref,REF02A: 5V precision voltage reference (ADI),,known-series,high,1,1,1,1
234,REF02Z,ADI,电压基准芯片,,5 V精密基准电压源/温度传感器,bms_supervisor,voltage_ref,voltage_ref,voltage_ref,voltage_ref,voltage_ref,voltage_ref,REF02: +5V precision voltage reference (ADI),,known-series,high,1,1,1,1
237,RY-2424S,RECOM,,电源模块,1瓦SIP7和DIP14单和双输出,voltage_regulator,dcdc_switching,dcdc_switching,dcdc_switching,dcdc_switching,dcdc,dcdc_switching,RY-2424S: 1W 24V isolated DC-DC converter module (Recom),,ext-datasheet,high,1,1,1,1
268,SP7648ER,SIPEX,,开关式稳压器或控制器,低基准高效率升压型稳压器,voltage_regulator,dcdc_switching,dcdc_switching,dcdc_switching,dcdc_switching,dcdc,dcdc_switching,SP7648: synchronous step-down DC-DC (Sipex),,known-series,high,1,1,1,1
269,SP7648ER/TR,SIPEX,,开关式稳压器或控制器,低基准高效率升压型稳压器,voltage_regulator,dcdc_switching,dcdc_switching,dcdc_switching,dcdc_switching,dcdc,dcdc_switching,SP7648: synchronous step-down DC-DC (Sipex),,known-series,high,1,1,1,1
270,SP7648EU,SIPEX,,开关式稳压器或控制器,低基准高效率升压型稳压器,voltage_regulator,dcdc_switching,dcdc_switching,dcdc_switching,dcdc_switching,dcdc,dcdc_switching,SP7648: synchronous step-down DC-DC (Sipex),,known-series,high,1,1,1,1
271,SP7648EU/TR,SIPEX,,开关式稳压器或控制器,低基准高效率升压型稳压器,voltage_regulator,dcdc_switching,dcdc_switching,dcdc_switching,dcdc_switching,voltage_regulator,dcdc_switching,Sipex SP7648: Low-reference high-efficiency boost DC-DC converter (LED driving for Li-Ion),maxlinear.com/sp7648,external_web,1.0,1,1,1,1
301,UC1825J,TI,PWM控制器,开关式稳压器或控制器,高速PWM控制器,voltage_regulator,dcdc_switching,dcdc_switching,dcdc_switching,dcdc_switching,voltage_regulator,dcdc_switching,TI UC1825: High Speed PWM Controller (for SMPS),ti.com/product/uc1825,external_web,1.0,1,1,1,1
302,UC1825J883B,TI,PWM控制器,开关式稳压器或控制器,高速PWM控制器,voltage_regulator,dcdc_switching,dcdc_switching,dcdc_switching,dcdc_switching,voltage_regulator,dcdc_switching,TI UC1825J883B: High-Speed PWM Controller (military),ti.com/uc1825,external_web,1.0,1,1,1,1
303,UC3874Q-1,TI,,开关式稳压器或控制器,高效率，同步，降压降压控制器,voltage_regulator,dcdc_switching,dcdc_switching,dcdc_switching,dcdc_switching,dcdc,dcdc_switching,UC3874: high-efficiency synchronous step-down buck controller (TI),,ext-datasheet,high,1,1,1,1
356,24SWRPQE,MAXWELL,,MOSFET 驱动器,24通道MOSFET驱动器,driver_ic,gate_driver,gate_driver,gate_driver,gate_driver,driver_ic,gate_driver,Maxwell 24SW: 24-channel MOSFET driver (Maxwell Technologies),,ext-datasheet,high,1,1,1,1
470,AHF2805D,INFINEON,,电源模块,28V输入，单输出和双输出,voltage_regulator,dcdc_switching,dcdc_switching,dcdc_switching,dcdc_switching,dcdc,dcdc_switching,AHF2805D: high-reliability isolated DC-DC converter module (Infineon/IR),,ext-datasheet,high,1,1,1,1
558,FX5545G0052V7B1,VISHAY,,电源模块,业界最小和薄型5W 1.5A DC / DC降压转换器具有高输出功率密度,voltage_regulator,dcdc_switching,dcdc_switching,dcdc_switching,dcdc_switching,dcdc,dcdc_switching,FX5545G0052V7B1: DC-DC converter module (Vishay Siliconix),,known-series,high,1,1,1,1
559,FX5545G005ADJT2,VISHAY,,电源模块,业界最小和薄型5W 1.5A DC / DC降压转换器具有高输出功率密度,voltage_regulator,dcdc_switching,dcdc_switching,dcdc_switching,dcdc_switching,dcdc,dcdc_switching,FX5545G005: DC-DC converter module (Vishay Siliconix),,known-series,medium,1,1,1,1
560,FX5545G005ADJT2E2,VISHAY,,电源模块,业界最小和薄型5W 1.5A DC / DC降压转换器具有高输出功率密度,voltage_regulator,dcdc_switching,dcdc_switching,dcdc_switching,dcdc_switching,voltage_regulator,dcdc_switching,Vishay FX5545G005: 5W 1.5A DC/DC Buck Converter (synchronous PWM),alldatasheet.com/FX5545G005,external_web,1.0,1,1,1,1
613,LM2678SD-12,NSC,,开关式稳压器或控制器,SIMPLE SWITCHER高效5A降压型稳压器,voltage_regulator,dcdc_switching,dcdc_switching,dcdc_switching,dcdc_switching,dcdc,dcdc_switching,LM2678: SIMPLE SWITCHER high-efficiency step-down DC-DC (NSC),,known-series,high,1,1,1,1
614,LM2678SD-3.3,NSC,,开关式稳压器或控制器,SIMPLE SWITCHER高效5A降压型稳压器,voltage_regulator,dcdc_switching,dcdc_switching,dcdc_switching,dcdc_switching,dcdc,dcdc_switching,LM2678: SIMPLE SWITCHER high-efficiency step-down (NSC),,known-series,high,1,1,1,1
616,LM4040D41IDCKRE4,TI,,参考电压源,精密微功耗并联型电压基准,bms_supervisor,voltage_ref,voltage_ref,voltage_ref,voltage_ref,voltage_ref,voltage_ref,LM4040: precision micropower shunt voltage reference (TI),,known-series,high,1,1,1,1
617,LM4040D50IDCKRE4,TI,电压基准芯片,,精密微功耗并联型电压基准,bms_supervisor,voltage_ref,voltage_ref,voltage_ref,voltage_ref,voltage_ref,voltage_ref,LM4040: precision micropower shunt voltage reference (TI),,known-series,high,1,1,1,1
619,LP3852ET-1.8,NSC,,线性稳压器IC,1.5A快速响应超低压降线性稳压器,voltage_regulator,ldo_regulator,ldo_regulator,ldo_regulator,ldo_regulator,ldo_regulator,ldo_regulator,LP3852: SOT-223 1.5A LDO regulator (NSC/TI),,known-series,high,1,1,1,1
620,LP3852ET-2.5,NSC,,线性稳压器IC,1.5A快速响应超低压降线性稳压器,voltage_regulator,ldo_regulator,ldo_regulator,ldo_regulator,ldo_regulator,ldo_regulator,ldo_regulator,LP3852: SOT-223 1.5A LDO regulator (NSC/TI),,known-series,high,1,1,1,1
635,MB3887PFV,FUJITSU,,开关式稳压器或控制器,DC / DC转换器IC，适用于充电锂离子电池,voltage_regulator,dcdc_switching,battery_charger,battery_charger,battery_charger,bms_supervisor,battery_charger,Fujitsu: DC/DC Converter IC for Charging Li-ion battery,alldatasheet.com/MB3887PFV,external_web,1.0,0,1,1,1
731,PT5541A,TI,DC/DC转换器,开关式稳压器或控制器,12 -W 5 V输入升压（升压）集成开关稳压器,voltage_regulator,dcdc_switching,dcdc_switching,dcdc_switching,dcdc_switching,dcdc,dcdc_switching,PT5541A: non-isolated DC-DC converter module (TI),,known-series,high,1,1,1,1
737,R24P15D,RECOM,,电源模块,EUROLINE DC / DC转换器,voltage_regulator,dcdc_switching,dcdc_switching,dcdc_switching,dcdc_switching,dcdc,dcdc_switching,"R24P15D: 1W DC-DC converter module, 24V in, ±15V out (Recom)",,ext-datasheet,high,1,1,1,1
738,R24P3.3D,RECOM,,电源模块,EUROLINE DC / DC转换器,voltage_regulator,dcdc_switching,dcdc_switching,dcdc_switching,dcdc_switching,dcdc,dcdc_switching,"R24P3.3D: 1W DC-DC converter module, 24V in (Recom)",,ext-datasheet,high,1,1,1,1
825,5962-0420501HPC,AGILENT,,光耦合器,0.5安培输出电流IGBT栅极驱动光电耦合器,driver_ic,gate_driver,gate_driver,gate_driver,gate_driver,driver_ic,gate_driver,5962-0420501: military-grade Agilent/Avago optocoupler gate driver,,known-series,high,1,1,1,1
826,5962-0420501HPX,AGILENT,,光耦合器,0.5安培输出电流IGBT栅极驱动光电耦合器,driver_ic,gate_driver,gate_driver,gate_driver,gate_driver,driver_ic,gate_driver,5962-0420501: military-grade Avago optocoupler gate driver,,known-series,high,1,1,1,1
827,5962-0420501HXA,AGILENT,,光耦合器,0.5安培输出电流IGBT栅极驱动光电耦合器,driver_ic,gate_driver,gate_driver,gate_driver,gate_driver,driver_ic,gate_driver,5962-0420501: military-grade Avago optocoupler gate driver,,known-series,high,1,1,1,1
829,5962-0420501HYC,AGILENT,,光耦合器,0.5安培输出电流IGBT栅极驱动光电耦合器,driver_ic,gate_driver,gate_driver,gate_driver,gate_driver,driver_ic,gate_driver,5962-0420501: military-grade Avago optocoupler gate driver,,known-series,high,1,1,1,1
906,BQ24702PW,TI,电池管理芯片,电源管理电路,多化学类型电池充电控制器和系统电源选择器,bms_supervisor,battery_charger,battery_charger,battery_charger,battery_charger,battery_charger,battery_charger,BQ24702: Li+/NiMH battery charge controller (TI),,known-series,high,1,1,1,1
907,BQ24702PWG4,TI,电池管理芯片,,多化学类型电池充电控制器和系统电源选择器,bms_supervisor,battery_charger,battery_charger,battery_charger,battery_charger,battery_charger,battery_charger,BQ24702: battery charge controller (TI),,known-series,high,1,1,1,1
908,BQ24702PWR,TI,电池管理芯片,电源管理电路,多化学类型电池充电控制器和系统电源选择器,bms_supervisor,battery_charger,battery_charger,battery_charger,battery_charger,battery_charger,battery_charger,BQ24702: battery charge controller (TI),,known-series,high,1,1,1,1
909,BQ24702PWRG4,TI,电池管理芯片,电源管理电路,多化学类型电池充电控制器和系统电源选择器,bms_supervisor,battery_charger,battery_charger,battery_charger,battery_charger,battery_charger,battery_charger,BQ24702: Li+/NiMH battery charge controller (TI),,known-series,high,1,1,1,1
910,BQ24703PW,TI,电池管理芯片,电源管理电路,多化学类型电池充电控制器和系统电源选择器,bms_supervisor,battery_charger,battery_charger,battery_charger,battery_charger,battery_charger,battery_charger,BQ24703: battery charger w/ power path select (TI),,known-series,high,1,1,1,1
911,BQ24703PWR,TI,电池管理芯片,电源管理电路,多化学类型电池充电控制器和系统电源选择器,bms_supervisor,battery_charger,battery_charger,battery_charger,battery_charger,battery_charger,battery_charger,BQ24703: battery charge controller (TI),,known-series,high,1,1,1,1
912,BQ24703PWRG4,TI,电池管理芯片,,多化学类型电池充电控制器和系统电源选择器,bms_supervisor,battery_charger,battery_charger,battery_charger,battery_charger,battery_charger,battery_charger,BQ24703: battery charge controller (TI),,known-series,high,1,1,1,1
913,BQ24703RHDR,TI,电池管理芯片,电源管理电路,多化学类型电池充电控制器和系统电源选择器,bms_supervisor,battery_charger,battery_charger,battery_charger,battery_charger,bms_supervisor,battery_charger,TI BQ24703: Notebook Battery Charger Controller (same as 914),ti.com/BQ24703,external_web,1.0,1,1,1,1
914,BQ24703RHDRG4,TI,电池管理芯片,电源管理电路,多化学类型电池充电控制器和系统电源选择器,bms_supervisor,battery_charger,battery_charger,battery_charger,battery_charger,bms_supervisor,battery_charger,TI BQ24703: Notebook Battery Charger Controller,ti.com/BQ24703,external_web,1.0,1,1,1,1
987,HCPL-5150,AGILENT,,光耦合器,0.5安培输出电流IGBT栅极驱动光电耦合器,driver_ic,gate_driver,gate_driver,gate_driver,gate_driver,driver_ic,gate_driver,"HCPL-5150: optocoupler gate driver 0.4A, military (Avago)",,known-series,high,1,1,1,1
988,HCPL-5150-100,AGILENT,,光耦合器,0.5安培输出电流IGBT栅极驱动光电耦合器,driver_ic,gate_driver,gate_driver,gate_driver,gate_driver,driver_ic,gate_driver,"HCPL-5150: optocoupler gate driver 0.4A, military (Avago)",,known-series,high,1,1,1,1
990,HCPL-5150-300,AGILENT,,光耦合器,0.5安培输出电流IGBT栅极驱动光电耦合器,driver_ic,gate_driver,gate_driver,gate_driver,gate_driver,driver_ic,gate_driver,HCPL-5150: optocoupler gate driver (Avago),,known-series,high,1,1,1,1
991,HCPL-5151,AGILENT,,光耦合器,0.5安培输出电流IGBT栅极驱动光电耦合器,driver_ic,gate_driver,gate_driver,gate_driver,gate_driver,driver_ic,gate_driver,HCPL-5151: optocoupler gate driver (Avago),,known-series,high,1,1,1,1
994,HCPL-5151-300,AGILENT,,光耦合器,0.5安培输出电流IGBT栅极驱动光电耦合器,driver_ic,gate_driver,gate_driver,gate_driver,gate_driver,driver_ic,gate_driver,HCPL-5151: optocoupler gate driver (Avago),,known-series,high,1,1,1,1
1045,LM2671LD-ADJ,NSC,,开关式稳压器或控制器,SIMPLE SWITCHER电源转换器高效率路500mA降压稳压器与特点,voltage_regulator,dcdc_switching,dcdc_switching,dcdc_switching,dcdc_switching,dcdc,dcdc_switching,LM2671: SIMPLE SWITCHER 500mA step-down buck regulator (NSC/TI),,ext-datasheet,high,1,1,1,1
1080,MC78L05ABDG,ONSEMI,稳压芯片,线性稳压器IC,三端低电流正电压稳压器,voltage_regulator,ldo_regulator,ldo_regulator,ldo_regulator,ldo_regulator,ldo_regulator,ldo_regulator,MC78L05: 100mA positive linear regulator (ON Semi),,known-series,high,1,1,1,1
1081,MC78L05ABDR2G,ONSEMI,稳压芯片,线性稳压器IC,三端低电流正电压稳压器,voltage_regulator,ldo_regulator,ldo_regulator,ldo_regulator,ldo_regulator,ldo_regulator,ldo_regulator,MC78L05: 100mA positive linear regulator (ON Semi),,known-series,high,1,1,1,1
1082,MC78L05ABPG,ONSEMI,稳压芯片,线性稳压器IC,三端低电流正电压稳压器,voltage_regulator,ldo_regulator,ldo_regulator,ldo_regulator,ldo_regulator,ldo_regulator,ldo_regulator,MC78L05: 100mA positive linear regulator (ON Semi),,known-series,high,1,1,1,1
1083,MC78L18ACPG,ONSEMI,稳压芯片,线性稳压器IC,三端低电流正电压稳压器,voltage_regulator,ldo_regulator,ldo_regulator,ldo_regulator,ldo_regulator,ldo_regulator,ldo_regulator,MC78L18: 100mA positive linear regulator (ON Semi),,known-series,high,1,1,1,1
1084,MC78L24ACPG,ONSEMI,稳压芯片,线性稳压器IC,三端低电流正电压稳压器,voltage_regulator,ldo_regulator,ldo_regulator,ldo_regulator,ldo_regulator,ldo_regulator,ldo_regulator,MC78L24: 100mA positive linear regulator (ON Semi),,known-series,high,1,1,1,1
1085,MC78L24ACPRPG,ONSEMI,稳压芯片,线性稳压器IC,三端低电流正电压稳压器,voltage_regulator,ldo_regulator,ldo_regulator,ldo_regulator,ldo_regulator,voltage_regulator,ldo_regulator,ON Semi MC78L24: Classic 78L series positive linear voltage regulator 24V,onsemi.com/MC78Lxx,external_web,1.0,1,1,1,1
1198,SG7905AIG/883B,MICROSEMI,,线性稳压器IC,负的固定电压稳压器,voltage_regulator,ldo_regulator,ldo_regulator,ldo_regulator,ldo_regulator,voltage_regulator,ldo_regulator,Microsemi SG7905: Negative 5V voltage regulator (79xx series),microsemi.com/SG7905,external_web,1.0,1,1,1,1
1262,TPS75333QPWPRQ1,TI,稳压芯片,线性稳压器IC,快速瞬态响应1.5 -A低压差稳压器,voltage_regulator,ldo_regulator,ldo_regulator,ldo_regulator,ldo_regulator,ldo_regulator,ldo_regulator,"TPS75333Q: 3A fast-transient-response LDO (TI, automotive Q1)",,known-series,high,1,1,1,1
1446,HA16163T,RENESAS,,,同步移相全桥控制IC,voltage_regulator,dcdc_switching,dcdc_switching,dcdc_switching,dcdc_switching,voltage_regulator,dcdc_switching,Renesas HA16163T: Synchronous Phase-Shift Full-Bridge Controller,renesas.com/HA16163,external_web,1.0,1,1,1,1
1484,IRU1030CD,INFINEON,,线性稳压器IC,3A低压差正可调稳压,voltage_regulator,ldo_regulator,ldo_regulator,ldo_regulator,ldo_regulator,voltage_regulator,ldo_regulator,Infineon IRU1030: 3A Linear Regulator (LDO),infineon.com/IRU1030,external_web,1.0,1,1,1,1
1485,IRU1030CM,INFINEON,,线性稳压器IC,3A低压差正可调稳压,voltage_regulator,ldo_regulator,ldo_regulator,ldo_regulator,ldo_regulator,ldo_regulator,ldo_regulator,IRU1030: 3A low-dropout fixed 3.3V LDO (Infineon/IR),,ext-datasheet,high,1,1,1,1
1494,L6590D,STMICROELECTRONICS,AC-DC转换器,,完全集成的电源供应FIPS,voltage_regulator,dcdc_switching,dcdc_switching,dcdc_switching,dcdc_switching,dcdc,dcdc_switching,"L6590: fully integrated off-line switching regulator, 15W flyback (ST)",,ext-datasheet,high,1,1,1,1
1495,L6590N,STMICROELECTRONICS,DC/DC转换器,开关式稳压器或控制器,完全集成的电源供应FIPS,voltage_regulator,dcdc_switching,dcdc_switching,dcdc_switching,dcdc_switching,dcdc,dcdc_switching,L6590: fully integrated off-line switching regulator (ST),,ext-datasheet,high,1,1,1,1
1496,LM2650MX-ADJ,NSC,,开关式稳压器或控制器,同步降压型DC / DC转换器,voltage_regulator,dcdc_switching,dcdc_switching,dcdc_switching,dcdc_switching,dcdc,dcdc_switching,LM2650: synchronous step-down DC/DC converter (NSC/TI),,ext-datasheet,high,1,1,1,1
1497,LM317MDCY,TI,,线性稳压器IC,三端可调稳压器,voltage_regulator,ldo_regulator,ldo_regulator,ldo_regulator,ldo_regulator,ldo_regulator,ldo_regulator,LM317M: 500mA adjustable positive linear regulator (TI),,known-series,high,1,1,1,1
1498,LM317MDCYG3,TI,,线性稳压器IC,三端可调稳压器,voltage_regulator,ldo_regulator,ldo_regulator,ldo_regulator,ldo_regulator,ldo_regulator,ldo_regulator,LM317M: 500mA adjustable linear regulator (TI),,known-series,high,1,1,1,1
1499,LM317MDCYR,TI,稳压芯片,线性稳压器IC,三端可调稳压器,voltage_regulator,ldo_regulator,ldo_regulator,ldo_regulator,ldo_regulator,ldo_regulator,ldo_regulator,LM317M: 500mA adjustable linear regulator (TI),,known-series,high,1,1,1,1
1503,M5T494,MITSUBISHI,,,开关稳压器控制,voltage_regulator,dcdc_switching,dcdc_switching,dcdc_switching,dcdc_switching,dcdc,dcdc_switching,M5T494: TL494-equivalent PWM switching-regulator control IC (Mitsubishi),,ext-datasheet,high,1,1,1,1
1504,M5T494FP,MITSUBISHI,,开关式稳压器或控制器,开关稳压器控制,voltage_regulator,dcdc_switching,dcdc_switching,dcdc_switching,dcdc_switching,dcdc,dcdc_switching,M5T494: TL494-equivalent PWM switching-regulator control IC (Mitsubishi),,known-series,high,1,1,1,1
1505,M5T494GP,MITSUBISHI,,开关式稳压器或控制器,开关稳压器控制,voltage_regulator,dcdc_switching,dcdc_switching,dcdc_switching,dcdc_switching,dcdc,dcdc_switching,M5T494: PWM switching-regulator (Mitsubishi),,known-series,high,1,1,1,1
1522,MC1563R,MOTOROLA,,线性稳压器IC,NEFATIVE电源的电压稳压器,voltage_regulator,ldo_regulator,ldo_regulator,ldo_regulator,ldo_regulator,ldo_regulator,ldo_regulator,MC1563: negative voltage regulator (Motorola),,known-series,medium,1,1,1,1
1534,MHV12-350S07N,TRACOPOWER,,电源模块,HV- PowerSupplies - （ MHV系列2 - 2.5瓦）,voltage_regulator,dcdc_switching,out_of_scope,dcdc_switching,dcdc_switching,voltage_regulator,dcdc_switching,TRACO MHV12-350S07N: 2-2.5W HV DC-DC module (12VDC input),tracopower.com,external_web,1.0,1,0,1,1
1535,MHV12-350S07P,TRACOPOWER,,电源模块,HV- PowerSupplies - （ MHV系列2 - 2.5瓦）,voltage_regulator,dcdc_switching,out_of_scope,dcdc_switching,dcdc_switching,voltage_regulator,dcdc_switching,"TracoPower MHV12-350S07: 2-2.5W HV DC-DC module, 12VDC input → ±350VDC output",tracopower.com MHV series,external_web,1.0,1,0,1,1
1620,SHV12-0.5K6000N,TRACOPOWER,,电源模块,HV- PowerSupplies - （ MHV系列2 - 2.5瓦）,voltage_regulator,dcdc_switching,out_of_scope,dcdc_switching,dcdc_switching,voltage_regulator,dcdc_switching,TRACO SHV series HV DC-DC module (chassis mount),tracopower,external_web,1.0,1,0,1,1
1621,SHV12-0.5K6000P,TRACOPOWER,,电源模块,HV- PowerSupplies - （ MHV系列2 - 2.5瓦）,voltage_regulator,dcdc_switching,out_of_scope,dcdc_switching,dcdc_switching,voltage_regulator,dcdc_switching,TRACO SHV series HV DC-DC module,tracopower,external_web,1.0,1,0,1,1
1688,TLVH432QPK,TI,电压基准芯片,,低电压可调节精密并联稳压器,bms_supervisor,voltage_ref,voltage_ref,voltage_ref,voltage_ref,bms_supervisor,voltage_ref,TI TLVH432: Low-voltage adjustable precision shunt reference (TL431 family),ti.com/tlvh432,external_web,1.0,1,1,1,1
1689,TLVH432QPKG3,TI,电压基准芯片,参考电压源,低电压可调节精密并联稳压器,bms_supervisor,voltage_ref,voltage_ref,voltage_ref,voltage_ref,voltage_ref,voltage_ref,"TLVH432: low-voltage adjustable shunt reference (TI, auto Q1)",,known-series,high,1,1,1,1
1691,TMLM10103,TRACOPOWER,,电源模块,封装的电源 - TMLM系列10瓦,voltage_regulator,dcdc_switching,out_of_scope,out_of_scope,dcdc_switching,voltage_regulator,dcdc_switching,TRACO TMLM series 10W DC-DC module,tracopower,external_web,1.0,1,0,0,1
1692,TMLM10105,TRACOPOWER,,电源模块,封装的电源 - TMLM系列10瓦,voltage_regulator,dcdc_switching,out_of_scope,out_of_scope,dcdc_switching,voltage_regulator,dcdc_switching,TRACO TMLM series 10W DC-DC module,tracopower,external_web,1.0,1,0,0,1
1705,TXL025-12S,TRACOPOWER,,电源模块,开关电源 - 通心络系列， 25 600瓦,voltage_regulator,dcdc_switching,out_of_scope,out_of_scope,dcdc_switching,out_of_scope,out_of_scope,TracoPower TXL 025-12S: AC/DC Converter 88-264VAC → 12VDC,tracopower.com/model/txl-025-12s,external_web,1.0,0,1,1,0
2059,NCP1571D,ONSEMI,稳压芯片,开关式稳压器或控制器,低电压同步降压控制器,voltage_regulator,dcdc_switching,dcdc_switching,dcdc_switching,dcdc_switching,dcdc,dcdc_switching,NCP1571: low-voltage synchronous buck controller (ON Semi),,known-series,high,1,1,1,1
2060,NCP1571DR2,ONSEMI,稳压芯片,开关式稳压器或控制器,低电压同步降压控制器,voltage_regulator,dcdc_switching,dcdc_switching,dcdc_switching,dcdc_switching,dcdc,dcdc_switching,NCP1571: synchronous buck controller (ON Semi),,known-series,high,1,1,1,1
2061,NCP1571DR2G,ONSEMI,稳压芯片,开关式稳压器或控制器,低电压同步降压控制器,voltage_regulator,dcdc_switching,dcdc_switching,dcdc_switching,dcdc_switching,dcdc,dcdc_switching,NCP1571: synchronous buck controller (ON Semi),,known-series,high,1,1,1,1
2065,NJU7202L,NJRC,,其他模拟IC,高输出电流的C- MOS三端稳压器,voltage_regulator,ldo_regulator,ldo_regulator,ldo_regulator,ldo_regulator,voltage_regulator,ldo_regulator,NJRC NJU7202: 200mA LDO regulator,njr.com/NJU7202,external_web,1.0,1,1,1,1
2068,NJU7202L50,NJRC,,线性稳压器IC,高输出电流的C- MOS三端稳压器,voltage_regulator,ldo_regulator,ldo_regulator,ldo_regulator,ldo_regulator,ldo_regulator,ldo_regulator,NJU7202L50: CMOS LDO 5.0V (NJR),,known-series,high,1,1,1,1
2069,NJU7202U,NJRC,,其他模拟IC,高输出电流的C- MOS三端稳压器,voltage_regulator,ldo_regulator,ldo_regulator,ldo_regulator,ldo_regulator,voltage_regulator,ldo_regulator,NJRC NJU7202: 200mA Low Dropout Voltage Regulator series,njr.com/NJU7202,external_web,1.0,1,1,1,1
2128,TPS51120RHBR,TI,DC/DC转换器,开关式稳压器或控制器,双路电流模式，具有100mA待机稳压器笔记本系统功率同步降压型控制器,voltage_regulator,dcdc_switching,dcdc_switching,dcdc_switching,dcdc_switching,dcdc,dcdc_switching,TPS51120: dual synchronous buck controller (TI),,known-series,high,1,1,1,1
2129,TPS51120RHBRG4,TI,稳压芯片,开关式稳压器或控制器,双路电流模式，具有100mA待机稳压器笔记本系统功率同步降压型控制器,voltage_regulator,dcdc_switching,dcdc_switching,dcdc_switching,dcdc_switching,voltage_regulator,dcdc_switching,TI TPS51120: 4.5-28V dual-channel synchronous buck controller for notebooks,ti.com/TPS51120,external_web,1.0,1,1,1,1
2130,TPS51120RHBT,TI,DC/DC转换器,开关式稳压器或控制器,双路电流模式，具有100mA待机稳压器笔记本系统功率同步降压型控制器,voltage_regulator,dcdc_switching,dcdc_switching,dcdc_switching,dcdc_switching,dcdc,dcdc_switching,TPS51120: dual synchronous buck controller (TI),,known-series,high,1,1,1,1
2131,TPS51120RHBTG4,TI,稳压芯片,开关式稳压器或控制器,双路电流模式，具有100mA待机稳压器笔记本系统功率同步降压型控制器,voltage_regulator,dcdc_switching,dcdc_switching,dcdc_switching,dcdc_switching,dcdc,dcdc_switching,TPS51120: dual synchronous buck controller (TI),,known-series,high,1,1,1,1
2188,5962-87681022A,TI,,开关式稳压器或控制器,高速PWM控制器,voltage_regulator,dcdc_switching,dcdc_switching,dcdc_switching,dcdc_switching,dcdc,dcdc_switching,5962-8768 SMD: militarized TL1451 dual PWM switching regulator (TI),,known-series,medium,1,1,1,1
2189,5962-8768102EA,TI,,开关式稳压器或控制器,高速PWM控制器,voltage_regulator,dcdc_switching,dcdc_switching,dcdc_switching,dcdc_switching,dcdc,dcdc_switching,5962-8768: TI military PWM switching regulator,,known-series,high,1,1,1,1
2190,5962-8990502EA,TI,PWM控制器,开关式稳压器或控制器,高速PWM控制器,voltage_regulator,dcdc_switching,dcdc_switching,dcdc_switching,dcdc_switching,dcdc,dcdc_switching,5962-8990: TI military-grade PWM switching regulator,,known-series,high,1,1,1,1
2191,5962-8990502VEA,TI,PWM控制器,开关式稳压器或控制器,高速PWM控制器,voltage_regulator,dcdc_switching,dcdc_switching,dcdc_switching,dcdc_switching,dcdc,dcdc_switching,5962-8990: TI military PWM switching regulator,,known-series,high,1,1,1,1
2376,IR1150IS,INFINEON,,开关式稳压器或控制器,统一潮流控制器的单周期控制PFC IC,voltage_regulator,dcdc_switching,dcdc_switching,dcdc_switching,dcdc_switching,voltage_regulator,dcdc_switching,Infineon IR1150: UPFC One-Cycle Control PFC IC (PFC controller for SMPS),infineon.com/IR1150,external_web,1.0,1,1,1,1
2377,IR1150ISTR,INFINEON,,开关式稳压器或控制器,统一潮流控制器的单周期控制PFC IC,voltage_regulator,dcdc_switching,dcdc_switching,dcdc_switching,dcdc_switching,dcdc,dcdc_switching,IR1150: µPFC single-cycle PFC controller (IR/Infineon),,known-series,high,1,1,1,1
2378,IR1150ISTRPBF,INFINEON,,开关式稳压器或控制器,统一潮流控制器的单周期控制PFC IC,voltage_regulator,dcdc_switching,dcdc_switching,dcdc_switching,dcdc_switching,dcdc,dcdc_switching,IR1150: µPFC single-cycle PFC controller (IR),,known-series,high,1,1,1,1
2380,IR1150S,INFINEON,,开关式稳压器或控制器,统一潮流控制器的单周期控制PFC IC,voltage_regulator,dcdc_switching,dcdc_switching,dcdc_switching,dcdc_switching,dcdc,dcdc_switching,IR1150: µPFC single-cycle PFC controller (IR),,known-series,high,1,1,1,1
2381,IR1150STR,INFINEON,电源管理,开关式稳压器或控制器,统一潮流控制器的单周期控制PFC IC,voltage_regulator,dcdc_switching,dcdc_switching,dcdc_switching,dcdc_switching,dcdc,dcdc_switching,IR1150: µPFC single-cycle PFC controller (IR),,known-series,high,1,1,1,1
2382,IR1150STRPBF,INFINEON,,开关式稳压器或控制器,统一潮流控制器的单周期控制PFC IC,voltage_regulator,dcdc_switching,dcdc_switching,dcdc_switching,dcdc_switching,dcdc,dcdc_switching,IR1150: µPFC single-cycle PFC controller (IR),,known-series,high,1,1,1,1
2393,JW100A,TE,,电源模块,电源模块： DC-DC转换器; 36至75伏直流输入， 5伏直流输出; 50瓦到150瓦,voltage_regulator,dcdc_switching,dcdc_switching,dcdc_switching,dcdc_switching,dcdc,dcdc_switching,"JW100A: 100W DC-DC converter module, 36-75V input (Tyco/TE)",,known-series,high,1,1,1,1
2395,JW150A,TE,,电源模块,电源模块： DC-DC转换器; 36至75伏直流输入， 5伏直流输出; 50瓦到150瓦,voltage_regulator,dcdc_switching,dcdc_switching,dcdc_switching,dcdc_switching,dcdc,dcdc_switching,JW150A: 50-150W DC-DC converter module (Tyco/TE),,ext-datasheet,high,1,1,1,1
2396,JW150A1,TE,DC/DC转换器,电源模块,电源模块： DC-DC转换器; 36至75伏直流输入， 5伏直流输出; 50瓦到150瓦,voltage_regulator,dcdc_switching,dcdc_switching,dcdc_switching,dcdc_switching,dcdc,dcdc_switching,JW150A1: 150W DC-DC converter module (Tyco/TE),,known-series,high,1,1,1,1
2406,LM285D-1-2,TI,电压基准芯片,,微功耗电压基准,bms_supervisor,voltage_ref,voltage_ref,voltage_ref,voltage_ref,voltage_ref,voltage_ref,LM285/385: micropower voltage reference 1.2V (TI),,known-series,high,1,1,1,1
2407,LM285DR-1-2,TI,电压基准芯片,参考电压源,微功耗电压基准,bms_supervisor,voltage_ref,voltage_ref,voltage_ref,voltage_ref,bms_supervisor,voltage_ref,TI LM285-1.2: Micropower 1.2V Precision Shunt Reference,ti.com/LM285,external_web,1.0,1,1,1,1
2409,LM4041D12QDBZRG4,TI,,参考电压源,精密微功耗并联型电压基准,bms_supervisor,voltage_ref,voltage_ref,voltage_ref,voltage_ref,voltage_ref,voltage_ref,LM4041-1.2: precision micropower 1.225V shunt reference (TI),,known-series,high,1,1,1,1
2410,LM4041D12QDBZTG4,TI,电压基准芯片,参考电压源,精密微功耗并联型电压基准,bms_supervisor,voltage_ref,voltage_ref,voltage_ref,voltage_ref,voltage_ref,voltage_ref,"LM4041: precision micropower shunt voltage reference 1.225V (TI, auto Q1)",,known-series,high,1,1,1,1
2416,LT3023,Linear,,,双路100mA时低压差，低噪声，微功率稳压器,voltage_regulator,ldo_regulator,ldo_regulator,ldo_regulator,ldo_regulator,ldo_regulator,ldo_regulator,LT3023: dual 100mA low-noise LDO (Linear Tech),,known-series,high,1,1,1,1
2417,LT3023EDD,Linear,稳压芯片,线性稳压器IC,双路100mA时低压差，低噪声，微功率稳压器,voltage_regulator,ldo_regulator,ldo_regulator,ldo_regulator,ldo_regulator,ldo_regulator,ldo_regulator,LT3023: dual 100mA low-noise LDO (Linear Tech),,known-series,high,1,1,1,1
2418,LT3023EMSE,Linear,,线性稳压器IC,双路100mA时低压差，低噪声，微功率稳压器,voltage_regulator,ldo_regulator,ldo_regulator,ldo_regulator,ldo_regulator,ldo_regulator,ldo_regulator,LT3023: dual 100mA low-noise LDO (Linear Tech),,known-series,high,1,1,1,1
2447,MAX8606ETD+,MAXIM,电池管理芯片,电源管理电路,USB / AC适配器，线性Li +电池充电器，TDFN封装集成50mOHM电池开关,bms_supervisor,battery_charger,battery_charger,battery_charger,battery_charger,battery_charger,battery_charger,MAX8606: USB/AC adapter linear Li+ battery charger with integrated switch (Maxim),,ext-datasheet,high,1,1,1,1
2664,UC1823AJ,TI,PWM控制器,开关式稳压器或控制器,高速PWM控制器,voltage_regulator,dcdc_switching,dcdc_switching,dcdc_switching,dcdc_switching,voltage_regulator,dcdc_switching,TI UC1823AJ: High-Speed PWM Controller (same as 2665),ti.com/uc1823,external_web,1.0,1,1,1,1
2665,UC1823AJ883B,TI,PWM控制器,开关式稳压器或控制器,高速PWM控制器,voltage_regulator,dcdc_switching,dcdc_switching,dcdc_switching,dcdc_switching,voltage_regulator,dcdc_switching,TI UC1823AJ883B: High-Speed PWM Controller (military),ti.com/uc1823,external_web,1.0,1,1,1,1
2666,UC1823AJQMLV,TI,,,高速PWM控制器,voltage_regulator,dcdc_switching,dcdc_switching,dcdc_switching,dcdc_switching,dcdc,dcdc_switching,"UC1823: high-speed PWM controller, military (TI)",,known-series,high,1,1,1,1
2667,UC3825BQ,TI,,开关式稳压器或控制器,高速PWM控制器,voltage_regulator,dcdc_switching,dcdc_switching,dcdc_switching,dcdc_switching,dcdc,dcdc_switching,UC3825B: high-speed PWM controller (TI),,known-series,high,1,1,1,1
2668,UC3825BQTR,TI,,开关式稳压器或控制器,高速PWM控制器,voltage_regulator,dcdc_switching,dcdc_switching,dcdc_switching,dcdc_switching,dcdc,dcdc_switching,UC3825B: high-speed PWM controller (TI),,known-series,high,1,1,1,1
2945,ISYE-1009RH/PROTO,INTERSIL,电压基准芯片,,抗辐射2.5V参考,bms_supervisor,voltage_ref,voltage_ref,voltage_ref,voltage_ref,bms_supervisor,voltage_ref,Intersil/Renesas ISYE-1009: Radiation Hardened 2.5V Shunt Voltage Reference,renesas.com/IS-1009EH,external_web,1.0,1,1,1,1
2965,L4941BD2T,STMICROELECTRONICS,,线性稳压器IC,非常低的压差1A稳压器,voltage_regulator,ldo_regulator,ldo_regulator,ldo_regulator,ldo_regulator,ldo_regulator,ldo_regulator,L4941B: 1A very low drop voltage regulator (ST),,known-series,high,1,1,1,1
2966,L4941BDT-TR,STMICROELECTRONICS,稳压芯片,线性稳压器IC,非常低的压差1A稳压器,voltage_regulator,ldo_regulator,ldo_regulator,ldo_regulator,ldo_regulator,ldo_regulator,ldo_regulator,L4941B: 1A VLDO regulator (ST),,known-series,high,1,1,1,1
2967,L4941BDTTR,STMICROELECTRONICS,,,非常低的压差1A稳压器,voltage_regulator,ldo_regulator,ldo_regulator,ldo_regulator,ldo_regulator,ldo_regulator,ldo_regulator,L4941B: 1A VLDO regulator (ST),,known-series,high,1,1,1,1
2968,L4941BP,STMICROELECTRONICS,,线性稳压器IC,非常低的压差1A稳压器,voltage_regulator,ldo_regulator,ldo_regulator,ldo_regulator,ldo_regulator,ldo_regulator,ldo_regulator,L4941B: 1A VLDO regulator (ST),,known-series,high,1,1,1,1
2993,MAX6365HKA23-T,MAXIM,电源监控芯片,电源管理电路,SOT23封装，低功耗微处理器监控电路，带有备用电池和片选控制,bms_supervisor,supervisor_reset,supervisor_reset,supervisor_reset,supervisor_reset,pmic,supervisor_reset,MAX6365: microprocessor supervisor w/battery backup (Maxim),,known-series,high,1,1,1,1
3018,NCP4672DR2G,ONSEMI,,线性稳压器IC,双路线性稳压器与VIN和VOUT电压检测器,voltage_regulator,ldo_regulator,ldo_regulator,ldo_regulator,ldo_regulator,ldo_regulator,ldo_regulator,NCP4672: dual linear voltage regulator with Vin/Vout detectors (ON Semi),,ext-datasheet,high,1,1,1,1
3026,RH5RH271A-T1,RICOH,,开关式稳压器或控制器,PWM升压型DC / DC转换器,voltage_regulator,dcdc_switching,dcdc_switching,dcdc_switching,dcdc_switching,voltage_regulator,dcdc_switching,Ricoh RH5RH271A: PWM Step-Up DC/DC Converter (RH5RHxx1A family),ricoh.com/RH5RH271A,external_web,1.0,1,1,1,1
3027,RH5RH271A-T2,RICOH,,开关式稳压器或控制器,PWM升压型DC / DC转换器,voltage_regulator,dcdc_switching,dcdc_switching,dcdc_switching,dcdc_switching,dcdc,dcdc_switching,RH5RH271A: step-down DC-DC converter (Ricoh),,known-series,high,1,1,1,1
3028,RH5RH753B-T1,RICOH,,开关式稳压器或控制器,PWM升压型DC / DC转换器,voltage_regulator,dcdc_switching,dcdc_switching,dcdc_switching,dcdc_switching,dcdc,dcdc_switching,RH5RH753: step-down DC-DC converter (Ricoh),,known-series,high,1,1,1,1
3029,RH5RH753B-T2,RICOH,,开关式稳压器或控制器,PWM升压型DC / DC转换器,voltage_regulator,dcdc_switching,dcdc_switching,dcdc_switching,dcdc_switching,dcdc,dcdc_switching,RH5RH series: step-down DC-DC converter (Ricoh),,known-series,high,1,1,1,1
3033,SA57031-18UK,NXP,,线性稳压器IC,微150毫安，低噪声，具有开/关的低压差线性稳压器,voltage_regulator,ldo_regulator,ldo_regulator,ldo_regulator,ldo_regulator,ldo_regulator,ldo_regulator,SA57031: micropower 150mA low-noise LDO with on/off (NXP),,ext-datasheet,high,1,1,1,1
3065,TA78DS05P,TOSHIBA,,其他稳压器,双极型线性集成电路硅单片,voltage_regulator,ldo_regulator,ldo_regulator,ldo_regulator,ldo_regulator,ldo_regulator,ldo_regulator,"TA78DS05P: 3-terminal positive linear regulator, 1A (Toshiba)",,known-series,high,1,1,1,1
3066,TA78DS10P,TOSHIBA,,其他稳压器,双极型线性集成电路硅单片,voltage_regulator,ldo_regulator,ldo_regulator,ldo_regulator,ldo_regulator,ldo_regulator,ldo_regulator,"TA78DS10P: 3-terminal positive linear regulator, 1A (Toshiba)",,known-series,high,1,1,1,1
3081,UA723CD,TI,稳压芯片,参考电压源,精密稳压器,bms_supervisor,voltage_ref,ldo_regulator,ldo_regulator,voltage_ref,voltage_regulator,ldo_regulator,TI uA723: precision linear voltage regulator (not a voltage reference primarily),ti.com/ua723,external_web,1.0,0,1,1,0
3082,UA723CDR,TI,稳压芯片,参考电压源,精密稳压器,bms_supervisor,voltage_ref,ldo_regulator,ldo_regulator,voltage_ref,voltage_regulator,ldo_regulator,"TI uA723: 150-mA, 40-V adjustable linear voltage regulator (precision)",ti.com/product/UA723,external_web,1.0,0,1,1,0
3083,UA723CJ,TI,稳压芯片,,精密稳压器,bms_supervisor,voltage_ref,ldo_regulator,ldo_regulator,voltage_ref,voltage_regulator,ldo_regulator,TI uA723: precision linear voltage regulator,ti.com/ua723,external_web,1.0,0,1,1,0
3084,UA723CN,TI,稳压芯片,参考电压源,精密稳压器,bms_supervisor,voltage_ref,ldo_regulator,ldo_regulator,voltage_ref,voltage_regulator,ldo_regulator,TI uA723: precision linear voltage regulator,ti.com/ua723,external_web,1.0,0,1,1,0
3086,UA723CNSR,TI,稳压芯片,参考电压源,精密稳压器,bms_supervisor,voltage_ref,ldo_regulator,ldo_regulator,voltage_ref,voltage_regulator,ldo_regulator,TI uA723: precision linear voltage regulator,ti.com/ua723,external_web,1.0,0,1,1,0
3087,UA723Y,TI,,线性稳压器IC,精密稳压器,voltage_regulator,ldo_regulator,ldo_regulator,ldo_regulator,voltage_ref,voltage_regulator,ldo_regulator,TI uA723Y: Precision Voltage Regulator (linear),ti.com/product/UA723,external_web,1.0,1,1,1,0
3175,ADP3415LRM-REEL,ADI,FET驱动器,,与自举双MOSFET驱动器,driver_ic,gate_driver,gate_driver,gate_driver,gate_driver,driver_ic,gate_driver,ADI ADP3415: Dual MOSFET Driver for synchronous buck,analog.com/ADP3415,external_web,1.0,1,1,1,1
3176,ADP3415LRM-REEL7,ADI,FET驱动器,,与自举双MOSFET驱动器,driver_ic,gate_driver,gate_driver,gate_driver,gate_driver,driver_ic,gate_driver,"ADP3415: dual MOSFET driver with bootstrapping, synchronous buck (ADI/onsemi)",,ext-datasheet,high,1,1,1,1
3177,ADP3415LRMZ-REEL,ADI,FET驱动器,,与自举双MOSFET驱动器,driver_ic,gate_driver,gate_driver,gate_driver,gate_driver,driver_ic,gate_driver,ADP3415: dual MOSFET driver (ADI/onsemi),,ext-datasheet,high,1,1,1,1
3246,FAN2512S25X,FAIRCHILD,,线性稳压器IC,150毫安CMOS LDO稳压器快速启动启用,voltage_regulator,ldo_regulator,ldo_regulator,ldo_regulator,ldo_regulator,voltage_regulator,ldo_regulator,Fairchild FAN2512: LDO 2.5V,onsemi.com/FAN2512,external_web,1.0,1,1,1,1
3247,FAN2512S26X,FAIRCHILD,,,150毫安CMOS LDO稳压器快速启动启用,voltage_regulator,ldo_regulator,ldo_regulator,ldo_regulator,ldo_regulator,ldo_regulator,ldo_regulator,FAN2512: 150mA CMOS LDO with fast start enable (Fairchild/ON),,ext-datasheet,high,1,1,1,1
3248,FAN2512S27X,FAIRCHILD,,线性稳压器IC,150毫安CMOS LDO稳压器快速启动启用,voltage_regulator,ldo_regulator,ldo_regulator,ldo_regulator,ldo_regulator,ldo_regulator,ldo_regulator,FAN2512: 150mA CMOS LDO (Fairchild/ON),,ext-datasheet,high,1,1,1,1
3249,FAN2512S285X,FAIRCHILD,,线性稳压器IC,150毫安CMOS LDO稳压器快速启动启用,voltage_regulator,ldo_regulator,ldo_regulator,ldo_regulator,ldo_regulator,ldo_regulator,ldo_regulator,FAN2512: 150mA CMOS LDO (Fairchild/ON),,ext-datasheet,high,1,1,1,1
3250,FAN2512S28X,FAIRCHILD,,线性稳压器IC,150毫安CMOS LDO稳压器快速启动启用,voltage_regulator,ldo_regulator,ldo_regulator,ldo_regulator,ldo_regulator,voltage_regulator,ldo_regulator,Fairchild FAN2512: Low-Dropout Linear Regulator 2.8V,onsemi.com/FAN2512,external_web,1.0,1,1,1,1
3292,IRU1117CD,INFINEON,,,800毫安低压差正可调稳压器,voltage_regulator,ldo_regulator,ldo_regulator,ldo_regulator,ldo_regulator,ldo_regulator,ldo_regulator,IRU1117: 800mA low-dropout fixed 3.3V LDO (Infineon/IR),,ext-datasheet,high,1,1,1,1
3313,LTC3406ES5-1.5,Linear,DC/DC转换器,,为1.5MHz ， 600mA同步降压型稳压器采用ThinSOT,voltage_regulator,dcdc_switching,dcdc_switching,dcdc_switching,dcdc_switching,dcdc,dcdc_switching,LTC3406: 1.5MHz 600mA synchronous step-down regulator (Linear),,known-series,high,1,1,1,1
3314,LTC3406ES5-1.8,Linear,,开关式稳压器或控制器,为1.5MHz ， 600mA同步降压型稳压器采用ThinSOT,voltage_regulator,dcdc_switching,dcdc_switching,dcdc_switching,dcdc_switching,dcdc,dcdc_switching,LTC3406: 1.5MHz 600mA synchronous step-down regulator (Linear),,known-series,high,1,1,1,1
3388,SG2524DE4,TI,,开关式稳压器或控制器,调整脉冲宽度调制器,voltage_regulator,dcdc_switching,dcdc_switching,dcdc_switching,dcdc_switching,dcdc,dcdc_switching,SG2524: PWM regulator controller (TI),,known-series,high,1,1,1,1
3389,SG2524DR,TI,PWM控制器,开关式稳压器或控制器,调整脉冲宽度调制器,voltage_regulator,dcdc_switching,dcdc_switching,dcdc_switching,dcdc_switching,dcdc,dcdc_switching,SG2524: PWM regulator controller (TI),,known-series,high,1,1,1,1
3390,SG2524DRE4,TI,,开关式稳压器或控制器,调整脉冲宽度调制器,voltage_regulator,dcdc_switching,dcdc_switching,dcdc_switching,dcdc_switching,dcdc,dcdc_switching,SG2524: PWM regulator controller (TI),,known-series,high,1,1,1,1
3391,SG2524J,TI,,开关式稳压器或控制器,调整脉冲宽度调制器,voltage_regulator,dcdc_switching,dcdc_switching,dcdc_switching,dcdc_switching,voltage_regulator,dcdc_switching,TI SG2524: Regulating Pulse-Width Modulator (classic PWM controller),ti.com/SG2524,external_web,1.0,1,1,1,1
3403,SL432SF,AUK,,参考电压源,可编程电压参考,bms_supervisor,voltage_ref,voltage_ref,voltage_ref,voltage_ref,voltage_ref,voltage_ref,SL432: TL432-compatible adjustable precision shunt regulator 1.24V-16V (AUK),,ext-datasheet,high,1,1,1,1
3448,UPC79L05J,NEC,,线性稳压器IC,三端负稳压器,voltage_regulator,ldo_regulator,ldo_regulator,ldo_regulator,ldo_regulator,ldo_regulator,ldo_regulator,uPC79L05: 3-terminal negative voltage regulator 100mA (NEC),,ext-datasheet,high,1,1,1,1
3449,UPC79L08J,NEC,,线性稳压器IC,三端负稳压器,voltage_regulator,ldo_regulator,ldo_regulator,ldo_regulator,ldo_regulator,ldo_regulator,ldo_regulator,uPC79L08: 3-terminal negative voltage regulator (NEC),,ext-datasheet,high,1,1,1,1
3450,UPC79L12J,NEC,,线性稳压器IC,三端负稳压器,voltage_regulator,ldo_regulator,ldo_regulator,ldo_regulator,ldo_regulator,ldo_regulator,ldo_regulator,uPC79L12: 3-terminal negative voltage regulator (NEC),,ext-datasheet,high,1,1,1,1
3451,UPC79L15J,NEC,,线性稳压器IC,三端负稳压器,voltage_regulator,ldo_regulator,ldo_regulator,ldo_regulator,ldo_regulator,ldo_regulator,ldo_regulator,uPC79L15: 3-terminal negative voltage regulator (NEC),,ext-datasheet,high,1,1,1,1
3632,KA3882E,FAIRCHILD,,开关式稳压器或控制器,SMPS控制器,voltage_regulator,dcdc_switching,dcdc_switching,dcdc_switching,dcdc_switching,voltage_regulator,dcdc_switching,Fairchild KA3882: Current Mode PWM SMPS Controller (Off-line/DC-DC applications),alldatasheet.com/KA3882,external_web,1.0,1,1,1,1
3633,KA3882ED,FAIRCHILD,,开关式稳压器或控制器,SMPS控制器,voltage_regulator,dcdc_switching,dcdc_switching,dcdc_switching,dcdc_switching,dcdc,dcdc_switching,KA3882: current-mode PWM controller (Fairchild),,known-series,high,1,1,1,1
3636,LM317AHV,FAIRCHILD,,,三端可调正稳压器,voltage_regulator,ldo_regulator,ldo_regulator,ldo_regulator,ldo_regulator,ldo_regulator,ldo_regulator,LM317AHV: high-voltage adjustable linear regulator (Fairchild),,known-series,high,1,1,1,1
3637,LM317AHVT,FAIRCHILD,稳压芯片,线性稳压器IC,三端可调正稳压器,voltage_regulator,ldo_regulator,ldo_regulator,ldo_regulator,ldo_regulator,ldo_regulator,ldo_regulator,LM317AHV: adjustable high-voltage linear regulator (Fairchild),,known-series,high,1,1,1,1
3639,LM3224MM-ADJ,NSC,LED驱动器,开关式稳压器或控制器,615kHz / 1.25MHz的升压PWM DC / DC转换器,driver_ic,led_driver,dcdc_switching,dcdc_switching,dcdc_switching,voltage_regulator,dcdc_switching,TI LM3224: 615kHz/1.25MHz Step-up PWM DC/DC Converter (for TFT bias or WLED flash),ti.com/product/LM3224,external_web,1.0,0,1,1,1
3640,LM3224MMX-ADJ,NSC,,开关式稳压器或控制器,615kHz / 1.25MHz的升压PWM DC / DC转换器,voltage_regulator,dcdc_switching,dcdc_switching,dcdc_switching,dcdc_switching,dcdc,dcdc_switching,LM3224: SIMPLE SWITCHER step-up DC/DC converter (NSC),,known-series,high,1,1,1,1
3738,PT6981A,TI,DC/DC转换器,开关式稳压器或控制器,10 -A 12V ，输入双输出集成开关稳压器,voltage_regulator,dcdc_switching,dcdc_switching,dcdc_switching,dcdc_switching,voltage_regulator,dcdc_switching,"TI PT6981: Excalibur dual-output ISR DC-DC module (2.5V/1.8V, 10.5A, 12V input)",ti.com/PT6981,external_web,1.0,1,1,1,1
3739,PT6981C,TI,DC/DC转换器,,10 -A 12V ，输入双输出集成开关稳压器,voltage_regulator,dcdc_switching,dcdc_switching,dcdc_switching,dcdc_switching,dcdc,dcdc_switching,PT6981: non-isolated DC-DC converter module (TI),,known-series,high,1,1,1,1
3972,ADP2291ACPZ-R7,ADI,电池管理芯片,,结构紧凑， 1.5 A线性充电器，用于单节Li +电池,bms_supervisor,battery_charger,battery_charger,battery_charger,battery_charger,battery_charger,battery_charger,ADP2291: Li+ battery charger controller (ADI),,known-series,high,1,1,1,1
3973,ADP2291ARMZ-R7,ADI,电池管理芯片,,结构紧凑， 1.5 A线性充电器，用于单节Li +电池,bms_supervisor,battery_charger,battery_charger,battery_charger,battery_charger,battery_charger,battery_charger,ADP2291: Li+ battery charger controller (ADI),,known-series,high,1,1,1,1
4075,FAN4803CP-1,FAIRCHILD,DC/DC转换器,开关式稳压器或控制器,8引脚PFC和PWM控制器组合,voltage_regulator,dcdc_switching,dcdc_switching,dcdc_switching,dcdc_switching,dcdc,dcdc_switching,FAN4803: PFC/PWM combo controller (Fairchild),,known-series,high,1,1,1,1
4076,FAN4803CP-2,FAIRCHILD,DC/DC转换器,开关式稳压器或控制器,8引脚PFC和PWM控制器组合,voltage_regulator,dcdc_switching,dcdc_switching,dcdc_switching,dcdc_switching,dcdc,dcdc_switching,FAN4803: PFC/PWM combo controller (Fairchild),,known-series,high,1,1,1,1
4077,FAN4803CS-1,FAIRCHILD,,开关式稳压器或控制器,8引脚PFC和PWM控制器组合,voltage_regulator,dcdc_switching,dcdc_switching,dcdc_switching,dcdc_switching,dcdc,dcdc_switching,FAN4803: PFC/PWM combo controller (Fairchild),,known-series,high,1,1,1,1
4078,FAN4803CS-2,FAIRCHILD,,开关式稳压器或控制器,8引脚PFC和PWM控制器组合,voltage_regulator,dcdc_switching,dcdc_switching,dcdc_switching,dcdc_switching,dcdc,dcdc_switching,FAN4803: PFC/PWM combo controller (Fairchild),,known-series,high,1,1,1,1
4138,ILC7084AIM5ADJX,FAIRCHILD,,线性稳压器IC,150毫安SOT- 23低噪声CMOS RF- LDO⑩稳压器,voltage_regulator,ldo_regulator,ldo_regulator,ldo_regulator,ldo_regulator,ldo_regulator,ldo_regulator,ILC7084: 150mA SOT-23 low-noise CMOS RF-LDO adj (Fairchild/Impala),,ext-datasheet,high,1,1,1,1
4141,IR22771SPBF,INFINEON,电机驱动器,运动控制电子器件,相电流传感器IC用于交流电机控制,driver_ic,motor_driver,out_of_scope,out_of_scope,motor_driver,out_of_scope,out_of_scope,"Infineon IR22771S: Phase Current Sensor IC for AC motor control (current sensor, not driver)",datasheetq.com/IR22771S-Infineon,external_web,1.0,0,1,1,0
4211,LM336ZAP,STMICROELECTRONICS,,参考电压源,2.5V电压参考,bms_supervisor,voltage_ref,voltage_ref,voltage_ref,voltage_ref,bms_supervisor,voltage_ref,ST LM336: 2.5V precision shunt voltage reference diode,st.com/lm336,external_web,1.0,1,1,1,1
4212,LM336ZT,STMICROELECTRONICS,,参考电压源,2.5V电压参考,bms_supervisor,voltage_ref,voltage_ref,voltage_ref,voltage_ref,voltage_ref,voltage_ref,LM336Z-2.5: 2.5V shunt voltage reference diode (ST),,known-series,high,1,1,1,1
4214,LM4132AMF-2.0,NSC,,线性稳压器IC,SOT- 23精密低压差电压基准,voltage_regulator,ldo_regulator,voltage_ref,voltage_ref,voltage_ref,bms_supervisor,voltage_ref,TI: Precision Low Dropout Voltage Reference (TI Voltage References family),ti.com/product/LM4132,external_web,1.0,0,1,1,1
4215,LM4132AMF-2.5,NSC,,线性稳压器IC,SOT- 23精密低压差电压基准,voltage_regulator,ldo_regulator,voltage_ref,voltage_ref,voltage_ref,bms_supervisor,voltage_ref,LM4132 family voltage reference,ti.com/product/LM4132,external_web,1.0,0,1,1,1
4216,LM4132AMF-4.1,NSC,,,SOT- 23精密低压差电压基准,voltage_regulator,ldo_regulator,voltage_ref,voltage_ref,voltage_ref,bms_supervisor,voltage_ref,LM4132 family voltage reference,ti.com/product/LM4132,external_web,1.0,0,1,1,1
4217,LM4132AMFX-2.0,NSC,,线性稳压器IC,SOT- 23精密低压差电压基准,voltage_regulator,ldo_regulator,voltage_ref,voltage_ref,voltage_ref,bms_supervisor,voltage_ref,LM4132 family voltage reference,ti.com/product/LM4132,external_web,1.0,0,1,1,1
4245,MAX6037CAUK41,MAXIM,,参考电压源,低功耗，固定或可调输出基准具有关断功能，SOT23封装,bms_supervisor,voltage_ref,voltage_ref,voltage_ref,voltage_ref,voltage_ref,voltage_ref,MAX6037: low-power fixed/adjustable voltage reference in SOT23 (Maxim),,ext-datasheet,high,1,1,1,1
4246,MAX6037CAUKADJ,MAXIM,,参考电压源,低功耗，固定或可调输出基准具有关断功能，SOT23封装,bms_supervisor,voltage_ref,voltage_ref,voltage_ref,voltage_ref,voltage_ref,voltage_ref,MAX6037 ADJ: low-power adjustable voltage reference with shutdown (Maxim),,ext-datasheet,high,1,1,1,1
4274,NCP5504,ONSEMI,,,250毫安双输出低压差线性稳压器,voltage_regulator,ldo_regulator,ldo_regulator,ldo_regulator,ldo_regulator,ldo_regulator,ldo_regulator,NCP5504: automotive dual LDO (ON Semi),,known-series,high,1,1,1,1
4275,NCP5504DTRKG,ONSEMI,稳压芯片,线性稳压器IC,250毫安双输出低压差线性稳压器,voltage_regulator,ldo_regulator,ldo_regulator,ldo_regulator,ldo_regulator,voltage_regulator,ldo_regulator,ON Semi NCP5504: 250mA Dual Output Low Dropout Linear Regulator,onsemi.com/NCP5504,external_web,1.0,1,1,1,1
4276,NCV5504DTRKG,ONSEMI,稳压芯片,线性稳压器IC,250毫安双输出低压差线性稳压器,voltage_regulator,ldo_regulator,ldo_regulator,ldo_regulator,ldo_regulator,ldo_regulator,ldo_regulator,NCV5504: automotive dual LDO (ON Semi),,known-series,high,1,1,1,1
4357,TLP350,TOSHIBA,,,变频空调器， IGBT /功率MOS FET的栅极驱动，工业逆变器,driver_ic,gate_driver,gate_driver,gate_driver,gate_driver,driver_ic,gate_driver,TLP350: IGBT/MOSFET optocoupler gate driver (Toshiba),,known-series,high,1,1,1,1
4363,TPS3705-30D,TI,电源监控芯片,电源管理电路,处理器监控电路，带有电源失效,bms_supervisor,supervisor_reset,supervisor_reset,supervisor_reset,supervisor_reset,pmic,supervisor_reset,TPS3705: processor supervisor w/ WDT (TI),,known-series,high,1,1,1,1
4481,AP1501A-T5R,ANACHIP,,开关式稳压器或控制器,-40℃-85℃ ， 5A PWM降压型DC / DC转换器,voltage_regulator,dcdc_switching,dcdc_switching,dcdc_switching,dcdc_switching,dcdc,dcdc_switching,AP1501A: 3A step-down DC-DC converter (Anachip),,known-series,high,1,1,1,1
4482,AP1501A-T5RA,ANACHIP,,开关式稳压器或控制器,-40℃-85℃ ， 5A PWM降压型DC / DC转换器,voltage_regulator,dcdc_switching,dcdc_switching,dcdc_switching,dcdc_switching,dcdc,dcdc_switching,AP1501A: 3A step-down DC-DC converter (Anachip),,known-series,high,1,1,1,1
4483,AP1501A-T5RL,ANACHIP,,开关式稳压器或控制器,-40℃-85℃ ， 5A PWM降压型DC / DC转换器,voltage_regulator,dcdc_switching,dcdc_switching,dcdc_switching,dcdc_switching,dcdc,dcdc_switching,AP1501A: 3A step-down DC-DC converter (Anachip),,known-series,high,1,1,1,1
4484,AP1501A-T5RLA,ANACHIP,,开关式稳压器或控制器,-40℃-85℃ ， 5A PWM降压型DC / DC转换器,voltage_regulator,dcdc_switching,dcdc_switching,dcdc_switching,dcdc_switching,dcdc,dcdc_switching,AP1501A: 3A step-down DC-DC converter (Anachip),,known-series,high,1,1,1,1
4588,MC7824CTG,ONSEMI,稳压芯片,线性稳压器IC,三端固定正稳压器,voltage_regulator,ldo_regulator,ldo_regulator,ldo_regulator,ldo_regulator,voltage_regulator,ldo_regulator,ON Semi MC7824: Classic 78xx series positive 24V linear regulator,onsemi.com/MC78xx,external_web,1.0,1,1,1,1
4768,5962-86806012A,TI,PWM控制器,开关式稳压器或控制器,电流模式PWM控制器,voltage_regulator,dcdc_switching,dcdc_switching,dcdc_switching,dcdc_switching,voltage_regulator,dcdc_switching,"TI UC1846 (5962-86806012A): Current Mode PWM Controller (500kHz, for switching power supplies)",ti.com/product/uc1846,external_web,1.0,1,1,1,1
4769,5962-8680601EA,TI,PWM控制器,开关式稳压器或控制器,电流模式PWM控制器,voltage_regulator,dcdc_switching,dcdc_switching,dcdc_switching,dcdc_switching,dcdc,dcdc_switching,5962-8680601: TI military-grade PWM switching regulator,,known-series,high,1,1,1,1
4771,5962-8680601VEA,TI,PWM控制器,开关式稳压器或控制器,电流模式PWM控制器,voltage_regulator,dcdc_switching,dcdc_switching,dcdc_switching,dcdc_switching,dcdc,dcdc_switching,5962-8680601: TI military PWM switching regulator,,known-series,high,1,1,1,1
4775,5962-9210901HZX,INFINEON,,电源模块,先进的模拟混合高可靠性DC / DC转换器,voltage_regulator,dcdc_switching,dcdc_switching,dcdc_switching,dcdc_switching,dcdc,dcdc_switching,5962-9210901: IR military-grade switching regulator,,known-series,high,1,1,1,1
4776,5962-9210902HZX,INFINEON,,电源模块,先进的模拟混合高可靠性DC / DC转换器,voltage_regulator,dcdc_switching,dcdc_switching,dcdc_switching,dcdc_switching,dcdc,dcdc_switching,5962-9210902: IR military switching regulator,,known-series,high,1,1,1,1
4777,5962-9210903HZX,INFINEON,,电源模块,先进的模拟混合高可靠性DC / DC转换器,voltage_regulator,dcdc_switching,dcdc_switching,dcdc_switching,dcdc_switching,dcdc,dcdc_switching,5962-9210903: IR military switching regulator,,known-series,high,1,1,1,1
4840,BQ20Z80DBT,TI,电池管理芯片,电源管理电路,SBS 1.1标准的电量监测计启用Impedance Track技术为使用的bq29312A,bms_supervisor,battery_charger,out_of_scope,out_of_scope,battery_charger,bms_supervisor,battery_charger,TI BQ20Z80: SBS 1.1-compliant Gas Gauge with Impedance Track (battery fuel gauge),ti.com/product/BQ20Z80,external_web,1.0,1,0,0,1
4843,BQ20Z80DBTR,TI,电池管理芯片,电源管理电路,SBS 1.1标准的电量监测计启用Impedance Track技术为使用的bq29312A,bms_supervisor,battery_charger,out_of_scope,out_of_scope,battery_charger,bms_supervisor,battery_charger,TI BQ20Z80: SBS-compliant Gas Gauge with Impedance Track,ti.com/BQ20Z80,external_web,1.0,1,0,0,1
4887,FAN1581D15X,FAIRCHILD,稳压芯片,线性稳压器IC,5A可调/固定超低压降线性稳压器,voltage_regulator,ldo_regulator,ldo_regulator,ldo_regulator,ldo_regulator,ldo_regulator,ldo_regulator,FAN1581D: 3A low-dropout linear regulator (Fairchild),,known-series,high,1,1,1,1
4888,FAN1581D25X,FAIRCHILD,,线性稳压器IC,5A可调/固定超低压降线性稳压器,voltage_regulator,ldo_regulator,ldo_regulator,ldo_regulator,ldo_regulator,ldo_regulator,ldo_regulator,FAN1581D: 3A low-dropout linear regulator (Fairchild),,known-series,high,1,1,1,1
4889,FAN1581DX,FAIRCHILD,稳压芯片,线性稳压器IC,5A可调/固定超低压降线性稳压器,voltage_regulator,ldo_regulator,ldo_regulator,ldo_regulator,ldo_regulator,ldo_regulator,ldo_regulator,FAN1581D: 3A LDO (Fairchild),,known-series,high,1,1,1,1
4890,FAN1581M12X,FAIRCHILD,,线性稳压器IC,5A可调/固定超低压降线性稳压器,voltage_regulator,ldo_regulator,ldo_regulator,ldo_regulator,ldo_regulator,ldo_regulator,ldo_regulator,FAN1581M: 3A LDO (Fairchild),,known-series,high,1,1,1,1
4891,FAN1581M25X,FAIRCHILD,,线性稳压器IC,5A可调/固定超低压降线性稳压器,voltage_regulator,ldo_regulator,ldo_regulator,ldo_regulator,ldo_regulator,ldo_regulator,ldo_regulator,FAN1581M: 3A LDO (Fairchild),,known-series,high,1,1,1,1
4892,FAN1581MX,FAIRCHILD,稳压芯片,线性稳压器IC,5A可调/固定超低压降线性稳压器,voltage_regulator,ldo_regulator,ldo_regulator,ldo_regulator,ldo_regulator,ldo_regulator,ldo_regulator,FAN1581M: 3A LDO (Fairchild),,known-series,high,1,1,1,1
4893,FAN1581T,FAIRCHILD,稳压芯片,,5A可调/固定超低压降线性稳压器,voltage_regulator,ldo_regulator,ldo_regulator,ldo_regulator,ldo_regulator,ldo_regulator,ldo_regulator,FAN1581T: 3A LDO (Fairchild),,known-series,high,1,1,1,1
4985,LM2750LD-ADJ,NSC,,开关式稳压器或控制器,低噪声， 5.0V稳压开关电容电压转换器,voltage_regulator,dcdc_switching,dcdc_switching,dcdc_switching,dcdc_switching,dcdc,dcdc_switching,LM2750: regulated switched-cap voltage converter (NSC),,known-series,high,1,1,1,1
4986,LM2750LDX-ADJ,NSC,,开关式稳压器或控制器,低噪声， 5.0V稳压开关电容电压转换器,voltage_regulator,dcdc_switching,dcdc_switching,dcdc_switching,dcdc_switching,dcdc,dcdc_switching,LM2750: low-noise switched-capacitor boost regulator (NSC/TI),,known-series,high,1,1,1,1
4997,LM340T-18,MOTOROLA,,线性稳压器IC,三端固定正稳压器,voltage_regulator,ldo_regulator,ldo_regulator,ldo_regulator,ldo_regulator,ldo_regulator,ldo_regulator,LM340T: 1A positive linear regulator (Motorola/78xx family),,known-series,high,1,1,1,1
4998,LM340T-24,MOTOROLA,,线性稳压器IC,三端固定正稳压器,voltage_regulator,ldo_regulator,ldo_regulator,ldo_regulator,ldo_regulator,ldo_regulator,ldo_regulator,LM340T-24: 1A positive linear regulator (Motorola),,known-series,high,1,1,1,1
5013,MC7805ACD2T,MOTOROLA,,线性稳压器IC,三端固定正稳压器,voltage_regulator,ldo_regulator,ldo_regulator,ldo_regulator,ldo_regulator,ldo_regulator,ldo_regulator,MC7805A: 1A positive 78xx linear regulator (Motorola),,known-series,high,1,1,1,1
5014,MC7805ACT,MOTOROLA,,线性稳压器IC,三端固定正稳压器,voltage_regulator,ldo_regulator,ldo_regulator,ldo_regulator,ldo_regulator,ldo_regulator,ldo_regulator,MC7805A: 1A 78xx linear regulator (Motorola),,known-series,high,1,1,1,1
5015,MC7805CD2T,MOTOROLA,,线性稳压器IC,三端固定正稳压器,voltage_regulator,ldo_regulator,ldo_regulator,ldo_regulator,ldo_regulator,ldo_regulator,ldo_regulator,MC7805C: 1A 78xx linear regulator (Motorola),,known-series,high,1,1,1,1
5016,MC7805CT,MOTOROLA,稳压芯片,线性稳压器IC,三端固定正稳压器,voltage_regulator,ldo_regulator,ldo_regulator,ldo_regulator,ldo_regulator,ldo_regulator,ldo_regulator,MC7805C: 1A 78xx linear regulator (Motorola),,known-series,high,1,1,1,1
5052,NJU7231F12,NJRC,,线性稳压器IC,高精度的C- MOS三端稳压器,voltage_regulator,ldo_regulator,ldo_regulator,ldo_regulator,ldo_regulator,voltage_regulator,ldo_regulator,NJRC NJU7231: Low Dropout Voltage Regulator (12V variant),njr.com/NJU7231,external_web,1.0,1,1,1,1
5053,NJU7231F15,NJRC,,线性稳压器IC,高精度的C- MOS三端稳压器,voltage_regulator,ldo_regulator,ldo_regulator,ldo_regulator,ldo_regulator,voltage_regulator,ldo_regulator,NJRC NJU7231-F15: LDO (1.5V variant),njr.com/NJU7231,external_web,1.0,1,1,1,1
5215,AFL2815SZ/HB,INFINEON,,电源模块,先进的模拟高可靠性混合DC / DC转换器,voltage_regulator,dcdc_switching,dcdc_switching,dcdc_switching,dcdc_switching,dcdc,dcdc_switching,AFL2815: 80W isolated DC-DC converter module (Infineon/IR),,ext-datasheet,high,1,1,1,1
5424,PT5021C,TI,,开关式稳压器或控制器,正输入/负输出集成开关稳压器,voltage_regulator,dcdc_switching,dcdc_switching,dcdc_switching,dcdc_switching,dcdc,dcdc_switching,PT5021: non-isolated DC-DC converter module (TI),,known-series,high,1,1,1,1
5740,LP3875EMPX-3.3,NSC,,线性稳压器IC,1.5A快速超低压降线性稳压器,voltage_regulator,ldo_regulator,ldo_regulator,ldo_regulator,ldo_regulator,voltage_regulator,ldo_regulator,NSC/TI LP3875: 1.5A Fast-Response LDO Regulator,ti.com/lp3875,external_web,1.0,1,1,1,1
5745,LT1085G-3.3,SEME-LAB,,线性稳压器IC,3安培正电压稳压器,voltage_regulator,ldo_regulator,ldo_regulator,ldo_regulator,ldo_regulator,ldo_regulator,ldo_regulator,LT1085: 3A low-dropout positive regulator (Linear/SemeLab),,known-series,high,1,1,1,1
5751,LTC4053EMSE-4.2,Linear,电池管理芯片,电源管理电路,USB兼容锂离子电池充电器与热调节,bms_supervisor,battery_charger,battery_charger,battery_charger,battery_charger,battery_charger,battery_charger,LTC4053: standalone Li-Ion linear charger (Linear),,known-series,high,1,1,1,1
5777,MIC49500-1.2WU,MICREL,稳压芯片,线性稳压器IC,5A双电源，低电压，高带宽LDO,voltage_regulator,ldo_regulator,ldo_regulator,ldo_regulator,ldo_regulator,ldo_regulator,ldo_regulator,MIC49500: 5A high-current ultra-low-dropout LDO (Micrel/Microchip),,known-series,high,1,1,1,1
5779,MIC49500WU,MICREL,,线性稳压器IC,5A双电源，低电压，高带宽LDO,voltage_regulator,ldo_regulator,ldo_regulator,ldo_regulator,ldo_regulator,ldo_regulator,ldo_regulator,MIC49500: 5A high-current LDO (Micrel),,known-series,high,1,1,1,1
5904,TC1054-1.8VCT,MICROCHIP,,线性稳压器IC,50mA时100毫安到150mA的CMOS LDO，具有关断和错误输出,voltage_regulator,ldo_regulator,ldo_regulator,ldo_regulator,ldo_regulator,ldo_regulator,ldo_regulator,TC1054: 50mA micropower LDO (Microchip),,known-series,high,1,1,1,1
5906,TC1054-2.7VCT,MICROCHIP,,线性稳压器IC,50mA时100毫安到150mA的CMOS LDO，具有关断和错误输出,voltage_regulator,ldo_regulator,ldo_regulator,ldo_regulator,ldo_regulator,voltage_regulator,ldo_regulator,Microchip TC1054: 50mA CMOS LDO Regulator with 2.7V fixed output,microchip.com/TC1054,external_web,1.0,1,1,1,1
5907,TC1054-2.85VCT,MICROCHIP,,线性稳压器IC,50mA时100毫安到150mA的CMOS LDO，具有关断和错误输出,voltage_regulator,ldo_regulator,ldo_regulator,ldo_regulator,ldo_regulator,ldo_regulator,ldo_regulator,TC1054: 50mA micropower LDO (Microchip),,known-series,high,1,1,1,1
5925,TPS2145,TI,,,LDO和双管可控的上升时间为DSP和便携式应用,voltage_regulator,ldo_regulator,out_of_scope,out_of_scope,ldo_regulator,voltage_regulator,ldo_regulator,TI TPS2145: LDO and Dual Switch (same as TPS2145IPWP),ti.com/lit/gpn/TPS2147,external_web,1.0,1,0,0,1
5926,TPS2145IPWP,TI,电源管理,线性稳压器IC,LDO和双管可控的上升时间为DSP和便携式应用,voltage_regulator,ldo_regulator,out_of_scope,out_of_scope,ldo_regulator,voltage_regulator,ldo_regulator,TI: LDO and Dual Switch with Controlled Rise Times (DSP/USB applications),ti.com/lit/gpn/TPS2147,external_web,1.0,1,0,0,1
5928,TPS2147IDGQR,TI,电池管理芯片,线性稳压器IC,LDO和双管可控的上升时间为DSP和便携式应用,bms_supervisor,battery_charger,ldo_regulator,out_of_scope,ldo_regulator,out_of_scope,out_of_scope,TPS2147: USB bus-powered hub power management = dual current-limited switch + fixed 3.3V LDO (TI); primary function is power switch/load switch,,ext-datasheet,medium,0,0,1,0
6207,NCP4523G1T1G,ONSEMI,,线性稳压器IC,CMOS 3CH - LDO的射频单元,voltage_regulator,ldo_regulator,ldo_regulator,ldo_regulator,ldo_regulator,voltage_regulator,ldo_regulator,ON Semi NCP4523: 150mA LDO regulator,onsemi.com/NCP4523,external_web,1.0,1,1,1,1
6208,NCP4523G20T1,ONSEMI,,线性稳压器IC,CMOS 3CH - LDO的射频单元,voltage_regulator,ldo_regulator,ldo_regulator,ldo_regulator,ldo_regulator,ldo_regulator,ldo_regulator,NCP4523: CMOS 3-channel LDO for RF Unit (ON Semi),,ext-datasheet,high,1,1,1,1
6209,NCP4523G3T1,ONSEMI,稳压芯片,线性稳压器IC,CMOS 3CH - LDO的射频单元,voltage_regulator,ldo_regulator,ldo_regulator,ldo_regulator,ldo_regulator,ldo_regulator,ldo_regulator,NCP4523: CMOS 3-ch LDO (ON Semi),,ext-datasheet,high,1,1,1,1
6230,REG1117FA/KTTT,BB,,,800毫安和1A低压差稳压器正1.8V，2.5V ， 2.85V ， 3.3V ，5V和可调,voltage_regulator,ldo_regulator,ldo_regulator,ldo_regulator,ldo_regulator,ldo_regulator,ldo_regulator,REG1117: 800mA LDO linear regulator (TI/Burr-Brown),,known-series,high,1,1,1,1
6232,REG1117FAKTTT,BB,,,800毫安和1A低压差稳压器正1.8V，2.5V ， 2.85V ， 3.3V ，5V和可调,voltage_regulator,ldo_regulator,ldo_regulator,ldo_regulator,ldo_regulator,voltage_regulator,ldo_regulator,Burr-Brown/TI REG1117: 1A LDO Linear Regulator (classic),ti.com/REG1117,external_web,1.0,1,1,1,1
6439,BQ2040SN-C408,TI,电池管理芯片,电源管理电路,电量监测计IC ，带有SMBus接口,bms_supervisor,battery_charger,out_of_scope,out_of_scope,battery_charger,bms_supervisor,battery_charger,TI: Gas Gauge IC with SMBus Interface (Battery fuel gauge),ti.com/product/BQ2040,external_web,1.0,1,0,0,1
6443,BQ2040SN-D111TRG4,TI,电池管理芯片,电源管理电路,电量监测计IC ，带有SMBus接口,bms_supervisor,battery_charger,out_of_scope,out_of_scope,battery_charger,battery_charger,battery_charger,BQ2040: multi-chemistry SBS gas gauge IC with 4 LED drivers (TI); battery management,,ext-datasheet,high,1,0,0,1
6453,CM3019-00MA,CALMIRCO,,线性稳压器IC,微功耗， 500毫安低噪声CMOS LDO稳压器,voltage_regulator,ldo_regulator,ldo_regulator,ldo_regulator,ldo_regulator,voltage_regulator,ldo_regulator,California Micro Devices CM3019: Micropower 500mA Low Noise CMOS LDO Regulator,calmicro.com/CM3019,external_web,1.0,1,1,1,1
6454,CM3019-00ST,CALMIRCO,,线性稳压器IC,微功耗， 500毫安低噪声CMOS LDO稳压器,voltage_regulator,ldo_regulator,ldo_regulator,ldo_regulator,ldo_regulator,ldo_regulator,ldo_regulator,CM3019: micropower 500mA low-noise CMOS LDO (California Micro Devices),,ext-datasheet,high,1,1,1,1
6540,LD2981ABM36TR,STMICROELECTRONICS,,线性稳压器IC,非常低压降稳压器与抑制,voltage_regulator,ldo_regulator,ldo_regulator,ldo_regulator,ldo_regulator,ldo_regulator,ldo_regulator,LD2981A: very low-drop 100mA LDO (ST),,known-series,high,1,1,1,1
6547,MAX5043ETN,MAXIM,电池管理芯片,,集成了功率MOSFET和热插拔控制器双开关电源IC,bms_supervisor,battery_charger,dcdc_switching,out_of_scope,out_of_scope,voltage_regulator,dcdc_switching,Maxim MAX5043: Dual Two-Switch Power IC with Integrated MOSFETs and Hot-Swap Controller (primary: dual switching PSU),chipdocs.com/MAX5042,external_web,1.0,0,1,0,0
6559,NJM78M05DL1A,NJRC,,线性稳压器IC,3端正电压稳压器,voltage_regulator,ldo_regulator,ldo_regulator,ldo_regulator,ldo_regulator,voltage_regulator,ldo_regulator,NJRC NJM78M05: Classic 78M series 5V positive linear regulator,njr.com/NJM78M05,external_web,1.0,1,1,1,1
6600,SI-3010LLSL,SANKEN,,线性稳压器IC,1.5 A ，超低压差， 1.1 〜 3.3 V稳压器,voltage_regulator,ldo_regulator,ldo_regulator,ldo_regulator,ldo_regulator,ldo_regulator,ldo_regulator,SI-3010LLSL: low-dropout LDO regulator (Sanken),,known-series,high,1,1,1,1
6601,SI-3010LLSL-TL,SANKEN,,,1.5 A ，超低压差， 1.1 〜 3.3 V稳压器,voltage_regulator,ldo_regulator,ldo_regulator,ldo_regulator,ldo_regulator,ldo_regulator,ldo_regulator,"SI-3010: 1A adjustable LDO regulator, 35V input (Sanken)",,ext-datasheet,high,1,1,1,1
6646,TPS7250QPE4,TI,稳压芯片,线性稳压器IC,微功耗低压差（ LDO）稳压器,voltage_regulator,ldo_regulator,ldo_regulator,ldo_regulator,ldo_regulator,voltage_regulator,ldo_regulator,TI TPS7250Q: Automotive 5V Low Dropout Linear Regulator with Reset,ti.com/TPS7250,external_web,1.0,1,1,1,1
6647,TPS7250QPWRG4,TI,稳压芯片,线性稳压器IC,微功耗低压差（ LDO）稳压器,voltage_regulator,ldo_regulator,ldo_regulator,ldo_regulator,ldo_regulator,ldo_regulator,ldo_regulator,TPS7250: 250mA ultra-low-quiescent-current LDO (TI),,known-series,high,1,1,1,1
6648,TPS7250Y,TI,,线性稳压器IC,微功耗低压差（ LDO）稳压器,voltage_regulator,ldo_regulator,ldo_regulator,ldo_regulator,ldo_regulator,ldo_regulator,ldo_regulator,TPS7250: 250mA LDO (TI),,known-series,high,1,1,1,1
7002,TPS3307-18DGNR,TI,电源监控芯片,电源管理电路,三重处理器监事,bms_supervisor,supervisor_reset,supervisor_reset,supervisor_reset,supervisor_reset,bms_supervisor,supervisor_reset,TI TPS3307: triple-voltage supervisor (reset generator),ti.com/tps3307,external_web,1.0,1,1,1,1
7003,TPS3307-18DR,TI,电源监控芯片,电源管理电路,三重处理器监事,bms_supervisor,supervisor_reset,supervisor_reset,supervisor_reset,supervisor_reset,pmic,supervisor_reset,TPS3307: triple-processor supervisor (TI),,known-series,high,1,1,1,1
7004,TPS3307-18DRG4,TI,电源监控芯片,电源管理电路,三重处理器监事,bms_supervisor,supervisor_reset,supervisor_reset,supervisor_reset,supervisor_reset,pmic,supervisor_reset,TPS3307: triple-processor supervisor (TI),,known-series,high,1,1,1,1
7006,TPS3307-25DGNR,TI,电源监控芯片,电源管理电路,三重处理器监事,bms_supervisor,supervisor_reset,supervisor_reset,supervisor_reset,supervisor_reset,bms_supervisor,supervisor_reset,TI TPS3307: triple-voltage supervisor (-25 version),ti.com/tps3307,external_web,1.0,1,1,1,1
7007,TPS3307-25DGNRG4,TI,电源监控芯片,电源管理电路,三重处理器监事,bms_supervisor,supervisor_reset,supervisor_reset,supervisor_reset,supervisor_reset,pmic,supervisor_reset,TPS3307: triple-processor supervisor (TI),,known-series,high,1,1,1,1
7008,TPS3307-25DR,TI,电源监控芯片,,三重处理器监事,bms_supervisor,supervisor_reset,supervisor_reset,supervisor_reset,supervisor_reset,pmic,supervisor_reset,TPS3307: triple-processor supervisor (TI),,known-series,high,1,1,1,1
7009,TPS3307-25DRG4,TI,电源监控芯片,电源管理电路,三重处理器监事,bms_supervisor,supervisor_reset,supervisor_reset,supervisor_reset,supervisor_reset,bms_supervisor,supervisor_reset,TI TPS3307: Triple-Voltage Supervisor,ti.com/TPS3307,external_web,1.0,1,1,1,1
7011,TPS3307-33DGNR,TI,电源监控芯片,电源管理电路,三重处理器监事,bms_supervisor,supervisor_reset,supervisor_reset,supervisor_reset,supervisor_reset,pmic,supervisor_reset,TPS3307: triple-processor supervisor (TI),,known-series,high,1,1,1,1
7012,TPS3307-33DR,TI,电源监控芯片,电源管理电路,三重处理器监事,bms_supervisor,supervisor_reset,supervisor_reset,supervisor_reset,supervisor_reset,pmic,supervisor_reset,TPS3307: triple-processor supervisor circuit (TI),,known-series,high,1,1,1,1
7013,TPS3307-33DRG4,TI,电源监控芯片,电源管理电路,三重处理器监事,bms_supervisor,supervisor_reset,supervisor_reset,supervisor_reset,supervisor_reset,pmic,supervisor_reset,TPS3307: triple-processor supervisor (TI),,known-series,high,1,1,1,1
7518,HIP6602BCRZ-T,INTERSIL,FET驱动器,,双通道同步整流降压MOSFET驱动器,driver_ic,gate_driver,gate_driver,gate_driver,gate_driver,driver_ic,gate_driver,Intersil HIP6602: Dual Channel Synchronous-Rectified Buck MOSFET Driver,renesas.com/hip6602,external_web,1.0,1,1,1,1
7519,HIP6602BCRZA,INTERSIL,FET驱动器,,双通道同步整流降压MOSFET驱动器,driver_ic,gate_driver,gate_driver,gate_driver,gate_driver,driver_ic,gate_driver,HIP6602: dual synchronous buck MOSFET driver (Intersil),,known-series,high,1,1,1,1
7520,HIP6602BCRZA-T,INTERSIL,FET驱动器,,双通道同步整流降压MOSFET驱动器,driver_ic,gate_driver,gate_driver,gate_driver,gate_driver,driver_ic,gate_driver,HIP6602: dual synchronous buck MOSFET driver (Intersil),,known-series,high,1,1,1,1
7711,TL431IZT,STMICROELECTRONICS,电压基准芯片,参考电压源,可编程电压参考,bms_supervisor,voltage_ref,voltage_ref,voltage_ref,voltage_ref,bms_supervisor,voltage_ref,ST TL431: Classic 2.5V Adjustable Precision Shunt Regulator/Reference,st.com/tl431,external_web,1.0,1,1,1,1
7900,ISL6614ACBZA,INTERSIL,FET驱动器,,与预POR过压保护的双高级同步整流降压MOSFET驱动器,driver_ic,gate_driver,gate_driver,gate_driver,gate_driver,driver_ic,gate_driver,Intersil ISL6614A: Synchronous Buck MOSFET Driver,renesas.com/ISL6614,external_web,1.0,1,1,1,1
7901,ISL6614ACBZA-T,INTERSIL,FET驱动器,,与预POR过压保护的双高级同步整流降压MOSFET驱动器,driver_ic,gate_driver,gate_driver,gate_driver,gate_driver,driver_ic,gate_driver,ISL6614: synchronous buck MOSFET driver (Intersil),,known-series,high,1,1,1,1
7904,ISL6614AIRZ-T,INTERSIL,FET驱动器,,与预POR过压保护的双高级同步整流降压MOSFET驱动器,driver_ic,gate_driver,gate_driver,gate_driver,gate_driver,driver_ic,gate_driver,ISL6614: synchronous buck MOSFET driver (Intersil),,known-series,high,1,1,1,1
9579,LM4040A10IDBZR,TI,电压基准芯片,参考电压源,精密微功耗并联型电压基准,bms_supervisor,voltage_ref,voltage_ref,voltage_ref,voltage_ref,bms_supervisor,voltage_ref,TI LM4040A10: 10V Precision Micropower Shunt Voltage Reference,ti.com/LM4040,external_web,1.0,1,1,1,1
9580,LM4040D50QDBZT,TI,电压基准芯片,,精密微功耗并联型电压基准,bms_supervisor,voltage_ref,voltage_ref,voltage_ref,voltage_ref,voltage_ref,voltage_ref,"LM4040: precision shunt voltage reference (TI, auto Q1)",,known-series,high,1,1,1,1
9581,LM4040D50QDBZTG4,TI,电压基准芯片,参考电压源,精密微功耗并联型电压基准,bms_supervisor,voltage_ref,voltage_ref,voltage_ref,voltage_ref,voltage_ref,voltage_ref,"LM4040: precision shunt voltage reference (TI, auto Q1)",,known-series,high,1,1,1,1
9616,MAX6966ATE,MAXIM,LED驱动器,显示驱动器,10端口，恒流LED驱动器和I / O扩展器，带有PWM亮度控制,driver_ic,led_driver,led_driver,led_driver,led_driver,driver_ic,led_driver,MAX6966: 10-port constant-current LED driver (Maxim),,known-series,high,1,1,1,1
9618,MAX6967AEE,MAXIM,LED驱动器,显示驱动器,10端口，恒流LED驱动器和I / O扩展器，带有PWM亮度控制,driver_ic,led_driver,led_driver,led_driver,led_driver,driver_ic,led_driver,MAX6967: 10-port constant-current LED driver with PWM (Maxim),,known-series,high,1,1,1,1
9619,MAX6967ATE,MAXIM,LED驱动器,显示驱动器,10端口，恒流LED驱动器和I / O扩展器，带有PWM亮度控制,driver_ic,led_driver,led_driver,led_driver,led_driver,driver_ic,led_driver,MAX6967: 10-port constant-current LED driver (Maxim),,known-series,high,1,1,1,1
9843,ADR380ART-R2,ADI,电压基准芯片,,高精度低漂移2.048 V / 2.500 V SOT- 23电压基准,bms_supervisor,voltage_ref,voltage_ref,voltage_ref,voltage_ref,voltage_ref,voltage_ref,ADR380: micropower precision voltage reference (ADI),,known-series,high,1,1,1,1
9844,ADR380ARTZ-REEL7,ADI,电压基准芯片,,高精度低漂移2.048 V / 2.500 V SOT- 23电压基准,bms_supervisor,voltage_ref,voltage_ref,voltage_ref,voltage_ref,voltage_ref,voltage_ref,ADR380: micropower precision 2.048V/2.5V reference (ADI),,known-series,high,1,1,1,1
9845,ADR381ART-R2,ADI,电压基准芯片,,高精度低漂移2.048 V / 2.500 V SOT- 23电压基准,bms_supervisor,voltage_ref,voltage_ref,voltage_ref,voltage_ref,voltage_ref,voltage_ref,ADR381: micropower precision voltage reference (ADI),,known-series,high,1,1,1,1
9846,ADR381ARTZ-REEL7,ADI,电压基准芯片,,高精度低漂移2.048 V / 2.500 V SOT- 23电压基准,bms_supervisor,voltage_ref,voltage_ref,voltage_ref,voltage_ref,voltage_ref,voltage_ref,ADR381: micropower precision voltage reference (ADI),,known-series,high,1,1,1,1
10052,MAX678BEWP,MAXIM,,参考电压源,"校准后，低漂移， + 4,096V / + 5V / + 10V精密电压基准",bms_supervisor,voltage_ref,voltage_ref,voltage_ref,voltage_ref,voltage_ref,voltage_ref,MAX678: calibrated low-drift +4.096V/5V/10V precision voltage reference (Maxim),,ext-datasheet,high,1,1,1,1
10368,DS2745U+,MAXIM,电池管理芯片,电源管理电路,低成本I²C电池监视器,bms_supervisor,battery_charger,out_of_scope,out_of_scope,battery_charger,battery_charger,battery_charger,DS2745: low-cost I²C battery monitor/fuel gauge (Maxim/ADI); battery management,,ext-datasheet,high,1,0,0,1
10638,ZXMN3B04N8,ZETEX,,功率场效应晶体管,30V N沟道增强型MOSFET 2.5V栅极驱动,driver_ic,gate_driver,out_of_scope,out_of_scope,out_of_scope,out_of_scope,out_of_scope,Zetex/Diodes ZXMN3B04N8: 30V N-Channel Enhancement MOSFET device (not a driver IC),diodes.com/ZXMN3B04N8,external_web,1.0,0,1,1,1
10639,ZXMN3B04N8TA,ZETEX,,功率场效应晶体管,30V N沟道增强型MOSFET 2.5V栅极驱动,driver_ic,gate_driver,out_of_scope,out_of_scope,out_of_scope,out_of_scope,out_of_scope,"ZXMN3B04N8: 30V N-channel enhancement-mode MOSFET (Zetex/Diodes); discrete device, not an IC",,ext-datasheet,high,0,1,1,1
10640,ZXMN3B04N8TC,ZETEX,,功率场效应晶体管,30V N沟道增强型MOSFET 2.5V栅极驱动,driver_ic,gate_driver,out_of_scope,out_of_scope,out_of_scope,out_of_scope,out_of_scope,Zetex/Diodes ZXMN3B04N8: 30V N-Channel MOSFET device,diodes.com/ZXMN3B04N8,external_web,1.0,0,1,1,1
10820,BQ2050HSN-A508,TI,电池管理芯片,,低成本锂离子动力计IC,bms_supervisor,battery_charger,out_of_scope,out_of_scope,battery_charger,battery_charger,battery_charger,BQ2050H: gas gauge IC for NiCd/NiMH batteries (TI),,known-series,high,1,0,0,1
10821,BQ2050HSN-A508TR,TI,电池管理芯片,电源管理电路,低成本锂离子动力计IC,bms_supervisor,battery_charger,out_of_scope,out_of_scope,battery_charger,battery_charger,battery_charger,BQ2050H: gas gauge IC (TI),,known-series,high,1,0,0,1
11084,LT6650CS5,Linear,,参考电压源,微功耗， 400mV的具有轨到轨缓冲放大器，采用SOT -23参考,bms_supervisor,voltage_ref,voltage_ref,voltage_ref,voltage_ref,voltage_ref,voltage_ref,LT6650: micropower 400mV reference with rail-to-rail buffer amplifier (Linear),,ext-datasheet,high,1,1,1,1
11085,LT6650HS5,Linear,,参考电压源,微功耗， 400mV的具有轨到轨缓冲放大器，采用SOT -23参考,bms_supervisor,voltage_ref,voltage_ref,voltage_ref,voltage_ref,bms_supervisor,voltage_ref,Linear LT6650: Micropower Low-Voltage Precision Voltage Reference,analog.com/LT6650,external_web,1.0,1,1,1,1
12222,TLC5941PWP,TI,LED驱动器,显示驱动器,16通道LED驱动器，具有点校正和灰度PWM控制,driver_ic,led_driver,led_driver,led_driver,led_driver,driver_ic,led_driver,TLC5941: 16-channel LED driver with dot correction (TI),,known-series,high,1,1,1,1
12223,TLC5941PWPR,TI,LED驱动器,显示驱动器,16通道LED驱动器，具有点校正和灰度PWM控制,driver_ic,led_driver,led_driver,led_driver,led_driver,driver_ic,led_driver,TLC5941: 16-channel LED driver (TI),,known-series,high,1,1,1,1
12224,TLC5941PWPRG4,TI,LED驱动器,显示驱动器,16通道LED驱动器，具有点校正和灰度PWM控制,driver_ic,led_driver,led_driver,led_driver,led_driver,driver_ic,led_driver,TLC5941: 16-channel LED driver (TI),,known-series,high,1,1,1,1
12225,TLC5941RHB,TI,LED驱动器,显示驱动器,16通道LED驱动器，具有点校正和灰度PWM控制,driver_ic,led_driver,led_driver,led_driver,led_driver,driver_ic,led_driver,TLC5941: 16-channel LED driver with dot correction (TI),,known-series,high,1,1,1,1
12226,TLC5941RHBR,TI,LED驱动器,显示驱动器,16通道LED驱动器，具有点校正和灰度PWM控制,driver_ic,led_driver,led_driver,led_driver,led_driver,driver_ic,led_driver,TLC5941: 16-channel LED driver (TI),,known-series,high,1,1,1,1
12227,TLC5941RHBRG4,TI,LED驱动器,显示驱动器,16通道LED驱动器，具有点校正和灰度PWM控制,driver_ic,led_driver,led_driver,led_driver,led_driver,driver_ic,led_driver,TLC5941: 16-channel LED driver (TI),,known-series,high,1,1,1,1
12246,TPS3820-33DBVRG4,TI,电源监控芯片,电源管理电路,处理器监控电路,bms_supervisor,supervisor_reset,supervisor_reset,supervisor_reset,supervisor_reset,bms_supervisor,supervisor_reset,TI TPS3820: supply voltage supervisor with watchdog,ti.com/tps3820,external_web,1.0,1,1,1,1
12247,TPS3820-33DBVTG4,TI,电源监控芯片,电源管理电路,处理器监控电路,bms_supervisor,supervisor_reset,supervisor_reset,supervisor_reset,supervisor_reset,pmic,supervisor_reset,TPS3820: processor supervisor w/ WDT (TI),,known-series,high,1,1,1,1
12248,TPS3820-33QDBVRQ1,TI,电源监控芯片,电源管理电路,处理器监控电路,bms_supervisor,supervisor_reset,supervisor_reset,supervisor_reset,supervisor_reset,bms_supervisor,supervisor_reset,TI TPS3820-33Q: Automotive Supply Voltage Supervisor with Watchdog,ti.com/TPS3820,external_web,1.0,1,1,1,1
12250,TPS3828-50DBVRG4,TI,电源监控芯片,电源管理电路,处理器监控电路,bms_supervisor,supervisor_reset,supervisor_reset,supervisor_reset,supervisor_reset,pmic,supervisor_reset,"TPS3828: µP supervisor w/ WDT (TI, automotive Q1)",,known-series,high,1,1,1,1
12252,TPS3828-50QDBVRQ1,TI,电源监控芯片,电源管理电路,处理器监控电路,bms_supervisor,supervisor_reset,supervisor_reset,supervisor_reset,supervisor_reset,pmic,supervisor_reset,"TPS3828: processor supervisor w/ WDT (TI, automotive Q1)",,known-series,high,1,1,1,1
12277,UPC1945,NEC,,,可调式精密并联稳压器,bms_supervisor,voltage_ref,voltage_ref,voltage_ref,voltage_ref,voltage_ref,voltage_ref,"uPC1945: adjustable precision shunt regulator, 1.26V reference (NEC/Renesas)",,ext-datasheet,high,1,1,1,1
12485,BQ2014SN-D120,TI,电池管理芯片,电源管理电路,电量监测计IC，带有外部充电控制,bms_supervisor,battery_charger,out_of_scope,out_of_scope,battery_charger,bms_supervisor,battery_charger,TI BQ2014: Gas Gauge IC (battery fuel gauge),ti.com/BQ2014,external_web,1.0,1,0,0,1
12486,BQ2014SN-D120TR,TI,电池管理芯片,电源管理电路,电量监测计IC，带有外部充电控制,bms_supervisor,battery_charger,out_of_scope,out_of_scope,battery_charger,bms_supervisor,battery_charger,TI BQ2014: Gas Gauge IC (battery fuel gauge),ti.com/BQ2014,external_web,1.0,1,0,0,1
12591,FM811JUX,FAIRCHILD,,电源管理电路,微处理器复位电路,bms_supervisor,supervisor_reset,supervisor_reset,supervisor_reset,supervisor_reset,pmic,supervisor_reset,FM811: µP supervisory circuit (Fairchild),,known-series,high,1,1,1,1
12592,FM811LUX,FAIRCHILD,,电源管理电路,微处理器复位电路,bms_supervisor,supervisor_reset,supervisor_reset,supervisor_reset,supervisor_reset,pmic,supervisor_reset,FM811: µP supervisory circuit (Fairchild),,known-series,high,1,1,1,1
12594,FM811RUX,FAIRCHILD,,电源管理电路,微处理器复位电路,bms_supervisor,supervisor_reset,supervisor_reset,supervisor_reset,supervisor_reset,pmic,supervisor_reset,FM811: microprocessor supervisory circuit (Fairchild),,known-series,high,1,1,1,1
12595,FM811SUX,FAIRCHILD,,电源管理电路,微处理器复位电路,bms_supervisor,supervisor_reset,supervisor_reset,supervisor_reset,supervisor_reset,bms_supervisor,supervisor_reset,Fairchild/ON Semi FM811: Microprocessor Voltage Monitor/Reset,onsemi.com/FM811,external_web,1.0,1,1,1,1
12596,FM811TUX,FAIRCHILD,,电源管理电路,微处理器复位电路,bms_supervisor,supervisor_reset,supervisor_reset,supervisor_reset,supervisor_reset,pmic,supervisor_reset,FM811: µP supervisory circuit (Fairchild),,known-series,high,1,1,1,1
12815,NCV431AIDMR2,ONSEMI,电压基准芯片,参考电压源,可编程精密基准,bms_supervisor,voltage_ref,voltage_ref,voltage_ref,voltage_ref,voltage_ref,voltage_ref,NCV431A: automotive shunt voltage reference (ON Semi),,known-series,high,1,1,1,1
12816,NCV431AIDR2,ONSEMI,电压基准芯片,参考电压源,可编程精密基准,bms_supervisor,voltage_ref,voltage_ref,voltage_ref,voltage_ref,voltage_ref,voltage_ref,NCV431A: automotive shunt voltage reference TL431-compatible (ON Semi),,known-series,high,1,1,1,1
12943,TL431ACDG,ONSEMI,电压基准芯片,参考电压源,可编程精密基准,bms_supervisor,voltage_ref,voltage_ref,voltage_ref,voltage_ref,voltage_ref,voltage_ref,TL431A: adjustable precision shunt voltage reference 2.5V-36V (ON Semi),,known-series,high,1,1,1,1
12944,TL431ACDMR2,ONSEMI,电压基准芯片,参考电压源,可编程精密基准,bms_supervisor,voltage_ref,voltage_ref,voltage_ref,voltage_ref,voltage_ref,voltage_ref,TL431A: adjustable precision shunt reference (ON Semi),,known-series,high,1,1,1,1
12945,TL431ACDR2,ONSEMI,电压基准芯片,参考电压源,可编程精密基准,bms_supervisor,voltage_ref,voltage_ref,voltage_ref,voltage_ref,voltage_ref,voltage_ref,TL431A: adjustable precision shunt reference (ON Semi),,known-series,high,1,1,1,1
12946,TL431ILPRA,ONSEMI,电压基准芯片,参考电压源,可编程精密基准,bms_supervisor,voltage_ref,voltage_ref,voltage_ref,voltage_ref,bms_supervisor,voltage_ref,ON Semi TL431: Classic 2.5V precision shunt reference,onsemi.com/tl431,external_web,1.0,1,1,1,1
12947,TL431ILPRAG,ONSEMI,电压基准芯片,参考电压源,可编程精密基准,bms_supervisor,voltage_ref,voltage_ref,voltage_ref,voltage_ref,voltage_ref,voltage_ref,"TL431I: adjustable precision shunt reference, industrial grade (ON Semi)",,known-series,high,1,1,1,1
12948,TL431ILPRP,ONSEMI,,参考电压源,可编程精密基准,bms_supervisor,voltage_ref,voltage_ref,voltage_ref,voltage_ref,voltage_ref,voltage_ref,TL431I: adjustable precision shunt reference (ON Semi),,known-series,high,1,1,1,1
13258,HCPL-5121-100,AGILENT,,光耦合器,2.0安培输出电流IGBT栅极驱动光电耦合器,driver_ic,gate_driver,gate_driver,gate_driver,gate_driver,driver_ic,gate_driver,HCPL-5121: optocoupler IGBT gate driver (Avago),,known-series,high,1,1,1,1
13259,HCPL-5121-200,AGILENT,,光耦合器,2.0安培输出电流IGBT栅极驱动光电耦合器,driver_ic,gate_driver,gate_driver,gate_driver,gate_driver,driver_ic,gate_driver,HCPL-5121: optocoupler IGBT gate driver (Avago),,known-series,high,1,1,1,1
13260,HCPL-5121-300,AGILENT,,光耦合器,2.0安培输出电流IGBT栅极驱动光电耦合器,driver_ic,gate_driver,gate_driver,gate_driver,gate_driver,driver_ic,gate_driver,HCPL-5121: optocoupler IGBT gate driver (Avago),,known-series,high,1,1,1,1
13373,MAX6043CAUT50,MAXIM,电压基准芯片,参考电压源,SOT23封装高精度电压基准,bms_supervisor,voltage_ref,voltage_ref,voltage_ref,voltage_ref,voltage_ref,voltage_ref,MAX6043: precision 3-pin SOT-23 series reference (Maxim),,known-series,high,1,1,1,1
13374,MAX6043CAUT50-T,MAXIM,电压基准芯片,参考电压源,SOT23封装高精度电压基准,bms_supervisor,voltage_ref,voltage_ref,voltage_ref,voltage_ref,voltage_ref,voltage_ref,MAX6043: precision SOT-23 series voltage reference (Maxim),,known-series,high,1,1,1,1
13919,KIA431B,KEC,,参考电压源,激光打标,bms_supervisor,voltage_ref,voltage_ref,voltage_ref,voltage_ref,voltage_ref,voltage_ref,KIA431B: TL431-compatible adjustable precision shunt regulator (KEC),,known-series,high,1,1,1,1
15570,L6258E,STMICROELECTRONICS,电机驱动器,运动控制电子器件,PWM控 - 大电流DMOS通用电机驱动器,driver_ic,motor_driver,motor_driver,motor_driver,motor_driver,driver_ic,motor_driver,L6258: PWM-controlled high-current DMOS universal motor driver (ST),,known-series,high,1,1,1,1
15571,L6258EX,STMICROELECTRONICS,电机驱动器,运动控制电子器件,PWM控 - 大电流DMOS通用电机驱动器,driver_ic,motor_driver,motor_driver,motor_driver,motor_driver,driver_ic,motor_driver,L6258: PWM-controlled high-current DMOS universal motor driver (ST),,known-series,high,1,1,1,1
15801,TPS2491DGSR,TI,电池管理芯片,,正高电压功率限制热插拔控制器,bms_supervisor,battery_charger,out_of_scope,out_of_scope,out_of_scope,out_of_scope,out_of_scope,TI TPS2491: Positive High-Voltage Power-Limiting Hot Swap Controller (eFuses/hot swap),ti.com/product/TPS2491,external_web,1.0,0,1,1,1
15916,A3946KLP,ALLEGRO,电机驱动器,运动控制电子器件,半桥式功率MOSFET控制器,driver_ic,motor_driver,gate_driver,motor_driver,gate_driver,driver_ic,gate_driver,"Allegro A3946: Half-Bridge Power MOSFET Controller (drives external N-channel MOSFETs, not integrated power stage)",allegromicro.com/motor-drivers/bldc-drivers/a3946,external_web,1.0,0,1,0,1
15967,BQ2083DBT,TI,电池管理芯片,电源管理电路,符合SBS的电量监测计IC,bms_supervisor,battery_charger,battery_charger,battery_charger,battery_charger,battery_charger,battery_charger,BQ2083: SBS-compliant gas gauge IC for Li-Ion packs (TI),,known-series,high,1,1,1,1
15969,BQ2083DBT-V1P3,TI,电池管理芯片,电源管理电路,符合SBS的电量监测计IC,bms_supervisor,battery_charger,battery_charger,battery_charger,battery_charger,battery_charger,battery_charger,BQ2083-V1P3: SBS gas gauge IC (TI),,ext-datasheet,high,1,1,1,1
15970,BQ2083DBTR,TI,电池管理芯片,,符合SBS的电量监测计IC,bms_supervisor,battery_charger,battery_charger,battery_charger,battery_charger,battery_charger,battery_charger,BQ2083: SBS gas gauge IC for Li-ion packs (TI),,ext-datasheet,high,1,1,1,1
15972,BQ2083DBTR-V1P3,TI,电池管理芯片,电源管理电路,符合SBS的电量监测计IC,bms_supervisor,battery_charger,battery_charger,battery_charger,battery_charger,battery_charger,battery_charger,BQ2083-V1P3: SBS gas gauge IC (TI),,known-series,high,1,1,1,1
16118,IR2110-1PBF,INFINEON,,,高端和低端驱动器,driver_ic,gate_driver,gate_driver,gate_driver,gate_driver,driver_ic,gate_driver,IR2110: high/low-side high-voltage gate driver (IR/Infineon),,known-series,high,1,1,1,1
16119,IR2110-2PBF,INFINEON,,,高端和低端驱动器,driver_ic,gate_driver,gate_driver,gate_driver,gate_driver,driver_ic,gate_driver,IR2110: high/low-side gate driver (IR/Infineon),,known-series,high,1,1,1,1
16121,IR2113-2PBF,INFINEON,,,高端和低端驱动器,driver_ic,gate_driver,gate_driver,gate_driver,gate_driver,driver_ic,gate_driver,IR2113: high/low-side gate driver (IR/Infineon),,known-series,high,1,1,1,1
16492,AT73C213,ATMEL,电池管理芯片,,对于手机（ PM ） /音频接口便携式手持设备的电源管理,bms_supervisor,battery_charger,out_of_scope,battery_charger,dcdc_switching,out_of_scope,out_of_scope,"Atmel AT73C213: Stereo 20-bit DAC + 1W Class AB Audio Power Amplifier (audio IC, NOT battery charger)",planetanalog.com/atmels-at73c213,external_web,1.0,0,1,0,0
16699,MAX5075,MAXIM,,,推挽式，集成振荡器和时钟输出FET驱动器,driver_ic,gate_driver,gate_driver,gate_driver,gate_driver,driver_ic,gate_driver,MAX5075: push-pull FET driver with integrated oscillator (Maxim),,ext-datasheet,high,1,1,1,1
16701,MAX5075AAUA,MAXIM,FET驱动器,MOSFET 驱动器,推挽式，集成振荡器和时钟输出FET驱动器,driver_ic,gate_driver,gate_driver,gate_driver,gate_driver,driver_ic,gate_driver,MAX5075: push-pull FET driver (Maxim),,ext-datasheet,high,1,1,1,1
16703,MAX5075BAUA,MAXIM,FET驱动器,MOSFET 驱动器,推挽式，集成振荡器和时钟输出FET驱动器,driver_ic,gate_driver,gate_driver,gate_driver,gate_driver,driver_ic,gate_driver,MAX5075: push-pull FET driver (Maxim),,ext-datasheet,high,1,1,1,1
16704,MAX6348XR44-T,MAXIM,电压监控芯片,,3引脚，超低功耗SC70 / SOT μP复位电路,bms_supervisor,supervisor_reset,supervisor_reset,supervisor_reset,supervisor_reset,pmic,supervisor_reset,MAX6348: SC70 µP reset circuit (Maxim),,known-series,high,1,1,1,1
16705,MAX6348XR45-T,MAXIM,,电源管理电路,3引脚，超低功耗SC70 / SOT μP复位电路,bms_supervisor,supervisor_reset,supervisor_reset,supervisor_reset,supervisor_reset,pmic,supervisor_reset,MAX6348: SC70 µP reset circuit (Maxim),,known-series,high,1,1,1,1
16706,MAX6348XR46-T,MAXIM,电压监控芯片,电源管理电路,3引脚，超低功耗SC70 / SOT μP复位电路,bms_supervisor,supervisor_reset,supervisor_reset,supervisor_reset,supervisor_reset,pmic,supervisor_reset,MAX6348: SC70 µP reset circuit (Maxim),,known-series,high,1,1,1,1
17759,ILD03N60,INFINEON,LED驱动器,IGBT,LightMOS功率晶体管,driver_ic,led_driver,out_of_scope,out_of_scope,out_of_scope,out_of_scope,out_of_scope,"ILD03N60: 600V/4.5A LightMOS IGBT+reverse diode for lamp ballast ZVS switching (Infineon); discrete transistor, SQL wrongly matched 'Light' to LED",,ext-datasheet,high,0,1,1,1
17760,ILP03N60,INFINEON,LED驱动器,IGBT,LightMOS功率晶体管,driver_ic,led_driver,out_of_scope,out_of_scope,out_of_scope,out_of_scope,out_of_scope,Infineon ILP03N60 LightMOS: HV N-channel MOSFET device (not a driver),infineon.com/lightmos,external_web,1.0,0,1,1,1
17801,LM4041AIM3X-1.2,NSC,,参考电压源,精密微功耗并联型电压基准,bms_supervisor,voltage_ref,voltage_ref,voltage_ref,voltage_ref,voltage_ref,voltage_ref,LM4041: precision micropower shunt voltage reference (NSC/TI),,known-series,high,1,1,1,1
17803,LM4041BIM7-1.2,NSC,,参考电压源,精密微功耗并联型电压基准,bms_supervisor,voltage_ref,voltage_ref,voltage_ref,voltage_ref,voltage_ref,voltage_ref,LM4041B: precision micropower 1.225V shunt voltage reference (NSC/TI),,known-series,high,1,1,1,1
17804,LM4041BIM7X-1.2,NSC,,参考电压源,精密微功耗并联型电压基准,bms_supervisor,voltage_ref,voltage_ref,voltage_ref,voltage_ref,voltage_ref,voltage_ref,LM4041B: shunt voltage reference (NSC/TI),,known-series,high,1,1,1,1
17841,MD1810K6-G,SUPERTEX,,MOSFET 驱动器,高速四通道MOSFET驱动器,driver_ic,gate_driver,gate_driver,gate_driver,gate_driver,driver_ic,gate_driver,MD1810: high speed quad MOSFET driver for ultrasound (Supertex/Microchip),,ext-datasheet,high,1,1,1,1
17843,MD1811K6-G,SUPERTEX,,MOSFET 驱动器,高速四通道MOSFET驱动器,driver_ic,gate_driver,gate_driver,gate_driver,gate_driver,driver_ic,gate_driver,MD1811: high speed quad MOSFET driver (Supertex/Microchip),,ext-datasheet,high,1,1,1,1
18130,ADR370BRT-R2,ADI,电压基准芯片,,精密低功耗2.048 V SOT- 23电压基准,bms_supervisor,voltage_ref,voltage_ref,voltage_ref,voltage_ref,voltage_ref,voltage_ref,ADR370: micropower voltage reference 2.048V (ADI),,known-series,high,1,1,1,1
18131,ADR370BRT-REEL7,ADI,电压基准芯片,,精密低功耗2.048 V SOT- 23电压基准,bms_supervisor,voltage_ref,voltage_ref,voltage_ref,voltage_ref,bms_supervisor,voltage_ref,ADI ADR370: Micropower Precision Voltage Reference,analog.com/ADR370,external_web,1.0,1,1,1,1
18153,BQ2060SS-E207-EP,TI,电池管理芯片,电源管理电路,SBS 1.1版兼容的电量监测计IC,bms_supervisor,battery_charger,battery_charger,battery_charger,battery_charger,battery_charger,battery_charger,BQ2060: SBS-compliant gas gauge (TI),,known-series,high,1,1,1,1
18154,BQ2060SS-E207TR-EP,TI,电池管理芯片,电源管理电路,SBS 1.1版兼容的电量监测计IC,bms_supervisor,battery_charger,battery_charger,battery_charger,battery_charger,bms_supervisor,battery_charger,TI BQ2060: SBS-compliant Gas Gauge IC (battery fuel gauge),ti.com/BQ2060,external_web,1.0,1,1,1,1
18543,TS831-3IPT,STMICROELECTRONICS,电源监控芯片,电源管理电路,微功耗电压监控器复位低有效,bms_supervisor,supervisor_reset,supervisor_reset,supervisor_reset,supervisor_reset,pmic,supervisor_reset,"TS831-3: micropower voltage supervisor, reset active low, 2.71V threshold (ST)",,ext-datasheet,high,1,1,1,1
19147,UCC3952PWTR-3,TI,电池管理芯片,电源管理电路,单节锂- LON电池保护IC,bms_supervisor,battery_charger,battery_charger,battery_charger,battery_charger,battery_charger,battery_charger,UCC3952: single-cell Li-Ion battery protection IC (TI),,known-series,high,1,1,1,1
19929,HCPL-314J,AGILENT,,光耦合器,0.4安培输出电流IGBT栅极驱动光电耦合器,driver_ic,gate_driver,gate_driver,gate_driver,gate_driver,driver_ic,gate_driver,HCPL-314J: dual channel optocoupler gate driver (Avago),,known-series,high,1,1,1,1
20425,AD581JH,ADI,电压基准芯片,,高精度10 V IC基准,bms_supervisor,voltage_ref,voltage_ref,voltage_ref,voltage_ref,voltage_ref,voltage_ref,AD581: high-precision 10V IC voltage reference (ADI),,known-series,high,1,1,1,1
20426,AD581KH,ADI,电压基准芯片,,高精度10 V IC基准,bms_supervisor,voltage_ref,voltage_ref,voltage_ref,voltage_ref,bms_supervisor,voltage_ref,ADI AD581: 10V Precision Voltage Reference,analog.com/AD581,external_web,1.0,1,1,1,1
21100,ISL6208CB,INTERSIL,FET驱动器,,高电压同步整流降压MOSFET驱动器,driver_ic,gate_driver,gate_driver,gate_driver,gate_driver,driver_ic,gate_driver,Intersil ISL6208: MOSFET Driver for synchronous buck,renesas.com/ISL6208,external_web,1.0,1,1,1,1
21101,ISL6208CB-T,INTERSIL,FET驱动器,,高电压同步整流降压MOSFET驱动器,driver_ic,gate_driver,gate_driver,gate_driver,gate_driver,driver_ic,gate_driver,ISL6208: synchronous buck MOSFET driver (Intersil),,known-series,high,1,1,1,1
21102,ISL6208CBZ,INTERSIL,FET驱动器,,高电压同步整流降压MOSFET驱动器,driver_ic,gate_driver,gate_driver,gate_driver,gate_driver,driver_ic,gate_driver,ISL6208: synchronous buck MOSFET driver (Intersil),,known-series,high,1,1,1,1
21103,ISL6208CBZ-T,INTERSIL,FET驱动器,,高电压同步整流降压MOSFET驱动器,driver_ic,gate_driver,gate_driver,gate_driver,gate_driver,driver_ic,gate_driver,ISL6208: synchronous buck MOSFET driver (Intersil),,known-series,high,1,1,1,1
21294,NCP305LSQ49T1,ONSEMI,电源监控芯片,电源管理电路,电压检测器系列,bms_supervisor,supervisor_reset,supervisor_reset,supervisor_reset,supervisor_reset,pmic,supervisor_reset,NCP305: µP supervisor reset with push-pull output (ON Semi),,known-series,high,1,1,1,1
21653,IR2181,INFINEON,FET驱动器,,高端和低端驱动器,driver_ic,gate_driver,gate_driver,gate_driver,gate_driver,driver_ic,gate_driver,Infineon IR2181: High- and Low-Side MOSFET Driver,infineon.com/IR2181,external_web,1.0,1,1,1,1
21654,IR21814,INFINEON,,MOSFET 驱动器,高端和低端驱动器,driver_ic,gate_driver,gate_driver,gate_driver,gate_driver,driver_ic,gate_driver,IR21814: high/low-side gate driver with deadtime (IR/Infineon),,known-series,high,1,1,1,1
21655,IR21814PBF,INFINEON,FET驱动器,MOSFET 驱动器,高端和低端驱动器,driver_ic,gate_driver,gate_driver,gate_driver,gate_driver,driver_ic,gate_driver,IR21814: high/low-side gate driver (IR/Infineon),,known-series,high,1,1,1,1
21656,IR21814S,INFINEON,FET驱动器,MOSFET 驱动器,高端和低端驱动器,driver_ic,gate_driver,gate_driver,gate_driver,gate_driver,driver_ic,gate_driver,IR21814: high/low-side gate driver (IR/Infineon),,known-series,high,1,1,1,1
21657,IR21814SPBF,INFINEON,FET驱动器,MOSFET 驱动器,高端和低端驱动器,driver_ic,gate_driver,gate_driver,gate_driver,gate_driver,driver_ic,gate_driver,IR21814: high/low-side gate driver (IR/Infineon),,known-series,high,1,1,1,1
21658,IR2181PBF,INFINEON,FET驱动器,MOSFET 驱动器,高端和低端驱动器,driver_ic,gate_driver,gate_driver,gate_driver,gate_driver,driver_ic,gate_driver,IR2181: high/low-side gate driver (IR/Infineon),,known-series,high,1,1,1,1
21659,IR2181S,INFINEON,FET驱动器,MOSFET 驱动器,高端和低端驱动器,driver_ic,gate_driver,gate_driver,gate_driver,gate_driver,driver_ic,gate_driver,Infineon IR2181S: High- and Low-Side MOSFET Driver (same as IR2181),infineon.com/IR2181,external_web,1.0,1,1,1,1
21660,IR2181SPBF,INFINEON,FET驱动器,MOSFET 驱动器,高端和低端驱动器,driver_ic,gate_driver,gate_driver,gate_driver,gate_driver,driver_ic,gate_driver,IR2181: high/low-side gate driver (IR/Infineon),,known-series,high,1,1,1,1
21661,IR2213,INFINEON,,MOSFET 驱动器,高端和低端驱动器,driver_ic,gate_driver,gate_driver,gate_driver,gate_driver,driver_ic,gate_driver,IR2213: high/low-side gate driver (IR),,known-series,high,1,1,1,1
22052,NCP5008DMR2,ONSEMI,LED驱动器,显示驱动器,背光LED升压驱动器,driver_ic,led_driver,led_driver,led_driver,led_driver,driver_ic,led_driver,ON Semi NCP5008: Single Chip White LED Driver,onsemi.com/NCP5008,external_web,1.0,1,1,1,1
22054,NCP5009DMR2,ONSEMI,LED驱动器,显示驱动器,背光LED升压驱动器,driver_ic,led_driver,led_driver,led_driver,led_driver,driver_ic,led_driver,NCP5009: backlight LED boost driver (ON Semi),,ext-datasheet,high,1,1,1,1
22251,BQ2000PN-B5,TI,电池管理芯片,电源管理电路,可编程的多化学快速充电管理IC,bms_supervisor,battery_charger,battery_charger,battery_charger,battery_charger,battery_charger,battery_charger,BQ2000: programmable multi-chemistry fast-charge management (TI),,known-series,high,1,1,1,1
22252,BQ2000PW,TI,电池管理芯片,电源管理电路,可编程的多化学快速充电管理IC,bms_supervisor,battery_charger,battery_charger,battery_charger,battery_charger,battery_charger,battery_charger,BQ2000: programmable multi-chemistry fast-charge mgmt (TI),,known-series,high,1,1,1,1
22253,BQ2000PWR,TI,电池管理芯片,,可编程的多化学快速充电管理IC,bms_supervisor,battery_charger,battery_charger,battery_charger,battery_charger,battery_charger,battery_charger,BQ2000: multi-chemistry fast-charge management (TI),,known-series,high,1,1,1,1
22254,BQ2000SN-B5,TI,电池管理芯片,电源管理电路,可编程的多化学快速充电管理IC,bms_supervisor,battery_charger,battery_charger,battery_charger,battery_charger,battery_charger,battery_charger,BQ2000: multi-chemistry fast-charge management (TI),,known-series,high,1,1,1,1
22255,BQ2000SN-B5TR,TI,电池管理芯片,电源管理电路,可编程的多化学快速充电管理IC,bms_supervisor,battery_charger,battery_charger,battery_charger,battery_charger,battery_charger,battery_charger,BQ2000: multi-chemistry fast-charge management (TI),,known-series,high,1,1,1,1
22347,IR21362J,INFINEON,,,3相桥式驱动器,driver_ic,gate_driver,gate_driver,gate_driver,gate_driver,driver_ic,gate_driver,IR21362: high-voltage 3-phase MOSFET/IGBT driver (IR),,known-series,high,1,1,1,1
22348,IR21362JPBF,INFINEON,,MOSFET 驱动器,3相桥式驱动器,driver_ic,gate_driver,gate_driver,gate_driver,gate_driver,driver_ic,gate_driver,IR21362: high-voltage 3-phase MOSFET/IGBT driver (IR),,known-series,high,1,1,1,1
22349,IR21362PBF,INFINEON,,,3相桥式驱动器,driver_ic,gate_driver,gate_driver,gate_driver,gate_driver,driver_ic,gate_driver,IR21362: 3-phase high-voltage MOSFET/IGBT driver (IR),,known-series,high,1,1,1,1
22351,IR2136S,INFINEON,FET驱动器,MOSFET 驱动器,3相桥式驱动器,driver_ic,gate_driver,gate_driver,gate_driver,gate_driver,driver_ic,gate_driver,IR2136: 3-phase high-voltage MOSFET/IGBT driver (IR),,known-series,high,1,1,1,1
22352,IR2136SPBF,INFINEON,FET驱动器,MOSFET 驱动器,3相桥式驱动器,driver_ic,gate_driver,gate_driver,gate_driver,gate_driver,driver_ic,gate_driver,IR2136: 3-phase high-voltage MOSFET/IGBT driver (IR),,known-series,high,1,1,1,1
22668,BQ29312APW,TI,电池管理芯片,电源管理电路,两节，三节和四节锂离子或锂聚合物电池保护AFE,bms_supervisor,battery_charger,battery_charger,battery_charger,battery_charger,battery_charger,battery_charger,BQ29312: 3-4 cell Li-Ion battery protection AFE (TI),,known-series,high,1,1,1,1
22669,BQ29312APWR,TI,电池管理芯片,电源管理电路,两节，三节和四节锂离子或锂聚合物电池保护AFE,bms_supervisor,battery_charger,battery_charger,battery_charger,battery_charger,battery_charger,battery_charger,BQ29312: battery protection AFE (TI),,known-series,high,1,1,1,1
22672,BQ29312ARTHR,TI,电池管理芯片,电源管理电路,两节，三节和四节锂离子或锂聚合物电池保护AFE,bms_supervisor,battery_charger,battery_charger,battery_charger,battery_charger,battery_charger,battery_charger,BQ29312: battery protection AFE (TI),,known-series,high,1,1,1,1
22785,IR2109,INFINEON,,MOSFET 驱动器,半桥驱动器,driver_ic,gate_driver,gate_driver,gate_driver,gate_driver,driver_ic,gate_driver,IR2109: high/low-side gate driver (IR/Infineon),,known-series,high,1,1,1,1
22786,IR21094,INFINEON,,MOSFET 驱动器,半桥驱动器,driver_ic,gate_driver,gate_driver,gate_driver,gate_driver,driver_ic,gate_driver,IR21094: high/low-side gate driver with deadtime (IR),,known-series,high,1,1,1,1
22787,IR21094S,INFINEON,,MOSFET 驱动器,半桥驱动器,driver_ic,gate_driver,gate_driver,gate_driver,gate_driver,driver_ic,gate_driver,IR21094: high/low-side gate driver (IR),,known-series,high,1,1,1,1
22788,IR2109S,INFINEON,FET驱动器,MOSFET 驱动器,半桥驱动器,driver_ic,gate_driver,gate_driver,gate_driver,gate_driver,driver_ic,gate_driver,IR2109: high/low-side gate driver (IR),,known-series,high,1,1,1,1
23155,AIC812-46PVBG,AIC,,电源管理电路,复位电路，带有手动复位输入,bms_supervisor,supervisor_reset,supervisor_reset,supervisor_reset,supervisor_reset,pmic,supervisor_reset,"AIC812: µP supervisor reset circuit with manual reset input, push-pull active high (Analog Integrations Corp)",,ext-datasheet,high,1,1,1,1
23293,IR21531,INFINEON,,MOSFET 驱动器,自振荡半桥驱动器,driver_ic,gate_driver,gate_driver,gate_driver,gate_driver,driver_ic,gate_driver,IR21531: self-oscillating half-bridge driver (IR),,known-series,high,1,1,1,1
23294,IR21531D,INFINEON,FET驱动器,MOSFET 驱动器,自振荡半桥驱动器,driver_ic,gate_driver,gate_driver,gate_driver,gate_driver,driver_ic,gate_driver,IR21531: self-oscillating half-bridge driver (IR),,known-series,high,1,1,1,1
23295,IR21531DPBF,INFINEON,FET驱动器,MOSFET 驱动器,自振荡半桥驱动器,driver_ic,gate_driver,gate_driver,gate_driver,gate_driver,driver_ic,gate_driver,IR21531: self-oscillating half-bridge driver (IR),,known-series,high,1,1,1,1
23296,IR21531S,INFINEON,FET驱动器,MOSFET 驱动器,自振荡半桥驱动器,driver_ic,gate_driver,gate_driver,gate_driver,gate_driver,driver_ic,gate_driver,IR21531: self-oscillating half-bridge driver (IR),,known-series,high,1,1,1,1
23297,IR21531SPBF,INFINEON,FET驱动器,MOSFET 驱动器,自振荡半桥驱动器,driver_ic,gate_driver,gate_driver,gate_driver,gate_driver,driver_ic,gate_driver,IR21531: self-oscillating half-bridge driver (IR),,known-series,high,1,1,1,1
23321,LM236D-2-5,TI,电压基准芯片,参考电压源,2.5 -V集成参考电路,bms_supervisor,voltage_ref,voltage_ref,voltage_ref,voltage_ref,voltage_ref,voltage_ref,LM236-2.5: precision 2.5V shunt voltage reference (TI),,known-series,high,1,1,1,1
23322,LM236DR-2-5,TI,电压基准芯片,,2.5 -V集成参考电路,bms_supervisor,voltage_ref,voltage_ref,voltage_ref,voltage_ref,voltage_ref,voltage_ref,LM236-2.5: precision 2.5V shunt voltage reference (TI),,known-series,high,1,1,1,1
23323,LM236LP-2-5,TI,,参考电压源,2.5 -V集成参考电路,bms_supervisor,voltage_ref,voltage_ref,voltage_ref,voltage_ref,voltage_ref,voltage_ref,LM236-2.5: precision shunt voltage reference (TI),,known-series,high,1,1,1,1
23324,LM336BD-2-5,TI,电压基准芯片,参考电压源,2.5 -V集成参考电路,bms_supervisor,voltage_ref,voltage_ref,voltage_ref,voltage_ref,voltage_ref,voltage_ref,LM336-2.5: shunt voltage reference diode (TI),,known-series,high,1,1,1,1
23325,LM336BDR-2-5,TI,电压基准芯片,参考电压源,2.5 -V集成参考电路,bms_supervisor,voltage_ref,voltage_ref,voltage_ref,voltage_ref,voltage_ref,voltage_ref,LM336-2.5: shunt reference diode (TI),,known-series,high,1,1,1,1
23337,MAX709LCSA,MAXIM,电源监控芯片,电源管理电路,电源监控与复位,bms_supervisor,supervisor_reset,supervisor_reset,supervisor_reset,supervisor_reset,pmic,supervisor_reset,MAX709: µP supervisory circuit (Maxim),,known-series,high,1,1,1,1
23609,MAX6100EUR,MAXIM,电压基准芯片,参考电压源,塑封器件,bms_supervisor,voltage_ref,voltage_ref,voltage_ref,voltage_ref,voltage_ref,voltage_ref,MAX6100: precision series voltage reference in SOT-23 (Maxim),,known-series,high,1,1,1,1
24280,NLSF595DTR2,ONSEMI,LED驱动器,显示驱动器,串行（ SPI ）三色LED驱动器,driver_ic,led_driver,led_driver,led_driver,led_driver,driver_ic,led_driver,NLSF595: SPI tri-color LED driver shift register (ON Semi),,known-series,high,1,1,1,1
24281,NLSF595MNR2,ONSEMI,LED驱动器,显示驱动器,串行（ SPI ）三色LED驱动器,driver_ic,led_driver,led_driver,led_driver,led_driver,driver_ic,led_driver,ON Semi NLSF595: Serial (SPI) Tri-Color LED Driver (8-bit shift register with LED sink outputs),onsemi.com/NLSF595,external_web,1.0,1,1,1,1
24282,NLSF595MNR2G,ONSEMI,LED驱动器,显示驱动器,串行（ SPI ）三色LED驱动器,driver_ic,led_driver,led_driver,led_driver,led_driver,driver_ic,led_driver,NLSF595: SPI tri-color LED driver shift register (ON Semi),,ext-datasheet,high,1,1,1,1
24395,ZREF25,ZETEX,,参考电压源,精密2.5伏微功耗电压参考,bms_supervisor,voltage_ref,voltage_ref,voltage_ref,voltage_ref,voltage_ref,voltage_ref,ZREF25: precision 2.5V micropower shunt voltage reference (Zetex/Diodes),,ext-datasheet,high,1,1,1,1
24396,ZREF2502,ZETEX,,参考电压源,精密2.5伏微功耗电压参考,bms_supervisor,voltage_ref,voltage_ref,voltage_ref,voltage_ref,voltage_ref,voltage_ref,ZREF2502: precision 2.5V micropower voltage reference (Zetex),,ext-datasheet,high,1,1,1,1
24397,ZREF25D,ZETEX,,参考电压源,精密2.5伏微功耗电压参考,bms_supervisor,voltage_ref,voltage_ref,voltage_ref,voltage_ref,bms_supervisor,voltage_ref,Zetex/Diodes ZREF25D: 2.5V Precision Voltage Reference (TL431-like),diodes.com/ZREF25,external_web,1.0,1,1,1,1
24398,ZREF25D02,ZETEX,,参考电压源,精密2.5伏微功耗电压参考,bms_supervisor,voltage_ref,voltage_ref,voltage_ref,voltage_ref,bms_supervisor,voltage_ref,Zetex/Diodes ZREF25D: 2.5V Precision Voltage Reference,diodes.com/ZREF25,external_web,1.0,1,1,1,1
24399,ZREF25Z,ZETEX,,参考电压源,精密2.5伏微功耗电压参考,bms_supervisor,voltage_ref,voltage_ref,voltage_ref,voltage_ref,bms_supervisor,voltage_ref,Zetex/Diodes ZREF25: 2.5V precision voltage reference (TL431 alternative),diodes.com/zref,external_web,1.0,1,1,1,1
24400,ZREF25Z02,ZETEX,,参考电压源,精密2.5伏微功耗电压参考,bms_supervisor,voltage_ref,voltage_ref,voltage_ref,voltage_ref,voltage_ref,voltage_ref,ZREF25Z: precision 2.5V micropower voltage reference (Zetex),,ext-datasheet,high,1,1,1,1
24454,ADR512ART-R2,ADI,电压基准芯片,,1.2 V精密低噪声并联型电压基准,bms_supervisor,voltage_ref,voltage_ref,voltage_ref,voltage_ref,voltage_ref,voltage_ref,ADR512: 1.2V precision micropower reference (ADI),,known-series,high,1,1,1,1
24455,ADR512ART-REEL7,ADI,电压基准芯片,,1.2 V精密低噪声并联型电压基准,bms_supervisor,voltage_ref,voltage_ref,voltage_ref,voltage_ref,voltage_ref,voltage_ref,ADR512: 1.2V precision micropower reference (ADI),,known-series,high,1,1,1,1
24619,HIP6601BCB,INTERSIL,FET驱动器,,同步整流降压MOSFET驱动器,driver_ic,gate_driver,gate_driver,gate_driver,gate_driver,driver_ic,gate_driver,HIP6601: synchronous buck MOSFET driver (Intersil),,known-series,high,1,1,1,1
24620,HIP6601BCB-T,INTERSIL,FET驱动器,,同步整流降压MOSFET驱动器,driver_ic,gate_driver,gate_driver,gate_driver,gate_driver,driver_ic,gate_driver,Intersil HIP6601: Synchronous-Rectified Buck MOSFET Driver (8-SOIC),renesas.com/hip6601b,external_web,1.0,1,1,1,1
24621,HIP6604BCR-T,INTERSIL,FET驱动器,,同步整流降压MOSFET驱动器,driver_ic,gate_driver,gate_driver,gate_driver,gate_driver,driver_ic,gate_driver,HIP6604: dual synchronous buck MOSFET driver (Intersil),,known-series,high,1,1,1,1
25216,LM5110-3SD,NSC,,MOSFET 驱动器,双通道5A复合门驱动器，具有负输出电压能力,driver_ic,gate_driver,gate_driver,gate_driver,gate_driver,driver_ic,gate_driver,LM5110: dual 5A compound gate driver with negative voltage (NSC/TI),,ext-datasheet,high,1,1,1,1
25227,MAX1534ETE,MAXIM,电源监控芯片,开关式稳压器或控制器,高效率，三路输出，不间断电源，用于笔记本电脑,bms_supervisor,supervisor_reset,dcdc_switching,out_of_scope,dcdc_switching,voltage_regulator,dcdc_switching,Maxim MAX1534: Triple-Output Keep-Alive Power Supply (buck + 2 linear regulators),alldatasheet.com/MAX1534,external_web,1.0,0,1,0,1
25341,SIP41110DY-T1-E3,VISHAY,,MOSFET 驱动器,半桥式N沟道MOSFET驱动器，用于DC / DC转换器,driver_ic,gate_driver,gate_driver,gate_driver,gate_driver,driver_ic,gate_driver,Vishay SIP41110: Half-Bridge N-Channel MOSFET Driver (SIP411xx family),vishay.com/SIP41101,external_web,1.0,1,1,1,1
25430,ADP3419JRM-REEL,ADI,FET驱动器,,双自举，高电压MOSFET驱动器输出禁用,driver_ic,gate_driver,gate_driver,gate_driver,gate_driver,driver_ic,gate_driver,ADP3419: dual bootstrapped MOSFET driver for synchronous buck (ADI/onsemi),,ext-datasheet,high,1,1,1,1
25984,L6924D,STMICROELECTRONICS,电池管理芯片,电源管理电路,锂离子/锂聚合物电池充电器系统，集成电源开关,bms_supervisor,battery_charger,battery_charger,battery_charger,battery_charger,battery_charger,battery_charger,L6924: Li-Ion linear battery charger (ST),,known-series,high,1,1,1,1
26102,VND830LSP-E,STMICROELECTRONICS,FET驱动器,,双通道高侧驱动器,driver_ic,gate_driver,out_of_scope,out_of_scope,gate_driver,out_of_scope,out_of_scope,"ST VND830LSP-E: Dual-Channel Intelligent High-Side Power Switch (load switch, not gate driver)",st.com/VND830,external_web,1.0,0,1,1,0
26292,HCPL-315J-500,AGILENT,,光耦合器,0.5安培输出电流IGBT栅极驱动光电耦合器,driver_ic,gate_driver,gate_driver,gate_driver,gate_driver,driver_ic,gate_driver,HCPL-315J: dual IGBT/MOSFET optocoupler gate driver (Avago),,known-series,high,1,1,1,1
26507,AIC810-46PUBG,AIC,,电源管理电路,3引脚微处理器复位电路,bms_supervisor,supervisor_reset,supervisor_reset,supervisor_reset,supervisor_reset,pmic,supervisor_reset,AIC810: 3-pin µP supervisor reset (Analog Integrations Corp),,ext-datasheet,high,1,1,1,1
26508,AIC810-46PUTR,AIC,,电源管理电路,3引脚微处理器复位电路,bms_supervisor,supervisor_reset,supervisor_reset,supervisor_reset,supervisor_reset,bms_supervisor,supervisor_reset,AIC AIC810: Voltage Supervisor with Reset,aic/AIC810,external_web,1.0,1,1,1,1
26565,FAN5333ASX,FAIRCHILD,LED驱动器,显示驱动器,高效率，高电流串行LED驱动器，集成的30V开关,driver_ic,led_driver,led_driver,led_driver,led_driver,driver_ic,led_driver,FAN5333A: high efficiency serial LED driver with 30V integrated switch (Fairchild/ON),,ext-datasheet,high,1,1,1,1
26567,FAN5333BSX,FAIRCHILD,LED驱动器,,高效率，高电流串行LED驱动器，集成的30V开关,driver_ic,led_driver,led_driver,led_driver,led_driver,driver_ic,led_driver,Fairchild FAN5333: White LED Step-up Boost Driver,onsemi.com/FAN5333,external_web,1.0,1,1,1,1
26578,HCPL-314J-500,AGILENT,,光耦合器,0.4安培输出电流IGBT栅极驱动光电耦合器,driver_ic,gate_driver,gate_driver,gate_driver,gate_driver,driver_ic,gate_driver,Avago HCPL-314J: 0.4A output IGBT Gate Drive Optocoupler (isolated gate driver),docs.broadcom.com/HCPL-314J,external_web,1.0,1,1,1,1
26619,ISL6271ACR,INTERSIL,电池管理芯片,,集成的XScale稳压器,bms_supervisor,battery_charger,dcdc_switching,dcdc_switching,dcdc_switching,voltage_regulator,dcdc_switching,"Intersil ISL6271A: Integrated XScale Regulator PMIC (1 buck + 2 LDOs, DVM)",renesas.com/isl6271a,external_web,1.0,0,1,1,1
26620,ISL6271ACR-T,INTERSIL,电池管理芯片,,集成的XScale稳压器,bms_supervisor,battery_charger,dcdc_switching,dcdc_switching,dcdc_switching,dcdc,dcdc_switching,ISL6271A: Integrated XScale PMIC = synchronous buck + 2 LDO (Intersil/Renesas),,ext-datasheet,high,0,1,1,1
26662,NJM1431AF,NJRC,,参考电压源,可调式高精密并联稳压器,bms_supervisor,voltage_ref,voltage_ref,voltage_ref,voltage_ref,voltage_ref,voltage_ref,"NJM1431A: adjustable high-precision shunt regulator 2.465V, 1% (NJR)",,ext-datasheet,high,1,1,1,1
27044,LM336Z5,FAIRCHILD,电压基准芯片,参考电压源,可编程并联稳压器,bms_supervisor,voltage_ref,voltage_ref,voltage_ref,voltage_ref,voltage_ref,voltage_ref,LM336Z-5: 5V shunt voltage reference diode (Fairchild),,known-series,high,1,1,1,1
27046,LM336Z5X,FAIRCHILD,电压基准芯片,,可编程并联稳压器,bms_supervisor,voltage_ref,voltage_ref,voltage_ref,voltage_ref,voltage_ref,voltage_ref,LM336Z-5: 5V shunt voltage reference (Fairchild),,known-series,high,1,1,1,1
27079,MAX6390XS46D4-T,MAXIM,电源监控芯片,,SC70封装，单/双路低电压，低功耗レP复位电路,bms_supervisor,supervisor_reset,supervisor_reset,supervisor_reset,supervisor_reset,pmic,supervisor_reset,MAX6390: single-channel µP reset circuit with manual reset (Maxim),,known-series,high,1,1,1,1
27082,MAX6390XS46D7-T,MAXIM,,电源管理电路,SC70封装，单/双路低电压，低功耗レP复位电路,bms_supervisor,supervisor_reset,supervisor_reset,supervisor_reset,supervisor_reset,bms_supervisor,supervisor_reset,Maxim MAX6390: 3-pin uP reset supervisor,maxim.com/max6390,external_web,1.0,1,1,1,1
27182,NCP100SNT1,ONSEMI,,参考电压源,子1.0 V精密可调并联稳压器,bms_supervisor,voltage_ref,voltage_ref,voltage_ref,voltage_ref,voltage_ref,voltage_ref,NCP100: micropower shunt voltage reference (ON Semi),,known-series,high,1,1,1,1
27183,NCP100SNT1G,ONSEMI,,参考电压源,子1.0 V精密可调并联稳压器,bms_supervisor,voltage_ref,voltage_ref,voltage_ref,voltage_ref,voltage_ref,voltage_ref,NCP100: micropower shunt reference (ON Semi),,known-series,high,1,1,1,1
27538,MDC3105LT1,ONSEMI,FET驱动器,,集成继电器，感性负载驱动,driver_ic,gate_driver,out_of_scope,out_of_scope,motor_driver,out_of_scope,out_of_scope,"ON Semi MDC3105: Integrated Logic-Level MOSFET for Relay Drive (MOSFET device, not IC driver)",onsemi.com/MDC3105,external_web,1.0,0,1,1,0
27970,ICM7218AIPI,MAXIM,LED驱动器,显示驱动器,8位LED显示驱动器,driver_ic,led_driver,led_driver,led_driver,led_driver,driver_ic,led_driver,ICM7218A: 8-digit LED display decoder/driver (Maxim/Intersil),,known-series,high,1,1,1,1
28022,LM431CIM3,NSC,,参考电压源,可调式精密齐纳并联稳压器,bms_supervisor,voltage_ref,voltage_ref,voltage_ref,voltage_ref,voltage_ref,voltage_ref,LM431: adjustable precision shunt regulator/reference (NSC),,known-series,high,1,1,1,1
28198,TLV431ALP,ONSEMI,电压基准芯片,参考电压源,低电压精密可调并联稳压器,bms_supervisor,voltage_ref,voltage_ref,voltage_ref,voltage_ref,voltage_ref,voltage_ref,TLV431A: low-voltage adjustable shunt regulator (ON Semi),,known-series,high,1,1,1,1
28199,TLV431ALPG,ONSEMI,电压基准芯片,参考电压源,低电压精密可调并联稳压器,bms_supervisor,voltage_ref,voltage_ref,voltage_ref,voltage_ref,voltage_ref,voltage_ref,TLV431A: low-voltage adjustable shunt regulator (ON Semi),,known-series,high,1,1,1,1
28200,TLV431ALPRA,ONSEMI,,参考电压源,低电压精密可调并联稳压器,bms_supervisor,voltage_ref,voltage_ref,voltage_ref,voltage_ref,voltage_ref,voltage_ref,TLV431A: low-voltage adjustable shunt regulator (ON Semi),,known-series,high,1,1,1,1
28201,TLV431ALPRAG,ONSEMI,电压基准芯片,参考电压源,低电压精密可调并联稳压器,bms_supervisor,voltage_ref,voltage_ref,voltage_ref,voltage_ref,voltage_ref,voltage_ref,TLV431A: low-voltage adjustable shunt regulator (ON Semi),,known-series,high,1,1,1,1
28202,TLV431BSNT1,ONSEMI,,参考电压源,低电压精密可调并联稳压器,bms_supervisor,voltage_ref,voltage_ref,voltage_ref,voltage_ref,voltage_ref,voltage_ref,TLV431B: low-voltage adjustable shunt reference (ON Semi),,known-series,high,1,1,1,1
28203,TLV431BSNT1G,ONSEMI,电压基准芯片,参考电压源,低电压精密可调并联稳压器,bms_supervisor,voltage_ref,voltage_ref,voltage_ref,voltage_ref,voltage_ref,voltage_ref,TLV431B: low-voltage adjustable shunt reference (ON Semi),,known-series,high,1,1,1,1
28354,ZXMN3B14F,ZETEX,,,30V N沟道增强型MOSFET 2.5V栅极驱动,driver_ic,gate_driver,out_of_scope,out_of_scope,out_of_scope,out_of_scope,out_of_scope,Zetex/Diodes ZXMN3B14F: 30V N-Channel Enhancement Mode MOSFET (2.5V gate drive rating),datasheet4u/ZXMN3A02X8,external_web,1.0,0,1,1,1
28355,ZXMN3B14FTA,ZETEX,,小信号场效应晶体管,30V N沟道增强型MOSFET 2.5V栅极驱动,driver_ic,gate_driver,out_of_scope,out_of_scope,out_of_scope,out_of_scope,out_of_scope,ZXMN3B14F: 30V N-channel MOSFET 2.5V gate drive (Zetex); discrete,,ext-datasheet,high,0,1,1,1
28356,ZXMN3B14FTC,ZETEX,,小信号场效应晶体管,30V N沟道增强型MOSFET 2.5V栅极驱动,driver_ic,gate_driver,out_of_scope,out_of_scope,out_of_scope,out_of_scope,out_of_scope,ZXMN3B14F: 30V N-channel MOSFET (Zetex); discrete,,ext-datasheet,high,0,1,1,1
28391,CS8190EDWF20,ONSEMI,电机驱动器,外围驱动器,精密空芯塔克/ Speedo的驱动程序,driver_ic,motor_driver,motor_driver,motor_driver,motor_driver,driver_ic,motor_driver,CS8190: precision air-core tach/speedometer driver (ON Semi; onsemi classifies under motor-drivers/load-drivers),,ext-datasheet,medium,1,1,1,1
28392,CS8190EDWFR20,ONSEMI,电机驱动器,外围驱动器,精密空芯塔克/ Speedo的驱动程序,driver_ic,motor_driver,motor_driver,motor_driver,motor_driver,driver_ic,motor_driver,CS8190: precision air-core tach/speedometer driver (ON Semi),,known-series,high,1,1,1,1
28393,CS8190ENF16,ONSEMI,电机驱动器,外围驱动器,精密空芯塔克/ Speedo的驱动程序,driver_ic,motor_driver,motor_driver,motor_driver,motor_driver,driver_ic,motor_driver,CS8190: precision air-core tach/speedometer driver (ON Semi),,known-series,high,1,1,1,1
28400,CS8312YDR8,ONSEMI,FET驱动器,外围驱动器,IGBT点火预驱动器,driver_ic,gate_driver,gate_driver,gate_driver,gate_driver,driver_ic,gate_driver,CS8312: IGBT ignition predriver with dynamic current regulation (ON Semi),,ext-datasheet,high,1,1,1,1
28801,BQ24030RHLR,TI,电池管理芯片,电源管理电路,单片充电和系统电源路径管理IC （ bqTINYTM - III ）,bms_supervisor,battery_charger,battery_charger,battery_charger,battery_charger,battery_charger,battery_charger,BQ24030: single-chip Li+ charger for USB/adapter (TI),,known-series,high,1,1,1,1
28802,BQ24030RHLRG4,TI,电池管理芯片,电源管理电路,单片充电和系统电源路径管理IC （ bqTINYTM - III ）,bms_supervisor,battery_charger,battery_charger,battery_charger,battery_charger,battery_charger,battery_charger,BQ24030: Li+ charger (TI),,known-series,high,1,1,1,1
29007,NCP5006SNT1,ONSEMI,LED驱动器,显示驱动器,紧凑型背光LED升压驱动器,driver_ic,led_driver,led_driver,led_driver,led_driver,driver_ic,led_driver,NCP5006: backlight LED boost driver (ON Semi),,known-series,high,1,1,1,1
29008,NCP5006SNT1G,ONSEMI,LED驱动器,显示驱动器,紧凑型背光LED升压驱动器,driver_ic,led_driver,led_driver,led_driver,led_driver,driver_ic,led_driver,NCP5006: backlight LED boost driver (ON Semi),,known-series,high,1,1,1,1
29893,BTS728L2,INFINEON,FET驱动器,外围驱动器,智能高侧电源开关两个渠道： 2× 60mW的状态反馈,driver_ic,gate_driver,out_of_scope,out_of_scope,out_of_scope,out_of_scope,out_of_scope,Infineon BTS728L2: Smart High-Side Power Switch dual-channel (N-ch vertical MOSFET with diagnostics),infineon.com/BTS728L2,external_web,1.0,0,1,1,1
30097,LM336Z25,FAIRCHILD,电压基准芯片,参考电压源,可编程并联稳压器,bms_supervisor,voltage_ref,voltage_ref,voltage_ref,voltage_ref,bms_supervisor,voltage_ref,Fairchild LM336-2.5: 2.5V precision shunt voltage reference,onsemi.com/lm336,external_web,1.0,1,1,1,1
30098,LM336Z25X,FAIRCHILD,电压基准芯片,参考电压源,可编程并联稳压器,bms_supervisor,voltage_ref,voltage_ref,voltage_ref,voltage_ref,voltage_ref,voltage_ref,LM336Z-2.5: 2.5V shunt voltage reference (Fairchild),,known-series,high,1,1,1,1
30099,LM336Z25XA,FAIRCHILD,电压基准芯片,参考电压源,可编程并联稳压器,bms_supervisor,voltage_ref,voltage_ref,voltage_ref,voltage_ref,voltage_ref,voltage_ref,LM336Z-2.5: 2.5V shunt voltage reference (Fairchild),,known-series,high,1,1,1,1
30774,MAX1909ETI,MAXIM,电池管理芯片,,多种化学类型电池充电器，自动选择系统电源,bms_supervisor,battery_charger,battery_charger,battery_charger,battery_charger,battery_charger,battery_charger,MAX1909: multichemistry battery charger with system power selector (Maxim),,ext-datasheet,high,1,1,1,1
31672,IXDF402PI,IXYS,FET驱动器,MOSFET 驱动器,2安培双低侧超快MOSFET驱动器,driver_ic,gate_driver,gate_driver,gate_driver,gate_driver,driver_ic,gate_driver,IXDF402: 2A dual low-side ultrafast MOSFET driver (IXYS),,ext-datasheet,high,1,1,1,1
31673,IXDF402SI,IXYS,FET驱动器,MOSFET 驱动器,2安培双低侧超快MOSFET驱动器,driver_ic,gate_driver,gate_driver,gate_driver,gate_driver,driver_ic,gate_driver,IXDF402: 2A dual low-side MOSFET driver (IXYS),,ext-datasheet,high,1,1,1,1
31674,IXDF402SI-16,IXYS,,MOSFET 驱动器,2安培双低侧超快MOSFET驱动器,driver_ic,gate_driver,gate_driver,gate_driver,gate_driver,driver_ic,gate_driver,IXDF402: 2A dual low-side MOSFET driver (IXYS),,ext-datasheet,high,1,1,1,1
31675,IXDF402SIA,IXYS,FET驱动器,,2安培双低侧超快MOSFET驱动器,driver_ic,gate_driver,gate_driver,gate_driver,gate_driver,driver_ic,gate_driver,IXDF402: 2A dual low-side MOSFET driver (IXYS),,ext-datasheet,high,1,1,1,1
31676,IXDF402SIA-16,IXYS,,MOSFET 驱动器,2安培双低侧超快MOSFET驱动器,driver_ic,gate_driver,gate_driver,gate_driver,gate_driver,driver_ic,gate_driver,IXDF402: 2A dual low-side MOSFET driver (IXYS),,ext-datasheet,high,1,1,1,1
31812,STP08C596M,STMICROELECTRONICS,LED驱动器,显示驱动器,8位恒流LED驱动器,driver_ic,led_driver,led_driver,led_driver,led_driver,driver_ic,led_driver,ST STP08C596: 8-bit constant-current LED shift register driver,st.com/stp08c596,external_web,1.0,1,1,1,1
31813,STP08C596MTR,STMICROELECTRONICS,LED驱动器,显示驱动器,8位恒流LED驱动器,driver_ic,led_driver,led_driver,led_driver,led_driver,driver_ic,led_driver,STP08C596: low-voltage 8-bit constant-current LED sink driver (ST),,known-series,high,1,1,1,1
31814,STP08C596TTR,STMICROELECTRONICS,LED驱动器,,8位恒流LED驱动器,driver_ic,led_driver,led_driver,led_driver,led_driver,driver_ic,led_driver,STP08C596: 8-bit constant-current LED sink driver (ST),,known-series,high,1,1,1,1
31910,STP08CL596M,STMICROELECTRONICS,LED驱动器,显示驱动器,低电压8位恒流LED驱动器,driver_ic,led_driver,led_driver,led_driver,led_driver,driver_ic,led_driver,STP08CL596: 8-bit constant-current LED sink driver (ST),,known-series,high,1,1,1,1
31911,STP08CL596MTR,STMICROELECTRONICS,LED驱动器,显示驱动器,低电压8位恒流LED驱动器,driver_ic,led_driver,led_driver,led_driver,led_driver,driver_ic,led_driver,STP08CL596: 8-bit constant-current LED sink driver (ST),,known-series,high,1,1,1,1
31959,TLC5930PWP,TI,LED驱动器,显示驱动器,12通道LED驱动器,driver_ic,led_driver,led_driver,led_driver,led_driver,driver_ic,led_driver,TLC5930: 16-channel LED driver (TI),,known-series,high,1,1,1,1
31972,TPS3610T50PWR,TI,电源监控芯片,电源管理电路,电池备份监事RAM保持,bms_supervisor,supervisor_reset,supervisor_reset,supervisor_reset,supervisor_reset,pmic,supervisor_reset,TPS3610: processor supervisor (TI),,known-series,high,1,1,1,1
31974,TPS3610U18PWR,TI,电源监控芯片,电源管理电路,电池备份监事RAM保持,bms_supervisor,supervisor_reset,supervisor_reset,supervisor_reset,supervisor_reset,pmic,supervisor_reset,TPS3610: processor supervisor (TI),,known-series,high,1,1,1,1
33123,GS6332UR15D1,VISHAY,,电源管理电路,3引脚，低功耗，P复位电路,bms_supervisor,supervisor_reset,supervisor_reset,supervisor_reset,supervisor_reset,pmic,supervisor_reset,"GS6332: 3-pin low-power µP reset circuit (Vishay, active-high reset)",,ext-datasheet,high,1,1,1,1
33415,REF3240AIDBVR,TI,电压基准芯片,参考电压源,为4ppm / C 100A ， SOT23-6串联型电压基准,bms_supervisor,voltage_ref,voltage_ref,voltage_ref,voltage_ref,voltage_ref,voltage_ref,REF3240A: precision series voltage reference (TI),,known-series,high,1,1,1,1
33416,REF3240AIDBVT,TI,电压基准芯片,参考电压源,为4ppm / C 100A ， SOT23-6串联型电压基准,bms_supervisor,voltage_ref,voltage_ref,voltage_ref,voltage_ref,voltage_ref,voltage_ref,REF3240A: precision series voltage reference (TI),,known-series,high,1,1,1,1
34826,IR2114SS,INFINEON,,MOSFET 驱动器,半桥栅极驱动器IC,driver_ic,gate_driver,gate_driver,gate_driver,gate_driver,driver_ic,gate_driver,IR2114: 3-phase high/low-side MOSFET/IGBT gate driver (IR),,known-series,high,1,1,1,1
35491,VNH3ASP30-E,STMICROELECTRONICS,电机驱动器,运动控制电子器件,汽车完全集成H桥电机驱动器,driver_ic,motor_driver,motor_driver,motor_driver,motor_driver,driver_ic,motor_driver,ST VNH3ASP30: Automotive Intelligent H-Bridge Motor Driver,st.com/VNH3A,external_web,1.0,1,1,1,1
35492,VNH3ASP30TR-E,STMICROELECTRONICS,电机驱动器,运动控制电子器件,汽车完全集成H桥电机驱动器,driver_ic,motor_driver,motor_driver,motor_driver,motor_driver,driver_ic,motor_driver,VNH3SP30: automotive fully integrated H-bridge motor driver 30A (ST),,ext-datasheet,high,1,1,1,1
36190,S6C0649,SAMSUNG,,显示驱动器,256道TFT -LCD栅极驱动器,driver_ic,gate_driver,gate_driver,out_of_scope,gate_driver,out_of_scope,out_of_scope,"Samsung S6C0649: 256-channel TFT-LCD Gate Driver (display driver, not MOSFET gate driver)",samsung/S6C0649,external_web,1.0,0,0,1,0
36601,RIC7113A4,INFINEON,,MOSFET 驱动器,抗辐射高，低压侧栅极驱动器,driver_ic,gate_driver,gate_driver,gate_driver,gate_driver,driver_ic,gate_driver,RIC7113: radiation-hardened high/low-side gate driver 400V (IR/Infineon),,ext-datasheet,high,1,1,1,1
36724,EVDD408,IXYS,,,栅极驱动器IC评估板,driver_ic,gate_driver,out_of_scope,out_of_scope,gate_driver,out_of_scope,out_of_scope,IXYS EVDD408: evaluation board for IXDD408 gate driver IC (not the IC itself),ixys.com,external_web,1.0,0,1,1,0
36791,IR2117,INFINEON,FET驱动器,MOSFET 驱动器,单通道驱动器,driver_ic,gate_driver,gate_driver,gate_driver,gate_driver,driver_ic,gate_driver,IR2117: single-channel high-side gate driver (IR),,known-series,high,1,1,1,1
36792,IR2117PBF,INFINEON,FET驱动器,MOSFET 驱动器,单通道驱动器,driver_ic,gate_driver,gate_driver,gate_driver,gate_driver,driver_ic,gate_driver,IR2117: single-channel high-side gate driver (IR),,known-series,high,1,1,1,1
36823,LM4041DQDBZT,TI,电压基准芯片,参考电压源,精密微功耗并联型电压基准,bms_supervisor,voltage_ref,voltage_ref,voltage_ref,voltage_ref,voltage_ref,voltage_ref,LM4041D: precision micropower shunt voltage reference (TI),,known-series,high,1,1,1,1
36824,LM4041DQDBZTG4,TI,电压基准芯片,参考电压源,精密微功耗并联型电压基准,bms_supervisor,voltage_ref,voltage_ref,voltage_ref,voltage_ref,bms_supervisor,voltage_ref,TI LM4041D: Precision Adjustable Shunt Voltage Reference,ti.com/LM4041,external_web,1.0,1,1,1,1
36828,LM5105SD,NSC,,MOSFET 驱动器,100V半桥栅极驱动器，具有可编程死区时间,driver_ic,gate_driver,gate_driver,gate_driver,gate_driver,driver_ic,gate_driver,NSC LM5105: 100V High-/Low-Side Gate Driver,ti.com/lm5105,external_web,1.0,1,1,1,1
36829,LM5105SDX,NSC,,MOSFET 驱动器,100V半桥栅极驱动器，具有可编程死区时间,driver_ic,gate_driver,gate_driver,gate_driver,gate_driver,driver_ic,gate_driver,LM5105: 100V half-bridge gate driver with programmable deadtime (NSC/TI),,ext-datasheet,high,1,1,1,1
36848,NCP1835BMNR2,ONSEMI,电池管理芯片,,集成的锂离子电池充电器,bms_supervisor,battery_charger,battery_charger,battery_charger,battery_charger,battery_charger,battery_charger,NCP1835B: integrated Li-Ion charger (ON Semi),,ext-datasheet,high,1,1,1,1
36939,A3936SED,ALLEGRO,电机驱动器,运动控制电子器件,DMOS三相PWM电机驱动器,driver_ic,motor_driver,motor_driver,motor_driver,motor_driver,driver_ic,motor_driver,A3936: microstepping bipolar stepper motor driver (Allegro),,known-series,high,1,1,1,1
36940,A3936SED-T,ALLEGRO,电机驱动器,运动控制电子器件,DMOS三相PWM电机驱动器,driver_ic,motor_driver,motor_driver,motor_driver,motor_driver,driver_ic,motor_driver,A3936: microstepping bipolar stepper motor driver (Allegro),,known-series,high,1,1,1,1
37604,LTC1732EMS-8.4,Linear,电池管理芯片,,锂离子电池线性充电器，控制器,bms_supervisor,battery_charger,battery_charger,battery_charger,battery_charger,battery_charger,battery_charger,NCP1835: 1.0A linear Li-Ion/Polymer battery charger (ON Semi),,ext-datasheet,high,1,1,1,1
37717,MD1711FG,SUPERTEX,FET驱动器,其他接口集成电路,高速综合超声驱动器IC,driver_ic,gate_driver,gate_driver,out_of_scope,gate_driver,out_of_scope,out_of_scope,Supertex MD1711FG: high-speed ultrasound transducer driver (out of taxonomy),supertex.com,external_web,1.0,0,0,1,0
39030,SI9978DW,VISHAY,,MOSFET 驱动器,可配置的H桥驱动器,driver_ic,gate_driver,motor_driver,motor_driver,motor_driver,driver_ic,motor_driver,Vishay SI9978: Configurable H-Bridge Driver for N-ch MOSFETs (same as 39031),vishay.com/70011,external_web,1.0,0,1,1,1
39031,SI9978DW-T1,VISHAY,接口芯片,MOSFET 驱动器,可配置的H桥驱动器,driver_ic,gate_driver,motor_driver,motor_driver,motor_driver,driver_ic,motor_driver,Vishay: Configurable H-Bridge Driver for n-channel MOSFETs (Motor Driver IC per Lisleapex),vishay.com/en/product/70011,external_web,1.0,0,1,1,1
41430,MAX6100,MAXIM,,,低成本，微功耗，低压差，高输出电流， SOT23电压基准,bms_supervisor,voltage_ref,voltage_ref,voltage_ref,voltage_ref,voltage_ref,voltage_ref,MAX6100: precision SOT-23 series voltage reference 2.048V (Maxim),,known-series,high,1,1,1,1
41431,MAX6100EUR-T,MAXIM,电压基准芯片,参考电压源,低成本，微功耗，低压差，高输出电流， SOT23电压基准,bms_supervisor,voltage_ref,voltage_ref,voltage_ref,voltage_ref,voltage_ref,voltage_ref,MAX6100: precision series voltage reference (Maxim),,known-series,high,1,1,1,1
41432,MAX6101,MAXIM,,,低成本，微功耗，低压差，高输出电流， SOT23电压基准,bms_supervisor,voltage_ref,voltage_ref,voltage_ref,voltage_ref,voltage_ref,voltage_ref,MAX6101: precision SOT-23 series voltage reference 2.5V (Maxim),,known-series,high,1,1,1,1
41433,MAX6101EUR-T,MAXIM,电压基准芯片,参考电压源,低成本，微功耗，低压差，高输出电流， SOT23电压基准,bms_supervisor,voltage_ref,voltage_ref,voltage_ref,voltage_ref,bms_supervisor,voltage_ref,"Maxim MAX6101: Precision, Low-Dropout Voltage Reference (1.25V)",analog.com/max6100,external_web,1.0,1,1,1,1
41435,MAX6102EUR-T,MAXIM,电压基准芯片,参考电压源,低成本，微功耗，低压差，高输出电流， SOT23电压基准,bms_supervisor,voltage_ref,voltage_ref,voltage_ref,voltage_ref,voltage_ref,voltage_ref,MAX6102: precision series voltage reference (Maxim),,known-series,high,1,1,1,1
41437,MAX6103EUR-T,MAXIM,电压基准芯片,参考电压源,低成本，微功耗，低压差，高输出电流， SOT23电压基准,bms_supervisor,voltage_ref,voltage_ref,voltage_ref,voltage_ref,voltage_ref,voltage_ref,MAX6103: precision series voltage reference (Maxim),,known-series,high,1,1,1,1
41439,MAX6104EUR-T,MAXIM,电压基准芯片,,低成本，微功耗，低压差，高输出电流， SOT23电压基准,bms_supervisor,voltage_ref,voltage_ref,voltage_ref,voltage_ref,voltage_ref,voltage_ref,MAX6104: precision series voltage reference (Maxim),,known-series,high,1,1,1,1
41441,MAX6105EUR-T,MAXIM,电压基准芯片,参考电压源,低成本，微功耗，低压差，高输出电流， SOT23电压基准,bms_supervisor,voltage_ref,voltage_ref,voltage_ref,voltage_ref,voltage_ref,voltage_ref,MAX6105: precision series voltage reference (Maxim),,known-series,high,1,1,1,1
41443,MAX6106EUR-T,MAXIM,电压基准芯片,参考电压源,低成本，微功耗，低压差，高输出电流， SOT23电压基准,bms_supervisor,voltage_ref,voltage_ref,voltage_ref,voltage_ref,bms_supervisor,voltage_ref,"Maxim MAX6106: Precision, Low-Dropout Voltage Reference (2.048V)",analog.com/max6106,external_web,1.0,1,1,1,1
41445,MAX6107EUR-T,MAXIM,电压基准芯片,参考电压源,低成本，微功耗，低压差，高输出电流， SOT23电压基准,bms_supervisor,voltage_ref,voltage_ref,voltage_ref,voltage_ref,voltage_ref,voltage_ref,MAX6107: precision series voltage reference (Maxim),,known-series,high,1,1,1,1
42035,STM1001,STMICROELECTRONICS,,,复位电路,bms_supervisor,supervisor_reset,supervisor_reset,supervisor_reset,supervisor_reset,pmic,supervisor_reset,STM1001: 3-pin µP supervisor with programmable delay and threshold (ST),,known-series,high,1,1,1,1
42037,STM1001LWX6F,STMICROELECTRONICS,电源监控芯片,电源管理电路,复位电路,bms_supervisor,supervisor_reset,supervisor_reset,supervisor_reset,supervisor_reset,bms_supervisor,supervisor_reset,ST STM1001: 3V/5V voltage supervisor with manual reset,st.com/stm1001,external_web,1.0,1,1,1,1
42039,STM1001MWX6F,STMICROELECTRONICS,电源监控芯片,电源管理电路,复位电路,bms_supervisor,supervisor_reset,supervisor_reset,supervisor_reset,supervisor_reset,pmic,supervisor_reset,STM1001: µP supervisor (ST),,known-series,high,1,1,1,1
42041,STM1001RWX6F,STMICROELECTRONICS,电源监控芯片,电源管理电路,复位电路,bms_supervisor,supervisor_reset,supervisor_reset,supervisor_reset,supervisor_reset,pmic,supervisor_reset,STM1001: µP supervisor (ST),,known-series,high,1,1,1,1
42043,STM1001SWX6F,STMICROELECTRONICS,电源监控芯片,,复位电路,bms_supervisor,supervisor_reset,supervisor_reset,supervisor_reset,supervisor_reset,pmic,supervisor_reset,STM1001: µP supervisor (ST),,known-series,high,1,1,1,1
42045,STM1001TWX6F,STMICROELECTRONICS,电源监控芯片,电源管理电路,复位电路,bms_supervisor,supervisor_reset,supervisor_reset,supervisor_reset,supervisor_reset,pmic,supervisor_reset,STM1001: µP supervisor (ST),,known-series,high,1,1,1,1
42052,STSR30D,STMICROELECTRONICS,FET驱动器,开关式稳压器或控制器,同步整流器智能驱动反激,driver_ic,gate_driver,gate_driver,gate_driver,gate_driver,driver_ic,gate_driver,STSR30: synchronous rectifier gate driver (ST),,known-series,high,1,1,1,1
42053,STSR30D-TR,STMICROELECTRONICS,FET驱动器,开关式稳压器或控制器,同步整流器智能驱动反激,driver_ic,gate_driver,gate_driver,gate_driver,gate_driver,driver_ic,gate_driver,STSR30: synchronous rectifier gate driver (ST),,known-series,high,1,1,1,1
48146,AD1582ART-R2,ADI,电压基准芯片,,2.5 V至5.0 V微功耗，精密串联模式电压基准,bms_supervisor,voltage_ref,voltage_ref,voltage_ref,voltage_ref,voltage_ref,voltage_ref,AD1582: micropower precision 2.5V series voltage reference (ADI),,known-series,high,1,1,1,1
48147,AD1582ART-REEL7,ADI,电压基准芯片,,2.5 V至5.0 V微功耗，精密串联模式电压基准,bms_supervisor,voltage_ref,voltage_ref,voltage_ref,voltage_ref,voltage_ref,voltage_ref,AD1582: micropower precision series reference (ADI),,known-series,high,1,1,1,1
48148,AD1582BRT-R2,ADI,电压基准芯片,,2.5 V至5.0 V微功耗，精密串联模式电压基准,bms_supervisor,voltage_ref,voltage_ref,voltage_ref,voltage_ref,voltage_ref,voltage_ref,AD1582B: micropower precision series reference (ADI),,known-series,high,1,1,1,1
48149,AD1582BRT-REEL7,ADI,电压基准芯片,,2.5 V至5.0 V微功耗，精密串联模式电压基准,bms_supervisor,voltage_ref,voltage_ref,voltage_ref,voltage_ref,bms_supervisor,voltage_ref,ADI AD1582: 2.5V Precision Bandgap Voltage Reference,analog.com/AD1582,external_web,1.0,1,1,1,1
58754,TLE4729G,INFINEON,电机驱动器,,两相步进电机驱动器双极IC,driver_ic,motor_driver,motor_driver,motor_driver,motor_driver,driver_ic,motor_driver,Infineon TLE4729: Stepper Motor Driver,infineon.com/TLE4729,external_web,1.0,1,1,1,1
73286,UC1708J883B,TI,电源管理,MOSFET 驱动器,双非反相电源驱动器,driver_ic,gate_driver,gate_driver,gate_driver,gate_driver,driver_ic,gate_driver,"UC1708: dual non-inverting high-speed MOSFET driver (TI, military)",,known-series,high,1,1,1,1
74544,TLC5923DAP,TI,LED驱动器,显示驱动器,LED驱动器,driver_ic,led_driver,led_driver,led_driver,led_driver,driver_ic,led_driver,TLC5923: 16-channel constant-current LED driver (TI),,known-series,high,1,1,1,1
74545,TLC5923DAPR,TI,LED驱动器,显示驱动器,LED驱动器,driver_ic,led_driver,led_driver,led_driver,led_driver,driver_ic,led_driver,TLC5923: 16-channel constant-current LED driver (TI),,known-series,high,1,1,1,1
146438,TLC5922DAP,TI,LED驱动器,,LED驱动器,driver_ic,led_driver,led_driver,led_driver,led_driver,driver_ic,led_driver,TI TLC5922: 16-Channel Constant-Current LED Driver,ti.com/TLC5922,external_web,1.0,1,1,1,1
166659,MAX6420UK16-T,MAXIM,电源监控芯片,电源管理电路,低功耗，单/双电压复位电路，带有电容可调的复位超时周期,bms_supervisor,supervisor_reset,supervisor_reset,supervisor_reset,supervisor_reset,pmic,supervisor_reset,MAX6420: SC70 µP supervisor with manual reset (Maxim),,known-series,high,1,1,1,1
176974,ISL88706IB826Z,INTERSIL,电源监控芯片,,UP主管与看门狗定时器，电源失效比较器，手动复位和可调节的上电复位,bms_supervisor,supervisor_reset,supervisor_reset,supervisor_reset,supervisor_reset,pmic,supervisor_reset,ISL88706: single-voltage supervisor w/ WDT + manual reset (Intersil),,known-series,high,1,1,1,1
176977,ISL88706IB829Z,INTERSIL,电源监控芯片,,UP主管与看门狗定时器，电源失效比较器，手动复位和可调节的上电复位,bms_supervisor,supervisor_reset,supervisor_reset,supervisor_reset,supervisor_reset,pmic,supervisor_reset,ISL88706: single-voltage supervisor (Intersil),,known-series,high,1,1,1,1
176978,ISL88708IB829Z,INTERSIL,电源监控芯片,,UP主管与看门狗定时器，电源失效比较器，手动复位和可调节的上电复位,bms_supervisor,supervisor_reset,supervisor_reset,supervisor_reset,supervisor_reset,pmic,supervisor_reset,ISL88708: dual-voltage supervisor with watchdog (Intersil),,known-series,high,1,1,1,1
177104,TPIC2603DW,TI,FET驱动器,外围驱动器,6通道串行接口低侧驱动器,driver_ic,gate_driver,out_of_scope,out_of_scope,gate_driver,driver_ic,motor_driver,TI TPIC2603: 6-channel serial interface low-side power driver (relay/solenoid/stepper),ti.com/TPIC2603,external_web,1.0,0,0,0,0
177295,MIC5801BN,MICREL,FET驱动器,外围驱动器,4/8位并行输入锁存驱动器,driver_ic,gate_driver,out_of_scope,out_of_scope,gate_driver,out_of_scope,out_of_scope,"Micrel MIC5801: 8-bit parallel input latched driver array (general purpose, lamps/relays/LEDs)",micrel.com,external_web,1.0,0,1,1,0
178923,MAX6958AAEE,MAXIM,LED驱动器,显示驱动器,2线接口， 3V至5.5V ， 4位，9段LED显示驱动器，带有键扫描,driver_ic,led_driver,led_driver,led_driver,led_driver,driver_ic,led_driver,MAX6958: 4-wire serial-interface LED display driver (Maxim),,known-series,high,1,1,1,1
178924,MAX6959AAEE,MAXIM,LED驱动器,显示驱动器,2线接口， 3V至5.5V ， 4位，9段LED显示驱动器，带有键扫描,driver_ic,led_driver,led_driver,led_driver,led_driver,driver_ic,led_driver,Maxim MAX6959: 2-Wire Serial 4-Digit LED Display Driver,analog.com/MAX6959,external_web,1.0,1,1,1,1
179740,SI9730ABY-T1-E3,VISHAY,电池管理芯片,电源管理电路,双节锂离子电池控制IC,bms_supervisor,battery_charger,battery_charger,battery_charger,battery_charger,battery_charger,battery_charger,SI9730: Li-Ion battery charger IC (Vishay),,known-series,high,1,1,1,1
181624,MAX691AEJE,MAXIM,电源监控芯片,,微处理器监控电路,bms_supervisor,supervisor_reset,supervisor_reset,supervisor_reset,supervisor_reset,bms_supervisor,supervisor_reset,"Maxim MAX691: microprocessor supervisory circuit (reset, watchdog, backup)",maxim.com/max691,external_web,1.0,1,1,1,1
181712,ICL7665AEPA,MAXIM,电源监控芯片,,微处理器电压监视器与,bms_supervisor,supervisor_reset,supervisor_reset,supervisor_reset,supervisor_reset,pmic,supervisor_reset,ICL7665: programmable dual-voltage supervisor (Intersil/Maxim),,known-series,high,1,1,1,1
181891,MAX693AEWE,MAXIM,电源监控芯片,电源管理电路,微处理器监控电路,bms_supervisor,supervisor_reset,supervisor_reset,supervisor_reset,supervisor_reset,pmic,supervisor_reset,MAX693: µP supervisory circuit w/ WDT + battery backup (Maxim),,known-series,high,1,1,1,1
183568,ICM7243AIJL,INTERSIL,LED驱动器,,8个字符，微处理器兼容， LED显示译码器驱动器,driver_ic,led_driver,led_driver,led_driver,led_driver,driver_ic,led_driver,ICM7243: alphanumeric LED display decoder/driver (Intersil),,known-series,high,1,1,1,1
183685,ICL7665SAIPA,INTERSIL,电源监控芯片,,CMOS微功耗过压/欠压检测器,bms_supervisor,supervisor_reset,supervisor_reset,supervisor_reset,supervisor_reset,pmic,supervisor_reset,ICL7665: programmable dual-voltage supervisor (Intersil),,known-series,high,1,1,1,1
184724,ADM803LAKS-REEL,ADI,电源监控芯片,,3引脚微处理器监控电路， SC70和SOT -23,bms_supervisor,supervisor_reset,supervisor_reset,supervisor_reset,supervisor_reset,pmic,supervisor_reset,ADM803: SOT-23 µP supervisor reset (ADI),,known-series,high,1,1,1,1
184726,ADM803TAKS-REEL,ADI,电源监控芯片,,3引脚微处理器监控电路， SC70和SOT -23,bms_supervisor,supervisor_reset,supervisor_reset,supervisor_reset,supervisor_reset,pmic,supervisor_reset,ADM803: SOT-23 µP supervisor reset (ADI),,known-series,high,1,1,1,1
185178,MAX6706ALKA-T,MAXIM,电源监控芯片,电源管理电路,低电压， SOT23レP监控电路，带有电源失效输入/输出，手动复位及看门狗定时器,bms_supervisor,supervisor_reset,supervisor_reset,supervisor_reset,supervisor_reset,bms_supervisor,supervisor_reset,Maxim MAX6706: 3-Pin Voltage Supervisor,analog.com/MAX6706,external_web,1.0,1,1,1,1
185179,MAX6707ALKA-T,MAXIM,电源监控芯片,电源管理电路,低电压， SOT23レP监控电路，带有电源失效输入/输出，手动复位及看门狗定时器,bms_supervisor,supervisor_reset,supervisor_reset,supervisor_reset,supervisor_reset,pmic,supervisor_reset,MAX6707: µP supervisor w/ watchdog and manual reset (Maxim),,known-series,high,1,1,1,1
185832,IRAMX20UP60A,INFINEON,电机驱动器,,20A ， 600V与发射极开路引脚,driver_ic,motor_driver,motor_driver,motor_driver,motor_driver,driver_ic,motor_driver,IRAMX20UP60A: 20A/600V integrated power module for 3-phase AC motor drive (Infineon/IR),,ext-datasheet,high,1,1,1,1
192515,ADM823ZYKS-R7,ADI,电源监控芯片,,监控电路，带有看门狗和手动复位功能5引脚SC70和SOT -23,bms_supervisor,supervisor_reset,supervisor_reset,supervisor_reset,supervisor_reset,bms_supervisor,supervisor_reset,ADI ADM823: microprocessor supervisor/reset IC,analog.com/adm823,external_web,1.0,1,1,1,1
194659,5962-9751301Q2A,TI,电源监控芯片,电源管理电路,微功率电源电压监控器,bms_supervisor,supervisor_reset,supervisor_reset,supervisor_reset,supervisor_reset,pmic,supervisor_reset,5962-9751301Q2A: TI military-grade TPS3305-equivalent single supply voltage supervisor with programmable time delay,,ext-datasheet,high,1,1,1,1
194676,STM6822ZWY6F,STMICROELECTRONICS,电源监控芯片,电源管理电路,5针主管与看门狗定时器和按钮复位,bms_supervisor,supervisor_reset,supervisor_reset,supervisor_reset,supervisor_reset,bms_supervisor,supervisor_reset,ST STM6822: Supervisor with Watchdog,st.com/STM6822,external_web,1.0,1,1,1,1
196439,TPS3103H20DBVR,TI,电源监控芯片,,超低电源电流/电源电压监控电路,bms_supervisor,supervisor_reset,supervisor_reset,supervisor_reset,supervisor_reset,pmic,supervisor_reset,TPS3103: µP supervisor (TI),,known-series,high,1,1,1,1
196481,TLC7703ID,TI,电源监控芯片,电源管理电路,微功率电源电压监控器,bms_supervisor,supervisor_reset,supervisor_reset,supervisor_reset,supervisor_reset,pmic,supervisor_reset,TLC7703: supply voltage supervisor (TI),,known-series,high,1,1,1,1
197215,TPS65014RGZTG4,TI,电池管理芯片,电源管理电路,电源和电池管理IC，适用于锂离子电池供电系统,bms_supervisor,battery_charger,battery_charger,battery_charger,battery_charger,bms_supervisor,battery_charger,TI TPS65014: Battery PMIC with Li-Ion Linear Charger + 2 buck + 2 LDO (primary=charger PMIC),ti.com/TPS65014,external_web,1.0,1,1,1,1
197684,TLC7703QD,TI,电源监控芯片,电源管理电路,微功率电源电压监控器,bms_supervisor,supervisor_reset,supervisor_reset,supervisor_reset,supervisor_reset,pmic,supervisor_reset,TLC7703: supply voltage supervisor (TI),,known-series,high,1,1,1,1
199201,ISL9203CRZR5220,INTERSIL,电池管理芯片,,锂离子/锂聚合物电池充电器,bms_supervisor,battery_charger,battery_charger,battery_charger,battery_charger,battery_charger,battery_charger,ISL9203: single-cell Li-Ion/Li-Polymer linear battery charger (Intersil),,ext-datasheet,high,1,1,1,1
199970,ISL88705IB846Z,INTERSIL,电源监控芯片,,UP主管与看门狗定时器，电源失效比较器，手动复位和可调节的上电复位,bms_supervisor,supervisor_reset,supervisor_reset,supervisor_reset,supervisor_reset,pmic,supervisor_reset,ISL88705: dual-voltage supervisor (Intersil),,known-series,high,1,1,1,1
199981,TLC7705ID,TI,电源监控芯片,电源管理电路,微功率电源电压监控器,bms_supervisor,supervisor_reset,supervisor_reset,supervisor_reset,supervisor_reset,bms_supervisor,supervisor_reset,TI TLC7705: 5V supply-voltage supervisor (reset generator),ti.com/tlc7705,external_web,1.0,1,1,1,1
200182,TLC7705QD,TI,电源监控芯片,电源管理电路,微功率电源电压监控器,bms_supervisor,supervisor_reset,supervisor_reset,supervisor_reset,supervisor_reset,pmic,supervisor_reset,TLC7705: supply voltage supervisor (TI),,known-series,high,1,1,1,1
201046,TPS3106E09DBVR,TI,电源监控芯片,电源管理电路,超低电源电流/电源电压监控电路,bms_supervisor,supervisor_reset,supervisor_reset,supervisor_reset,supervisor_reset,pmic,supervisor_reset,TPS3106: µP supervisor (TI),,known-series,high,1,1,1,1
201048,TPS3106E09DBVT,TI,电源监控芯片,,超低电源电流/电源电压监控电路,bms_supervisor,supervisor_reset,supervisor_reset,supervisor_reset,supervisor_reset,pmic,supervisor_reset,TPS3106: µP supervisor (TI),,known-series,high,1,1,1,1
201049,TPS3106E09DBVTG4,TI,电源监控芯片,电源管理电路,超低电源电流/电源电压监控电路,bms_supervisor,supervisor_reset,supervisor_reset,supervisor_reset,supervisor_reset,pmic,supervisor_reset,TPS3106: µP supervisor (TI),,known-series,high,1,1,1,1
201163,TPS3806I33DBVR,TI,电源监控芯片,电源管理电路,带可调迟滞双路电压检测器,bms_supervisor,supervisor_reset,supervisor_reset,supervisor_reset,supervisor_reset,pmic,supervisor_reset,TPS3806: voltage supervisor (TI),,known-series,high,1,1,1,1
201171,ISL88706IB831Z,INTERSIL,电源监控芯片,,UP主管与看门狗定时器，电源失效比较器，手动复位和可调节的上电复位,bms_supervisor,supervisor_reset,supervisor_reset,supervisor_reset,supervisor_reset,pmic,supervisor_reset,ISL88706: single-voltage supervisor (Intersil),,known-series,high,1,1,1,1
201172,ISL88706IB844Z,INTERSIL,电源监控芯片,,UP主管与看门狗定时器，电源失效比较器，手动复位和可调节的上电复位,bms_supervisor,supervisor_reset,supervisor_reset,supervisor_reset,supervisor_reset,pmic,supervisor_reset,ISL88706: single-voltage supervisor with WDT + manual reset (Intersil),,known-series,high,1,1,1,1
203926,MAX1508YETA,MAXIM,电池管理芯片,电源管理电路,线性锂电池充电器，带有集成调整FET ，热调节和ACOKin采用3mm x 3mm TDFN封装,bms_supervisor,battery_charger,battery_charger,battery_charger,battery_charger,battery_charger,battery_charger,MAX1508: linear Li+ battery charger with integrated pass FET (Maxim),,ext-datasheet,high,1,1,1,1
203948,MAX1508ZETA,MAXIM,电池管理芯片,电源管理电路,线性锂电池充电器，带有集成调整FET ，热调节和ACOKin采用3mm x 3mm TDFN封装,bms_supervisor,battery_charger,battery_charger,battery_charger,battery_charger,battery_charger,battery_charger,MAX1508: linear Li+ battery charger (Maxim),,ext-datasheet,high,1,1,1,1
204688,MAX809JEUR-T,MAXIM,电源监控芯片,,3引脚微处理器复位电路,bms_supervisor,supervisor_reset,supervisor_reset,supervisor_reset,supervisor_reset,pmic,supervisor_reset,MAX809: 3-pin µP reset circuit (Maxim),,known-series,high,1,1,1,1
204689,MAX809JEUR-T10,MAXIM,电压监控芯片,电源管理电路,3引脚微处理器复位电路,bms_supervisor,supervisor_reset,supervisor_reset,supervisor_reset,supervisor_reset,pmic,supervisor_reset,MAX809: 3-pin µP reset circuit (Maxim),,known-series,high,1,1,1,1
204691,MAX809JEXR-T,MAXIM,,电源管理电路,3引脚微处理器复位电路,bms_supervisor,supervisor_reset,supervisor_reset,supervisor_reset,supervisor_reset,pmic,supervisor_reset,MAX809: 3-pin µP reset circuit (Maxim),,known-series,high,1,1,1,1
204693,MAX809JEXR-T10,MAXIM,,电源管理电路,3引脚微处理器复位电路,bms_supervisor,supervisor_reset,supervisor_reset,supervisor_reset,supervisor_reset,pmic,supervisor_reset,MAX809: 3-pin µP reset circuit (Maxim),,known-series,high,1,1,1,1
204700,FM809JS3X,FAIRCHILD,电源监控芯片,,3引脚UC监控电路,bms_supervisor,supervisor_reset,supervisor_reset,supervisor_reset,supervisor_reset,pmic,supervisor_reset,"FM809: 3-pin µP reset (Fairchild, MAX809 pin-compatible)",,known-series,high,1,1,1,1
204702,MAX809JTR,ONSEMI,电源监控芯片,,3引脚微处理器复位监视器,bms_supervisor,supervisor_reset,supervisor_reset,supervisor_reset,supervisor_reset,pmic,supervisor_reset,"MAX809: 3-pin µP reset (ON Semi, MAX809 pin-compatible)",,known-series,high,1,1,1,1
204816,LM809M3-2.63,NSC,,电源管理电路,3引脚微处理器复位电路,bms_supervisor,supervisor_reset,supervisor_reset,supervisor_reset,supervisor_reset,pmic,supervisor_reset,LM809: 3-pin µP reset (NSC/TI),,known-series,high,1,1,1,1
204819,LM809M3-2.93,NSC,,电源管理电路,3引脚微处理器复位电路,bms_supervisor,supervisor_reset,supervisor_reset,supervisor_reset,supervisor_reset,pmic,supervisor_reset,LM809: 3-pin µP reset (NSC/TI),,known-series,high,1,1,1,1
204822,LM809M3-3.08,NSC,,电源管理电路,3引脚微处理器复位电路,bms_supervisor,supervisor_reset,supervisor_reset,supervisor_reset,supervisor_reset,pmic,supervisor_reset,LM809: 3-pin µP reset (NSC/TI),,known-series,high,1,1,1,1
204988,ADM809RAKS-REEL,ADI,电源监控芯片,,3引脚微处理器监控电路， SC70和SOT -23,bms_supervisor,supervisor_reset,supervisor_reset,supervisor_reset,supervisor_reset,pmic,supervisor_reset,ADM809: 3-pin µP reset (ADI),,known-series,high,1,1,1,1
204991,ADM709RAN,ADI,电源监控芯片,,电源监控与复位,bms_supervisor,supervisor_reset,supervisor_reset,supervisor_reset,supervisor_reset,bms_supervisor,supervisor_reset,ADI ADM709: classic 3-terminal voltage supervisor/reset generator,analog.com/adm709,external_web,1.0,1,1,1,1
204995,ADM809RART-REEL,ADI,电源监控芯片,,3引脚微处理器监控电路， SC70和SOT -23,bms_supervisor,supervisor_reset,supervisor_reset,supervisor_reset,supervisor_reset,pmic,supervisor_reset,ADM809: 3-pin µP reset (ADI),,known-series,high,1,1,1,1
205312,ADM809ZAKS-REEL,ADI,电源监控芯片,,3引脚微处理器监控电路， SC70和SOT -23,bms_supervisor,supervisor_reset,supervisor_reset,supervisor_reset,supervisor_reset,pmic,supervisor_reset,ADM809: 3-pin µP reset (ADI),,known-series,high,1,1,1,1
205314,ADM809ZART-REEL,ADI,电源监控芯片,,3引脚微处理器监控电路， SC70和SOT -23,bms_supervisor,supervisor_reset,supervisor_reset,supervisor_reset,supervisor_reset,pmic,supervisor_reset,ADM809: 3-pin µP reset (ADI),,known-series,high,1,1,1,1
205324,MAX809ZEUR-T10,MAXIM,,电源管理电路,3引脚微处理器复位电路,bms_supervisor,supervisor_reset,supervisor_reset,supervisor_reset,supervisor_reset,pmic,supervisor_reset,MAX809: microprocessor reset circuit (Maxim),,known-series,high,1,1,1,1
205326,MAX809ZEXR-T10,MAXIM,,电源管理电路,3引脚微处理器复位电路,bms_supervisor,supervisor_reset,supervisor_reset,supervisor_reset,supervisor_reset,bms_supervisor,supervisor_reset,Maxim MAX809: Classic 3-Pin Microprocessor Reset Supervisor,analog.com/MAX809,external_web,1.0,1,1,1,1
208955,MAX6314US50D1-T,MAXIM,,电源管理电路,68HC11 /双向兼容的微处理器复位电路,bms_supervisor,supervisor_reset,supervisor_reset,supervisor_reset,supervisor_reset,bms_supervisor,supervisor_reset,Maxim MAX6314: 5V supply voltage supervisor / uP reset,maxim.com/max6314,external_web,1.0,1,1,1,1
208957,MAX6314US30D1-T,MAXIM,电源监控芯片,电源管理电路,68HC11 /双向兼容的微处理器复位电路,bms_supervisor,supervisor_reset,supervisor_reset,supervisor_reset,supervisor_reset,bms_supervisor,supervisor_reset,Maxim MAX6314: 3V Supply Voltage Supervisor,analog.com/MAX6314,external_web,1.0,1,1,1,1
208958,MAX6315US50D1-T,MAXIM,,电源管理电路,漏极开路SOT μP复位电路,bms_supervisor,supervisor_reset,supervisor_reset,supervisor_reset,supervisor_reset,bms_supervisor,supervisor_reset,Maxim MAX6315: 4V Supply Voltage Supervisor,analog.com/MAX6315,external_web,1.0,1,1,1,1
208959,MAX6315US40D1-T,MAXIM,,电源管理电路,漏极开路SOT μP复位电路,bms_supervisor,supervisor_reset,supervisor_reset,supervisor_reset,supervisor_reset,pmic,supervisor_reset,MAX6315: µP reset circuit w/ manual reset (Maxim),,known-series,high,1,1,1,1
208960,MAX6315US30D1-T,MAXIM,电压监控芯片,,漏极开路SOT μP复位电路,bms_supervisor,supervisor_reset,supervisor_reset,supervisor_reset,supervisor_reset,pmic,supervisor_reset,MAX6315: µP reset circuit (Maxim),,known-series,high,1,1,1,1
209007,MAX6314US30D2-T,MAXIM,,电源管理电路,68HC11 /双向兼容的微处理器复位电路,bms_supervisor,supervisor_reset,supervisor_reset,supervisor_reset,supervisor_reset,bms_supervisor,supervisor_reset,Maxim MAX6314: 3V Supply Voltage Supervisor,analog.com/MAX6314,external_web,1.0,1,1,1,1
209008,MAX6314US50D2-T,MAXIM,,电源管理电路,68HC11 /双向兼容的微处理器复位电路,bms_supervisor,supervisor_reset,supervisor_reset,supervisor_reset,supervisor_reset,bms_supervisor,supervisor_reset,Maxim MAX6314: 5V supply voltage supervisor,maxim.com/max6314,external_web,1.0,1,1,1,1
209010,MAX6315US50D2-T,MAXIM,,电源管理电路,漏极开路SOT μP复位电路,bms_supervisor,supervisor_reset,supervisor_reset,supervisor_reset,supervisor_reset,pmic,supervisor_reset,MAX6315: µP reset circuit (Maxim),,known-series,high,1,1,1,1
209011,MAX6315US40D2-T,MAXIM,电压监控芯片,,漏极开路SOT μP复位电路,bms_supervisor,supervisor_reset,supervisor_reset,supervisor_reset,supervisor_reset,bms_supervisor,supervisor_reset,Maxim MAX6315: 4V supply voltage supervisor,maxim.com/max6315,external_web,1.0,1,1,1,1
209012,MAX6315US30D2-T,MAXIM,电压监控芯片,电源管理电路,漏极开路SOT μP复位电路,bms_supervisor,supervisor_reset,supervisor_reset,supervisor_reset,supervisor_reset,pmic,supervisor_reset,MAX6315: µP reset circuit (Maxim),,known-series,high,1,1,1,1
209016,MAX6306UK30D2-T,MAXIM,电源监控芯片,电源管理电路,5引脚，多输入，可编程复位IC,bms_supervisor,supervisor_reset,supervisor_reset,supervisor_reset,supervisor_reset,pmic,supervisor_reset,MAX6306: 3-in-1 supervisor (Maxim),,known-series,high,1,1,1,1
209048,MAX6314US50D3-T,MAXIM,,电源管理电路,68HC11 /双向兼容的微处理器复位电路,bms_supervisor,supervisor_reset,supervisor_reset,supervisor_reset,supervisor_reset,pmic,supervisor_reset,MAX6314: µP reset circuit w/ manual reset (Maxim),,known-series,high,1,1,1,1
209049,MAX6314US40D3-T,MAXIM,,,68HC11 /双向兼容的微处理器复位电路,bms_supervisor,supervisor_reset,supervisor_reset,supervisor_reset,supervisor_reset,pmic,supervisor_reset,MAX6314: µP reset circuit (Maxim),,known-series,high,1,1,1,1
209050,MAX6314US30D3-T,MAXIM,,电源管理电路,68HC11 /双向兼容的微处理器复位电路,bms_supervisor,supervisor_reset,supervisor_reset,supervisor_reset,supervisor_reset,pmic,supervisor_reset,MAX6314: µP reset circuit (Maxim),,known-series,high,1,1,1,1
211886,BA6920FP-Y,ROHM,电机驱动器,运动控制电子器件,可逆电机驱动器,driver_ic,motor_driver,motor_driver,motor_driver,motor_driver,driver_ic,motor_driver,BA6920: DC brush motor driver (Rohm),,known-series,high,1,1,1,1
212463,TPS61060YZFT,TI,LED驱动器,,恒流LED驱动器，具有数字和PWM亮度控制,driver_ic,led_driver,led_driver,led_driver,led_driver,driver_ic,led_driver,TI TPS61060: White LED Boost DC/DC Converter,ti.com/TPS61060,external_web,1.0,1,1,1,1
212464,TPS61061YZFT,TI,LED驱动器,显示驱动器,恒流LED驱动器，具有数字和PWM亮度控制,driver_ic,led_driver,led_driver,led_driver,led_driver,driver_ic,led_driver,TPS61061: white LED boost converter (TI),,known-series,high,1,1,1,1
212465,TPS61062YZFT,TI,LED驱动器,显示驱动器,恒流LED驱动器，具有数字和PWM亮度控制,driver_ic,led_driver,led_driver,led_driver,led_driver,driver_ic,led_driver,TPS61062: white LED boost converter (TI),,known-series,high,1,1,1,1
212511,TPS61060YZFR,TI,LED驱动器,显示驱动器,恒流LED驱动器，具有数字和PWM亮度控制,driver_ic,led_driver,led_driver,led_driver,led_driver,driver_ic,led_driver,TPS61060: white LED boost converter (TI),,known-series,high,1,1,1,1
212512,TPS61061YZFR,TI,LED驱动器,显示驱动器,恒流LED驱动器，具有数字和PWM亮度控制,driver_ic,led_driver,led_driver,led_driver,led_driver,driver_ic,led_driver,TPS61061: white LED boost converter (TI),,known-series,high,1,1,1,1
212513,TPS61062YZFR,TI,LED驱动器,显示驱动器,恒流LED驱动器，具有数字和PWM亮度控制,driver_ic,led_driver,led_driver,led_driver,led_driver,driver_ic,led_driver,TPS61062: white LED boost converter (TI),,known-series,high,1,1,1,1
223641,TPS60230RGTR,TI,LED驱动器,,白光LED电荷泵电流源PWM亮度控制,driver_ic,led_driver,led_driver,led_driver,led_driver,driver_ic,led_driver,TPS60230: WLED charge pump current source for backlight (TI),,ext-datasheet,high,1,1,1,1
224955,M4Z32-BR00SH1,STMICROELECTRONICS,电池管理芯片,电源管理电路,ZEROPOWER SNAPHAT电池,bms_supervisor,battery_charger,out_of_scope,out_of_scope,out_of_scope,out_of_scope,out_of_scope,"ST M4Z32-BR00SH1: ZEROPOWER SNAPHAT battery (lithium coin cell BR1632 120mAh, physical battery not IC)",st.com/m4z28-br00sh.pdf,external_web,1.0,0,1,1,1
225357,BQ2060SS-E411,TI,电池管理芯片,,SBS 1.1版兼容的电量监测计IC,bms_supervisor,battery_charger,battery_charger,battery_charger,out_of_scope,battery_charger,battery_charger,BQ2060: SBS gas gauge (TI),,known-series,high,1,1,1,0
225358,BQ2060SS-E411TR,TI,电池管理芯片,电源管理电路,SBS 1.1版兼容的电量监测计IC,bms_supervisor,battery_charger,battery_charger,battery_charger,out_of_scope,battery_charger,battery_charger,BQ2060: SBS-compliant gas gauge (TI),,known-series,high,1,1,1,0
227332,IRAMS10UP60A,INFINEON,电机驱动器,运动控制电子器件,插销N传动系统的集成电源模块的家电电机驱动器,driver_ic,motor_driver,motor_driver,motor_driver,motor_driver,driver_ic,motor_driver,IRAMS10UP60A: Plug-N-Drive integrated power module for appliance motor drive (Infineon/IR),,ext-datasheet,high,1,1,1,1
233389,TSM1011ID,STMICROELECTRONICS,电池管理芯片,,恒压电池充电器和适配器恒流控制器,bms_supervisor,battery_charger,battery_charger,battery_charger,battery_charger,battery_charger,battery_charger,TSM1011: CV/CC controller for battery chargers/adapters (ST),,ext-datasheet,high,1,1,1,1
233785,DS2711Z+,MAXIM,电池管理芯片,电源管理电路,NiMH电池充电器,bms_supervisor,battery_charger,battery_charger,battery_charger,battery_charger,battery_charger,battery_charger,"DS2711: NiMH loose-cell battery fast charger, linear control (Maxim)",,ext-datasheet,high,1,1,1,1
234201,DS2712E+,MAXIM,电池管理芯片,,NiMH电池充电器,bms_supervisor,battery_charger,battery_charger,battery_charger,battery_charger,battery_charger,battery_charger,"DS2712: NiMH loose-cell battery fast charger, switch-mode (Maxim)",,ext-datasheet,high,1,1,1,1
234832,DS2712Z+,MAXIM,电池管理芯片,电源管理电路,NiMH电池充电器,bms_supervisor,battery_charger,battery_charger,battery_charger,battery_charger,battery_charger,battery_charger,DS2712: NiMH loose-cell battery charger (Maxim),,ext-datasheet,high,1,1,1,1
234934,SI9730CBY-T1,VISHAY,电池管理芯片,电源管理电路,双节锂离子电池控制IC,bms_supervisor,battery_charger,battery_charger,battery_charger,battery_charger,battery_charger,battery_charger,SI9730: Li-Ion battery charger IC (Vishay),,known-series,high,1,1,1,1
238234,BQ2205LYPW,TI,电池管理芯片,,电源监视和开关控制器的3.3V SRAM,bms_supervisor,battery_charger,out_of_scope,out_of_scope,supervisor_reset,bms_supervisor,supervisor_reset,TI: SRAM Nonvolatile Controller with Reset (Voltage Supervisor / Power Management Circuits),ti.com/lit/gpn/BQ2205LY,external_web,1.0,0,0,0,1
242110,ISL6251AHAZ,INTERSIL,电池管理芯片,,低成本多化学电池充电器控制器,bms_supervisor,battery_charger,battery_charger,battery_charger,battery_charger,bms_supervisor,battery_charger,Intersil/Renesas ISL6251A: Low Cost Multi-Chemistry Battery Charger Controller (synchronous buck),renesas.com/isl6251,external_web,1.0,1,1,1,1
242111,ISL6251AHAZ-T,INTERSIL,电池管理芯片,,低成本多化学电池充电器控制器,bms_supervisor,battery_charger,battery_charger,battery_charger,battery_charger,battery_charger,battery_charger,ISL6251: low-cost multi-chemistry notebook battery charger controller (Intersil),,ext-datasheet,high,1,1,1,1
246060,LT1571EGN-1,Linear,电池管理芯片,电源管理电路,恒定电流/恒定电压电池充电器，预置电压和终止标志,bms_supervisor,battery_charger,battery_charger,battery_charger,battery_charger,battery_charger,battery_charger,LT1571: dual-output Li-Ion battery charger controller (Linear),,known-series,high,1,1,1,1
246061,LT1571EGN-2,Linear,电池管理芯片,电源管理电路,恒定电流/恒定电压电池充电器，预置电压和终止标志,bms_supervisor,battery_charger,battery_charger,battery_charger,battery_charger,battery_charger,battery_charger,LT1571: dual-output Li-Ion battery charger controller (Linear),,known-series,high,1,1,1,1
246215,MAX7221ENG,MAXIM,LED驱动器,,串行接口， 8位LED显示驱动器,driver_ic,led_driver,led_driver,led_driver,led_driver,driver_ic,led_driver,Maxim MAX7221: Serially-interfaced 8-digit LED display driver (classic LED driver),maxim,external_web,1.0,1,1,1,1
248059,MAX1577YETA,MAXIM,LED驱动器,开关式稳压器或控制器,1.2A白光LED调节电荷泵，用于相机闪光灯和放映灯,driver_ic,led_driver,led_driver,led_driver,led_driver,driver_ic,led_driver,Maxim MAX1577: LED backlight charge pump driver,analog.com/max1577,external_web,1.0,1,1,1,1
249243,ISL6441IR-T,INTERSIL,电池管理芯片,,1.4MHz的双路， 180 °异相，降压型，PWM和单点线性控制器,bms_supervisor,battery_charger,dcdc_switching,dcdc_switching,dcdc_switching,voltage_regulator,dcdc_switching,Intersil ISL6441: 1.4MHz Dual 180° Out-of-Phase Step-Down PWM + Linear Controller,alldatasheet.com/ISL6441,external_web,1.0,0,1,1,1
249248,ISL6441IR-TK,INTERSIL,电池管理芯片,,1.4MHz的双路， 180 °异相，降压型，PWM和单点线性控制器,bms_supervisor,battery_charger,dcdc_switching,dcdc_switching,dcdc_switching,dcdc,dcdc_switching,ISL6441: 1.4MHz dual step-down PWM + linear controller (Intersil),,ext-datasheet,high,0,1,1,1
256133,TPS60231RGTR,TI,LED驱动器,,白光LED电荷泵电流源PWM亮度控制,driver_ic,led_driver,led_driver,led_driver,led_driver,driver_ic,led_driver,TPS60231: WLED charge pump current source (TI),,known-series,high,1,1,1,1
256135,TPS60231RGTRG4,TI,LED驱动器,显示驱动器,白光LED电荷泵电流源PWM亮度控制,driver_ic,led_driver,led_driver,led_driver,led_driver,driver_ic,led_driver,TPS60231: charge-pump white-LED driver (TI),,known-series,high,1,1,1,1
256137,TPS60231RGTT,TI,LED驱动器,显示驱动器,白光LED电荷泵电流源PWM亮度控制,driver_ic,led_driver,led_driver,led_driver,led_driver,driver_ic,led_driver,TI TPS60231: White LED Charge Pump Current Source with PWM Brightness Control,ti.com/TPS60231,external_web,1.0,1,1,1,1
256139,TPS60231RGTTG4,TI,LED驱动器,显示驱动器,白光LED电荷泵电流源PWM亮度控制,driver_ic,led_driver,led_driver,led_driver,led_driver,driver_ic,led_driver,TPS60231: WLED charge pump current source (TI),,known-series,high,1,1,1,1
261816,ADP3806JRU-12.6-R7,ADI,电池管理芯片,,高频开关模式锂离子电池充电器,bms_supervisor,battery_charger,battery_charger,battery_charger,battery_charger,battery_charger,battery_charger,ADP3806: dual Li-Ion battery charger controller (ADI),,known-series,high,1,1,1,1
263736,ILD621GB,INFINEON,LED驱动器,光耦合器,多通道光电晶体管光耦合器,driver_ic,led_driver,out_of_scope,out_of_scope,out_of_scope,out_of_scope,out_of_scope,Vishay: Optocoupler Phototransistor Output (Dual/Quad Channel),vishay.com/en/product/83654,external_web,1.0,0,1,1,1
263737,ILQ621GB,INFINEON,LED驱动器,光耦合器,多通道光电晶体管光耦合器,driver_ic,led_driver,out_of_scope,out_of_scope,out_of_scope,out_of_scope,out_of_scope,Vishay ILQ621GB: multi-channel phototransistor optocoupler (same as ILD621GB),vishay.com/83654,external_web,1.0,0,1,1,1
276261,LTC3202EDD,Linear,LED驱动器,,低噪声，高效率电荷泵白光LED,driver_ic,led_driver,led_driver,led_driver,led_driver,driver_ic,led_driver,Linear LTC3202: Low-Noise White LED Charge Pump Driver,analog.com/LTC3202,external_web,1.0,1,1,1,1
276628,LT1932ES6,Linear,LED驱动器,开关式稳压器或控制器,恒流DC / DC采用ThinSOT封装的LED驱动器,driver_ic,led_driver,led_driver,led_driver,led_driver,driver_ic,led_driver,LT1932: constant-current 1.2MHz white LED boost driver in ThinSOT (Linear),,ext-datasheet,high,1,1,1,1
277720,BQ2002FSN,TI,电池管理芯片,电源管理电路,镍镉/镍氢电池快速充电管理IC,bms_supervisor,battery_charger,battery_charger,battery_charger,battery_charger,battery_charger,battery_charger,BQ2002: fast-charge management IC for NiCd/NiMH (TI),,known-series,high,1,1,1,1
278505,BQ2002GSN,TI,电池管理芯片,电源管理电路,镍镉/镍氢电池快速充电管理IC,bms_supervisor,battery_charger,battery_charger,battery_charger,battery_charger,battery_charger,battery_charger,BQ2002: fast-charge management IC (TI),,known-series,high,1,1,1,1
280268,MAX8595XETA,MAXIM,LED驱动器,显示驱动器,高效率， 36V，升压型变换器，提供TA降额可驱动2至9个白光LED,driver_ic,led_driver,led_driver,led_driver,led_driver,driver_ic,led_driver,Maxim MAX8595: 36V Step-Up Converter for 2-9 white LEDs (LED backlight),analog.com/max8595,external_web,1.0,1,1,1,1
280661,MAX1924XEEE,MAXIM,电池管理芯片,,先进的锂离子电池组保护,bms_supervisor,battery_charger,battery_charger,battery_charger,battery_charger,bms_supervisor,battery_charger,"Maxim MAX1924: Li+ Battery-Pack Protector (overvoltage/undervoltage/short protection, trickle charge)",analog.com/max1924,external_web,1.0,1,1,1,1
281221,CS4122XDWF24,ONSEMI,电机驱动器,外围驱动器,串行输入总线三重空芯仪表驱动器,driver_ic,motor_driver,motor_driver,motor_driver,motor_driver,driver_ic,motor_driver,CS4122: air-core tach/speedometer driver (ON Semi),,known-series,high,1,1,1,1
287276,MAX8713ETG,MAXIM,电池管理芯片,电源管理电路,简单灵活的SMBus电池充电器,bms_supervisor,battery_charger,battery_charger,battery_charger,battery_charger,battery_charger,battery_charger,MAX8713: simple dual-input chemistry-independent battery charger (Maxim),,known-series,high,1,1,1,1
287291,MAX8724ETI,MAXIM,电池管理芯片,电源管理电路,低成本，多种电池充电器,bms_supervisor,battery_charger,battery_charger,battery_charger,battery_charger,battery_charger,battery_charger,MAX8724: low-cost multichemistry battery charger (Maxim),,ext-datasheet,high,1,1,1,1
287902,UCC3952PW-2,TI,电池管理芯片,电源管理电路,单节锂- LON电池保护IC,bms_supervisor,battery_charger,battery_charger,battery_charger,battery_charger,battery_charger,battery_charger,UCC3952: single-cell Li-Ion battery protection IC (TI),,known-series,high,1,1,1,1
287903,UCC3952PW-3,TI,电池管理芯片,电源管理电路,单节锂- LON电池保护IC,bms_supervisor,battery_charger,battery_charger,battery_charger,battery_charger,battery_charger,battery_charger,UCC3952: single-cell Li-Ion battery protection IC (TI),,ext-datasheet,high,1,1,1,1
288410,MAX7219CNG,MAXIM,LED驱动器,显示驱动器,串行接口， 8位LED显示驱动器,driver_ic,led_driver,led_driver,led_driver,led_driver,driver_ic,led_driver,MAX7219: 8-digit serial LED display driver (Maxim),,known-series,high,1,1,1,1
288411,MAX7219CWG,MAXIM,LED驱动器,显示驱动器,串行接口， 8位LED显示驱动器,driver_ic,led_driver,led_driver,led_driver,led_driver,driver_ic,led_driver,MAX7219: 8-digit serial LED display driver (Maxim),,known-series,high,1,1,1,1
288446,MAX712CPE,MAXIM,电池管理芯片,开关式稳压器或控制器,镍镉/镍氢电池快速充电控制器,bms_supervisor,battery_charger,battery_charger,battery_charger,battery_charger,battery_charger,battery_charger,MAX712: NiCd/NiMH fast-charge controller (Maxim),,known-series,high,1,1,1,1
288447,MAX712CSE,MAXIM,电池管理芯片,开关式稳压器或控制器,镍镉/镍氢电池快速充电控制器,bms_supervisor,battery_charger,battery_charger,battery_charger,battery_charger,battery_charger,battery_charger,MAX712: NiCd/NiMH fast-charge controller (Maxim),,known-series,high,1,1,1,1
290604,A3952SLB,ALLEGRO,电机驱动器,,全桥PWM电机驱动器,driver_ic,motor_driver,motor_driver,motor_driver,motor_driver,driver_ic,motor_driver,A3952: full-bridge PWM motor driver (Allegro),,known-series,high,1,1,1,1
290609,A3982SLB-T,ALLEGRO,电机驱动器,运动控制电子器件,DMOS步进电机驱动器与转换器,driver_ic,motor_driver,motor_driver,motor_driver,motor_driver,driver_ic,motor_driver,A3982: DMOS stepper motor driver with translator (Allegro),,known-series,high,1,1,1,1
290706,BQ2092SN-A311,TI,电池管理芯片,电源管理电路,电量监测计IC ，带有SMBus一样的界面,bms_supervisor,battery_charger,battery_charger,battery_charger,battery_charger,bms_supervisor,battery_charger,TI BQ2092: SBS Gas Gauge (battery fuel gauge),ti.com/BQ2092,external_web,1.0,1,1,1,1
290725,NCP802SN1T1,ONSEMI,电池管理芯片,,高度集成的锂电池保护电路一节电池组,bms_supervisor,battery_charger,battery_charger,battery_charger,battery_charger,battery_charger,battery_charger,NCP802: highly-integrated Li battery protection circuit for one-cell pack (ON Semi),,ext-datasheet,high,1,1,1,1
290783,VNH2SP30-E,STMICROELECTRONICS,电机驱动器,,汽车完全集成H桥电机驱动器,driver_ic,motor_driver,motor_driver,motor_driver,motor_driver,driver_ic,motor_driver,VNH2SP30: automotive fully integrated H-bridge motor driver 30A (ST),,known-series,high,1,1,1,1
290896,LM2750LDX-5.0,NSC,LED驱动器,开关式稳压器或控制器,低噪声， 5.0V稳压开关电容电压转换器,driver_ic,led_driver,dcdc_switching,dcdc_switching,dcdc_switching,dcdc,dcdc_switching,LM2750: low-noise switched-capacitor boost regulator (NSC/TI); charge-pump DC-DC not LED driver,,ext-datasheet,high,0,1,1,1
292221,BQ2002TSN,TI,电池管理芯片,电源管理电路,镍镉/镍氢电池快速充电管理IC,bms_supervisor,battery_charger,battery_charger,battery_charger,battery_charger,battery_charger,battery_charger,BQ2002: fast-charge management IC (TI),,known-series,high,1,1,1,1
293145,X3100V28,INTERSIL,电池管理芯片,,3或4节锂离子电池保护和监控器IC,bms_supervisor,battery_charger,battery_charger,battery_charger,battery_charger,battery_charger,battery_charger,X3100: 4-cell Li-Ion battery protection and monitor IC (Intersil),,ext-datasheet,high,1,1,1,1
293147,X3101V28,INTERSIL,电池管理芯片,,3或4节锂离子电池保护和监控器IC,bms_supervisor,battery_charger,battery_charger,battery_charger,battery_charger,battery_charger,battery_charger,X3101: 3-cell Li-Ion battery protection and monitor IC (Intersil),,ext-datasheet,high,1,1,1,1
295411,MAX1908ETI,MAXIM,电池管理芯片,,低成本，多种电池充电器,bms_supervisor,battery_charger,battery_charger,battery_charger,battery_charger,battery_charger,battery_charger,"MAX1908: multichemistry notebook battery charger, up to 5A (Maxim)",,ext-datasheet,high,1,1,1,1
301620,EL1848IWTZ-T7,INTERSIL,LED驱动器,,白光LED升压型稳压器,driver_ic,led_driver,led_driver,led_driver,led_driver,driver_ic,led_driver,EL1848: white LED step-up regulator for LCD backlight (Intersil),,ext-datasheet,high,1,1,1,1
301622,EL7513IWTZ-T7,INTERSIL,LED驱动器,,白光LED升压型稳压器,driver_ic,led_driver,led_driver,led_driver,led_driver,driver_ic,led_driver,EL7513: white LED step-up regulator (Intersil),,known-series,high,1,1,1,1
301626,EL7513IWTZ-T7A,INTERSIL,LED驱动器,,白光LED升压型稳压器,driver_ic,led_driver,led_driver,led_driver,led_driver,driver_ic,led_driver,EL7513: white LED step-up regulator (Intersil),,known-series,high,1,1,1,1
303045,BQ2057WSNTR,TI,电池管理芯片,电源管理电路,高级线性充电管理IC，用于单级和双电池锂聚合物,bms_supervisor,battery_charger,battery_charger,battery_charger,battery_charger,battery_charger,battery_charger,BQ2057: advanced Li-Ion battery charger IC (TI),,known-series,high,1,1,1,1
307176,A3980KLP,ALLEGRO,电机驱动器,运动控制电子器件,汽车DMOS细分驱动器与翻译,driver_ic,motor_driver,motor_driver,motor_driver,motor_driver,driver_ic,motor_driver,A3980: microstepping DMOS bipolar stepper driver (Allegro),,known-series,high,1,1,1,1
311088,BQ24013DRC,TI,电池管理芯片,电源管理电路,单芯片，锂离子充电管理IC为手持式应用（ BQ TINY ）,bms_supervisor,battery_charger,battery_charger,battery_charger,battery_charger,bms_supervisor,battery_charger,TI BQ24013: Li-Ion Charge Management Controller (USB/Wall Adapter),ti.com/BQ24013,external_web,1.0,1,1,1,1
314186,ISL6253HRZ,INTERSIL,电池管理芯片,,高度集成的电池充电器，用于笔记本电脑,bms_supervisor,battery_charger,battery_charger,battery_charger,battery_charger,battery_charger,battery_charger,"ISL6253: highly integrated notebook battery charger, multi-cell (Intersil)",,ext-datasheet,high,1,1,1,1
314722,ISL6443IR-T,INTERSIL,电池管理芯片,,300kHz的双路， 180 °异相，降压型，PWM和单点线性控制器,bms_supervisor,battery_charger,dcdc_switching,dcdc_switching,dcdc_switching,dcdc,dcdc_switching,ISL6443: 300kHz dual step-down PWM + linear controller (Intersil),,ext-datasheet,high,0,1,1,1
314725,ISL6443IR-TK,INTERSIL,电池管理芯片,,300kHz的双路， 180 °异相，降压型，PWM和单点线性控制器,bms_supervisor,battery_charger,dcdc_switching,dcdc_switching,dcdc_switching,voltage_regulator,dcdc_switching,Intersil/Renesas ISL6443: 300kHz Dual 180° Out-of-Phase Step-Down PWM + Linear Controller,renesas.com/isl6443,external_web,1.0,0,1,1,1
314741,ISL6443IRZ-TK,INTERSIL,电池管理芯片,,300kHz的双路， 180 °异相，降压型，PWM和单点线性控制器,bms_supervisor,battery_charger,dcdc_switching,dcdc_switching,dcdc_switching,voltage_regulator,dcdc_switching,Renesas/Intersil: 300kHz Dual 180° Out-of-Phase Step-Down PWM + Linear Controller,renesas.com/isl6443-datasheet,external_web,1.0,0,1,1,1
314839,EL7513IWT-T7,INTERSIL,LED驱动器,,白光LED升压型稳压器,driver_ic,led_driver,led_driver,led_driver,led_driver,driver_ic,led_driver,EL7513: white LED step-up regulator (Intersil),,known-series,high,1,1,1,1
314840,EL7513IWT-T7A,INTERSIL,LED驱动器,,白光LED升压型稳压器,driver_ic,led_driver,led_driver,led_driver,led_driver,driver_ic,led_driver,Intersil EL7513: LCD Backlight LED Driver,renesas.com/EL7513,external_web,1.0,1,1,1,1
314866,EL7513IY-T13,INTERSIL,LED驱动器,,白光LED升压型稳压器,driver_ic,led_driver,led_driver,led_driver,led_driver,driver_ic,led_driver,EL7513: white LED step-up regulator (Intersil),,known-series,high,1,1,1,1
314871,EL7513IY-T7,INTERSIL,LED驱动器,,白光LED升压型稳压器,driver_ic,led_driver,led_driver,led_driver,led_driver,driver_ic,led_driver,EL7513: white LED step-up regulator (Intersil),,known-series,high,1,1,1,1
320898,MAX1873REEE,MAXIM,电池管理芯片,,简单的限流开关模式锂充电控制器,bms_supervisor,battery_charger,battery_charger,battery_charger,battery_charger,battery_charger,battery_charger,MAX1873: simple current-limited switch-mode Li+ charger controller (Maxim),,ext-datasheet,high,1,1,1,1
321031,BQ24103RHLR,TI,电池管理芯片,,同步开关模式，锂离子和锂聚合物充电管理IC，集成POWERFETS,bms_supervisor,battery_charger,battery_charger,battery_charger,battery_charger,battery_charger,battery_charger,BQ24103: 2A single-chip Li+ battery charger with power-path (TI),,known-series,high,1,1,1,1
321032,BQ24113RHLR,TI,电池管理芯片,电源管理电路,同步开关模式，锂离子和锂聚合物充电管理IC，集成POWERFETS,bms_supervisor,battery_charger,battery_charger,battery_charger,battery_charger,battery_charger,battery_charger,BQ24113: Li+ battery charger (TI),,known-series,high,1,1,1,1
321033,TPS75003RHLR,TI,电池管理芯片,电源管理电路,三供应电源管理IC用于为FPGA和DSP,bms_supervisor,battery_charger,dcdc_switching,ldo_regulator,dcdc_switching,voltage_regulator,dcdc_switching,"TI TPS75003: Triple-Supply PMIC for FPGA/DSP (2 buck controllers + 300mA LDO, main function is DC-DC)",ti.com/product/TPS75003-EP,external_web,1.0,0,1,0,1
321851,A3953SLB,ALLEGRO,电机驱动器,运动控制电子器件,全桥PWM电机驱动器,driver_ic,motor_driver,motor_driver,motor_driver,motor_driver,driver_ic,motor_driver,A3953: full-bridge PWM motor driver (Allegro),,known-series,high,1,1,1,1
321852,A3973SLB,ALLEGRO,电机驱动器,运动控制电子器件,双DMOS全桥PWM微电机驱动器,driver_ic,motor_driver,motor_driver,motor_driver,motor_driver,driver_ic,motor_driver,A3973: DMOS microstepping motor driver with translator (Allegro),,known-series,high,1,1,1,1
321861,A3983SLP,ALLEGRO,电机驱动器,,DMOS细分驱动器与翻译,driver_ic,motor_driver,motor_driver,motor_driver,motor_driver,driver_ic,motor_driver,A3983: DMOS microstepping motor driver with translator (Allegro),,known-series,high,1,1,1,1
328500,MCP73841T-410I/UN,MICROCHIP,电池管理芯片,电源管理电路,高级单节或两节锂离子/锂聚合物充电管理控制器,bms_supervisor,battery_charger,battery_charger,battery_charger,battery_charger,battery_charger,battery_charger,MCP73841: advanced single-cell Li-Ion/Polymer charge management controller (Microchip),,ext-datasheet,high,1,1,1,1
328502,MCP73841T-420I/UN,MICROCHIP,电池管理芯片,电源管理电路,高级单节或两节锂离子/锂聚合物充电管理控制器,bms_supervisor,battery_charger,battery_charger,battery_charger,battery_charger,bms_supervisor,battery_charger,Microchip MCP73841: Linear Li-Ion/Li-Polymer Charge Management Controller,microchip.com/mcp73841,external_web,1.0,1,1,1,1
331769,MAX745EAP,MAXIM,电池管理芯片,电源管理电路,开关模式锂离子电池充电器,bms_supervisor,battery_charger,battery_charger,battery_charger,battery_charger,battery_charger,battery_charger,MAX745: switch-mode 1-4 cell Li-Ion battery charger (Maxim),,ext-datasheet,high,1,1,1,1
333701,TPS2147IDGQRG4,TI,电池管理芯片,,LDO和双管可控的上升时间为DSP和便携式应用,bms_supervisor,battery_charger,ldo_regulator,out_of_scope,ldo_regulator,voltage_regulator,ldo_regulator,TI TPS2147: LDO + Dual Switch (same as TPS2145IPWP; SQL wrongly put in battery_charger),ti.com/lit/gpn/TPS2147,external_web,1.0,0,1,0,1
333990,TC647VOA,MICROCHIP,电机驱动器,,PWM风扇速度控制器，采用FanSenseTM技术,driver_ic,motor_driver,motor_driver,motor_driver,motor_driver,driver_ic,motor_driver,TC647: PWM fan speed controller (Microchip); fan = BLDC motor control,,known-series,high,1,1,1,1
333992,TC647VUA,MICROCHIP,电机驱动器,运动控制电子器件,PWM风扇速度控制器，采用FanSenseTM技术,driver_ic,motor_driver,motor_driver,motor_driver,motor_driver,driver_ic,motor_driver,TC647: PWM fan speed controller (Microchip),,known-series,high,1,1,1,1
335553,TC649VOA,MICROCHIP,电机驱动器,,PWM风扇速度控制器，自动关闭和FanSense⑩技术,driver_ic,motor_driver,motor_driver,motor_driver,motor_driver,driver_ic,motor_driver,TC649: PWM fan speed controller with FanSense (Microchip),,known-series,high,1,1,1,1
335555,TC649VUA,MICROCHIP,电机驱动器,运动控制电子器件,PWM风扇速度控制器，自动关闭和FanSense⑩技术,driver_ic,motor_driver,motor_driver,motor_driver,motor_driver,driver_ic,motor_driver,TC649: PWM fan speed controller with FanSense (Microchip); fan=BLDC motor control,,known-series,medium,1,1,1,1
341171,NJM3774FM2,NJRC,电机驱动器,运动控制电子器件,双步进电机驱动器,driver_ic,motor_driver,motor_driver,motor_driver,motor_driver,driver_ic,motor_driver,NJRC NJM3774: Dual Stepper Motor Driver,njr.com/NJM3774,external_web,1.0,1,1,1,1
342460,BQ2004HSN,TI,电池管理芯片,电源管理电路,快速充电芯片,bms_supervisor,battery_charger,battery_charger,battery_charger,battery_charger,battery_charger,battery_charger,BQ2004: fast-charge management IC (TI),,known-series,high,1,1,1,1
351899,A3964SLB,ALLEGRO,电机驱动器,运动控制电子器件,双路全桥式PWM电动机驱动器,driver_ic,motor_driver,motor_driver,motor_driver,motor_driver,driver_ic,motor_driver,A3964: dual full-bridge PWM motor driver (Allegro),,known-series,high,1,1,1,1
351902,A8904SLB,ALLEGRO,电机驱动器,运动控制电子器件,3相直流无刷电机控制器/驱动器，反电动势传感,driver_ic,motor_driver,motor_driver,motor_driver,motor_driver,driver_ic,motor_driver,A8904: dual DMOS full-bridge motor driver (Allegro),,known-series,high,1,1,1,1
351903,A8904SLB-T,ALLEGRO,电机驱动器,运动控制电子器件,3相直流无刷电机控制器/驱动器，反电动势传感,driver_ic,motor_driver,motor_driver,motor_driver,motor_driver,driver_ic,motor_driver,Allegro A8904: 3-Phase Brushless DC Motor Driver,allegromicro.com/A8904,external_web,1.0,1,1,1,1
360500,MAX6953EAX,MAXIM,LED驱动器,显示驱动器,2线接口， 2.7V至5.5V ， 4位5× 7矩阵LED显示驱动器,driver_ic,led_driver,led_driver,led_driver,led_driver,driver_ic,led_driver,MAX6953: 4-wire serial-interface 5x7 LED matrix display driver (Maxim),,known-series,high,1,1,1,1
360761,A3953SB,ALLEGRO,电机驱动器,运动控制电子器件,全桥PWM电机驱动器,driver_ic,motor_driver,motor_driver,motor_driver,motor_driver,driver_ic,motor_driver,Allegro A3953: Full-Bridge PWM Motor Driver,allegromicro.com/A3953,external_web,1.0,1,1,1,1
366409,MAX6959BAEE,MAXIM,LED驱动器,,2线接口， 3V至5.5V ， 4位，9段LED显示驱动器，带有键扫描,driver_ic,led_driver,led_driver,led_driver,led_driver,driver_ic,led_driver,MAX6959: 2-wire serial-interface LED display driver (Maxim),,known-series,high,1,1,1,1
366512,UDK2559EB,ALLEGRO,LED驱动器,外围驱动器,受保护QUAD功率驱动器,driver_ic,led_driver,out_of_scope,motor_driver,motor_driver,driver_ic,motor_driver,"Allegro UDK2559: Protected Quad Power Driver (700mA per channel, drives solenoid/relay/stepper/incandescent)",allegromicro.com/A2559-Datasheet,external_web,1.0,0,0,1,1
367230,UDQ2916EB,ALLEGRO,电机驱动器,运动控制电子器件,双路全桥式PWM电动机驱动器,driver_ic,motor_driver,motor_driver,motor_driver,motor_driver,driver_ic,motor_driver,UDQ2916: dual full-bridge PWM motor driver (Allegro),,known-series,high,1,1,1,1
367278,UDN2559B,ALLEGRO,LED驱动器,外围驱动器,受保护QUAD功率驱动器,driver_ic,led_driver,out_of_scope,motor_driver,motor_driver,driver_ic,motor_driver,Allegro UDN2559: Protected Quad Power Driver (same family as UDK2559EB),allegromicro.com/2559,external_web,1.0,0,0,1,1
372366,LT3465ES6,Linear,LED驱动器,开关式稳压器或控制器,的1.2MHz / 2.4MHz是白光LED升压型转换器，具有内置肖特基采用ThinSOT,driver_ic,led_driver,led_driver,led_driver,led_driver,driver_ic,led_driver,LT3465: 1.2MHz white LED step-up converter with built-in Schottky (Linear),,ext-datasheet,high,1,1,1,1
374856,ICM7225IPL,MAXIM,LED驱动器,显示驱动器,4位计数器/解码器/驱动器,driver_ic,led_driver,led_driver,led_driver,led_driver,driver_ic,led_driver,ICM7225: 4-digit LED display counter/driver (Maxim/Intersil),,known-series,high,1,1,1,1
376578,A3935KLQ,ALLEGRO,电机驱动器,MOSFET 驱动器,3相电源MOSFET控制器,driver_ic,motor_driver,motor_driver,motor_driver,gate_driver,driver_ic,gate_driver,Allegro A3935: 3-Phase Power MOSFET Controller for Automotive (drives external N-ch MOSFETs),allegromicro.com/A3935,external_web,1.0,0,0,0,1
383092,A3955SLB,ALLEGRO,电机驱动器,运动控制电子器件,全桥PWM微电机驱动器,driver_ic,motor_driver,motor_driver,motor_driver,motor_driver,driver_ic,motor_driver,Allegro A3955: Microstepping DMOS motor driver with translator (integrated power stage),allegromicro.com/a3955,external_web,1.0,1,1,1,1
383232,IR2175SPBF,INFINEON,电机驱动器,电源管理电路,线性电流传感器IC,driver_ic,motor_driver,out_of_scope,out_of_scope,out_of_scope,out_of_scope,out_of_scope,Infineon IR2175: Linear Current Sensing IC (not a driver),infineon.com/dgdl/Infineon-IR2175,external_web,1.0,0,1,1,1
390093,TPIC0108BDWP,TI,电机驱动器,,PWM智能控制H桥,driver_ic,motor_driver,motor_driver,motor_driver,motor_driver,driver_ic,motor_driver,TPIC0108: LIN-compatible smart power driver for DC motors (TI),,known-series,high,1,1,1,1
390109,TPIC2101D,TI,电机驱动器,运动控制电子器件,直流有刷电机控制器,driver_ic,motor_driver,motor_driver,motor_driver,motor_driver,driver_ic,motor_driver,TPIC2101: DC brush motor controller (TI),,ext-datasheet,high,1,1,1,1
390110,TPIC2101N,TI,电机驱动器,运动控制电子器件,直流有刷电机控制器,driver_ic,motor_driver,motor_driver,motor_driver,motor_driver,driver_ic,motor_driver,TPIC2101: DC brush motor controller (TI),,known-series,high,1,1,1,1
400312,TDE1747FP,STMICROELECTRONICS,电机驱动器,外围驱动器,接口电路 - 继电器和LAMP- DRIVER,driver_ic,motor_driver,out_of_scope,out_of_scope,motor_driver,driver_ic,motor_driver,"ST TDE1747: High-side interface driver for lamps/relays/stepping motors (1A, 8-45V)",st.com/TDE1747,external_web,1.0,1,0,0,1
401478,TLE4269GL,INFINEON,LED驱动器,线性稳压器IC,5 -V低压降固定电压稳压器,driver_ic,led_driver,ldo_regulator,ldo_regulator,ldo_regulator,voltage_regulator,ldo_regulator,Infineon TLE4269: 5V Low-Drop Voltage Regulator,infineon.com/TLE4269,external_web,1.0,0,1,1,1
404865,STP16CL596B1R,STMICROELECTRONICS,LED驱动器,显示驱动器,低电压16位恒流LED驱动器,driver_ic,led_driver,led_driver,led_driver,led_driver,driver_ic,led_driver,STP16CL596: 16-bit constant-current LED sink driver (ST),,known-series,high,1,1,1,1
404866,STP16CL596M,STMICROELECTRONICS,LED驱动器,显示驱动器,低电压16位恒流LED驱动器,driver_ic,led_driver,led_driver,led_driver,led_driver,driver_ic,led_driver,STP16CL596: 16-bit constant-current LED sink driver (ST),,known-series,high,1,1,1,1
404867,STP16CL596MTR,STMICROELECTRONICS,LED驱动器,显示驱动器,低电压16位恒流LED驱动器,driver_ic,led_driver,led_driver,led_driver,led_driver,driver_ic,led_driver,STP16CL596: 16-bit constant-current LED sink driver (ST),,known-series,high,1,1,1,1
405129,SI9986CY-T1-E3,VISHAY,电机驱动器,外围驱动器,缓冲H桥,driver_ic,motor_driver,motor_driver,motor_driver,motor_driver,driver_ic,motor_driver,SI9986: buffered H-bridge motor driver (Vishay),,ext-datasheet,high,1,1,1,1
406559,SI9986DY-T1-E3,VISHAY,电机驱动器,外围驱动器,缓冲H桥,driver_ic,motor_driver,motor_driver,motor_driver,motor_driver,driver_ic,motor_driver,SI9986: buffered H-bridge motor driver (Vishay),,ext-datasheet,high,1,1,1,1
407250,A6276ELW,ALLEGRO,LED驱动器,显示驱动器,16位串行输入，恒流锁存LED驱动器,driver_ic,led_driver,led_driver,led_driver,led_driver,driver_ic,led_driver,A6276: 16-bit serial-input constant-current latched LED driver (Allegro),,ext-datasheet,high,1,1,1,1
407296,TC646EOA,MICROCHIP,电机驱动器,运动控制电子器件,PWM风扇速度控制器，自动关闭和FanSense⑩技术,driver_ic,motor_driver,motor_driver,motor_driver,motor_driver,driver_ic,motor_driver,TC646: PWM fan speed controller (Microchip),,known-series,medium,1,1,1,1
407481,MAX1916EZT,MAXIM,LED驱动器,其他模拟IC,低压差，恒流，三路白光LED偏置电源,driver_ic,led_driver,led_driver,led_driver,led_driver,driver_ic,led_driver,MAX1916: low-dropout constant-current triple white LED bias supply (Maxim),,ext-datasheet,high,1,1,1,1
408683,TLE4276GV50,INFINEON,LED驱动器,线性稳压器IC,低压差稳压器,driver_ic,led_driver,ldo_regulator,ldo_regulator,ldo_regulator,voltage_regulator,ldo_regulator,Infineon: Low-Drop Voltage Regulator 400mA (RS: LDO Voltage Regulator),infineon.com/tle4276g-v50,external_web,1.0,0,1,1,1
408688,TLE4276GV85,INFINEON,LED驱动器,线性稳压器IC,低压差稳压器,driver_ic,led_driver,ldo_regulator,ldo_regulator,ldo_regulator,voltage_regulator,ldo_regulator,Infineon TLE4276GV85: LDO Voltage Regulator 8.5V (SQL wrongly put in led_driver),infineon.com/TLE4276,external_web,1.0,0,1,1,1
413224,UDN2916LB-T,ALLEGRO,电机驱动器,运动控制电子器件,双路全桥式PWM电动机驱动器,driver_ic,motor_driver,motor_driver,motor_driver,motor_driver,driver_ic,motor_driver,Allegro UDN2916: Dual H-Bridge Motor Driver,allegromicro.com/UDN2916,external_web,1.0,1,1,1,1
417146,A2918SWV,ALLEGRO,电机驱动器,运动控制电子器件,双路全桥式PWM电动机驱动器,driver_ic,motor_driver,motor_driver,motor_driver,motor_driver,driver_ic,motor_driver,A2918: dual full-bridge PWM motor driver (Allegro),,known-series,high,1,1,1,1
417956,TLE4276SV50,INFINEON,LED驱动器,线性稳压器IC,低压差稳压器,driver_ic,led_driver,ldo_regulator,ldo_regulator,ldo_regulator,ldo_regulator,ldo_regulator,"TLE4276: 400mA low-drop voltage regulator, 5V/8.5V/10V/adj, automotive (Infineon); LDO not LED driver",,ext-datasheet,high,0,1,1,1
419530,A3966SLB,ALLEGRO,电机驱动器,,双路全桥式PWM电动机驱动器,driver_ic,motor_driver,motor_driver,motor_driver,motor_driver,driver_ic,motor_driver,Allegro A3966: Dual Full-Bridge PWM Motor Driver,allegromicro.com/A3966,external_web,1.0,1,1,1,1
422333,TLE4276V50,INFINEON,LED驱动器,线性稳压器IC,低压差稳压器,driver_ic,led_driver,ldo_regulator,ldo_regulator,ldo_regulator,voltage_regulator,ldo_regulator,Infineon TLE4276V50: LDO linear voltage regulator 5V,infineon.com/TLE4276,external_web,1.0,0,1,1,1
422974,TC646VOA,MICROCHIP,电机驱动器,运动控制电子器件,PWM风扇速度控制器，自动关闭和FanSense⑩技术,driver_ic,motor_driver,motor_driver,motor_driver,motor_driver,driver_ic,motor_driver,TC646: PWM fan speed controller (Microchip),,known-series,medium,1,1,1,1
423188,TC646VUA,MICROCHIP,电机驱动器,运动控制电子器件,PWM风扇速度控制器，自动关闭和FanSense⑩技术,driver_ic,motor_driver,motor_driver,motor_driver,motor_driver,driver_ic,motor_driver,TC646: PWM fan speed controller (Microchip),,known-series,medium,1,1,1,1
424380,NCP5007SNT1,ONSEMI,LED驱动器,显示驱动器,紧凑型背光LED升压驱动器,driver_ic,led_driver,led_driver,led_driver,led_driver,driver_ic,led_driver,NCP5007: compact backlight LED boost driver (ON Semi),,ext-datasheet,high,1,1,1,1
424387,NCP5007SNT1G,ONSEMI,LED驱动器,显示驱动器,紧凑型背光LED升压驱动器,driver_ic,led_driver,led_driver,led_driver,led_driver,driver_ic,led_driver,NCP5007: compact backlight LED boost driver (ON Semi),,ext-datasheet,high,1,1,1,1
434147,TLE4276GV,INFINEON,LED驱动器,线性稳压器IC,低压差稳压器,driver_ic,led_driver,ldo_regulator,ldo_regulator,ldo_regulator,voltage_regulator,ldo_regulator,Infineon TLE4276GV: LDO linear voltage regulator (same family as TLE4276GV50),infineon.com/TLE4276,external_web,1.0,0,1,1,1
435090,A3977KED,ALLEGRO,电机驱动器,运动控制电子器件,微DMOS驱动器与翻译,driver_ic,motor_driver,motor_driver,motor_driver,motor_driver,driver_ic,motor_driver,Allegro A3977: 2.5A DMOS microstepping motor driver (integrated power stage),allegromicro.com/a3977,external_web,1.0,1,1,1,1
435091,A3977KLP,ALLEGRO,电机驱动器,运动控制电子器件,微DMOS驱动器与翻译,driver_ic,motor_driver,motor_driver,motor_driver,motor_driver,driver_ic,motor_driver,A3977: microstepping DMOS motor driver with translator (Allegro),,known-series,high,1,1,1,1
438224,MAX6957ANI,MAXIM,LED驱动器,,4线接口， 2.5V至5.5V ， 20端口和28端口LED显示驱动器和I / O扩展器,driver_ic,led_driver,led_driver,led_driver,led_driver,driver_ic,led_driver,MAX6957: SPI-interface 28-port I/O LED display driver (Maxim),,known-series,high,1,1,1,1
439475,FAN5611S7X,FAIRCHILD,LED驱动器,显示驱动器,低压差LED驱动器为白色，蓝色或彩色LED,driver_ic,led_driver,led_driver,led_driver,led_driver,driver_ic,led_driver,"FAN5611: low-dropout LED driver, 4 parallel LEDs (Fairchild/ON)",,known-series,high,1,1,1,1
439476,FAN5612S7X,FAIRCHILD,LED驱动器,显示驱动器,低压差LED驱动器为白色，蓝色或彩色LED,driver_ic,led_driver,led_driver,led_driver,led_driver,driver_ic,led_driver,"FAN5612: low-dropout LED driver, 3 parallel LEDs (Fairchild/ON)",,known-series,high,1,1,1,1
439477,FAN5614S7X,FAIRCHILD,LED驱动器,显示驱动器,低压差LED驱动器为白色，蓝色或彩色LED,driver_ic,led_driver,led_driver,led_driver,led_driver,driver_ic,led_driver,FAN5614: 2-ch low-dropout LED driver (Fairchild),,ext-datasheet,high,1,1,1,1
441836,CAT37EKK-TE7,CATALYST,LED驱动器,显示驱动器,CMOS白色LED驱动器升压转换器,driver_ic,led_driver,led_driver,led_driver,led_driver,driver_ic,led_driver,CAT37: DC/DC step-up LED driver for 4 white LEDs in series (Catalyst/ON Semi),,ext-datasheet,high,1,1,1,1
441856,TC647EOA,MICROCHIP,电机驱动器,运动控制电子器件,PWM风扇速度控制器，采用FanSenseTM技术,driver_ic,motor_driver,motor_driver,motor_driver,motor_driver,driver_ic,motor_driver,TC647: PWM fan speed controller (Microchip),,known-series,high,1,1,1,1
441953,TC647EUA,MICROCHIP,电机驱动器,运动控制电子器件,PWM风扇速度控制器，采用FanSenseTM技术,driver_ic,motor_driver,motor_driver,motor_driver,motor_driver,out_of_scope,out_of_scope,"Microchip TC647: PWM Fan Speed Controller (fan controller, not motor driver)",microchip.com/TC647,external_web,1.0,0,0,0,0
442358,NJM3717FM2,NJRC,电机驱动器,运动控制电子器件,步进电机驱动器,driver_ic,motor_driver,motor_driver,motor_driver,motor_driver,driver_ic,motor_driver,"NJM3717: stepper motor driver, 1.2A H-bridge (New Japan Radio)",,ext-datasheet,high,1,1,1,1
447702,L9997ND013TR,STMICROELECTRONICS,电机驱动器,外围驱动器,双半桥驱动器,driver_ic,motor_driver,motor_driver,motor_driver,gate_driver,driver_ic,motor_driver,ST L9997ND: Dual Half Bridge Driver (automotive DC motor driver with integrated power stage),st.com/automotive-analog-and-power/l9997nd,external_web,1.0,1,1,1,0
450466,A3977SED,ALLEGRO,电机驱动器,,微DMOS驱动器与翻译,driver_ic,motor_driver,motor_driver,motor_driver,motor_driver,driver_ic,motor_driver,A3977: microstepping DMOS motor driver (Allegro),,known-series,high,1,1,1,1
450467,A3977SED-T,ALLEGRO,电机驱动器,运动控制电子器件,微DMOS驱动器与翻译,driver_ic,motor_driver,motor_driver,motor_driver,motor_driver,driver_ic,motor_driver,A3977: microstepping DMOS motor driver (Allegro),,known-series,high,1,1,1,1
450600,A3967SLB,ALLEGRO,电机驱动器,运动控制电子器件,微步进驱动器与转换器,driver_ic,motor_driver,motor_driver,motor_driver,motor_driver,driver_ic,motor_driver,A3967: microstepping bipolar stepper motor driver (Allegro),,known-series,high,1,1,1,1
450603,A3967SLB-T,ALLEGRO,电机驱动器,运动控制电子器件,微步进驱动器与转换器,driver_ic,motor_driver,motor_driver,motor_driver,motor_driver,driver_ic,motor_driver,A3967: microstepping stepper motor driver (Allegro),,known-series,high,1,1,1,1
465225,ICM7228AIBI,INTERSIL,LED驱动器,,8位，微处理器兼容， LED显示译码器驱动器,driver_ic,led_driver,led_driver,led_driver,led_driver,driver_ic,led_driver,ICM7228A: 8-digit LED display decoder/driver (Intersil),,known-series,high,1,1,1,1
466367,ICM7228BIBI,INTERSIL,LED驱动器,,8位，微处理器兼容， LED显示译码器驱动器,driver_ic,led_driver,led_driver,led_driver,led_driver,driver_ic,led_driver,ICM7228: 8-digit LED display decoder/driver (Intersil),,known-series,high,1,1,1,1
466375,ICM7228BIPI,INTERSIL,LED驱动器,,8位，微处理器兼容， LED显示译码器驱动器,driver_ic,led_driver,led_driver,led_driver,led_driver,driver_ic,led_driver,ICM7228: 8-digit LED display decoder/driver (Intersil),,known-series,high,1,1,1,1
466376,ICM7218BIPI,MAXIM,LED驱动器,显示驱动器,8位LED显示驱动器,driver_ic,led_driver,led_driver,led_driver,led_driver,driver_ic,led_driver,ICM7218B: 8-digit LED display decoder/driver (Maxim),,known-series,high,1,1,1,1
466378,ICM7218BIQI,MAXIM,LED驱动器,显示驱动器,8位LED显示驱动器,driver_ic,led_driver,led_driver,led_driver,led_driver,driver_ic,led_driver,ICM7218B: 8-digit LED display decoder/driver (Maxim),,known-series,high,1,1,1,1
467444,ICM7218CIJI,MAXIM,LED驱动器,显示驱动器,8位LED显示驱动器,driver_ic,led_driver,led_driver,led_driver,led_driver,driver_ic,led_driver,ICM7218C: 8-digit LED display decoder/driver (Maxim),,known-series,high,1,1,1,1
467458,ICM7228CIPI,INTERSIL,LED驱动器,,8位，微处理器兼容， LED显示译码器驱动器,driver_ic,led_driver,led_driver,led_driver,led_driver,driver_ic,led_driver,Intersil ICM7228: 8-Digit LED Display Decoder/Driver,renesas.com/ICM7228,external_web,1.0,1,1,1,1
468709,FAN5608DHMPX,FAIRCHILD,LED驱动器,显示驱动器,串行/并行LED驱动电流稳压，升压型DC / DC转换器,driver_ic,led_driver,led_driver,led_driver,led_driver,driver_ic,led_driver,Fairchild/ON Semi FAN5608: white LED charge pump driver for backlight,onsemi.com/FAN5608,external_web,1.0,1,1,1,1
468798,FAN5608DMPX,FAIRCHILD,LED驱动器,显示驱动器,串行/并行LED驱动电流稳压，升压型DC / DC转换器,driver_ic,led_driver,led_driver,led_driver,led_driver,driver_ic,led_driver,FAN5608: LED backlight charge-pump driver (Fairchild),,known-series,high,1,1,1,1
469669,MAX1848EKA,MAXIM,LED驱动器,开关式稳压器或控制器,白光LED升压型转换器， SOT23封装,driver_ic,led_driver,led_driver,led_driver,led_driver,driver_ic,led_driver,MAX1848: white LED step-up converter in SOT23 (Maxim),,ext-datasheet,high,1,1,1,1
469877,MAX1698EUB,MAXIM,LED驱动器,显示驱动器,高效率，升压型电流调节器用于LED,driver_ic,led_driver,led_driver,led_driver,led_driver,driver_ic,led_driver,MAX1698: high-efficiency step-up current regulator for LEDs (Maxim),,ext-datasheet,high,1,1,1,1
471641,FAN5608HMPX,FAIRCHILD,LED驱动器,显示驱动器,串行/并行LED驱动电流稳压，升压型DC / DC转换器,driver_ic,led_driver,led_driver,led_driver,led_driver,driver_ic,led_driver,FAN5608: LED backlight charge-pump driver (Fairchild),,known-series,high,1,1,1,1
472533,EL1848IWT-T7,INTERSIL,LED驱动器,,白光LED升压型稳压器,driver_ic,led_driver,led_driver,led_driver,led_driver,driver_ic,led_driver,EL1848: white LED step-up regulator for LCD backlight (Intersil),,known-series,high,1,1,1,1
472534,EL1848IWT-T7A,INTERSIL,LED驱动器,,白光LED升压型稳压器,driver_ic,led_driver,led_driver,led_driver,led_driver,driver_ic,led_driver,EL1848: white LED step-up regulator (Intersil),,known-series,high,1,1,1,1
477649,A3958SLB,ALLEGRO,电机驱动器,运动控制电子器件,DMOS全桥PWM电机驱动器,driver_ic,motor_driver,motor_driver,motor_driver,motor_driver,driver_ic,motor_driver,A3958: full-bridge PWM motor driver (Allegro),,known-series,high,1,1,1,1
477650,A3968SLB,ALLEGRO,电机驱动器,运动控制电子器件,双路全桥式PWM电动机驱动器与制动器,driver_ic,motor_driver,motor_driver,motor_driver,motor_driver,driver_ic,motor_driver,A3968: dual full-bridge PWM motor driver (Allegro),,known-series,high,1,1,1,1
477653,A3938SLD-T,ALLEGRO,电机驱动器,运动控制电子器件,三相功率MOSFET控制器,driver_ic,motor_driver,motor_driver,motor_driver,motor_driver,driver_ic,motor_driver,A3938: 3-phase power MOSFET controller (Allegro),,known-series,high,1,1,1,1
478889,TC648VOA,MICROCHIP,电机驱动器,运动控制电子器件,风扇速度控制器，自动关闭和过温报警,driver_ic,motor_driver,motor_driver,motor_driver,motor_driver,driver_ic,motor_driver,TC648: PWM fan speed controller w/ temperature sensor (Microchip),,known-series,high,1,1,1,1
482133,L293DD,STMICROELECTRONICS,电机驱动器,外围驱动器,PUSH - PULL四通道与二极管驱动器,driver_ic,motor_driver,motor_driver,motor_driver,motor_driver,driver_ic,motor_driver,L293D: quad push-pull driver / dual full-bridge motor driver (ST),,known-series,high,1,1,1,1
482254,L293NE,TI,电机驱动器,外围驱动器,翻两番HALF -H DRIVERS,driver_ic,motor_driver,motor_driver,motor_driver,motor_driver,driver_ic,motor_driver,TI L293NE: Classic Quadruple Half-H Motor Driver,ti.com/L293,external_web,1.0,1,1,1,1
489532,TC649EOA,MICROCHIP,电机驱动器,运动控制电子器件,PWM风扇速度控制器，自动关闭和FanSense⑩技术,driver_ic,motor_driver,motor_driver,motor_driver,motor_driver,out_of_scope,out_of_scope,"Microchip TC649: PWM Fan Speed Controller with Auto-Shutdown (fan, not motor)",microchip.com/TC649,external_web,1.0,0,0,0,0
489654,TC649EUA,MICROCHIP,电机驱动器,运动控制电子器件,PWM风扇速度控制器，自动关闭和FanSense⑩技术,driver_ic,motor_driver,motor_driver,motor_driver,motor_driver,driver_ic,motor_driver,TC649: PWM fan speed controller (Microchip),,known-series,high,1,1,1,1
493617,A3950SLPTR-T,ALLEGRO,电机驱动器,,DMOS全桥式电动机驱动器,driver_ic,motor_driver,motor_driver,motor_driver,motor_driver,driver_ic,motor_driver,A3950: DMOS full-bridge motor driver (Allegro),,known-series,high,1,1,1,1
495115,A3959SB-T,ALLEGRO,电机驱动器,运动控制电子器件,DMOS全桥PWM电机驱动器,driver_ic,motor_driver,motor_driver,motor_driver,motor_driver,driver_ic,motor_driver,A3959: DMOS full-bridge PWM motor driver (Allegro),,known-series,high,1,1,1,1
500837,A3949SLB,ALLEGRO,电机驱动器,运动控制电子器件,DMOS全桥式电动机驱动器,driver_ic,motor_driver,motor_driver,motor_driver,motor_driver,driver_ic,motor_driver,A3949: DMOS full-bridge PWM motor driver (Allegro),,known-series,high,1,1,1,1
500838,A3949SLB-T,ALLEGRO,电机驱动器,运动控制电子器件,DMOS全桥式电动机驱动器,driver_ic,motor_driver,motor_driver,motor_driver,motor_driver,driver_ic,motor_driver,Allegro A3949: DMOS full-bridge motor driver (integrated power stage),allegromicro.com/a3949,external_web,1.0,1,1,1,1
500839,A3949SLP,ALLEGRO,电机驱动器,运动控制电子器件,DMOS全桥式电动机驱动器,driver_ic,motor_driver,motor_driver,motor_driver,motor_driver,driver_ic,motor_driver,A3949: DMOS full-bridge PWM motor driver (Allegro),,known-series,high,1,1,1,1
500840,A3949SLP-T,ALLEGRO,电机驱动器,运动控制电子器件,DMOS全桥式电动机驱动器,driver_ic,motor_driver,motor_driver,motor_driver,motor_driver,driver_ic,motor_driver,A3949: DMOS full-bridge PWM motor driver (Allegro),,known-series,high,1,1,1,1
500842,A3950SLP-T,ALLEGRO,电机驱动器,运动控制电子器件,DMOS全桥式电动机驱动器,driver_ic,motor_driver,motor_driver,motor_driver,motor_driver,driver_ic,motor_driver,A3950: DMOS full-bridge motor driver (Allegro),,known-series,high,1,1,1,1
503228,PBL3717A,STMICROELECTRONICS,电机驱动器,运动控制电子器件,步进电机驱动器,driver_ic,motor_driver,motor_driver,motor_driver,motor_driver,driver_ic,motor_driver,PBL3717: stepper motor driver (ST/Ericsson),,known-series,high,1,1,1,1
503896,A8902CLBA,ALLEGRO,电机驱动器,,3相直流无刷电机控制器/驱动器，反电动势传感,driver_ic,motor_driver,motor_driver,motor_driver,motor_driver,driver_ic,motor_driver,A8902: 3-phase BLDC spindle motor driver (Allegro),,known-series,high,1,1,1,1
503898,A8904SLP,ALLEGRO,电机驱动器,运动控制电子器件,3相直流无刷电机控制器/驱动器，反电动势传感,driver_ic,motor_driver,motor_driver,motor_driver,motor_driver,driver_ic,motor_driver,A8904: dual DMOS full-bridge motor driver (Allegro),,known-series,high,1,1,1,1
503899,A8904SLP-T,ALLEGRO,电机驱动器,运动控制电子器件,3相直流无刷电机控制器/驱动器，反电动势传感,driver_ic,motor_driver,motor_driver,motor_driver,motor_driver,driver_ic,motor_driver,A8904: dual DMOS full-bridge motor driver (Allegro),,known-series,high,1,1,1,1
537220,L293DNEE4,TI,电机驱动器,外围驱动器,翻两番半H驱动器,driver_ic,motor_driver,motor_driver,motor_driver,motor_driver,driver_ic,motor_driver,TI L293D: Classic Quadruple Half-H Motor Driver (integrated power stage),ti.com/l293d,external_web,1.0,1,1,1,1
538072,NCV33035DWR2,ONSEMI,电机驱动器,,直流无刷电机控制器,driver_ic,motor_driver,motor_driver,motor_driver,motor_driver,driver_ic,motor_driver,"NCV33035: brushless DC motor controller, 3-phase (ON Semi)",,ext-datasheet,high,1,1,1,1
539727,FAN8413MX,FAIRCHILD,电机驱动器,运动控制电子器件,2相半波无刷直流电动机预驱动器,driver_ic,motor_driver,motor_driver,motor_driver,motor_driver,driver_ic,motor_driver,FAN8413: DC motor driver (Fairchild),,known-series,high,1,1,1,1
551829,ML4425CP,FAIRCHILD,电机驱动器,运动控制电子器件,无传感器BLDC电机控制器,driver_ic,motor_driver,motor_driver,motor_driver,motor_driver,driver_ic,motor_driver,ML4425: sensorless BLDC motor controller (Micro Linear/Fairchild),,ext-datasheet,high,1,1,1,1
551831,ML4425CS,FAIRCHILD,电机驱动器,运动控制电子器件,无传感器BLDC电机控制器,driver_ic,motor_driver,motor_driver,motor_driver,motor_driver,driver_ic,motor_driver,ML4425: sensorless BLDC motor controller (Micro Linear/Fairchild),,ext-datasheet,high,1,1,1,1
556232,MC33030DW,ONSEMI,电机驱动器,,直流伺服电机控制器/驱动器,driver_ic,motor_driver,motor_driver,motor_driver,motor_driver,driver_ic,motor_driver,MC33030: DC servo motor controller/driver with 1A H-bridge (ON Semi),,ext-datasheet,high,1,1,1,1
556234,MC33030P,ONSEMI,电机驱动器,运动控制电子器件,直流伺服电机控制器/驱动器,driver_ic,motor_driver,motor_driver,motor_driver,motor_driver,driver_ic,motor_driver,MC33030: DC servo motor controller/driver (ON Semi),,ext-datasheet,high,1,1,1,1
567644,MAX1749EUK-T,MAXIM,电机驱动器,,SOT23振动电机驱动器,driver_ic,motor_driver,motor_driver,motor_driver,motor_driver,driver_ic,motor_driver,Maxim MAX1749: SOT23 Vibrator Motor Driver (haptic/vibration),analog.com/max1749,external_web,1.0,1,1,1,1
567685,TC654EUN,MICROCHIP,电机驱动器,运动控制电子器件,双SMBus⑩ PWM风扇速度控制器，带有风扇故障检测,driver_ic,motor_driver,motor_driver,motor_driver,motor_driver,driver_ic,motor_driver,TC654: PWM fan speed controller with temp sensor (Microchip),,known-series,high,1,1,1,1
567686,TC655EUN,MICROCHIP,电机驱动器,运动控制电子器件,双SMBus⑩ PWM风扇速度控制器，带有风扇故障检测,driver_ic,motor_driver,motor_driver,motor_driver,motor_driver,out_of_scope,out_of_scope,"Microchip TC655: Dual SMBus PWM Fan Speed Controller (fan control, out of taxonomy)",microchip.com/TC655,external_web,1.0,0,0,0,0
567687,TC665EUN,MICROCHIP,电机驱动器,运动控制电子器件,SMBus⑩ PWM风扇速度控制器，带有风扇故障检测,driver_ic,motor_driver,motor_driver,motor_driver,motor_driver,driver_ic,motor_driver,TC665: PWM fan speed controller (Microchip),,known-series,high,1,1,1,1
567688,TC664EUN,MICROCHIP,电机驱动器,运动控制电子器件,SMBus⑩ PWM风扇速度控制器，带有风扇故障检测,driver_ic,motor_driver,motor_driver,motor_driver,motor_driver,driver_ic,motor_driver,TC664: PWM fan speed controller (Microchip),,known-series,high,1,1,1,1
568436,LMD18200T,NSC,电机驱动器,外围驱动器,3A ， 55V H桥,driver_ic,motor_driver,motor_driver,motor_driver,motor_driver,driver_ic,motor_driver,NSC/TI LMD18200: 3A H-bridge motor driver (integrated power stage),ti.com/lmd18200,external_web,1.0,1,1,1,1
568440,LMD18245T,NSC,电机驱动器,运动控制电子器件,3A ， 55V DMOS全桥式电动机驱动器,driver_ic,motor_driver,motor_driver,motor_driver,motor_driver,driver_ic,motor_driver,LMD18245: 3A/55V DMOS full-bridge motor driver (NSC/TI),,ext-datasheet,high,1,1,1,1
574892,L9904,STMICROELECTRONICS,电机驱动器,运动控制电子器件,汽车桥控制器,driver_ic,motor_driver,motor_driver,motor_driver,motor_driver,driver_ic,motor_driver,L9904: dual half-bridge DMOS driver for automotive (ST),,known-series,high,1,1,1,1
576592,L6506,STMICROELECTRONICS,电机驱动器,运动控制电子器件,CURRENTCONTROLLER步进马达,driver_ic,motor_driver,motor_driver,motor_driver,motor_driver,driver_ic,motor_driver,L6506: current controller for stepper motors (ST),,known-series,high,1,1,1,1
576593,L6506D,STMICROELECTRONICS,电机驱动器,运动控制电子器件,CURRENTCONTROLLER步进马达,driver_ic,motor_driver,motor_driver,motor_driver,motor_driver,driver_ic,motor_driver,L6506: current controller for stepper motors (ST),,known-series,high,1,1,1,1
576672,L6201,STMICROELECTRONICS,电机驱动器,外围驱动器,DMOS全桥驱动器,driver_ic,motor_driver,motor_driver,motor_driver,motor_driver,driver_ic,motor_driver,L6201: DMOS full-bridge motor driver (ST),,known-series,high,1,1,1,1
576673,L6201PS,STMICROELECTRONICS,电机驱动器,,DMOS全桥驱动器,driver_ic,motor_driver,motor_driver,motor_driver,motor_driver,driver_ic,motor_driver,L6201: DMOS full-bridge motor driver (ST),,known-series,high,1,1,1,1
576674,L6202,STMICROELECTRONICS,电机驱动器,外围驱动器,DMOS全桥驱动器,driver_ic,motor_driver,motor_driver,motor_driver,motor_driver,driver_ic,motor_driver,ST L6202: DMOS full-bridge motor driver (integrated power stage),st.com/l6202,external_web,1.0,1,1,1,1
576676,L6203,STMICROELECTRONICS,电机驱动器,外围驱动器,DMOS全桥驱动器,driver_ic,motor_driver,motor_driver,motor_driver,motor_driver,driver_ic,motor_driver,ST L6203: DMOS Full-Bridge Motor Driver (integrated power stage),st.com/L6203,external_web,1.0,1,1,1,1
576678,L6204D,STMICROELECTRONICS,电机驱动器,,DMOS双路全桥驱动,driver_ic,motor_driver,motor_driver,motor_driver,motor_driver,driver_ic,motor_driver,L6204: dual H-bridge stepper/DC motor driver (ST),,known-series,high,1,1,1,1
576680,L6205D,STMICROELECTRONICS,电机驱动器,运动控制电子器件,DMOS双路全桥驱动,driver_ic,motor_driver,motor_driver,motor_driver,motor_driver,driver_ic,motor_driver,ST L6205: DMOS dual full-bridge motor driver (integrated power stage),st.com/l6205,external_web,1.0,1,1,1,1
