cn,pratype_top,sqlname_example,covered_ids,total_elements,value_sample,std_attr_cn,std_attr_code,unit_std,db_type,precision,value_domain,l2_scope,is_l2_common,description_prompt,note
RoHS标准,符合标准,NULL,1775870,1775870,,,,,,,,,,,
产品生命周期,其他,NULL,1584762,1584762,0.01 µs,,,,,,,,,,
含铅标准,符合标准,NULL,1532533,1532533,,,,,,,,,,,
安装方式,封装参数,anZhuangFangShi,1365038,1365038,Adhesive,,,,,,,,,,
包装方式,其他,NULL,1363670,1363670,Ammo Pack,,,,,,,,,,
封装,其他,fengZhuang,1312315,1312315,(16+2Tab),,,,,,,,,,
工作温度,其他,NULL,1138826,1138826,-,,,,,,,,,,
工作温度(Max),技术参数,gongZuoWenDuMax,882505,882505,-10 ℃,,,,,,,,,,
工作温度(Min),技术参数,gongZuoWenDuMin,868091,868091,-1 ℃,,,,,,,,,,
高度,其他,NULL,774207,774207,-,,,,,,,,,,
引脚数,其他,yinJiaoShu,726216,726216,0000,,,,,,,,,,
长度,其他,NULL,721732,721732,-,,,,,,,,,,
宽度,其他,NULL,631942,631942,-,,,,,,,,,,
制造应用,其他,NULL,421484,421484,"&lt;20kHz), Other low speed hard switching applications (f, ",,,,,,,,,,
容差,其他,rongCha,361264,361264,+10 %,,,,,,,,,,
额定电压(DC),技术参数,EDingDianYaDC,337920,337920,-10.0 V,,,,,,,,,,
额定电压,其他,EDingDianYa,316479,316479,-,,,,,,,,,,
额定功率,其他,EDingGongLv,308493,308493,.96 W,,,,,,,,,,
ECCN代码,海关信息,NULL,281760,281760,3A001,,,,,,,,,,
针脚数,其他,zhenJiaoShu,236032,236032,-,,,,,,,,,,
电阻,其他,dianZu,222518,222518,0 Ω,,,,,,,,,,
封装(公制),封装参数,fengZhuangGongZhi,221242,221242,0402,,,,,,,,,,
REACH SVHC版本,符合标准,NULL,220170,220170,2010/06/18,,,,,,,,,,
触点材质,物理参数,NULL,215184,215184,Aluminum,,,,,,,,,,
额定电流,其他,EDingDianLiu,206964,206964,-,,,,,,,,,,
电源电压,其他,dianYuanDianYa,202972,202972,+4.75V ~ +13V,,,,,,,,,,
REACH SVHC标准,符合标准,NULL,202599,202599,Contains SVHC,,,,,,,,,,
温度系数,其他,NULL,201514,201514,-,,,,,,,,,,
电容,其他,dianRong,196587,196587,.01 F,,,,,,,,,,
极性,其他,jiXing,192176,192176,Dual N,,,,,,,,,,
输出接口数,技术参数,shuChuJieKouShu,186850,186850,1,,,,,,,,,,
触点数,其他,chuDianShu,185171,185171,00,,,,,,,,,,
阻值偏差,技术参数,zuZhiPianCha,183941,183941,-10% ~ 0%,,,,,,,,,,
耗散功率,其他,haoSanGongLv,181032,181032,&lt;0.5mW,,,,,,,,,,
产品系列,技术参数,chanPinXiLie,167371,167371,013-RLC,,,,,,,,,,
最小包装,其他,NULL,164268,164268,1,,,,,,,,,,
颜色,其他,NULL,141221,141221,-,,,,,,,,,,
电路数,其他,dianLuShu,140201,140201,1,,,,,,,,,,
排数,其他,paiShu,135238,135238,-,,,,,,,,,,
耗散功率(Max),技术参数,haoSanGongLvMax,135104,135104,0.00001 mW,,,,,,,,,,
电源电压(DC),技术参数,dianYuanDianYaDC,135048,135048,-1.00 V,,,,,,,,,,
触点电镀,其他,chuDianDianDu,134461,134461,Brass,,,,,,,,,,
输出电流,其他,shuChuDianLiu,130727,130727,-,,,,,,,,,,
额定电流(Max),技术参数,EDingDianLiuMax,130679,130679,.02 A,,,,,,,,,,
额定功率(Max),技术参数,EDingGongLvMax,128114,128114,0.006 W,,,,,,,,,,
输出电流(Max),技术参数,shuChuDianLiuMax,126178,126178,.075 A,,,,,,,,,,
输入电压(Max),技术参数,shuRuDianYaMax,123834,123834,0 V,,,,,,,,,,
输入电压(Min),技术参数,shuRuDianYaMin,116687,116687,0 V,,,,,,,,,,
电源电压(Max),技术参数,dianYuanDianYaMax,114660,114660,0 V,,,,,,,,,,
电源电压(Min),技术参数,dianYuanDianYaMin,110447,110447,0 V,,,,,,,,,,
输出电压,其他,shuChuDianYa,105422,105422,-0.3V ~ +6.3V,,,,,,,,,,
材质,物理参数,NULL,102636,102636,-B/-25℃~+85℃,,,,,,,,,,
输入电压,其他,shuRuDianYa,100389,100389,--0.5V ~ V CC+0.5V,,,,,,,,,,
通道数,其他,tongDaoShu,99629,99629,-,,,,,,,,,,
外壳颜色,其他,NULL,96367,96367,-,,,,,,,,,,
供电电流,技术参数,gongDianDianLiu,95267,95267,-1.60 mA,,,,,,,,,,
隔离电压,其他,geLiDianYa,93497,93497,1 KV,,,,,,,,,,
正向电压,其他,zhengXiangDianYa,89602,89602,-1.10 V,,,,,,,,,,
位数,其他,weiShu,79372,79372,1,,,,,,,,,,
引脚间距,其他,yinJiaoJianJu,78977,78977,0.050 in,,,,,,,,,,
直径,其他,NULL,76872,76872,-,,,,,,,,,,
频率,其他,pinLv,76807,76807,-,,,,,,,,,,
HTS代码,海关信息,NULL,76388,76388,0000000000,,,,,,,,,,
寿命（小时）,其他,NULL,60046,60046,100 h,,,,,,,,,,
测试电流,其他,ceShiDianLiu,58508,58508,0.002 mA,,,,,,,,,,
额定电压(Max),技术参数,EDingDianYaMax,58396,58396,0.75 V,,,,,,,,,,
额定电压(AC),技术参数,EDingDianYaAC,57970,57970,1 V,,,,,,,,,,
电感,其他,dianGan,56090,56090,-,,,,,,,,,,
等效串联电阻(ESR),技术参数,dengXiaoChuanLianDianZuESR,52707,52707,0.00006 Ω,,,,,,,,,,
绝缘电阻,其他,jueYuanDianZu,51518,51518,&gt;1 MΩ,,,,,,,,,,
纹波电流,其他,wenBoDianLiu,50825,50825,0.047 A,,,,,,,,,,
电阻(DC）,技术参数,dianZuDC,49805,49805,0.000022 Ω,,,,,,,,,,
ELV标准,符合标准,NULL,49668,49668,Compliant,,,,,,,,,,
测试频率,其他,ceShiPinLv,49117,49117,0.001 MHz,,,,,,,,,,
接触电阻(Max),技术参数,jieChuDianZuMax,48659,48659,&lt;0.3 Ω,,,,,,,,,,
无卤素状态,技术参数,wuLuSuZhuangTai,47301,47301,Halogen Free,,,,,,,,,,
厚度,其他,NULL,46365,46365,-,,,,,,,,,,
正向电压(Max),技术参数,zhengXiangDianYaMax,45690,45690,0.65 V,,,,,,,,,,
精度,其他,jingDu,45472,45472,-0.01 %,,,,,,,,,,
电阻(DC Max),技术参数,dianZuDCMax,44854,44854,0.00024 Ω,,,,,,,,,,
输出功率,其他,shuChuGongLv,44599,44599,-10dBm ~ 11dBm,,,,,,,,,,
介质材料,物理参数,NULL,44033,44033,Acrylonitrile Butadiene Styrene (ABS),,,,,,,,,,
军工级,符合标准,NULL,43989,43989,No,,,,,,,,,,
拔插次数,技术参数,baChaCiShu,43874,43874,1,,,,,,,,,,
电介质特性,技术参数,dianJieZhiTeXing,42941,42941,B,,,,,,,,,,
外壳材质,其他,NULL,41293,41293,ABS Plastic,,,,,,,,,,
时钟频率,其他,shiZhongPinLv,40979,40979,0.032768 MHz,,,,,,,,,,
脉冲峰值功率,技术参数,maiChongFengZhiGongLv,40879,40879,0.15 W,,,,,,,,,,
正向电流,技术参数,zhengXiangDianLiu,40398,40398,0.01 A,,,,,,,,,,
输入数,其他,shuRuShu,38665,38665,-,,,,,,,,,,
工作电压,其他,gongZuoDianYa,38255,38255,-0.5V ~ +18V,,,,,,,,,,
最小反向击穿电压,技术参数,zuiXiaoFanXiangJiChuanDianYa,37544,37544,1.5 V,,,,,,,,,,
稳压值,技术参数,wenYaZhi,36365,36365,0.7 V,,,,,,,,,,
钳位电压,技术参数,qianWeiDianYa,36350,36350,0.9 V,,,,,,,,,,
上升时间,技术参数,shangShengShiJian,36304,36304,0 μs,,,,,,,,,,
RAM大小,其他,RAMDaXiao,35768,35768,0 B,,,,,,,,,,
易燃性等级,技术参数,yiRanXingDengJi,35421,35421,CSA FT-1,,,,,,,,,,
电感公差,技术参数,dianGanGongCha,35360,35360,-10% ~ 20%,,,,,,,,,,
开关频率,技术参数,kaiGuanPinLv,34495,34495,0 kHz,,,,,,,,,,
重量,其他,NULL,34477,34477,-,,,,,,,,,,
正向电流(Max),技术参数,zhengXiangDianLiuMax,34336,34336,0.015 A,,,,,,,,,,
静态电流,其他,jingTaiDianLiu,32883,32883,-8.00 mA,,,,,,,,,,
下降时间,技术参数,xiaJiangShiJian,32244,32244,0.00005 µs,,,,,,,,,,
漏源极电压(Vds),技术参数,louYuanJiDianYaVds,32200,32200,-10.0 V,,,,,,,,,,
方向,其他,fangXiang,29983,29983,-,,,,,,,,,,
自谐频率,技术参数,ziXiePinLv,29962,29962,0.048 MHz,,,,,,,,,,
触点类型,其他,chuDianLeiXing,29655,29655,3P3T,,,,,,,,,,
击穿电压(集电极-发射极),技术参数,jiChuanDianYaJiDianJiFaSheJi,29587,29587,-100 V,,,,,,,,,,
输入电压(DC),技术参数,shuRuDianYaDC,29185,29185,-1.50 V,,,,,,,,,,
击穿电压,技术参数,jiChuanDianYa,27901,27901,-20.0 V,,,,,,,,,,
阈值电压,技术参数,zhiDianYa,27584,27584,-0.35V,,,,,,,,,,
模数转换数(ADC),技术参数,moShuZhuanHuanShuADC,26941,26941,1,,,,,,,,,,
存取时间,技术参数,cunQuShiJian,26822,26822,0.35 ns,,,,,,,,,,
输出电压(Max),技术参数,shuChuDianYaMax,26772,26772,0 V,,,,,,,,,,
输入电容(Ciss),技术参数,shuRuDianRongCiss,25594,25594,0.12pF @28V(Vds),,,,,,,,,,
脚长度,外形尺寸,NULL,25486,25486,0 m,,,,,,,,,,
连续漏极电流(Ids),技术参数,lianXuLouJiDianLiuIds,25192,25192,-0.1A,,,,,,,,,,
线规,其他,xianGui,25145,25145,-,,,,,,,,,,
输出电压(Min),技术参数,shuChuDianYaMin,25075,25075,0 V,,,,,,,,,,
增益频宽积,技术参数,zengYiPinKuanJi,24397,24397,0.002 MHz,,,,,,,,,,
电压波节,技术参数,dianYaBoJie,24324,24324,"1.20 V, 1.50 V, 1.80 V, 2.50 V, 3.30 V",,,,,,,,,,
输入补偿电压,技术参数,shuRuBuChangDianYa,23868,23868,.1 µV,,,,,,,,,,
视角,其他,shiJiao,23777,23777,-,,,,,,,,,,
输入偏置电流,技术参数,shuRuPianZhiDianLiu,22602,22602,-100 nA,,,,,,,,,,
跌落电压,技术参数,dieLuoDianYa,21854,21854,"0.00006V @0.1mA,0.06V @100mA,0.12V @200mA,0.18V @300mA",,,,,,,,,,
带宽,其他,daiKuan,21464,21464,-,,,,,,,,,,
转换速率,技术参数,zhuanHuanSuLv,21421,21421,1.00 V/μs,,,,,,,,,,
频率稳定度,技术参数,pinLvWenDingDu,20742,20742,0 ppb,,,,,,,,,,
集电极最大允许电流,技术参数,jiDianJiZuiDaYunXuDianLiu,20055,20055,-0.05A,,,,,,,,,,
波长,其他,boChang,19419,19419,1.11 nm,,,,,,,,,,
共模抑制比,技术参数,gongMoYiZhiBi,18418,18418,0 dB,,,,,,,,,,
额定电压(AC Max),技术参数,EDingDianYaACMax,18309,18309,10 V,,,,,,,,,,
工作结温,技术参数,gongZuoJieWen,18188,18188,-20℃ ~ 125℃,,,,,,,,,,
共模抑制比(Min),技术参数,gongMoYiZhiBiMin,17567,17567,&lt;50 dB,,,,,,,,,,
调节输出数,技术参数,diaoJieShuChuShu,17373,17373,1,,,,,,,,,,
最小电流放大倍数(hFE),技术参数,zuiXiaoDianLiuFangDaBeiShuhFE,17231,17231,10,,,,,,,,,,
额定电压(DC Max),技术参数,EDingDianYaDCMax,17228,17228,10 V,,,,,,,,,,
香港进出口证,海关信息,NULL,16498,16498,NLR,,,,,,,,,,
漏源极电阻,技术参数,louYuanJiDianZu,16290,16290,0.00034 Ω,,,,,,,,,,
峰值波长,其他,fengZhiBoChang,16290,16290,1.02 µm,,,,,,,,,,
反向恢复时间,其他,fanXiangHuiFuShiJian,16244,16244,0 ns,,,,,,,,,,
传送延迟时间,技术参数,chuanSongYanChiShiJian,16050,16050,1.00 ns,,,,,,,,,,
电缆长度,其他,NULL,15946,15946,-,,,,,,,,,,
输出功率(Max),技术参数,shuChuGongLvMax,15385,15385,0.1 W,,,,,,,,,,
输出电流驱动,技术参数,shuChuDianLiuQuDong,15234,15234,-1.00 mA,,,,,,,,,,
采样率,技术参数,caiYangLv,15015,15015,0.015 KSPS,,,,,,,,,,
输入电流(Min),技术参数,shuRuDianLiuMin,14833,14833,.33 A,,,,,,,,,,
负载电容,技术参数,fuZaiDianRong,14581,14581,0 pF,,,,,,,,,,
功耗,其他,gongHao,14541,14541,-,,,,,,,,,,
屏蔽,其他,pingBi,14437,14437,-,,,,,,,,,,
逻辑门个数,技术参数,luoJiMenGeShu,14419,14419,1,,,,,,,,,,
增益带宽,技术参数,zengYiDaiKuan,14070,14070,0.002 MHz,,,,,,,,,,
最大正向浪涌电流（Ifsm）,技术参数,zuiDaZhengXiangLangYongDianLiuIfsm,13725,13725,0.0005 kA,,,,,,,,,,
Q值,技术参数,QZhi,13400,13400,0.1,,,,,,,,,,
最大反向电压（Vrrm）,技术参数,zuiDaFanXiangDianYaVrrm,13138,13138,1 kV,,,,,,,,,,
I/O引脚数,技术参数,IOYinJiaoShu,13032,13032,10,,,,,,,,,,
灼热丝测试标准,技术参数,zhuoReSiCeShiBiaoZhun,12997,12997,Compliant,,,,,,,,,,
存取时间(Max),技术参数,cunQuShiJianMax,12816,12816,0.1 ns,,,,,,,,,,
数模转换数(DAC),技术参数,shuMoZhuanHuanShuDAC,12557,12557,1,,,,,,,,,,
上升/下降时间,技术参数,shangShengXiaJiangShiJian,12458,12458,0.0025 ns,,,,,,,,,,
线圈电压,其他,xianQuanDianYa,12222,12222,0 V,,,,,,,,,,
3dB带宽,技术参数,sandBDaiKuan,12127,12127,0.69 MHz,,,,,,,,,,
触点额定电流,技术参数,chuDianEDingDianLiu,12005,12005,.001 A,,,,,,,,,,
输入电容,技术参数,shuRuDianRong,11909,11909,.6 pF,,,,,,,,,,
内存容量,技术参数,neiCunRongLiang,11891,11891,0 B,,,,,,,,,,
线圈电阻,其他,xianQuanDianZu,11576,11576,.45 Ω,,,,,,,,,,
FLASH内存容量,技术参数,FLASHNeiCunRongLiang,11473,11473,0 B,,,,,,,,,,
线圈电流,其他,xianQuanDianLiu,11250,11250,.04 A,,,,,,,,,,
保持电流(Max),技术参数,baoChiDianLiuMax,11195,11195,0.05 A,,,,,,,,,,
热阻,技术参数,reZu,11109,11109,0.038K/W (RθJC),,,,,,,,,,
输入电压(DC Max),技术参数,shuRuDianYaDCMax,10861,10861,10 V,,,,,,,,,,
输入电压(DC Min),技术参数,shuRuDianYaDCMin,10825,10825,0 v,,,,,,,,,,
纹波电流(低频),技术参数,wenBoDianLiuDiPin,10788,10788,1 A,,,,,,,,,,
拓扑结构,技术参数,tuoPuJieGou,10557,10557,Boost,,,,,,,,,,
输入补偿漂移,技术参数,shuRuBuChangPiaoYi,10143,10143,-800 nV/K,,,,,,,,,,
发光强度,技术参数,faGuangQiangDu,10079,10079,0.16 mcd,,,,,,,,,,
频率容差,技术参数,pinLvRongCha,9997,9997,1.5 ppm,,,,,,,,,,
热阻(强制气流),技术参数,reZuQiangZhiQiLiu,9976,9976,0.4℃/W @800LFM,,,,,,,,,,
纹波电流(高频),技术参数,wenBoDianLiuGaoPin,9862,9862,1.008A @120Hz,,,,,,,,,,
最大占空比,技术参数,zuiDaZhanKongBi,9792,9792,0 %,,,,,,,,,,
数据速率,其他,shuJuSuLv,9633,9633,-,,,,,,,,,,
内核架构,其他,neiHeJiaGou,9518,9518,8051,,,,,,,,,,
芯数,技术参数,xinShu,9193,9193,1,,,,,,,,,,
占空比,技术参数,zhanKongBi,9076,9076,0 %,,,,,,,,,,
下降时间(Max),技术参数,xiaJiangShiJianMax,8923,8923,0.005 µs,,,,,,,,,,
上升时间(Max),技术参数,shangShengShiJianMax,8531,8531,0.004 µs,,,,,,,,,,
线圈电压(DC),技术参数,xianQuanDianYaDC,8506,8506,1 V,,,,,,,,,,
工作电压(Max),技术参数,gongZuoDianYaMax,8442,8442,1 kV,,,,,,,,,,
接触电阻,其他,jieChuDianZu,8378,8378,&lt;100mΩ @100mA,,,,,,,,,,
复位电压(Max),技术参数,fuWeiDianYaMax,8286,8286,0.075 V,,,,,,,,,,
复位电压(Min),技术参数,fuWeiDianYaMin,8160,8160,0 V,,,,,,,,,,
输入电流,其他,shuRuDianLiu,8134,8134,-0.5 ~ VDD+0.5,,,,,,,,,,
输出电容类型,技术参数,shuChuDianRongLeiXing,7966,7966,Aluminum Electrolytic,,,,,,,,,,
输入/输出数,技术参数,shuRuShuChuShu,7872,7872,1,,,,,,,,,,
漏源击穿电压,技术参数,louYuanJiChuanDianYa,7830,7830,-1.50 V,,,,,,,,,,
保持电流,其他,baoChiDianLiu,7796,7796,0.04 A,,,,,,,,,,
接触器类型,技术参数,jieChuQiLeiXing,7791,7791,Button,,,,,,,,,,
Series,其他,NULL,7701,7701,*,,,,,,,,,,
安装角度,技术参数,anZhuangJiaoDu,7448,7448,135 °,,,,,,,,,,
输入通道数,技术参数,shuRuTongDaoShu,6929,6929,1,,,,,,,,,,
输入电压(AC Max),技术参数,shuRuDianYaACMax,6835,6835,120 v,,,,,,,,,,
输入电压(AC Min),技术参数,shuRuDianYaACMin,6796,6796,0 V,,,,,,,,,,
额定电流(DC),技术参数,EDingDianLiuDC,6603,6603,0.07 A,,,,,,,,,,
制造商,其他,NULL,6183,6183,3M,,,,,,,,,,
分辨率(Bits),技术参数,fenBianLvBits,6175,6175,10.0,,,,,,,,,,
增益,其他,zengYi,6101,6101,-,,,,,,,,,,
绝缘材质,物理参数,NULL,5982,5982,Acrylonitrile Butadiene Styrene (ABS),,,,,,,,,,
负载电流,其他,fuZaiDianLiu,5859,5859,0.01 A,,,,,,,,,,
系列,其他,NULL,5857,5857,*,,,,,,,,,,
Features,其他,NULL,5531,5531,*,,,,,,,,,,
ECCN,其他,NULL,5528,5528,1A995B,,,,,,,,,,
Type,其他,NULL,5469,5469,-,,,,,,,,,,
数字逻辑电平,技术参数,shuZiLuoJiDianPing,5460,5460,CMOS,,,,,,,,,,
包装,其他,NULL,5439,5439,-,,,,,,,,,,
HTSUS,其他,NULL,5412,5412,00.10,,,,,,,,,,
最大反向击穿电压,技术参数,zuiDaFanXiangJiChuanDianYa,5364,5364,0 V,,,,,,,,,,
湿气敏感性等级 (MSL),其他,NULL,5297,5297,1（无限）,,,,,,,,,,
开关电流(Max),技术参数,kaiGuanDianLiuMax,5125,5125,0.1 A,,,,,,,,,,
Mounting-Type,其他,NULL,5036,5036,*,,,,,,,,,,
外观颜色,物理参数,NULL,4865,4865,Amber,,,,,,,,,,
跳闸时间,其他,tiaoZhaShiJian,4786,4786,.1 s,,,,,,,,,,
UART数量,技术参数,UARTShuLiang,4711,4711,1,,,,,,,,,,
过温保护,技术参数,guoWenBaoHu,4540,4540,No,,,,,,,,,,
栅源击穿电压,技术参数,zhaYuanJiChuanDianYa,4457,4457,-1.50 V,,,,,,,,,,
最大电流放大倍数(hFE),技术参数,zuiDaDianLiuFangDaBeiShuhFE,4334,4334,10,,,,,,,,,,
输入阻抗,其他,shuRuZuKang,4157,4157,-,,,,,,,,,,
直流电流增益(hFE),技术参数,zhiLiuDianLiuZengYihFE,4010,4010,1,,,,,,,,,,
共振频率,技术参数,gongZhenPinLv,3932,3932,0.5 MHz,,,,,,,,,,
Size-Dimension,其他,NULL,3598,3598,*,,,,,,,,,,
跳闸电流,技术参数,tiaoZhaDianLiu,3571,3571,0.1 A,,,,,,,,,,
电源线长度,外形尺寸,NULL,3556,3556,0.50 m,,,,,,,,,,
驱动器/包,技术参数,quDongQiBao,3459,3459,1,,,,,,,,,,
线圈功率,其他,xianQuanGongLv,3446,3446,&gt; 1.5W,,,,,,,,,,
特性,其他,NULL,3402,3402,-,,,,,,,,,,
安装类型,其他,NULL,3243,3243,-,,,,,,,,,,
RoHS 状态,其他,NULL,3154,3154,不符合 RoHS 规范,,,,,,,,,,
类型,其他,NULL,3088,3088,-,,,,,,,,,,
内核子架构,其他,neiHeZiJiaGou,3053,3053,ARM7,,,,,,,,,,
Operating-Temperature,其他,NULL,2973,2973,*,,,,,,,,,,
Applications,其他,NULL,2925,2925,*,,,,,,,,,,
Power-Watts,其他,NULL,2837,2837,-,,,,,,,,,,
Voltage-Input,其他,NULL,2795,2795,-,,,,,,,,,,
Voltage-Isolation,其他,NULL,2789,2789,-,,,,,,,,,,
Voltage-Output-1,其他,NULL,2788,2788,-,,,,,,,,,,
Voltage-Output-3,其他,NULL,2788,2788,-,,,,,,,,,,
Current-Output-Max,其他,NULL,2788,2788,-,,,,,,,,,,
Voltage-Output-2,其他,NULL,2788,2788,-,,,,,,,,,,
Voltage-Output-4,其他,NULL,2788,2788,-,,,,,,,,,,
透镜样式,其他,touJingYangShi,2752,2752,-,,,,,,,,,,
大小 / 尺寸,其他,NULL,2703,2703,-,,,,,,,,,,
应用,其他,NULL,2702,2702,-,,,,,,,,,,
内径尺寸,外形尺寸,NULL,2674,2674,0.023 in,,,,,,,,,,
零件状态,其他,NULL,2672,2672,Digi-Key 停止提供,,,,,,,,,,
功率 (W),其他,NULL,2532,2532,-,,,,,,,,,,
工作结温(Max),技术参数,gongZuoJieWenMax,2279,2279,100 ℃,,,,,,,,,,
认证机构,其他,NULL,2254,2254,-,,,,,,,,,,
开关电流,技术参数,kaiGuanDianLiu,2240,2240,0.017 A,,,,,,,,,,
电压 - 输入,其他,NULL,2239,2239,-,,,,,,,,,,
效率,其他,NULL,2238,2238,-,,,,,,,,,,
输出数,其他,NULL,2231,2231,-,,,,,,,,,,
电压 - 输出 3,其他,NULL,2230,2230,-,,,,,,,,,,
电压 - 输出 2,其他,NULL,2230,2230,-,,,,,,,,,,
电压 - 输出 1,其他,NULL,2230,2230,-,,,,,,,,,,
电压 - 输出 4,其他,NULL,2220,2220,-,,,,,,,,,,
所需最小负载,其他,NULL,2218,2218,-,,,,,,,,,,
接插高度,外形尺寸,NULL,2116,2116,1.00 mm,,,,,,,,,,
输出电流(Min),技术参数,shuChuDianLiuMin,2116,2116,0 A,,,,,,,,,,
基本产品编号,其他,NULL,2099,2099,001118,,,,,,,,,,
栅电荷,技术参数,zhaDianHe,2071,2071,1.00 nC,,,,,,,,,,
Packaging,其他,NULL,2062,2062,*,,,,,,,,,,
载流,技术参数,zaiLiu,2049,2049,1.00 A,,,,,,,,,,
FRAM内存容量,技术参数,FRAMNeiCunRongLiang,2034,2034,0 B,,,,,,,,,,
线圈功率(DC),技术参数,xianQuanGongLvDC,2032,2032,1.00 W,,,,,,,,,,
Current-Rating,其他,NULL,2001,2001,*,,,,,,,,,,
线圈电压(AC),技术参数,xianQuanDianYaAC,1927,1927,100 V,,,,,,,,,,
规格书PDF,其他,NULL,1821,1821,__,,,,,,,,,,
产品状态,其他,NULL,1700,1700,Digi-Key 停止提供,,,,,,,,,,
Termination-Style,其他,NULL,1678,1678,-,,,,,,,,,,
Voltage-Rating-AC,其他,NULL,1660,1660,-,,,,,,,,,,
Voltage-Rating-DC,其他,NULL,1653,1653,-,,,,,,,,,,
Actuator-Type,其他,NULL,1644,1644,-,,,,,,,,,,
高度尺寸特征,技术参数,gaoDuChiCunTeZheng,1625,1625,10.0 mm,,,,,,,,,,
Color,其他,NULL,1593,1593,-,,,,,,,,,,
输出通道数,技术参数,shuChuTongDaoShu,1546,1546,1,,,,,,,,,,
Contact-Finish,其他,NULL,1469,1469,-,,,,,,,,,,
REACH 状态,其他,NULL,1447,1447,REACH 产品,,,,,,,,,,
输入电容(Cies),技术参数,shuRuDianRongCies,1386,1386,.205nF @25V,,,,,,,,,,
可用通道,技术参数,keYongTongDao,1370,1370,D,,,,,,,,,,
电流 - 输出（最大值）,其他,NULL,1352,1352,-,,,,,,,,,,
最大反向漏电流（Ir）,技术参数,zuiDaFanXiangLouDianLiuIr,1325,1325,0.0003mA,,,,,,,,,,
Contact-Material,其他,NULL,1227,1227,-,,,,,,,,,,
Product Range,其他,NULL,1218,1218,-,,,,,,,,,,
RoHS,其他,NULL,1213,1213,Compliant,,,,,,,,,,
SVHC,其他,NULL,1189,1189,No SVHC (15-Jun-2015),,,,,,,,,,
Number-of-Positions,其他,NULL,1155,1155,-,,,,,,,,,,
负载电流(Min),技术参数,fuZaiDianLiuMin,1152,1152,0 A,,,,,,,,,,
Actuator-Length,其他,NULL,1106,1106,-,,,,,,,,,,
Product Status,其他,NULL,1078,1078,Digi-Key 停止提供,,,,,,,,,,
For-Use-With-Related-Products,其他,NULL,1070,1070,*,,,,,,,,,,
负载电流(Max),技术参数,fuZaiDianLiuMax,1040,1040,0.04 A,,,,,,,,,,
Accessory-Type,其他,NULL,1028,1028,*,,,,,,,,,,
工作电压(Min),技术参数,gongZuoDianYaMin,997,997,0 V,,,,,,,,,,
Contact-Timing,其他,NULL,956,956,-,,,,,,,,,,
Angle-of-Throw,其他,NULL,956,956,-,,,,,,,,,,
Depth-Behind-Panel,其他,NULL,911,911,-,,,,,,,,,,
Circuit-per-Deck,其他,NULL,911,911,-,,,,,,,,,,
Index-Stops,其他,NULL,911,911,-,,,,,,,,,,
封装/外壳,其他,NULL,904,904,-,,,,,,,,,,
配件类型,其他,NULL,878,878,-,,,,,,,,,,
Number-of-Poles-per-Deck,其他,NULL,831,831,1,,,,,,,,,,
Number-of-Decks,其他,NULL,830,830,1,,,,,,,,,,
Ingress-Protection,其他,NULL,825,825,-,,,,,,,,,,
带凸肩,技术参数,daiTuJian,793,793,No,,,,,,,,,,
制动器数量,技术参数,zhiDongQiShuLiang,775,775,1,,,,,,,,,,
配套使用/相关产品,其他,NULL,762,762,-,,,,,,,,,,
Thread-Size,其他,NULL,758,758,-,,,,,,,,,,
电压 - 输出 6,其他,NULL,757,757,-,,,,,,,,,,
电压 - 输出 5,其他,NULL,754,754,-,,,,,,,,,,
产品种类,其他,NULL,751,751,32位微控制器 - MCU,,,,,,,,,,
端接类型,其他,duanJieLeiXing,749,749,Axial,,,,,,,,,,
商标,其他,NULL,742,742,3M Electronic Solutions Division,,,,,,,,,,
子类别,其他,NULL,725,725,AC-DC Power Supply,,,,,,,,,,
Gender,其他,NULL,720,720,-,,,,,,,,,,
产品类型,其他,NULL,719,719,-,,,,,,,,,,
Contact Plating,其他,NULL,719,719,-,,,,,,,,,,
Mounting,其他,NULL,699,699,Adhesive,,,,,,,,,,
Contact Material,其他,NULL,687,687,-,,,,,,,,,,
Shaft-Size,其他,NULL,683,683,-,,,,,,,,,,
Product,其他,NULL,680,680,AC Fans,,,,,,,,,,
阻抗,其他,zuKang,660,660,-,,,,,,,,,,
Connector Body Material,其他,NULL,604,604,-,,,,,,,,,,
Illumination,其他,NULL,567,567,-,,,,,,,,,,
工厂包装数量,其他,NULL,564,564,1,,,,,,,,,,
Illumination-Voltage-Nominal,其他,NULL,531,531,-,,,,,,,,,,
供应商器件封装,其他,NULL,531,531,-,,,,,,,,,,
Shielding,其他,NULL,530,530,-,,,,,,,,,,
输入电压(AC),技术参数,shuRuDianYaAC,527,527,100V ~ 240V,,,,,,,,,,
Insert Arrangement,其他,NULL,505,505,-,,,,,,,,,,
侵入防护,其他,NULL,501,501,-,,,,,,,,,,
电压 - 隔离,其他,NULL,501,501,-,,,,,,,,,,
最大耗散功率PdPower dissipation,其他,NULL,486,486,1.2W,,,,,,,,,,
Circuit,其他,NULL,468,468,-,,,,,,,,,,
稳压电流,技术参数,wenYaDianLiu,467,467,0.05mA,,,,,,,,,,
Switch-Function,其他,NULL,467,467,-,,,,,,,,,,
Brand/Series,其他,NULL,467,467,1413 Series,,,,,,,,,,
电源电压(AC),技术参数,dianYuanDianYaAC,453,453,0.1mV ~ 750V,,,,,,,,,,
Contact-Finish-Thickness,其他,NULL,447,447,-,,,,,,,,,,
Contact Termination Type,其他,NULL,441,441,-,,,,,,,,,,
高度 - 安装（最大值）,其他,NULL,440,440,-,,,,,,,,,,
Connector-Type,其他,NULL,440,440,-,,,,,,,,,,
Length,其他,NULL,425,425,-,,,,,,,,,,
输入功率(Max),技术参数,shuRuGongLvMax,421,421,0 dBm,,,,,,,,,,
Material,其他,NULL,410,410,-,,,,,,,,,,
Termination,其他,NULL,402,402,-,,,,,,,,,,
连接器类型,其他,NULL,391,391,-,,,,,,,,,,
EU RoHS,其他,NULL,391,391,Compliant,,,,,,,,,,
Panel-Cutout-Dimensions,其他,NULL,390,390,-,,,,,,,,,,
电流 - 输出 1,其他,NULL,380,380,10 A,,,,,,,,,,
输入电压VINVoltage - Input,其他,NULL,379,379,-0.3~14V,,,,,,,,,,
输出电压VOUTVoltage - Output,其他,NULL,378,378,-12V,,,,,,,,,,
Current - Output 1,其他,NULL,377,377,10 A,,,,,,,,,,
额定电流（安培）,其他,NULL,376,376,-,,,,,,,,,,
电路数量Number of Regulators,其他,NULL,372,372,1,,,,,,,,,,
带使能脚EN/CE(ON/OFF功能)With Enable Pin,其他,NULL,372,372,NO 无,,,,,,,,,,
输出电流IoCurrent - Output,其他,NULL,371,371,0.5A/500mA,,,,,,,,,,
Contact Gender,其他,NULL,369,369,-,,,,,,,,,,
配套使用产品/相关产品,其他,NULL,366,366,-,,,,,,,,,,
Connector-Style,其他,NULL,356,356,-,,,,,,,,,,
Current - Output 2,其他,NULL,356,356,1 A,,,,,,,,,,
Body Orientation,其他,NULL,356,356,Right Angle,,,,,,,,,,
脉冲峰值电流（Ipp）,技术参数,maiChongFengZhiDianLiuIpp,353,353,1.1A,,,,,,,,,,
For Use With,其他,NULL,345,345,-,,,,,,,,,,
No. of Contacts,其他,NULL,345,345,10Contacts,,,,,,,,,,
Contact-Type,其他,NULL,344,344,-,,,,,,,,,,
端接,其他,NULL,342,342,-,,,,,,,,,,
电流 - 输出 2,其他,NULL,341,341,1 A,,,,,,,,,,
Dimensions,其他,NULL,341,341,0.41 Dia. x 1.5 L in,,,,,,,,,,
最大压降VDOVoltage - Dropout,其他,NULL,337,337,1.16V,,,,,,,,,,
规格,其他,NULL,326,326,-,,,,,,,,,,
故障率,其他,NULL,325,325,-,,,,,,,,,,
针位数,其他,NULL,322,322,-,,,,,,,,,,
所含物品,其他,NULL,319,319,2 板，电缆，样品,,,,,,,,,,
输入功率,其他,shuRuGongLv,317,317,-,,,,,,,,,,
Product Length,其他,NULL,311,311,1,,,,,,,,,,
Connector Type,其他,NULL,308,308,-,,,,,,,,,,
材料可燃性等级,其他,NULL,303,303,-,,,,,,,,,,
Part Status,其他,NULL,302,302,Active,,,,,,,,,,
Pitch,其他,NULL,300,300,-,,,,,,,,,,
紧固类型,其他,NULL,297,297,-,,,,,,,,,,
Part-Aliases,其他,NULL,294,294,0034.378,,,,,,,,,,
端子数,其他,NULL,293,293,2,,,,,,,,,,
IP Rating,其他,NULL,293,293,-,,,,,,,,,,
Illumination-Type-Color,其他,NULL,291,291,-,,,,,,,,,,
成分,其他,NULL,290,290,-,,,,,,,,,,
Lead Finish,其他,NULL,287,287,Gold,,,,,,,,,,
导体材质,物理参数,NULL,287,287,Copper,,,,,,,,,,
待机电流,技术参数,daiJiDianLiu,287,287,1.00 µA,,,,,,,,,,
Factory Pack Quantity,其他,NULL,285,285,1,,,,,,,,,,
Current - Output 3,其他,NULL,285,285,1 A,,,,,,,,,,
Cable-Type,其他,NULL,284,284,-,,,,,,,,,,
处理器类型,其他,chuLiQiLeiXing,283,283,80C186,,,,,,,,,,
触头材料,其他,NULL,280,280,-,,,,,,,,,,
Service Class,其他,NULL,277,277,"(hermetic connectors), nickel plated stainless steel, 200 de",,,,,,,,,,
使用的 IC/零件,其他,NULL,272,272,-,,,,,,,,,,
样式,其他,NULL,268,268,-,,,,,,,,,,
Usage,其他,NULL,268,268,-,,,,,,,,,,
电流 - 输出 3,其他,NULL,268,268,1 A,,,,,,,,,,
针脚长度,外形尺寸,NULL,264,264,0.18 in,,,,,,,,,,
D Sub Shell Size,其他,NULL,262,262,DA,,,,,,,,,,
Fastening-Type,其他,NULL,259,259,-,,,,,,,,,,
Mounting-Style,其他,NULL,258,258,Axial,,,,,,,,,,
Product Length (mm),其他,NULL,257,257,1.6(mm),,,,,,,,,,
Standard Package,其他,NULL,256,256,1,,,,,,,,,,
Tradename,其他,NULL,255,255,26482,,,,,,,,,,
Coupling Style,其他,NULL,250,250,Bayonet,,,,,,,,,,
Tolerance,其他,NULL,250,250,-,,,,,,,,,,
Insert Rotation,其他,NULL,250,250,A,,,,,,,,,,
Equivalent Military Specification,其他,NULL,250,250,MIL-DTL-26482 Series I,,,,,,,,,,
Circular Contact Type,其他,NULL,250,250,Crimp Pin,,,,,,,,,,
Connector Body Plating,其他,NULL,250,250,-,,,,,,,,,,
Circular Connector Shell Style,其他,NULL,250,250,Box Mount Receptacle,,,,,,,,,,
Contact-Termination,其他,NULL,248,248,-,,,,,,,,,,
Voltage-Rating,其他,NULL,246,246,-,,,,,,,,,,
Shell-Size-Insert,其他,NULL,245,245,-,,,,,,,,,,
Operating Temperature,其他,NULL,245,245,*,,,,,,,,,,
零件号别名,其他,NULL,244,244,0010897603 10897603,,,,,,,,,,
辅助属性,其他,NULL,244,244,-,,,,,,,,,,
反向电压VrReverse Voltage,其他,NULL,242,242,1000V,,,,,,,,,,
Size,其他,NULL,242,242,-,,,,,,,,,,
Breaker-Type,其他,NULL,240,240,-,,,,,,,,,,
Primary Type,其他,NULL,239,239,Automotive,,,,,,,,,,
发货限制,其他,NULL,237,237,__ Mouser 目前在您所在地区不销售该产品。,,,,,,,,,,
嵌入式,其他,NULL,235,235,-,,,,,,,,,,
Accessory Type,其他,NULL,235,235,-,,,,,,,,,,
Lead-Free Status,其他,NULL,235,235,Contains Lead,,,,,,,,,,
集电极-基极反向击穿电压V(BR)CBOCollector-Base Voltage(VCBO),其他,NULL,233,233,-100V,,,,,,,,,,
集电极连续输出电流ICCollector Current(IC),其他,NULL,233,233,-1.5A,,,,,,,,,,
触头表面处理厚度 - 配接,其他,NULL,232,232,-,,,,,,,,,,
触头表面处理 - 配接,其他,NULL,232,232,-,,,,,,,,,,
集电极-发射极反向击穿电压V(BR)CEOCollector-Emitter Voltage(VCEO),其他,NULL,232,232,-120V,,,,,,,,,,
等级,其他,NULL,230,230,-,,,,,,,,,,
直流电流增益hFEDC Current Gain(hFE),其他,NULL,229,229,100,,,,,,,,,,
主要属性,其他,NULL,228,228,-,,,,,,,,,,
Alternate Mfr Part Number,其他,NULL,227,227,02722,,,,,,,,,,
耐电压,技术参数,naiDianYa,227,227,300 V,,,,,,,,,,
截止频率fTTranstion Frequency(fT),其他,NULL,224,224,&gt;9GHz,,,,,,,,,,
Connector Shell Size,其他,NULL,224,224,-,,,,,,,,,,
Supply Voltage,其他,NULL,221,221,-,,,,,,,,,,
Status,其他,NULL,219,219,Active,,,,,,,,,,
Brand,其他,NULL,217,217,AVX,,,,,,,,,,
ECCN (US),其他,NULL,217,217,3A991A2,,,,,,,,,,
Configuration,其他,NULL,215,215,-,,,,,,,,,,
天线接线,技术参数,tianXianJieXian,215,215,Differential,,,,,,,,,,
Package-Case,其他,NULL,214,214,*,,,,,,,,,,
产品范围,其他,NULL,212,212,-,,,,,,,,,,
最大正向压降VFForward Voltage(Vf),其他,NULL,210,210,0.355v,,,,,,,,,,
材料,其他,NULL,209,209,-,,,,,,,,,,
Current - Output 4,其他,NULL,208,208,1 A,,,,,,,,,,
开断电压,技术参数,kaiDuanDianYa,201,201,100 V,,,,,,,,,,
电流 - 输出 4,其他,NULL,200,200,1 A,,,,,,,,,,
Automotive,其他,NULL,199,199,AEC-Q(100),,,,,,,,,,
제조업체,其他,NULL,196,196,AVX,,,,,,,,,,
最大反向漏电流IR(uA)Reverse Current,其他,NULL,193,193,0.05uA,,,,,,,,,,
产品特性,其他,NULL,192,192,0.1A三端负电压调节器、关闭热过载保护、短路电流限制,,,,,,,,,,
最大齐纳阻抗Zz(Ω)Dynamic Impedance,其他,NULL,191,191,100Ω/ohm,,,,,,,,,,
Mounting Type,其他,NULL,191,191,22 mm dia. Panel hole,,,,,,,,,,
最大max.,其他,NULL,191,191,10.55V,,,,,,,,,,
额定齐纳电压Vz(V)Zener Voltage 最小min.,其他,NULL,191,191,1.9V,,,,,,,,,,
Connector Mounting,其他,NULL,189,189,-,,,,,,,,,,
平均Typ.,其他,NULL,187,187,100V,,,,,,,,,,
Current Rating,其他,NULL,186,186,-,,,,,,,,,,
Output Type,其他,NULL,186,186,*,,,,,,,,,,
Housing-Material,其他,NULL,186,186,-,,,,,,,,,,
"Material, Housing",其他,NULL,185,185,ABS/PCplastic,,,,,,,,,,
触头类型,其他,NULL,184,184,-,,,,,,,,,,
Contact-Size,其他,NULL,182,182,-,,,,,,,,,,
集电极击穿电压,技术参数,jiDianJiJiChuanDianYa,181,181,-300 V (min),,,,,,,,,,
Termination Method,其他,NULL,179,179,Crimp,,,,,,,,,,
Package/Case,其他,NULL,178,178,0805,,,,,,,,,,
触头形状,其他,NULL,177,177,-,,,,,,,,,,
Package,其他,NULL,177,177,-,,,,,,,,,,
Max Processing Temp,其他,NULL,175,175,225,,,,,,,,,,
Shell Size,其他,NULL,174,174,1,,,,,,,,,,
Termination-Finish,其他,NULL,172,172,-,,,,,,,,,,
Mounting-Feature,其他,NULL,171,171,Flange,,,,,,,,,,
Standard Pack Qty,其他,NULL,171,171,1,,,,,,,,,,
Convert-From-Adapter-End,其他,NULL,170,170,-,,,,,,,,,,
Shell-Material-Finish,其他,NULL,170,170,-,,,,,,,,,,
Convert-To-Adapter-End,其他,NULL,170,170,-,,,,,,,,,,
加载的针位数,其他,NULL,168,168,-,,,,,,,,,,
Housing-Color,其他,NULL,167,167,-,,,,,,,,,,
Number-of-Positions-Convert-To,其他,NULL,166,166,1,,,,,,,,,,
Number-of-Positions-Convert-From,其他,NULL,166,166,1,,,,,,,,,,
逻辑类型Logic Type,其他,NULL,166,166,与门 AND Gate,,,,,,,,,,
Shell-Size-Insert-Convert-To,其他,NULL,166,166,10SL-3,,,,,,,,,,
Shell-Size-Insert-Convert-From,其他,NULL,166,166,10SL-3,,,,,,,,,,
Mounting Style,其他,NULL,165,165,-,,,,,,,,,,
"输出高，低电平电流Current - Output High, Low",其他,NULL,165,165,-12mA，12mA,,,,,,,,,,
Connection Type,其他,NULL,163,163,2 m,,,,,,,,,,
Mounting-Angle,其他,NULL,163,163,45 deg,,,,,,,,,,
静态电流IqCurrent - Quiescent (Max),其他,NULL,163,163,0.2uA,,,,,,,,,,
Termination Style,其他,NULL,163,163,-,,,,,,,,,,
外壳材料,其他,NULL,161,161,-,,,,,,,,,,
低逻辑电平Logic Level - Low,其他,NULL,161,161,0.12v~0.25v,,,,,,,,,,
Case,其他,NULL,160,160,0603,,,,,,,,,,
Unit-Weight,其他,NULL,159,159,0.000173 oz,,,,,,,,,,
Body Style,其他,NULL,158,158,C-slot,,,,,,,,,,
Voltage,其他,NULL,157,157,-,,,,,,,,,,
No. of Power Positions,其他,NULL,156,156,1,,,,,,,,,,
No. of Signal Contacts,其他,NULL,156,156,0Contacts,,,,,,,,,,
致动器类型,其他,NULL,154,154,-,,,,,,,,,,
接合堆叠高度,其他,NULL,153,153,-,,,,,,,,,,
Product Diameter (mm),其他,NULL,153,153,12,,,,,,,,,,
触头表面处理 - 柱,其他,NULL,153,153,-,,,,,,,,,,
触头表面处理厚度 - 柱,其他,NULL,153,153,-,,,,,,,,,,
间距 - 配接,其他,NULL,153,153,-,,,,,,,,,,
绝缘颜色,其他,NULL,152,152,-,,,,,,,,,,
绝缘材料,其他,NULL,151,151,-,,,,,,,,,,
排距 - 配接,其他,NULL,151,151,-,,,,,,,,,,
绝缘高度,其他,NULL,151,151,-,,,,,,,,,,
照明,其他,NULL,150,150,-,,,,,,,,,,
Capacitance Value,其他,NULL,150,150,0.001 uF,,,,,,,,,,
Voltage Rating,其他,NULL,150,150,-,,,,,,,,,,
接触长度 - 柱,其他,NULL,149,149,-,,,,,,,,,,
电路数Number of Circuits,其他,NULL,149,149,1,,,,,,,,,,
输入数Number of Inputs,其他,NULL,148,148,1,,,,,,,,,,
安装特性,其他,NULL,148,148,-,,,,,,,,,,
Impedance,其他,NULL,147,147,-,,,,,,,,,,
输出类型,其他,shuChuLeiXing,147,147,-,,,,,,,,,,
电源电压VccVoltage - Supply,其他,NULL,147,147,0.5 V ~ 1.5 V,,,,,,,,,,
Voltage(DC),其他,NULL,145,145,10 V,,,,,,,,,,
产品,其他,NULL,145,145,AC Axial Fans,,,,,,,,,,
耗散功率PcPower Dissipation,其他,NULL,144,144,1.3W,,,,,,,,,,
Case Style,其他,NULL,143,143,Ceramic Chip,,,,,,,,,,
Approvals,其他,NULL,142,142,*,,,,,,,,,,
Function,其他,NULL,141,141,-,,,,,,,,,,
Shell Plating,其他,NULL,141,141,ANODIZE,,,,,,,,,,
Lead Diameter,其他,NULL,141,141,0.5 mm,,,,,,,,,,
储存温度,其他,NULL,140,140,-20 ~ +75° С,,,,,,,,,,
Wire-Gauge-or-Range-mm2,其他,NULL,138,138,-,,,,,,,,,,
Contact-Form,其他,NULL,138,138,-,,,,,,,,,,
Wire-Gauge-or-Range-AWG,其他,NULL,138,138,-,,,,,,,,,,
外壳尺寸 - 插件,其他,NULL,135,135,-,,,,,,,,,,
耗散功率PdPower Dissipation,其他,NULL,135,135,-0.4~-1.4V,,,,,,,,,,
Wire-Gauge-or-Range-Coaxial,其他,NULL,135,135,-,,,,,,,,,,
最大源漏极电压VdsDrain-Source Voltage,其他,NULL,135,135,-100V,,,,,,,,,,
面板开口尺寸,其他,NULL,132,132,-,,,,,,,,,,
喷头数量,技术参数,penTouShuLiang,132,132,10,,,,,,,,,,
输出类型Output Type,其他,NULL,130,130,2.7V~10V,,,,,,,,,,
主要用途,其他,NULL,130,130,DC/DC，LDO 步降,,,,,,,,,,
Current - Output 5,其他,NULL,129,129,1 A,,,,,,,,,,
Flange-Feature,其他,NULL,129,129,-,,,,,,,,,,
平均整流电流IoAVerage Rectified Current,其他,NULL,127,127,1.1A,,,,,,,,,,
受检测电压数Number of Voltages Monitored,其他,NULL,126,126,1,,,,,,,,,,
工作电压VINVoltage - Supply,其他,NULL,126,126,-0.3~10V,,,,,,,,,,
看门狗Watchdog,其他,NULL,126,126,无 No,,,,,,,,,,
检测电压/复位阈值电压VDETVoltage - Threshold,其他,NULL,125,125,0.9V,,,,,,,,,,
Technology,其他,NULL,125,125,Bipolar,,,,,,,,,,
Family,其他,NULL,124,124,025,,,,,,,,,,
Number-of-Rows,其他,NULL,123,123,1,,,,,,,,,,
端接样式,其他,NULL,123,123,-,,,,,,,,,,
1st-Connector,其他,NULL,122,122,-,,,,,,,,,,
2nd-Connector,其他,NULL,122,122,-,,,,,,,,,,
高逻辑电平Logic Level - High,其他,NULL,122,122,0.75V~2.1V,,,,,,,,,,
高/低有效复位Reset,其他,NULL,120,120,低 Active Low,,,,,,,,,,
电流 - 输出 5,其他,NULL,120,120,1 A,,,,,,,,,,
SVHC(高度关注物质),其他,NULL,119,119,No SVHC (15-Jun-2015),,,,,,,,,,
功能,其他,NULL,119,119,-,,,,,,,,,,
线圈功率(AC),技术参数,xianQuanGongLvAC,119,119,.76 VA,,,,,,,,,,
数字输出数,技术参数,shuZiShuChuShu,119,119,1,,,,,,,,,,
Special Features,其他,NULL,117,117,"50K operations at 6A 240VAC, 100K operations at 3A 240VAC.",,,,,,,,,,
工作电压(V),其他,NULL,116,116,1.1~5.5,,,,,,,,,,
Output,其他,NULL,116,116,"4-20 mA, 0-10 V, PNP, 3 PNP/NPN",,,,,,,,,,
Max. off-state voltage,其他,NULL,114,114,1.2kV,,,,,,,,,,
Operating-Force-Torque,其他,NULL,113,113,-,,,,,,,,,,
Release-Force,其他,NULL,113,113,-,,,,,,,,,,
Rad Hardened,其他,NULL,113,113,No,,,,,,,,,,
Pretravel,其他,NULL,113,113,-,,,,,,,,,,
Max. forward impulse current,其他,NULL,113,113,0.5A,,,,,,,,,,
电压,其他,NULL,113,113,-,,,,,,,,,,
Differential-Travel,其他,NULL,113,113,-,,,,,,,,,,
Overtravel,其他,NULL,113,113,-,,,,,,,,,,
最大源漏极电压Vds Drain-Source Voltage,其他,NULL,112,112,100V,,,,,,,,,,
Country,其他,NULL,112,112,Austria,,,,,,,,,,
Customs Tariff No.,其他,NULL,112,112,84713000000,,,,,,,,,,
最大漏极电流Id Drain Current,其他,NULL,112,112,1.5A,,,,,,,,,,
Leadfree Defin.,其他,NULL,112,112,10,,,,,,,,,,
Wire-Gauge,其他,NULL,111,111,-,,,,,,,,,,
耗散功率Pd Power Dissipation,其他,NULL,111,111,1.8W,,,,,,,,,,
Pin Count,其他,NULL,111,111,100,,,,,,,,,,
最大栅源极电压Vgs(±) Gate-Source Voltage,其他,NULL,111,111,10V,,,,,,,,,,
电压 - 额定,其他,NULL,110,110,-,,,,,,,,,,
Sensing Range,其他,NULL,110,110,0 m ... 0.4 m,,,,,,,,,,
Series name,其他,NULL,110,110,BLA31B,,,,,,,,,,
引线间距,其他,NULL,109,109,-,,,,,,,,,,
Shell-Size-Connector-Layout,其他,NULL,108,108,-,,,,,,,,,,
Body Material,其他,NULL,108,108,Aluminum,,,,,,,,,,
Number of Positions,其他,NULL,108,108,1,,,,,,,,,,
Insulation,其他,NULL,108,108,-,,,,,,,,,,
最大栅源极电压Vgs(±)Gate-Source Voltage,其他,NULL,107,107,-12V,,,,,,,,,,
最大漏极电流IdDrain Current,其他,NULL,107,107,-0.12A,,,,,,,,,,
"传播延迟时间@Vcc，CLMax Propagation Delay @ V, Max CL",其他,NULL,106,106,1.5ns @ 5V，50pF,,,,,,,,,,
偏差,其他,NULL,106,106,"-10%,+30%",,,,,,,,,,
源漏极导通电阻RdsDrain-Source On-State Resistance,其他,NULL,106,106,-1A,,,,,,,,,,
外壳表面处理,其他,NULL,105,105,草绿色镉,,,,,,,,,,
嵌入材料,其他,NULL,105,105,氯丁橡胶,,,,,,,,,,
开启电压Vgs（th）Gate-Source Threshold Voltage,其他,NULL,105,105,-0.4--1.4V,,,,,,,,,,
外壳尺寸，MIL,其他,NULL,105,105,-,,,,,,,,,,
Shell-Size,其他,NULL,105,105,-,,,,,,,,,,
开启电压Vgs（th） Gate-Source Threshold Voltage,其他,NULL,104,104,-0.1-1/0-0.5V,,,,,,,,,,
Rated current,其他,NULL,104,104,-,,,,,,,,,,
Frequency,其他,NULL,104,104,-,,,,,,,,,,
Weight,其他,NULL,104,104,-,,,,,,,,,,
Supplier Leadtime,其他,NULL,103,103,10 weeks,,,,,,,,,,
"Frequency, Switching",其他,NULL,102,102,"1,000 Hz",,,,,,,,,,
工具类型,其他,NULL,102,102,-,,,,,,,,,,
RoHS Compliant,其他,NULL,102,102,No,,,,,,,,,,
Maximum-Operating-Temperature,其他,NULL,101,101,+ 100 C,,,,,,,,,,
封装/温度(℃),其他,NULL,101,101,CASE193-04/-65~175,,,,,,,,,,
Kind of package,其他,NULL,101,101,Ammo Pack,,,,,,,,,,
Product Depth (mm),其他,NULL,101,101,0.8(mm),,,,,,,,,,
Load current,其他,NULL,100,100,0.15A,,,,,,,,,,
Diameter,其他,NULL,100,100,0.41 +⁄-0.005 in.,,,,,,,,,,
安装风格,其他,NULL,98,98,-,,,,,,,,,,
Supplier Package,其他,NULL,98,98,BR-50,,,,,,,,,,
Minimum-Operating-Temperature,其他,NULL,98,98,-,,,,,,,,,,
PCB changed,其他,NULL,98,98,129,,,,,,,,,,
集电极电流,其他,NULL,98,98,-0.1A,,,,,,,,,,
Operating-Supply-Voltage,其他,NULL,97,97,+/- 15 V,,,,,,,,,,
Product Diameter,其他,NULL,97,97,2.67 mm,,,,,,,,,,
Electrical mounting,其他,NULL,97,97,4.8mm connectors,,,,,,,,,,
电源电压Voltage - Supply,其他,NULL,96,96,0.5pA,,,,,,,,,,
Operating Temp Range,其他,NULL,96,96,-40C to 105C,,,,,,,,,,
Orientation,其他,NULL,96,96,-,,,,,,,,,,
ABC-Code,其他,NULL,95,95,A,,,,,,,,,,
Polarity,其他,NULL,94,94,Inverting,,,,,,,,,,
Cable-Diameter,其他,NULL,93,93,-,,,,,,,,,,
Body Plating,其他,NULL,93,93,Cadmium,,,,,,,,,,
Coil-Type,其他,NULL,92,92,-,,,,,,,,,,
Speed,其他,NULL,92,92,-,,,,,,,,,,
Coil-Voltage,其他,NULL,92,92,-,,,,,,,,,,
Bushing-Thread,其他,NULL,92,92,1940/1/4 0:00:00,,,,,,,,,,
Product Height (mm),其他,NULL,91,91,0.8(mm),,,,,,,,,,
Number of Contacts,其他,NULL,90,90,10(POS),,,,,,,,,,
连接器样式,其他,NULL,90,90,-,,,,,,,,,,
Leakage Current,其他,NULL,90,90,0.01 µA,,,,,,,,,,
MIL Type,其他,NULL,90,90,MIL-DTL-22992,,,,,,,,,,
商品编号,其他,NULL,89,89,C106904,,,,,,,,,,
Plating,其他,NULL,89,89,-,,,,,,,,,,
接口,其他,NULL,89,89,-,,,,,,,,,,
总体接触长度,其他,NULL,88,88,-,,,,,,,,,,
Shell-Plating,其他,NULL,88,88,-,,,,,,,,,,
接触长度 - 配接,其他,NULL,88,88,-,,,,,,,,,,
管压降VCE（sat）Collector-Emitter Saturation Voltage,其他,NULL,88,88,&lt;120mV/0.12V,,,,,,,,,,
护罩,其他,NULL,88,88,-,,,,,,,,,,
DC电流增益(min),其他,NULL,87,87,10,,,,,,,,,,
Color-Actuator-Cap,其他,NULL,86,86,-,,,,,,,,,,
Shell-Style,其他,NULL,86,86,-,,,,,,,,,,
功耗PdPower Dissipation,其他,NULL,86,86,150mW/0.15W,,,,,,,,,,
Interface,其他,NULL,86,86,-,,,,,,,,,,
包括,其他,NULL,86,86,-,,,,,,,,,,
反向恢复时间TrrReverse Recovery Time,其他,NULL,86,86,1.5μS,,,,,,,,,,
Leads,其他,NULL,85,85,6.3 × 0.8 mm connectors,,,,,,,,,,
用于,其他,NULL,85,85,-,,,,,,,,,,
Cable-Exit,其他,NULL,85,85,-,,,,,,,,,,
显示类型,其他,NULL,85,85,-,,,,,,,,,,
耗散功率Pc Power Dissipation,其他,NULL,85,85,0.15W/150mW,,,,,,,,,,
集电极-基极反向击穿电压V(BR)CBO Collector-Base Voltage(VCBO),其他,NULL,84,84,-15V,,,,,,,,,,
集电极连续输出电流IC Collector Current(IC),其他,NULL,84,84,-100mA/-0.1A,,,,,,,,,,
标准包装,其他,NULL,84,84,1,,,,,,,,,,
集电极-发射极反向击穿电压V(BR)CEO Collector-Emitter Voltage(VCEO),其他,NULL,84,84,-11V,,,,,,,,,,
使用,其他,NULL,84,84,-,,,,,,,,,,
源漏极导通电阻ΩRds DΩ/Ohmain-SouΩ/Ohmce On-State Ω/Ohmesistance,其他,NULL,83,83,"0.014Ω/Ohm @10mA,4V",,,,,,,,,,
Shell Style,其他,NULL,83,83,45 Deg,,,,,,,,,,
"Current, Output",其他,NULL,83,83,&lt; 100 mA,,,,,,,,,,
Package Length,其他,NULL,82,82,10.1,,,,,,,,,,
Shell Size / Insert Arrangement,其他,NULL,82,82,10-98,,,,,,,,,,
Number of Ports,其他,NULL,82,82,1,,,,,,,,,,
Version,其他,NULL,82,82,A10,,,,,,,,,,
Part-#-Aliases,其他,NULL,82,82,0152660152,,,,,,,,,,
模拟输出数,技术参数,moNiShuChuShu,82,82,1,,,,,,,,,,
시리즈,其他,NULL,82,82,1213,,,,,,,,,,
电缆开口,其他,NULL,81,81,-,,,,,,,,,,
Wave Length,其他,NULL,81,81,"1,450 nm",,,,,,,,,,
MIL-Type,其他,NULL,81,81,EN4165,,,,,,,,,,
Angular Function,其他,NULL,81,81,180°,,,,,,,,,,
Type of diode,其他,NULL,81,81,LED,,,,,,,,,,
Strain Relief,其他,NULL,80,80,No,,,,,,,,,,
直流电流增益hFE DC Current Gain(hFE),其他,NULL,79,79,100,,,,,,,,,,
底壳材料，镀层,其他,NULL,79,79,-,,,,,,,,,,
Shell-Material,其他,NULL,79,79,Acrylonitrile Butadiene Styrene (ABS),,,,,,,,,,
Shell Material,其他,NULL,79,79,Aluminum,,,,,,,,,,
Failure Rate,其他,NULL,79,79,B,,,,,,,,,,
Wire-Gauge-Min,其他,NULL,79,79,22,,,,,,,,,,
Wire-Gauge-Max,其他,NULL,79,79,12,,,,,,,,,,
间距,其他,NULL,78,78,-,,,,,,,,,,
Wire-Gauge-Range,其他,NULL,78,78,22-12,,,,,,,,,,
晶振类型,技术参数,jingZhenLeiXing,77,77,Crystal Clock,,,,,,,,,,
反向电压VRReverse Voltage,其他,NULL,76,76,100V,,,,,,,,,,
主要材料,其他,NULL,76,76,金属,,,,,,,,,,
제품,其他,NULL,76,76,Accessories,,,,,,,,,,
Contact Classification,其他,NULL,76,76,(1/14)Signal,,,,,,,,,,
Number of Terminals,其他,NULL,76,76,11,,,,,,,,,,
Contact Configuration,其他,NULL,75,75,-,,,,,,,,,,
Type of semiconductor component,其他,NULL,75,75,diac,,,,,,,,,,
管压降VCE（sat）Collector-Emitter SaturationVoltage,其他,NULL,75,75,-1.5V,,,,,,,,,,
耗散功率PcPoWer Dissipation,其他,NULL,74,74,1.2W,,,,,,,,,,
Fuse-Type,其他,NULL,74,74,*,,,,,,,,,,
Dissipation Factor,其他,NULL,73,73,2 %,,,,,,,,,,
速度,其他,NULL,73,73,-,,,,,,,,,,
商标名,其他,NULL,73,73,26482,,,,,,,,,,
Lead Pitch For Radial,其他,NULL,72,72,15 mm,,,,,,,,,,
Dielectric,其他,NULL,72,72,BP,,,,,,,,,,
Housing Material,其他,NULL,71,71,Diallyl Phthalate,,,,,,,,,,
Cable-Length,其他,NULL,71,71,-,,,,,,,,,,
Style,其他,NULL,70,70,-,,,,,,,,,,
Wire Form,其他,NULL,70,70,Inside Bend,,,,,,,,,,
电容值CDiode capacitance,其他,NULL,69,69,0.49pF-0.64pF,,,,,,,,,,
Seated Plane Height,其他,NULL,69,69,11 mm,,,,,,,,,,
附件类型,其他,NULL,68,68,8 Pin Threaded M12/Euro-Style Cordset-Single Ended,,,,,,,,,,
Supply Voltage DC Max,其他,NULL,68,68,-,,,,,,,,,,
过滤,其他,NULL,68,68,-,,,,,,,,,,
Lamp-Wattage,其他,NULL,68,68,-,,,,,,,,,,
Construction,其他,NULL,68,68,Aluminum Cylindrical Can,,,,,,,,,,
容值,其他,NULL,68,68,0.22F,,,,,,,,,,
配置,其他,NULL,68,68,-,,,,,,,,,,
电容比Capacitance ratio,其他,NULL,68,68,1.23-1.33,,,,,,,,,,
Reel-Capacity,其他,NULL,68,68,-,,,,,,,,,,
@反向电压VR@Reverse Voltage,其他,NULL,68,68,10V,,,,,,,,,,
Power Dissipation,其他,NULL,68,68,0.5 W,,,,,,,,,,
频率Frequency,其他,NULL,67,67,0.1GHz~1.92GHz,,,,,,,,,,
Supply Voltage DC Min,其他,NULL,67,67,-,,,,,,,,,,
Switch Terminals,其他,NULL,67,67,-,,,,,,,,,,
基极电压,其他,NULL,67,67,-30V,,,,,,,,,,
基极输入电阻R1 Input Resistance(R1),其他,NULL,67,67,0.47KΩ/Ohm,,,,,,,,,,
Contact-Plating,其他,NULL,66,66,-,,,,,,,,,,
Width,其他,NULL,66,66,-,,,,,,,,,,
开关功能,其他,NULL,66,66,(ON) - OFF - (ON),,,,,,,,,,
输入电压VINInput Voltage,其他,NULL,66,66,0.9〜10V,,,,,,,,,,
端子类型,其他,NULL,66,66,-,,,,,,,,,,
震荡频率FOSCOscillation Frequency,其他,NULL,65,65,1.2MHz,,,,,,,,,,
Height,其他,NULL,65,65,-,,,,,,,,,,
封装规格,其他,NULL,65,65,-,,,,,,,,,,
屏幕对角线尺寸,其他,NULL,65,65,-,,,,,,,,,,
Supplier-Device-Package,其他,NULL,65,65,*,,,,,,,,,,
商品目录,其他,NULL,65,65,74系列逻辑芯片,,,,,,,,,,
平均整流电流IoAverage Rectified Current,其他,NULL,65,65,1.1A,,,,,,,,,,
Current - Output 6,其他,NULL,65,65,1 A,,,,,,,,,,
二极管类型,其他,NULL,64,64,PIN - 1 对串联,,,,,,,,,,
Package Height,其他,NULL,64,64,0.1,,,,,,,,,,
可视范围,其他,NULL,64,64,-,,,,,,,,,,
Military,其他,NULL,63,63,No,,,,,,,,,,
Manufacturer,其他,NULL,63,63,AKM Semiconductor Inc.,,,,,,,,,,
Sensing Range Max,其他,NULL,63,63,-,,,,,,,,,,
不同 Vr、F 时电容,其他,NULL,62,62,-,,,,,,,,,,
"Range, Measurement",其他,NULL,62,62,0 - 10 m,,,,,,,,,,
Shell-Size-MIL,其他,NULL,62,62,-,,,,,,,,,,
功率,其他,NULL,62,62,0.6W,,,,,,,,,,
Wire Size,其他,NULL,61,61,#14-3/0 AWG (Al/Cu),,,,,,,,,,
控制方式MODE,其他,NULL,61,61,PFM,,,,,,,,,,
连接器主体材料,其他,NULL,61,61,-,,,,,,,,,,
Product Dimensions,其他,NULL,61,61,1.6 x 0.8 x 0.8,,,,,,,,,,
电压 - 供电,其他,NULL,61,61,-,,,,,,,,,,
电压 - DC 反向 (Vr)（最大值）,其他,NULL,60,60,100 V,,,,,,,,,,
电流 - 平均整流 (Io),其他,NULL,60,60,-,,,,,,,,,,
电缆类型,其他,NULL,60,60,-,,,,,,,,,,
输出电压VOUTOutput Voltage,其他,NULL,60,60,0.9~6V,,,,,,,,,,
工作温度 - 结,其他,NULL,60,60,-40°C ~ 150°C,,,,,,,,,,
Contact Current Max,其他,NULL,60,60,-,,,,,,,,,,
Category,其他,NULL,60,60,Active Tapped Delay Line,,,,,,,,,,
不同温度时使用寿命,其他,NULL,59,59,-,,,,,,,,,,
反向击穿电压VBRBreakdown Voltage,其他,NULL,59,59,10V,,,,,,,,,,
Contact Voltage DC Nom,其他,NULL,59,59,-,,,,,,,,,,
显示模式,其他,NULL,59,59,-,,,,,,,,,,
极化,其他,NULL,59,59,-,,,,,,,,,,
极性Polarization,其他,NULL,59,59,共阳极单向 Unidirectional,,,,,,,,,,
Actuator Type,其他,NULL,59,59,Angled,,,,,,,,,,
ESR（等效串联电阻）,其他,NULL,59,59,-,,,,,,,,,,
Contact Voltage AC Nom,其他,NULL,59,59,-,,,,,,,,,,
Power Rating,其他,NULL,58,58,-,,,,,,,,,,
Switch Operation,其他,NULL,58,58,(On),,,,,,,,,,
Operating-Temperature-Range,其他,NULL,57,57,-,,,,,,,,,,
Voltage-Supply,其他,NULL,57,57,-,,,,,,,,,,
背光,其他,NULL,57,57,CCFL,,,,,,,,,,
Connector-Usage,其他,NULL,57,57,-,,,,,,,,,,
电流额定值,其他,NULL,56,56,-,,,,,,,,,,
Contact-Layout-Typical,其他,NULL,56,56,-,,,,,,,,,,
基极-发射极输入电阻R2 Base-Emitter Resistance(R2),其他,NULL,55,55,10KΩ/Ohm,,,,,,,,,,
电压 - 电源,其他,NULL,55,55,-,,,,,,,,,,
电缆组,其他,NULL,55,55,-,,,,,,,,,,
Light Source,其他,NULL,55,55,Infrared LED,,,,,,,,,,
峰值脉冲耗散功率PPPMPeak Pulse Power Dissipation,其他,NULL,55,55,100W,,,,,,,,,,
电流 - 输出 6,其他,NULL,55,55,1 A,,,,,,,,,,
Contact Voltage AC Max,其他,NULL,55,55,-,,,,,,,,,,
Part # Aliases,其他,NULL,55,55,0010897643,,,,,,,,,,
Sensor Output,其他,NULL,55,55,-,,,,,,,,,,
Mating-Style,其他,NULL,55,55,Anti Decoupling Spring,,,,,,,,,,
额定电压 - AC,其他,NULL,55,55,-,,,,,,,,,,
照明电压（标称值）,其他,NULL,54,54,-,,,,,,,,,,
输出电流IOUTOutput Current,其他,NULL,54,54,"0.9mA,60uA",,,,,,,,,,
图形颜色,其他,NULL,54,54,-,,,,,,,,,,
背景颜色,其他,NULL,54,54,-,,,,,,,,,,
触摸屏,其他,NULL,54,54,-,,,,,,,,,,
触头镀层,其他,NULL,54,54,-,,,,,,,,,,
Rated Voltage,其他,NULL,54,54,100VDC / 100VAC,,,,,,,,,,
电路,其他,NULL,54,54,-,,,,,,,,,,
点像素,其他,NULL,54,54,128 x 128,,,,,,,,,,
电阻比(R1/R2) Resistance Ratio,其他,NULL,54,54,0.047,,,,,,,,,,
电源电流Current - Supply,其他,NULL,53,53,0.4mV,,,,,,,,,,
Class,其他,NULL,53,53,*,,,,,,,,,,
Contact Type,其他,NULL,53,53,Pin,,,,,,,,,,
兼容工具,其他,NULL,53,53,"11-31-6379, 62100-0100",,,,,,,,,,
要求,其他,NULL,53,53,触点块,,,,,,,,,,
Contact Current AC Max,其他,NULL,53,53,-,,,,,,,,,,
增益Gain,其他,NULL,53,53,-3.5dB,,,,,,,,,,
Response-Time,其他,NULL,52,52,*,,,,,,,,,,
Power-Consumption,其他,NULL,52,52,1.3 VA,,,,,,,,,,
误差Tolerance,其他,NULL,52,52,10%,,,,,,,,,,
表面贴装焊盘尺寸,其他,NULL,52,52,-,,,,,,,,,,
IP / NEMA Rating,其他,NULL,52,52,-,,,,,,,,,,
IIP3,其他,NULL,51,51,12 dBm,,,,,,,,,,
衰减值,其他,NULL,51,51,-,,,,,,,,,,
Description,其他,NULL,51,51,16 states,,,,,,,,,,
Cable-Opening,其他,NULL,51,51,-,,,,,,,,,,
P1dB,其他,NULL,51,51,-1.5dBm,,,,,,,,,,
Diameter-Outside,其他,NULL,51,51,-,,,,,,,,,,
动作力,技术参数,dongZuoLi,51,51,1.00,,,,,,,,,,
Breaking-Capacity-Rated-Voltage,其他,NULL,51,51,*,,,,,,,,,,
平均整流电流IoAverAge Rectified Current,其他,NULL,51,51,0.1A/100mA,,,,,,,,,,
Mode,其他,NULL,50,50,-,,,,,,,,,,
Contact Form,其他,NULL,50,50,1 Form C,,,,,,,,,,
存储/冷藏温度,其他,NULL,50,50,-,,,,,,,,,,
保质期,其他,NULL,50,50,-,,,,,,,,,,
保质期起始日期,其他,NULL,50,50,-,,,,,,,,,,
Package Width,其他,NULL,50,50,124.5,,,,,,,,,,
Switching-Voltage,其他,NULL,50,50,-,,,,,,,,,,
反向漏电流Ir,其他,NULL,50,50,0.1mA,,,,,,,,,,
噪声系数Noise Figure,其他,NULL,49,49,1.2dB,,,,,,,,,,
NEMA Type,其他,NULL,49,49,12K,,,,,,,,,,
Insertion Loss Min,其他,NULL,49,49,0.1 dB,,,,,,,,,,
Frequency Range Min,其他,NULL,49,49,0.009 MHz,,,,,,,,,,
Contact Voltage DC Max,其他,NULL,49,49,-,,,,,,,,,,
Frequency Range Max,其他,NULL,49,49,1000 MHz,,,,,,,,,,
反向恢复时间 (trr),其他,NULL,48,48,150 ns,,,,,,,,,,
Module-Size-W-x-H-x-T,其他,NULL,48,48,116 mm x 37 mm x 11 mm,,,,,,,,,,
转换至（适配器端）,其他,NULL,48,48,-,,,,,,,,,,
毫烛光等级,其他,NULL,48,48,-,,,,,,,,,,
Pole Throw Configuration,其他,NULL,48,48,1P1T (SPST),,,,,,,,,,
单位重量,其他,NULL,48,48,0.001 mg,,,,,,,,,,
波长 - 峰值,其他,NULL,48,48,-,,,,,,,,,,
转换自（适配器端）,其他,NULL,48,48,-,,,,,,,,,,
Insertion Loss Max,其他,NULL,47,47,0.35 dB,,,,,,,,,,
Contact Current DC Max,其他,NULL,47,47,-,,,,,,,,,,
Fake Threat In the Open Market,其他,NULL,47,47,28 pct.,,,,,,,,,,
电气寿命,其他,NULL,47,47,-,,,,,,,,,,
Class-Code,其他,NULL,47,47,-,,,,,,,,,,
Capacity,其他,NULL,47,47,1 GB,,,,,,,,,,
安装,其他,NULL,47,47,Surface Mount,,,,,,,,,,
장착 스타일,其他,NULL,47,47,Cable,,,,,,,,,,
Win Source Part Number,其他,NULL,47,47,061508-PI3A3160ZEEX,,,,,,,,,,
介电材料,其他,NULL,46,46,-,,,,,,,,,,
Tool-Type,其他,NULL,46,46,-,,,,,,,,,,
不同低频时纹波电流,其他,NULL,46,46,1.02 A @ 100 Hz,,,,,,,,,,
极数,其他,NULL,46,46,-,,,,,,,,,,
触头表面处理,其他,NULL,46,46,-,,,,,,,,,,
板类型,其他,NULL,46,46,单板计算机,,,,,,,,,,
额定电压 - DC,其他,NULL,46,46,-,,,,,,,,,,
透镜颜色,其他,NULL,46,46,-,,,,,,,,,,
No. of Switch Positions,其他,NULL,45,45,-,,,,,,,,,,
Key-Removable-Positions,其他,NULL,45,45,1 and 180°,,,,,,,,,,
Resolution,其他,NULL,45,45,&lt; 2 mm,,,,,,,,,,
Unit Weight,其他,NULL,45,45,0.000011 oz,,,,,,,,,,
Product Category,其他,NULL,45,45,Basic / Snap Action Switches,,,,,,,,,,
Hardware,其他,NULL,45,45,-,,,,,,,,,,
透镜透明度,其他,NULL,44,44,-,,,,,,,,,,
Moisture Sensitivity Level(MSL),其他,NULL,44,44,3(168 Hours),,,,,,,,,,
触头镀层厚度,其他,NULL,44,44,-,,,,,,,,,,
Semiconductor structure,其他,NULL,44,44,anode stud,,,,,,,,,,
Frequency Max,其他,NULL,44,44,0.954 GHz,,,,,,,,,,
Pd-Power-Dissipation,其他,NULL,44,44,-,,,,,,,,,,
恢复后的壁厚,其他,NULL,43,43,0.016&quot;（0.41mm）,,,,,,,,,,
最高工作温度,其他,NULL,43,43,+125 °C,,,,,,,,,,
SCHEDULE B,其他,NULL,43,43,3923500000,,,,,,,,,,
Number-of-Channels,其他,NULL,43,43,1 Channel,,,,,,,,,,
收缩率,其他,NULL,43,43,2 至 1,,,,,,,,,,
额定耗散功率PdPower dissipation,其他,NULL,43,43,0.15W/150mW,,,,,,,,,,
触头表面处理厚度,其他,NULL,43,43,-,,,,,,,,,,
内径 - 出厂,其他,NULL,43,43,0.046&quot;（1.17mm）,,,,,,,,,,
断路器类型,其他,NULL,43,43,-,,,,,,,,,,
收缩温度,其他,NULL,43,43,120°C,,,,,,,,,,
Case/Package,其他,NULL,43,43,1.02 mm,,,,,,,,,,
HTSN,其他,NULL,42,42,3923500000,,,,,,,,,,
基体材料,其他,NULL,42,42,-,,,,,,,,,,
Viewing-Area-W-x-H,其他,NULL,42,42,103 mm x 79 mm,,,,,,,,,,
内径 - 恢复后,其他,NULL,42,42,0.024&quot;（0.61mm）,,,,,,,,,,
Angle of Throw,其他,NULL,42,42,-,,,,,,,,,,
机械寿命,其他,NULL,42,42,-,,,,,,,,,,
Fiber Cable Type,其他,NULL,41,41,Duplex,,,,,,,,,,
商品毛重,其他,NULL,41,41,0.000040kg,,,,,,,,,,
MIL 类型,其他,NULL,41,41,MIL-DTL-26482 I,,,,,,,,,,
Response Time,其他,NULL,41,41,&lt; 400 ms,,,,,,,,,,
功率 - 最大值,其他,NULL,41,41,-,,,,,,,,,,
Power-supply voltage,其他,NULL,41,41,-,,,,,,,,,,
Isolation Max,其他,NULL,41,41,25 dB,,,,,,,,,,
Filter-Type,其他,NULL,40,40,-,,,,,,,,,,
Fluid-Type,其他,NULL,40,40,FSTN,,,,,,,,,,
最低工作温度,其他,NULL,40,40,-10°C,,,,,,,,,,
Mating Style,其他,NULL,40,40,Bayonet,,,,,,,,,,
Display-Mode,其他,NULL,40,40,Reflective,,,,,,,,,,
Isolation Min,其他,NULL,40,40,14 dB,,,,,,,,,,
电缆直径,其他,NULL,40,40,-,,,,,,,,,,
（先选择，然后应用筛选条件）兼容系列,其他,NULL,40,40,Airpax，22.5 金属,,,,,,,,,,
Number-of-Positions-Loaded,其他,NULL,40,40,-,,,,,,,,,,
操作系统,其他,NULL,39,39,-,,,,,,,,,,
备注,其他,NULL,39,39,-,,,,,,,,,,
透镜尺寸,其他,NULL,39,39,-,,,,,,,,,,
Specifications,其他,NULL,39,39,-,,,,,,,,,,
Qualification,其他,NULL,39,39,AEC-Q200,,,,,,,,,,
Background-Color,其他,NULL,39,39,Gray,,,,,,,,,,
Frequency Min,其他,NULL,39,39,0 GHz,,,,,,,,,,
Requires,其他,NULL,39,39,-,,,,,,,,,,
性别,其他,NULL,39,39,F,,,,,,,,,,
Memory-Size,其他,NULL,39,39,-,,,,,,,,,,
身体上的取向,其他,NULL,39,39,Right Angle,,,,,,,,,,
基体表面,其他,NULL,39,39,-,,,,,,,,,,
输出数和类型,其他,NULL,38,38,-,,,,,,,,,,
中心触头镀层,其他,NULL,38,38,-,,,,,,,,,,
Connector Colour,其他,NULL,38,38,-,,,,,,,,,,
Application,其他,NULL,38,38,-,,,,,,,,,,
-Select-First-Then-Apply-Filters-Compatible-Series,其他,NULL,38,38,-,,,,,,,,,,
Number of Poles,其他,NULL,38,38,1,,,,,,,,,,
Sensing Mode,其他,NULL,38,38,Background Suppression,,,,,,,,,,
Number-of-Circuits,其他,NULL,38,38,1,,,,,,,,,,
Mounting Angle,其他,NULL,38,38,45 Deg,,,,,,,,,,
输入数和类型,其他,NULL,38,38,-,,,,,,,,,,
Termination-Finish-Thickness,其他,NULL,37,37,-,,,,,,,,,,
Ratings,其他,NULL,37,37,-,,,,,,,,,,
最大耗散功率PdPower Dissipation,其他,NULL,37,37,100mW/0.1W,,,,,,,,,,
Character-Count-x-Line,其他,NULL,37,37,16 x 1,,,,,,,,,,
厚度（最大值）,其他,NULL,37,37,-,,,,,,,,,,
Memory-Type,其他,NULL,37,37,-,,,,,,,,,,
No. of Poles,其他,NULL,37,37,-,,,,,,,,,,
Core-Processor,其他,NULL,37,37,AVR,,,,,,,,,,
Voltage Rating VAC,其他,NULL,37,37,-,,,,,,,,,,
频率 - 最大值,其他,NULL,37,37,11 GHz,,,,,,,,,,
Dropout Voltage,其他,NULL,37,37,&lt; 0.5 V,,,,,,,,,,
Maximum Operating Temperature (°C),其他,NULL,37,37,100,,,,,,,,,,
Coil-Current,其他,NULL,37,37,-,,,,,,,,,,
高度（最大值）,其他,NULL,37,37,0.009&quot;（0.24mm）,,,,,,,,,,
引线样式,其他,NULL,36,36,-,,,,,,,,,,
타입,其他,NULL,36,36,Breakaway,,,,,,,,,,
功率（W）,其他,NULL,36,36,-,,,,,,,,,,
Backlight-Type,其他,NULL,36,36,LED,,,,,,,,,,
正向电流If,其他,NULL,36,36,1.5A,,,,,,,,,,
Product-Type,其他,NULL,36,36,Aircraft Limiter,,,,,,,,,,
Relay-Type,其他,NULL,36,36,-,,,,,,,,,,
位置数量,其他,NULL,36,36,-,,,,,,,,,,
反向电压Vr,其他,NULL,36,36,1000V,,,,,,,,,,
包装规格,其他,NULL,35,35,10 inch Dia. reel,,,,,,,,,,
操作力,其他,NULL,35,35,-,,,,,,,,,,
封装 / 箱体,其他,NULL,35,35,DFN-8,,,,,,,,,,
外壳类型,其他,NULL,35,35,45 Deg,,,,,,,,,,
종단 스타일,其他,NULL,35,35,Axial,,,,,,,,,,
技术,其他,NULL,35,35,-,,,,,,,,,,
正向电压Vf,其他,NULL,35,35,0.55V,,,,,,,,,,
触头尺寸,其他,NULL,35,35,-,,,,,,,,,,
释放力,其他,NULL,34,34,-,,,,,,,,,,
预行程,其他,NULL,34,34,-,,,,,,,,,,
Last Purchase Order Date,其他,NULL,34,34,2011/03/30 0:00:00,,,,,,,,,,
Sensitivity,其他,NULL,34,34,-,,,,,,,,,,
最大正向电压降VFForward Voltage(Vf),其他,NULL,34,34,0.37V/370mV,,,,,,,,,,
Coil-Resistance,其他,NULL,34,34,1 Ohms,,,,,,,,,,
超程,其他,NULL,34,34,-,,,,,,,,,,
Last Shipment Date,其他,NULL,34,34,2011/09/30 0:00:00,,,,,,,,,,
Control-Voltage-Range,其他,NULL,34,34,100 VAC 110 VAC 120 VAC,,,,,,,,,,
Viewing angle,其他,NULL,34,34,120°,,,,,,,,,,
电流,其他,NULL,34,34,-,,,,,,,,,,
Housing Style,其他,NULL,34,34,Base,,,,,,,,,,
Load-Current-Rating,其他,NULL,34,34,2 A to 8 A,,,,,,,,,,
差动行程,其他,NULL,34,34,-,,,,,,,,,,
Frequency Range,其他,NULL,34,34,0Hz,,,,,,,,,,
Discontinue Issue Date,其他,NULL,34,34,2010/08/06 0:00:00,,,,,,,,,,
LED colour,其他,NULL,33,33,RGB,,,,,,,,,,
适配器系列,其他,NULL,33,33,-,,,,,,,,,,
工作位置,其他,NULL,33,33,-,,,,,,,,,,
Recommended Alternate Part No.,其他,NULL,33,33,B25667C2317A175,,,,,,,,,,
No. of Positions,其他,NULL,33,33,15Positions,,,,,,,,,,
转换类型,其他,NULL,33,33,-,,,,,,,,,,
适配器类型,其他,NULL,33,33,-,,,,,,,,,,
Housing Color,其他,NULL,32,32,Black,,,,,,,,,,
第 2 连接器公母,其他,NULL,32,32,-,,,,,,,,,,
Contact-Rating-Current,其他,NULL,32,32,-,,,,,,,,,,
第 1 连接器外壳尺寸 - 插入,其他,NULL,32,32,-,,,,,,,,,,
Number-of-Columns,其他,NULL,32,32,-,,,,,,,,,,
第 2 连接器安装类型,其他,NULL,32,32,-,,,,,,,,,,
不同频率时 Q 值,其他,NULL,32,32,-,,,,,,,,,,
Turn-On-Voltage-Max,其他,NULL,32,32,-,,,,,,,,,,
Release-Time,其他,NULL,32,32,-,,,,,,,,,,
第 2 连接器针位数,其他,NULL,32,32,-,,,,,,,,,,
第 1 连接器安装类型,其他,NULL,32,32,-,,,,,,,,,,
Dimension,其他,NULL,32,32,1.65 x 1.27 mm,,,,,,,,,,
Fuse Current,其他,NULL,32,32,1.6A,,,,,,,,,,
Turn-Off-Voltage-Min,其他,NULL,32,32,-,,,,,,,,,,
第 1 连接器针位数,其他,NULL,32,32,-,,,,,,,,,,
第 2 连接器外壳尺寸 - 插入,其他,NULL,32,32,-,,,,,,,,,,
Interface-Type,其他,NULL,32,32,2-wire,,,,,,,,,,
Operate-Time,其他,NULL,32,32,-,,,,,,,,,,
组装配置,其他,NULL,32,32,-,,,,,,,,,,
电缆材料,其他,NULL,32,32,-,,,,,,,,,,
Switch Configuration,其他,NULL,32,32,(On) Off,,,,,,,,,,
第 1 连接器类型,其他,NULL,32,32,-,,,,,,,,,,
外壳大小,其他,NULL,32,32,10,,,,,,,,,,
第 1 连接器方向,其他,NULL,32,32,-,,,,,,,,,,
第 1 连接器安装针位数,其他,NULL,32,32,-,,,,,,,,,,
端接方式,其他,NULL,32,32,Solder,,,,,,,,,,
第 1 连接器公母,其他,NULL,32,32,-,,,,,,,,,,
第 2 连接器类型,其他,NULL,32,32,-,,,,,,,,,,
第 2 连接器安装针位数,其他,NULL,32,32,-,,,,,,,,,,
第 2 连接器方向,其他,NULL,32,32,-,,,,,,,,,,
频率 - 自谐振,其他,NULL,31,31,-,,,,,,,,,,
Terminal-Type,其他,NULL,31,31,"Butt Splice, Closed End, Individual Openings",,,,,,,,,,
Protection Class,其他,NULL,31,31,-,,,,,,,,,,
电感频率 - 测试,其他,NULL,31,31,1 MHz,,,,,,,,,,
每行字符数,其他,NULL,31,31,-,,,,,,,,,,
材料 - 磁芯,其他,NULL,31,31,-,,,,,,,,,,
照明颜色,其他,NULL,31,31,-,,,,,,,,,,
Blow Characteristic,其他,NULL,31,31,-,,,,,,,,,,
MIL 타입,其他,NULL,31,31,MIL-DTL-26482 I,,,,,,,,,,
Transistor-Polarity,其他,NULL,31,31,N-Channel,,,,,,,,,,
Output Current,其他,NULL,31,31,-,,,,,,,,,,
通信,其他,NULL,31,31,-,,,,,,,,,,
Form-Factor,其他,NULL,31,31,-,,,,,,,,,,
Terminal Type,其他,NULL,31,31,Button Type,,,,,,,,,,
集电极耗散,其他,NULL,31,31,0.5W,,,,,,,,,,
DC 电阻 (DCR),其他,NULL,31,31,0.22 毫欧,,,,,,,,,,
尺寸,其他,NULL,30,30,-,,,,,,,,,,
tf,其他,NULL,30,30,0.03 ns,,,,,,,,,,
触头外形,其他,NULL,30,30,-,,,,,,,,,,
Ethernet,其他,NULL,30,30,10/100/1000 Mbps,,,,,,,,,,
Sensor Input,其他,NULL,30,30,Inductive,,,,,,,,,,
Modulation-or-Protocol,其他,NULL,30,30,-,,,,,,,,,,
Note,其他,NULL,30,30,-,,,,,,,,,,
复位门限(V),其他,NULL,30,30,2.63,,,,,,,,,,
LED current,其他,NULL,30,30,150mA,,,,,,,,,,
配接次数,其他,NULL,30,30,-,,,,,,,,,,
Standard Package Name,其他,NULL,30,30,BGA,,,,,,,,,,
电压额定值 AC,其他,NULL,30,30,125 VAC,,,,,,,,,,
电流 - 饱和 （Isat）,其他,NULL,30,30,-,,,,,,,,,,
Power-Output,其他,NULL,30,30,-,,,,,,,,,,
传感器输出1,其他,NULL,30,30,-,,,,,,,,,,
Data-Rate-Max,其他,NULL,30,30,-,,,,,,,,,,
Temp.min.,其他,NULL,30,30,-40°C,,,,,,,,,,
频率范围,其他,NULL,30,30,-,,,,,,,,,,
Temp.max.,其他,NULL,30,30,70 °C,,,,,,,,,,
关断功能,其他,NULL,30,30,No,,,,,,,,,,
Description-Function,其他,NULL,30,30,0.5 GHz to 4 GHz 13.5 dB Gain Evaluation Board,,,,,,,,,,
Minimum Operating Temperature (°C),其他,NULL,29,29,-10,,,,,,,,,,
Operating voltage,其他,NULL,29,29,1.6...1.8V,,,,,,,,,,
Contact-Gender,其他,NULL,29,29,Pin (Male),,,,,,,,,,
Base/Housing Material,其他,NULL,29,29,Diallyl/N/A,,,,,,,,,,
"Current, Consumption",其他,NULL,29,29,≤ 10 mA (without load),,,,,,,,,,
Fuse Size Imperial,其他,NULL,29,29,0.2&quot; x 0.79&quot;,,,,,,,,,,
钳位电压Vc,其他,NULL,29,29,10.4V,,,,,,,,,,
Maximum-Switching-Current,其他,NULL,29,29,1 A,,,,,,,,,,
Fuse Size Metric,其他,NULL,29,29,25mm x 92mm,,,,,,,,,,
限斜率(V/μs),其他,NULL,29,29,0.04,,,,,,,,,,
Design,其他,NULL,29,29,"Hinged Door, Lid",,,,,,,,,,
Shell-Finish-Thickness,其他,NULL,29,29,-,,,,,,,,,,
Length-Overall,其他,NULL,29,29,-,,,,,,,,,,
反向工作电压Vrwm,其他,NULL,29,29,10.2V,,,,,,,,,,
Popularity,其他,NULL,28,28,Low,,,,,,,,,,
tr,其他,NULL,28,28,0.06 ns,,,,,,,,,,
反向击穿电压Vbr,其他,NULL,28,28,100V,,,,,,,,,,
触点材料,其他,NULL,28,28,-,,,,,,,,,,
Supply and Demand Status,其他,NULL,28,28,Balance,,,,,,,,,,
外壳电镀,其他,NULL,28,28,Conductive Black Zinc,,,,,,,,,,
峰值脉冲电流Ipp,其他,NULL,28,28,12.7A,,,,,,,,,,
상표명,其他,NULL,28,28,26482,,,,,,,,,,
灯颜色,其他,NULL,28,28,-,,,,,,,,,,
点间距,其他,NULL,28,28,-,,,,,,,,,,
点尺寸,其他,NULL,28,28,-,,,,,,,,,,
Operating-Supply-Current,其他,NULL,28,28,0.3 mA,,,,,,,,,,
核心处理器,其他,NULL,28,28,-,,,,,,,,,,
正向浪涌电流Ifsm,其他,NULL,28,28,1000A,,,,,,,,,,
集电极耗散功率,其他,NULL,28,28,0.125~0.22W,,,,,,,,,,
网孔类型,其他,NULL,27,27,分叉系带式电缆握套,,,,,,,,,,
Actuator Style,其他,NULL,27,27,Coil Spring,,,,,,,,,,
Lens-Style-Size,其他,NULL,27,27,-,,,,,,,,,,
Number of pins,其他,NULL,27,27,12,,,,,,,,,,
眼型,其他,NULL,27,27,-,,,,,,,,,,
断裂强度,其他,NULL,27,27,-,,,,,,,,,,
捆扎长度,其他,NULL,27,27,-,,,,,,,,,,
认可,其他,NULL,27,27,-,,,,,,,,,,
插损,其他,NULL,27,27,-,,,,,,,,,,
Contacts Supplied,其他,NULL,27,27,No,,,,,,,,,,
触头端接,其他,NULL,27,27,-,,,,,,,,,,
放大器类型,其他,NULL,27,27,-,,,,,,,,,,
MeltingI2t,其他,NULL,27,27,*,,,,,,,,,,
低电平复位,其他,NULL,27,27,√,,,,,,,,,,
中心触头材料,其他,NULL,27,27,-,,,,,,,,,,
Contacts configuration,其他,NULL,27,27,NC + NO,,,,,,,,,,
测试频率Test Frequency,其他,NULL,27,27,0.7mA,,,,,,,,,,
Format-Memory,其他,NULL,27,27,-,,,,,,,,,,
栅源极击穿电压V(BR)GSGate-Source Voltage,其他,NULL,27,27,-20v,,,,,,,,,,
网孔长度,其他,NULL,27,27,10&quot;,,,,,,,,,,
Cable Diameter Max,其他,NULL,26,26,-,,,,,,,,,,
Test Frequency,其他,NULL,26,26,1 kHz,,,,,,,,,,
Core-Size,其他,NULL,26,26,11 x 7,,,,,,,,,,
压摆率,其他,NULL,26,26,-,,,,,,,,,,
HTS,其他,NULL,26,26,8207306062,,,,,,,,,,
Connector,其他,NULL,26,26,USB 2.0,,,,,,,,,,
噪声电压(nV/√Hz) @1kHz,其他,NULL,26,26,12,,,,,,,,,,
关断电压Vgs(off)Gate-Source Cut-off Voltage,其他,NULL,26,26,-0.1V -- -1.5V,,,,,,,,,,
漏极电流(Vgs=0V)IDSSDrain Current,其他,NULL,26,26,0.001ma,,,,,,,,,,
每通道静态电流(μA),其他,NULL,26,26,16000,,,,,,,,,,
门源电压,其他,NULL,26,26,12V,,,,,,,,,,
漏源电压,其他,NULL,26,26,-30V,,,,,,,,,,
Tool-Is-For-Evaluation-Of,其他,NULL,26,26,AH322-S8G,,,,,,,,,,
USB,其他,NULL,26,26,2,,,,,,,,,,
偏置电流(pA),其他,NULL,26,26,0.5,,,,,,,,,,
典型复位脉宽(ms),其他,NULL,26,26,100~840,,,,,,,,,,
Body-Style,其他,NULL,26,26,Bulkhead,,,,,,,,,,
平台,其他,NULL,26,26,-,,,,,,,,,,
连续漏电流,其他,NULL,26,26,-2.6A,,,,,,,,,,
Operating temperature,其他,NULL,25,25,-15...80°C,,,,,,,,,,
Contactor series,其他,NULL,25,25,3RH10,,,,,,,,,,
内容,其他,NULL,25,25,板,,,,,,,,,,
Product type,其他,NULL,25,25,Automotive,,,,,,,,,,
灯类型,其他,NULL,25,25,-,,,,,,,,,,
反向峰值电压Vrrm,其他,NULL,25,25,100V,,,,,,,,,,
不同高频时纹波电流,其他,NULL,25,25,1.035 A @ 10 kHz,,,,,,,,,,
Measuring Range,其他,NULL,25,25,0 mm ... 0.8 mm,,,,,,,,,,
Fuse-Size-Group,其他,NULL,25,25,175E,,,,,,,,,,
Supported Device,其他,NULL,25,25,AD5170,,,,,,,,,,
必须释放电压,其他,NULL,25,25,-,,,,,,,,,,
截止频率fT Transtion Frequency(fT),其他,NULL,25,25,10GHZ,,,,,,,,,,
品牌,其他,NULL,25,25,Comchip,,,,,,,,,,
寿命,其他,NULL,25,25,1000000 Cycles,,,,,,,,,,
必须吸合电压,其他,NULL,25,25,-,,,,,,,,,,
IP 防护等级,其他,NULL,24,24,IP65,,,,,,,,,,
Frequency-Range,其他,NULL,24,24,1 GHz to 2 GHz,,,,,,,,,,
Resistance,其他,NULL,24,24,-,,,,,,,,,,
电缆直径最大值,其他,NULL,24,24,-,,,,,,,,,,
家庭,其他,NULL,24,24,0560,,,,,,,,,,
views,其他,NULL,24,24,11402,,,,,,,,,,
Contact Rating @ Voltage,其他,NULL,24,24,10 A,,,,,,,,,,
Shielded,其他,NULL,24,24,NO,,,,,,,,,,
Power dissipation,其他,NULL,24,24,0.5W,,,,,,,,,,
安装角,其他,NULL,24,24,Horizontal,,,,,,,,,,
Power supply,其他,NULL,24,24,"1 battery 1,5V LR03 (AAA)",,,,,,,,,,
漏源极电压Vds,其他,NULL,24,24,1200V,,,,,,,,,,
Voltage Rating V AC,其他,NULL,24,24,125V,,,,,,,,,,
Supported Device Technology,其他,NULL,24,24,ADC,,,,,,,,,,
连接器颜色,其他,NULL,24,24,-,,,,,,,,,,
IC   max,其他,NULL,24,24,100.0A,,,,,,,,,,
分类,其他,NULL,24,24,开关二极管,,,,,,,,,,
Transistor-Type,其他,NULL,24,24,1 N-Channel,,,,,,,,,,
Vds-Drain-Source-Breakdown-Voltage,其他,NULL,24,24,- 20 V,,,,,,,,,,
执行器,其他,NULL,24,24,Paddle,,,,,,,,,,
Supply-Voltage-Min,其他,NULL,24,24,0.9 V,,,,,,,,,,
Current,其他,NULL,24,24,-,,,,,,,,,,
Supply-Voltage-Max,其他,NULL,24,24,12 V,,,,,,,,,,
插入安排,其他,NULL,24,24,10-5,,,,,,,,,,
Forward voltage at If,其他,NULL,24,24,0.78V,,,,,,,,,,
Cavity-B,其他,NULL,23,23,-,,,,,,,,,,
温度系数(材质),其他,NULL,23,23,BX,,,,,,,,,,
Cavity-D,其他,NULL,23,23,-,,,,,,,,,,
Cavity-E,其他,NULL,23,23,-,,,,,,,,,,
Series Name,其他,NULL,23,23,BKW / BGG,,,,,,,,,,
Number-of-Cores,其他,NULL,23,23,1,,,,,,,,,,
Cavity-F,其他,NULL,23,23,-,,,,,,,,,,
Sealed,其他,NULL,23,23,-,,,,,,,,,,
输出电压VoVoltage - Output,其他,NULL,23,23,1.225V,,,,,,,,,,
Cavity-A,其他,NULL,23,23,-,,,,,,,,,,
Expansion-Site-Bus,其他,NULL,23,23,"LPC, PC/104",,,,,,,,,,
Supply-Current-Max,其他,NULL,23,23,1 uA,,,,,,,,,,
Watchdog-Timer,其他,NULL,23,23,-,,,,,,,,,,
Cavity-C,其他,NULL,23,23,-,,,,,,,,,,
不同 Vr 时电流 - 反向泄漏,其他,NULL,23,23,1 mA @ 30 V,,,,,,,,,,
Video-Outputs,其他,NULL,23,23,"CRT, DP, DVI, HDMI",,,,,,,,,,
MSL Level,其他,NULL,23,23,1,,,,,,,,,,
Cooling-Type,其他,NULL,23,23,Fan,,,,,,,,,,
Gain,其他,NULL,23,23,11.3 dB,,,,,,,,,,
VCE(sat)  max,其他,NULL,23,23,2.1 V,,,,,,,,,,
Pins,其他,NULL,23,23,176,,,,,,,,,,
RAM-Capacity-Installed,其他,NULL,23,23,16GB/0GB,,,,,,,,,,
输出电流IOUTCurrent - Output,其他,NULL,23,23,100mA/0.1A,,,,,,,,,,
RS-232-422-485,其他,NULL,23,23,2,,,,,,,,,,
Number-of-Poles,其他,NULL,23,23,1,,,,,,,,,,
Breaking Capacity Current AC,其他,NULL,23,23,1.5kA,,,,,,,,,,
Mounting Hole Size,其他,NULL,23,23,0.375&quot;,,,,,,,,,,
触点形式,其他,NULL,23,23,DPDT,,,,,,,,,,
额定接触（电流）,其他,NULL,23,23,10 A,,,,,,,,,,
技术文档PDF下载,其他,NULL,23,23,在线阅读,,,,,,,,,,
Id-Continuous-Drain-Current,其他,NULL,23,23,1 uA,,,,,,,,,,
Storage-Interface,其他,NULL,23,23,SATA 2.0 (2),,,,,,,,,,
开关电压,其他,NULL,23,23,240VAC，28VDC - 最大,,,,,,,,,,
Output-Type,其他,NULL,22,22,-,,,,,,,,,,
Footprint,其他,NULL,22,22,0.77 mm²,,,,,,,,,,
Voltage-Rated,其他,NULL,22,22,-,,,,,,,,,,
Fuse-Size,其他,NULL,22,22,-,,,,,,,,,,
Capacitance,其他,NULL,22,22,0.01 F,,,,,,,,,,
输入范围,其他,NULL,22,22,-200°C ~ 1820°C，-5 ~ 56mV,,,,,,,,,,
匹配样式,其他,NULL,22,22,-,,,,,,,,,,
Kit Contents,其他,NULL,22,22,-,,,,,,,,,,
电压额定值,其他,NULL,22,22,-,,,,,,,,,,
VGE(th)  min max,其他,NULL,22,22,3.0 V  5.0 V,,,,,,,,,,
LED version,其他,NULL,22,22,COB,,,,,,,,,,
电压 - 输入（最大值）,其他,NULL,22,22,10V,,,,,,,,,,
输出数Number of Outputs,其他,NULL,22,22,1,,,,,,,,,,
Fuseholder-Type,其他,NULL,22,22,Block,,,,,,,,,,
Electrical capacity,其他,NULL,22,22,0.1μF,,,,,,,,,,
ESD(kV),其他,NULL,22,22,3.5,,,,,,,,,,
GBP(MHz),其他,NULL,22,22,0.15,,,,,,,,,,
晶体管类型,其他,NULL,22,22,NPN,,,,,,,,,,
Shell 스타일,其他,NULL,22,22,Flange Mount,,,,,,,,,,
螺纹尺寸 - 公制,其他,NULL,22,22,-,,,,,,,,,,
Tpd(ns),其他,NULL,22,22,2.5~4.5,,,,,,,,,,
Vcc(V),其他,NULL,22,22,3.3~5,,,,,,,,,,
控制方法,其他,NULL,22,22,开/关，成比例（PID）,,,,,,,,,,
Number-of-Wire-Entries,其他,NULL,21,21,12,,,,,,,,,,
Enclosure Rating,其他,NULL,21,21,IP65,,,,,,,,,,
阴极电流Current - Cathode,其他,NULL,21,21,1mA,,,,,,,,,,
Insert-Arrangement,其他,NULL,21,21,10SL-3,,,,,,,,,,
电流 - 供电,其他,NULL,21,21,-,,,,,,,,,,
Viewing-Angle,其他,NULL,21,21,-,,,,,,,,,,
频率最大值(MHz),其他,NULL,21,21,16,,,,,,,,,,
Row-Spacing,其他,NULL,21,21,-,,,,,,,,,,
静态电流(μA),其他,NULL,21,21,&lt;1,,,,,,,,,,
连接器用途,其他,NULL,21,21,-,,,,,,,,,,
Type of meter,其他,NULL,21,21,3-phase power quality analyser,,,,,,,,,,
제품 카테고리,其他,NULL,21,21,Amplifiers - Power,,,,,,,,,,
Memory configuration,其他,NULL,21,21,-,,,,,,,,,,
集电极-发射极反向击穿电压V(BR)CEO  Collector-Emitter Voltage(VCEO),其他,NULL,21,21,-120V,,,,,,,,,,
RF 类型RF Type,其他,NULL,21,21,192MHz,,,,,,,,,,
集电极连续输出电流IC  Collector Current(IC),其他,NULL,21,21,-0.1A,,,,,,,,,,
Feature,其他,NULL,21,21,107.95mm,,,,,,,,,,
Stud-Tab-Size,其他,NULL,21,21,1/2 Stud,,,,,,,,,,
Width-Outer-Edges,其他,NULL,21,21,-,,,,,,,,,,
存储容量,其他,NULL,20,20,128K 字,,,,,,,,,,
작동 온도,其他,NULL,20,20,-20°C ~ 80°C,,,,,,,,,,
Number-of-Conductors,其他,NULL,20,20,11,,,,,,,,,,
耗散功率Pc  Power Dissipation,其他,NULL,20,20,0.15W,,,,,,,,,,
类型Type,其他,NULL,20,20,低端开关 low-side,,,,,,,,,,
Indicator-Style,其他,NULL,20,20,Discoloration,,,,,,,,,,
Shell 크기,其他,NULL,20,20,10,,,,,,,,,,
输入电压Voltage - Input,其他,NULL,20,20,1.24V~12V,,,,,,,,,,
电压 - 正向 (Vf)（典型值）,其他,NULL,20,20,1.25V,,,,,,,,,,
掉电比较器,其他,NULL,20,20,√,,,,,,,,,,
Rds-On-Drain-Source-Resistance,其他,NULL,20,20,0.25 Ohms,,,,,,,,,,
Thread Size - Imperial,其他,NULL,20,20,#4-40,,,,,,,,,,
回波损耗,其他,NULL,20,20,-,,,,,,,,,,
Digital-I-O-Lines,其他,NULL,20,20,16,,,,,,,,,,
直流电流增益hFE  DC Current Gain(hFE),其他,NULL,20,20,1000~2000,,,,,,,,,,
截止频率fT  Transtion Frequency(fT),其他,NULL,20,20,11GHZ,,,,,,,,,,
电源电流,其他,NULL,20,20,-,,,,,,,,,,
장착 Angle,其他,NULL,20,20,Horizontal,,,,,,,,,,
工作电流Icc典型值(μA),其他,NULL,20,20,12,,,,,,,,,,
최대 작동 온도,其他,NULL,20,20,105 C,,,,,,,,,,
封装类型,其他,NULL,20,20,5mm (T-1 3/4),,,,,,,,,,
集电极-基极反向击穿电压V(BR)CBO  Collector-Base Voltage(VCBO),其他,NULL,20,20,-120V,,,,,,,,,,
"Size, Thread",其他,NULL,20,20,M12 x 1,,,,,,,,,,
Mfr,其他,NULL,19,19,Advanced Micro Devices,,,,,,,,,,
不同 Ic、Vce 时 DC 电流增益 (hFE)（最小值）,其他,NULL,19,19,100 @ 100mA，1V,,,,,,,,,,
Clockfrequency,其他,NULL,19,19,1333 MHZ,,,,,,,,,,
Flash(KB),其他,NULL,19,19,128,,,,,,,,,,
RAM(KB),其他,NULL,19,19,16,,,,,,,,,,
ECC,其他,NULL,19,19,NO,,,,,,,,,,
Temp.coeff.,其他,NULL,19,19,15 ppm,,,,,,,,,,
Cable Diameter Min,其他,NULL,19,19,-,,,,,,,,,,
Wavelength-Peak,其他,NULL,19,19,-,,,,,,,,,,
WDT,其他,NULL,19,19,1,,,,,,,,,,
Core,其他,NULL,19,19,8051,,,,,,,,,,
"Length, Housing",其他,NULL,19,19,22 mm,,,,,,,,,,
Millicandela-Rating,其他,NULL,19,19,-,,,,,,,,,,
Max.oper.temp.,其他,NULL,19,19,125 °C,,,,,,,,,,
Operating Supply Voltage,其他,NULL,19,19,+/- 15 V,,,,,,,,,,
面板开口形状,其他,NULL,19,19,-,,,,,,,,,,
线规或范围 - AWG,其他,NULL,19,19,-,,,,,,,,,,
Thread Size - Metric,其他,NULL,19,19,-,,,,,,,,,,
Manufacturer Homepage,其他,NULL,19,19,www.akm.com,,,,,,,,,,
电流 - 集电极截止（最大值）,其他,NULL,19,19,-,,,,,,,,,,
Sensor Housing,其他,NULL,19,19,Cylindrical,,,,,,,,,,
螺纹尺寸 - 英制,其他,NULL,19,19,-,,,,,,,,,,
电压 - 集射极击穿（最大值）,其他,NULL,19,19,100 V,,,,,,,,,,
Mechanical mounting,其他,NULL,19,19,for cable,,,,,,,,,,
Min.oper.temp.,其他,NULL,19,19,-40 °C,,,,,,,,,,
滤波器类型,其他,NULL,19,19,-,,,,,,,,,,
ICpuls   max,其他,NULL,19,19,120.0A,,,,,,,,,,
电线长度,其他,NULL,19,19,18.8mm,,,,,,,,,,
Layout,其他,NULL,19,19,DIMM,,,,,,,,,,
Res.tolerance,其他,NULL,19,19,0.1 %,,,,,,,,,,
电流 - 集电极 (Ic)（最大值）,其他,NULL,19,19,1 A,,,,,,,,,,
导通电阻On-State Resistance,其他,NULL,19,19,0.3MHz-2.4GHz,,,,,,,,,,
Length (Max.) / mm,其他,NULL,19,19,105.7,,,,,,,,,,
Timer,其他,NULL,19,19,3,,,,,,,,,,
不同 Ib、Ic 时 Vce 饱和压降（最大值）,其他,NULL,19,19,1.5V @ 50mA，500mA,,,,,,,,,,
中心公母,其他,NULL,19,19,-,,,,,,,,,,
Power rating,其他,NULL,19,19,0.2 W,,,,,,,,,,
频率 - 跃迁,其他,NULL,19,19,-,,,,,,,,,,
Mating 스타일,其他,NULL,19,19,Bayonet,,,,,,,,,,
Core Material,其他,NULL,19,19,Ceramic,,,,,,,,,,
Registered,其他,NULL,19,19,NO,,,,,,,,,,
Thread Length,其他,NULL,19,19,19 mm,,,,,,,,,,
关闭时间(ns),其他,NULL,18,18,13,,,,,,,,,,
导通时间(ns),其他,NULL,18,18,11,,,,,,,,,,
Contact-Current-Rating,其他,NULL,18,18,1 A,,,,,,,,,,
电流 - IEC,其他,NULL,18,18,-,,,,,,,,,,
Max.oper.volt.,其他,NULL,18,18,150 V,,,,,,,,,,
Min. Sensing Object,其他,NULL,18,18,"Cross beam, 25 mm",,,,,,,,,,
线圈类型,其他,NULL,18,18,无锁存,,,,,,,,,,
Light Immunity,其他,NULL,18,18,"Direct: 100,000 lx (Sunlight)Indirect: 150,000 lx",,,,,,,,,,
带宽@-3dB (MHz),其他,NULL,18,18,120,,,,,,,,,,
Beam Spacing,其他,NULL,18,18,40 mm,,,,,,,,,,
Height-Above-Board,其他,NULL,18,18,-,,,,,,,,,,
面板厚度,其他,NULL,18,18,-,,,,,,,,,,
电流 - 输出,其他,NULL,18,18,10 mA,,,,,,,,,,
Filtered,其他,NULL,18,18,No,,,,,,,,,,
Lead Style,其他,NULL,18,18,Axial,,,,,,,,,,
전류 정격,其他,NULL,18,18,1 A,,,,,,,,,,
Fused,其他,NULL,18,18,No,,,,,,,,,,
电压 - IEC,其他,NULL,18,18,-,,,,,,,,,,
Temperature Range,其他,NULL,18,18,-10 to 70 °C,,,,,,,,,,
접촉 도금,其他,NULL,18,18,Gold,,,,,,,,,,
Input Type,其他,NULL,18,18,85-130 VAC,,,,,,,,,,
天线类型,其他,NULL,18,18,PCB 印制线,,,,,,,,,,
접촉 소재,其他,NULL,18,18,Brass,,,,,,,,,,
Forward Voltage,其他,NULL,18,18,0.6 V,,,,,,,,,,
Measurement,其他,NULL,18,18,"AC current, DC current, resistance, duty cycle",,,,,,,,,,
保险丝座，抽屉,其他,NULL,18,18,-,,,,,,,,,,
内置FETBuilt-in FET,其他,NULL,18,18,NMOS,,,,,,,,,,
Display,其他,NULL,18,18,5.7 inch Color TFT,,,,,,,,,,
输入高电平电压最小值(V),其他,NULL,18,18,1.5,,,,,,,,,,
节距,其他,NULL,18,18,-,,,,,,,,,,
Other Names,其他,NULL,18,18,"2156-GS9025ACQM,GENGNMGS9025ACQM",,,,,,,,,,
通道,其他,NULL,18,18,1,,,,,,,,,,
响应时间,其他,NULL,18,18,&lt;0.4 ms,,,,,,,,,,
电压 - UL,其他,NULL,18,18,-,,,,,,,,,,
CT Typ.,其他,NULL,18,18,0.1 pF,,,,,,,,,,
继电器类型,其他,NULL,18,18,机械式继电器,,,,,,,,,,
Includes,其他,NULL,18,18,-,,,,,,,,,,
Number of Beams,其他,NULL,18,18,≥ 12,,,,,,,,,,
数模空间,其他,NULL,18,18,1,,,,,,,,,,
GPIO(兼容5V),其他,NULL,18,18,0~65,,,,,,,,,,
For-Use-With,其他,NULL,18,18,12-14 AWG,,,,,,,,,,
CT Test Condition,其他,NULL,18,18,0 V,,,,,,,,,,
Coil-Termination,其他,NULL,18,18,Plug Pin,,,,,,,,,,
导通电阻(Ω),其他,NULL,18,18,0.4,,,,,,,,,,
Body dimensions,其他,NULL,18,18,106 x 64 x 34mm,,,,,,,,,,
电流 - UL,其他,NULL,18,18,-,,,,,,,,,,
输入低电平电压最大值(V),其他,NULL,18,18,0.5,,,,,,,,,,
Indication,其他,NULL,18,18,LED,,,,,,,,,,
Package / Case,其他,NULL,18,18,"14-CSOIC (0.250&quot;, 6.35mm Width)",,,,,,,,,,
For Use With/Related Products,其他,NULL,18,18,1/8&quot; (3.2mm) Thick PC Boards,,,,,,,,,,
电气连接,其他,NULL,17,17,3 引脚 M12 连接器,,,,,,,,,,
Vgs-Gate-Source-Voltage,其他,NULL,17,17,12 V,,,,,,,,,,
최소 작동 온도,其他,NULL,17,17,30 C,,,,,,,,,,
Number-of-Cable-Entries,其他,NULL,17,17,1 Entry,,,,,,,,,,
Type of connector,其他,NULL,17,17,F,,,,,,,,,,
Supply Voltage Max,其他,NULL,17,17,-,,,,,,,,,,
Top-Termination,其他,NULL,17,17,Screws,,,,,,,,,,
输出偏置电压(mV),其他,NULL,17,17,3,,,,,,,,,,
Operation,其他,NULL,17,17,(On)-Off,,,,,,,,,,
开关配置Circuit,其他,NULL,17,17,2*单刀单掷 2*SPST,,,,,,,,,,
检测范围,其他,NULL,17,17,0 → 1.2 m,,,,,,,,,,
Output-Voltage,其他,NULL,17,17,0.3 V,,,,,,,,,,
触点交流电压最大值,其他,NULL,17,17,110V,,,,,,,,,,
"Material, Element",其他,NULL,17,17,Aluminum Electrolytic,,,,,,,,,,
频率组,其他,NULL,17,17,SHF（f &gt; 4GHz）,,,,,,,,,,
密封等级,其他,NULL,17,17,-,,,,,,,,,,
最大直流电压,其他,NULL,17,17,230V,,,,,,,,,,
保险丝,其他,NULL,17,17,-,,,,,,,,,,
引脚或插座,其他,NULL,17,17,-,,,,,,,,,,
传感器样式,其他,NULL,17,17,叉形,,,,,,,,,,
频率（中心/带）,其他,NULL,17,17,1.575GHz,,,,,,,,,,
电源电压 直流 最小,其他,NULL,17,17,-,,,,,,,,,,
Alternate Keying,其他,NULL,17,17,normal (no rotation) position,,,,,,,,,,
触点电压 直流 最大,其他,NULL,17,17,24V,,,,,,,,,,
Bottom-Termination,其他,NULL,17,17,Closed,,,,,,,,,,
大小/尺寸,其他,NULL,17,17,-,,,,,,,,,,
Terminal-Block-Type,其他,NULL,17,17,Barrier Block,,,,,,,,,,
操作压力最大值,其他,NULL,17,17,-,,,,,,,,,,
Thread Size,其他,NULL,17,17,10-48,,,,,,,,,,
工具方法,其他,NULL,17,17,手动,,,,,,,,,,
摆角,其他,NULL,17,17,-,,,,,,,,,,
触点直流电流最大值,其他,NULL,17,17,10A,,,,,,,,,,
触点交流电流最大值,其他,NULL,17,17,10A,,,,,,,,,,
反向关断电压/工作电压VRWMReverse Standoff Voltage,其他,NULL,17,17,100V,,,,,,,,,,
电源电压 直流 最大,其他,NULL,17,17,-,,,,,,,,,,
检测类型,其他,NULL,17,17,Retro-Reflective,,,,,,,,,,
输出配置,其他,NULL,17,17,-,,,,,,,,,,
Barrier-Type,其他,NULL,17,17,-,,,,,,,,,,
Bezel Color,其他,NULL,17,17,Black,,,,,,,,,,
开关位置数,其他,NULL,17,17,2 Position,,,,,,,,,,
Thickness,其他,NULL,17,17,-,,,,,,,,,,
VSWR,其他,NULL,17,17,-,,,,,,,,,,
每 IC 通道数,其他,NULL,17,17,-,,,,,,,,,,
Cable-Entry-Angle,其他,NULL,17,17,Side Entry,,,,,,,,,,
Formed leads,其他,NULL,16,16,FORMED,,,,,,,,,,
Noise,其他,NULL,16,16,-,,,,,,,,,,
Noise Figure,其他,NULL,16,16,0.3 dB,,,,,,,,,,
C(N),其他,NULL,16,16,10 µF,,,,,,,,,,
Tolerance pos.,其他,NULL,16,16,20 %,,,,,,,,,,
Actuator Color,其他,NULL,16,16,Amber,,,,,,,,,,
"Time, Trip",其他,NULL,16,16,50 ms,,,,,,,,,,
Standards,其他,NULL,16,16,"ANSI-14A, IEC-LR14",,,,,,,,,,
Wavelength of red colour λd,其他,NULL,16,16,620-630nm,,,,,,,,,,
保险丝类型,其他,NULL,16,16,-,,,,,,,,,,
Rutronik size,其他,NULL,16,16,10x12 mm,,,,,,,,,,
电流 - 测试,其他,NULL,16,16,10mA,,,,,,,,,,
端子密封,其他,NULL,16,16,Epoxy,,,,,,,,,,
Switch Mounting,其他,NULL,16,16,Panel,,,,,,,,,,
光源,其他,NULL,16,16,LED,,,,,,,,,,
最大电流,其他,NULL,16,16,100 mA,,,,,,,,,,
실장형,其他,NULL,16,16,스루홀,,,,,,,,,,
Supply Voltage  Vd,其他,NULL,16,16,14 V,,,,,,,,,,
端口类型,其他,NULL,16,16,1/4&quot; NPT,,,,,,,,,,
Air-Flow,其他,NULL,16,16,-,,,,,,,,,,
匝数比,其他,NULL,16,16,1.1:1,,,,,,,,,,
Permis.T(A) min,其他,NULL,16,16,-25 °C,,,,,,,,,,
Bearing-Type,其他,NULL,16,16,-,,,,,,,,,,
Permiss.Ta max,其他,NULL,16,16,105 °C,,,,,,,,,,
Supp. case size,其他,NULL,16,16,"10x12,5 mm",,,,,,,,,,
不同 If 时电压 - 正向 (Vf),其他,NULL,16,16,1 V @ 1 A,,,,,,,,,,
连接器外壳尺寸,其他,NULL,16,16,-,,,,,,,,,,
Lifetime @Tamax,其他,NULL,16,16,1000 h,,,,,,,,,,
Kind of display used,其他,NULL,16,16,LCD,,,,,,,,,,
波长 - 主,其他,NULL,16,16,-,,,,,,,,,,
线规或范围 - mm²,其他,NULL,16,16,-,,,,,,,,,,
引线类型,其他,NULL,16,16,Gull Wing,,,,,,,,,,
Operating current max.,其他,NULL,16,16,100mA,,,,,,,,,,
RPM,其他,NULL,16,16,-,,,,,,,,,,
保持电流IHHolding current,其他,NULL,16,16,0.5mA,,,,,,,,,,
Inductance,其他,NULL,16,16,-,,,,,,,,,,
Illumination Color,其他,NULL,16,16,Blue,,,,,,,,,,
最大隔离电压,其他,NULL,16,16,1000 Vrms,,,,,,,,,,
压力测量类型,其他,NULL,16,16,绝对,,,,,,,,,,
Static-Pressure,其他,NULL,16,16,-,,,,,,,,,,
Fan-Type,其他,NULL,16,16,-,,,,,,,,,,
Current Rating (Max),其他,NULL,16,16,(41/22)/Contact(A),,,,,,,,,,
V(N),其他,NULL,16,16,10 V,,,,,,,,,,
td(off),其他,NULL,16,16,185.0ns,,,,,,,,,,
Cap. tol. neg,其他,NULL,16,16,-20 %,,,,,,,,,,
Features of semiconductor devices,其他,NULL,15,15,fast diode,,,,,,,,,,
基级电压,其他,NULL,15,15,-50V,,,,,,,,,,
Connector series,其他,NULL,15,15,CMC,,,,,,,,,,
执行器样式,其他,NULL,15,15,Paddle,,,,,,,,,,
频带数,其他,NULL,15,15,1,,,,,,,,,,
版本,其他,NULL,15,15,-,,,,,,,,,,
线圈绝缘,其他,NULL,15,15,-,,,,,,,,,,
螺纹尺寸,其他,NULL,15,15,#12-24,,,,,,,,,,
Resistance Measure Max,其他,NULL,15,15,-,,,,,,,,,,
感应范围最大值,其他,NULL,15,15,10m,,,,,,,,,,
媒体分发类型,其他,NULL,15,15,-,,,,,,,,,,
On-state current,其他,NULL,15,15,0.3@Ta=47CA,,,,,,,,,,
最大漏极电流Id(on)(A),其他,NULL,15,15,-0.63,,,,,,,,,,
Maximum Average Forward Rectified Current,其他,NULL,15,15,0.1 A,,,,,,,,,,
噪声系数,其他,NULL,15,15,-,,,,,,,,,,
Connector Type B,其他,NULL,15,15,-,,,,,,,,,,
电压 - 电源，单/双（±）,其他,NULL,15,15,-,,,,,,,,,,
通道极性,其他,NULL,15,15,N沟道,,,,,,,,,,
Wavelength of green colour λd,其他,NULL,15,15,515-525nm,,,,,,,,,,
Connector Type A,其他,NULL,15,15,-,,,,,,,,,,
Repetitive peak off-state current,其他,NULL,15,15,400V,,,,,,,,,,
Warranty,其他,NULL,15,15,1 Year,,,,,,,,,,
次级类型Type - Secondary,其他,NULL,15,15,LED,,,,,,,,,,
Contact plating,其他,NULL,15,15,GOLD,,,,,,,,,,
Coupling,其他,NULL,15,15,20 dB,,,,,,,,,,
工作电源电压,其他,NULL,15,15,2.7 V to 3.6 V,,,,,,,,,,
初级类型Type - Primary,其他,NULL,15,15,背光 Backlight,,,,,,,,,,
许可长度,其他,NULL,15,15,-,,,,,,,,,,
电压额定值 DC,其他,NULL,15,15,28 VDC,,,,,,,,,,
On-state voltage,其他,NULL,15,15,1.5@15AV,,,,,,,,,,
源漏极间雪崩电压VBR(V),其他,NULL,15,15,-20,,,,,,,,,,
Purpose of use,其他,NULL,15,15,BALLAST,,,,,,,,,,
Power Handling,其他,NULL,15,15,0.25 W,,,,,,,,,,
许可 - 用户明细,其他,NULL,15,15,-,,,,,,,,,,
峰值脉冲电流IPPmPeak Forward Surge Current,其他,NULL,15,15,1.2A,,,,,,,,,,
Supply voltage,其他,NULL,14,14,1.8...3.6V DC,,,,,,,,,,
RAM-Size,其他,NULL,14,14,1K x 8,,,,,,,,,,
Number-of-I-O,其他,NULL,14,14,16,,,,,,,,,,
Luminosity of green colour,其他,NULL,14,14,20mcd,,,,,,,,,,
列数,其他,NULL,14,14,-,,,,,,,,,,
Insertion-Loss,其他,NULL,14,14,-,,,,,,,,,,
结构,其他,NULL,14,14,3相,,,,,,,,,,
光学技术,其他,NULL,14,14,光电晶体管,,,,,,,,,,
Leakage current,其他,NULL,14,14,0.4uA,,,,,,,,,,
输出电压(V),其他,NULL,14,14,0.6~5,,,,,,,,,,
Bandwidth,其他,NULL,14,14,-,,,,,,,,,,
可燃性等级,其他,NULL,14,14,UL 94 V-0,,,,,,,,,,
Program-Memory-Size,其他,NULL,14,14,12KB (12K x 8),,,,,,,,,,
Con. design,其他,NULL,14,14,"CUT 3,5",,,,,,,,,,
Voltage Measure AC Max,其他,NULL,14,14,-,,,,,,,,,,
Program-Memory-Type,其他,NULL,14,14,FLASH,,,,,,,,,,
Peripherals,其他,NULL,14,14,"Brown-out Detect/Reset, POR, PWM, WDT",,,,,,,,,,
On-Resistance-Max,其他,NULL,14,14,100 Ohms,,,,,,,,,,
电压 - 输出（最大值）,其他,NULL,14,14,-,,,,,,,,,,
Current Measure AC Max,其他,NULL,14,14,-,,,,,,,,,,
显示字符 -  高度,其他,NULL,14,14,-,,,,,,,,,,
EEPROM-Size,其他,NULL,14,14,-,,,,,,,,,,
Actuator-Level,其他,NULL,14,14,"Flush, Recessed",,,,,,,,,,
Protection Style,其他,NULL,14,14,Molded,,,,,,,,,,
Data-Converters,其他,NULL,14,14,A/D 12x8/10b,,,,,,,,,,
Current rating,其他,NULL,14,14,0.5A,,,,,,,,,,
Screening Level,其他,NULL,14,14,Automotive,,,,,,,,,,
工作时间,其他,NULL,14,14,10 ms,,,,,,,,,,
Washable,其他,NULL,14,14,Yes,,,,,,,,,,
Operating-Frequency,其他,NULL,14,14,0.5 GHz to 6 GHz,,,,,,,,,,
电压 - 输出,其他,NULL,14,14,-,,,,,,,,,,
Length-Exposed-Ends,其他,NULL,14,14,0.157&quot; (4.00mm),,,,,,,,,,
Oscillator-Type,其他,NULL,14,14,External,,,,,,,,,,
Range,其他,NULL,14,14,-,,,,,,,,,,
Input Voltage,其他,NULL,14,14,-,,,,,,,,,,
Connectivity,其他,NULL,14,14,"I2C, LIN, SIO, UART/USART",,,,,,,,,,
Number-of-Switches,其他,NULL,14,14,1 Switch,,,,,,,,,,
RF 类型,其他,NULL,14,14,-,,,,,,,,,,
No. of Digits,其他,NULL,14,14,-,,,,,,,,,,
Input voltage,其他,NULL,14,14,12(±5%),,,,,,,,,,
输入类型,其他,NULL,14,14,-,,,,,,,,,,
Switch Function,其他,NULL,14,14,N.O.,,,,,,,,,,
IP rating,其他,NULL,14,14,IP57,,,,,,,,,,
触头布局，典型,其他,NULL,14,14,-,,,,,,,,,,
Connector-End-B,其他,NULL,14,14,D-Sub,,,,,,,,,,
Terminate To,其他,NULL,14,14,Coaxial Cable,,,,,,,,,,
Voltage Measure DC Max,其他,NULL,14,14,-,,,,,,,,,,
Maximum-Frequency,其他,NULL,14,14,-,,,,,,,,,,
Measuring range,其他,NULL,14,14,"0,001...2 psi",,,,,,,,,,
Luminosity of red colour,其他,NULL,14,14,100-150mcd,,,,,,,,,,
中性,其他,NULL,14,14,公型至公型,,,,,,,,,,
最大OCL电感,其他,NULL,14,14,0.075(Typ) mH,,,,,,,,,,
Product Group,其他,NULL,14,14,Amplifiers and Comparators,,,,,,,,,,
Characteristic,其他,NULL,14,14,C,,,,,,,,,,
Locking system,其他,NULL,14,14,"bayonet, external bayonet",,,,,,,,,,
手动复位输入,其他,NULL,14,14,Yes,,,,,,,,,,
Peak Reverse Voltage,其他,NULL,14,14,100 V,,,,,,,,,,
Module-Capacity,其他,NULL,14,14,-,,,,,,,,,,
存储器类型,其他,NULL,14,14,-,,,,,,,,,,
源漏极最大导通电阻rDS(on)(mΩ),其他,NULL,14,14,1.8,,,,,,,,,,
电压 - 输出（最小值/固定）,其他,NULL,14,14,-6V,,,,,,,,,,
DMM Functions,其他,NULL,14,14,-,,,,,,,,,,
Voltage-Supply-Vcc-Vdd,其他,NULL,14,14,1.8 V ~ 5.5 V,,,,,,,,,,
Formed pad,其他,NULL,14,14,NA,,,,,,,,,,
Surge Current,其他,NULL,14,14,0.5 A,,,,,,,,,,
控制特性,其他,NULL,13,13,-,,,,,,,,,,
公母,其他,NULL,13,13,-,,,,,,,,,,
棘轮,其他,NULL,13,13,无棘轮,,,,,,,,,,
Type of contactors accessories,其他,NULL,13,13,auxiliary contacts,,,,,,,,,,
Cable Gland Material,其他,NULL,13,13,-,,,,,,,,,,
IP/NEMA级别,其他,NULL,13,13,-,,,,,,,,,,
（首先选择，然后应用滤波器）兼容系列,其他,NULL,13,13,Airpax，22.5mm 塑料,,,,,,,,,,
Organization,其他,NULL,13,13,1 G x 8,,,,,,,,,,
Wavelength of blue colour λd,其他,NULL,13,13,460-475nm,,,,,,,,,,
Output voltage,其他,NULL,13,13,12,,,,,,,,,,
电缆直径最小值,其他,NULL,13,13,-,,,,,,,,,,
Lens-Transparency,其他,NULL,13,13,-,,,,,,,,,,
交货期,其他,NULL,13,13,168 Days,,,,,,,,,,
主体材料,其他,NULL,13,13,Metal,,,,,,,,,,
Contents,其他,NULL,13,13,-,,,,,,,,,,
Wire Gauge,其他,NULL,13,13,(1/0)(AWG),,,,,,,,,,
Lens-Color,其他,NULL,13,13,-,,,,,,,,,,
额定电流Current Rating,其他,NULL,13,13,0.2A,,,,,,,,,,
I(100kHz/105°C),其他,NULL,13,13,102 mA,,,,,,,,,,
端口数,其他,NULL,13,13,-,,,,,,,,,,
td(on),其他,NULL,13,13,160.0 ns,,,,,,,,,,
电缆出口角度,其他,NULL,13,13,-,,,,,,,,,,
If-Forward-Current,其他,NULL,13,13,0.57 A,,,,,,,,,,
Supplier Device Package,其他,NULL,13,13,10-DFN (3x3),,,,,,,,,,
Lead-Style,其他,NULL,13,13,-,,,,,,,,,,
用于测量,其他,NULL,13,13,压力（气体）,,,,,,,,,,
Lamp-Color,其他,NULL,13,13,-,,,,,,,,,,
Panel-Cutout-Shape,其他,NULL,13,13,Round,,,,,,,,,,
输出电压Voltage - Output,其他,NULL,13,13,1.2V ~ 5.5V,,,,,,,,,,
Hysteresis,其他,NULL,13,13,"Min. 2 mm, free adjustable",,,,,,,,,,
Connection-Method,其他,NULL,13,13,-,,,,,,,,,,
Power,其他,NULL,13,13,0402,,,,,,,,,,
Case - inch,其他,NULL,13,13,Imperial (inch),,,,,,,,,,
Case - mm,其他,NULL,13,13,01005,,,,,,,,,,
Gland Colour,其他,NULL,13,13,-,,,,,,,,,,
"Material, Body",其他,NULL,13,13,ABS,,,,,,,,,,
释放时间,其他,NULL,13,13,10 ms,,,,,,,,,,
Recovery Time,其他,NULL,12,12,20 ns,,,,,,,,,,
CT Test Condition 1,其他,NULL,12,12,0 V,,,,,,,,,,
Control voltage,其他,NULL,12,12,110V AC,,,,,,,,,,
Zener voltage,其他,NULL,12,12,10V,,,,,,,,,,
温度系数Temperature Coefficient,其他,NULL,12,12,100ppm/°C,,,,,,,,,,
电线间距,其他,NULL,12,12,5.08mm,,,,,,,,,,
Cable-Connectors,其他,NULL,12,12,-,,,,,,,,,,
Amplifier Type,其他,NULL,12,12,Buffer,,,,,,,,,,
AEC-Q200,其他,NULL,12,12,No,,,,,,,,,,
Accuracy %,其他,NULL,12,12,-,,,,,,,,,,
On-Time-Max,其他,NULL,12,12,150 ns,,,,,,,,,,
Number of terminals,其他,NULL,12,12,10,,,,,,,,,,
Maximum service temperature,其他,NULL,12,12,+125°C,,,,,,,,,,
CT Test Condition 2,其他,NULL,12,12,20 V,,,,,,,,,,
压盖颜色,其他,NULL,12,12,-,,,,,,,,,,
灵敏度,其他,NULL,12,12,-,,,,,,,,,,
Body-Material,其他,NULL,12,12,Brass,,,,,,,,,,
Min VB IR = 10 uA,其他,NULL,12,12,15 V,,,,,,,,,,
Spatial orientation,其他,NULL,12,12,angled 90°,,,,,,,,,,
引线直径,其他,NULL,12,12,"0.50mm +0.10,-0.03mm",,,,,,,,,,
Switch-Voltage-Max,其他,NULL,12,12,+/- 15 V,,,,,,,,,,
제품 타입,其他,NULL,12,12,Axial Lead and Cartridge Fuse,,,,,,,,,,
DMM Response Type,其他,NULL,12,12,-,,,,,,,,,,
Breakdown voltage,其他,NULL,12,12,10V,,,,,,,,,,
D-Sub外壳尺寸,其他,NULL,12,12,DA,,,,,,,,,,
保护功能,其他,NULL,12,12,短路、限流、温度传感器,,,,,,,,,,
电流 - 输出/通道,其他,NULL,12,12,-,,,,,,,,,,
主体高度,其他,NULL,12,12,17.4mm,,,,,,,,,,
Max. operating voltage,其他,NULL,12,12,0201,,,,,,,,,,
Rated voltage,其他,NULL,12,12,"125V DC, 125V AC",,,,,,,,,,
Typical Operating Supply Voltage,其他,NULL,12,12,10 VDC,,,,,,,,,,
引线方向,其他,NULL,12,12,径向,,,,,,,,,,
Width (Max.) / mm,其他,NULL,12,12,5,,,,,,,,,,
Dual-Supply-Voltage,其他,NULL,12,12,+/- 15 V,,,,,,,,,,
VSWR Output,其他,NULL,12,12,11 dB,,,,,,,,,,
Cable-Termination,其他,NULL,12,12,-,,,,,,,,,,
Actuator / Cap Colour,其他,NULL,12,12,Black,,,,,,,,,,
高电平复位,其他,NULL,12,12,√,,,,,,,,,,
Connector-End-A,其他,NULL,12,12,CNXB,,,,,,,,,,
Vr-Reverse-Voltage,其他,NULL,12,12,1000 V,,,,,,,,,,
Operating Temperature Max,其他,NULL,12,12,-,,,,,,,,,,
Type of contactor,其他,NULL,12,12,2-pole,,,,,,,,,,
峰值通态电压VTMOn-state voltage,其他,NULL,12,12,1.45V,,,,,,,,,,
Capacitance Ratio 1,其他,NULL,12,12,4.1,,,,,,,,,,
Cable Length - Imperial,其他,NULL,12,12,-,,,,,,,,,,
Kind of connector,其他,NULL,12,12,female,,,,,,,,,,
CT Typ. 1,其他,NULL,12,12,1.5 pF,,,,,,,,,,
Cable Length - Metric,其他,NULL,12,12,-,,,,,,,,,,
Operating Temperature Min,其他,NULL,12,12,-,,,,,,,,,,
电压 - 输入（最小值）,其他,NULL,12,12,1.8V,,,,,,,,,,
Time Delay,其他,NULL,12,12,"Programmable, 0 ms, 9,999 ms",,,,,,,,,,
Cable Exit Angle,其他,NULL,12,12,180°,,,,,,,,,,
电缆接头材料,其他,NULL,12,12,-,,,,,,,,,,
Off-Time-Max,其他,NULL,12,12,100 ns,,,,,,,,,,
Supply-Type,其他,NULL,12,12,Single Supply Dual Supply,,,,,,,,,,
VSWR Input,其他,NULL,12,12,13 dB,,,,,,,,,,
Vf-Forward-Voltage,其他,NULL,12,12,0.58 V at 1 A,,,,,,,,,,
REACH Status,其他,NULL,12,12,REACH Affected,,,,,,,,,,
C dimension,其他,NULL,11,11,16.7mm,,,,,,,,,,
Part Type,其他,NULL,11,11,ADC,,,,,,,,,,
Withstanding Voltage / Vdc,其他,NULL,11,11,125,,,,,,,,,,
Connector Style,其他,NULL,11,11,"BNC, Mini",,,,,,,,,,
IP3,其他,NULL,11,11,18 dBm,,,,,,,,,,
电线直径,其他,NULL,11,11,0.6mm,,,,,,,,,,
RF-Series,其他,NULL,11,11,7/16,,,,,,,,,,
Number of Channels,其他,NULL,11,11,1,,,,,,,,,,
Soldering Method,其他,NULL,11,11,Wave (Flow),,,,,,,,,,
ADC通道 x 位(模块数),其他,NULL,11,11,16 x 10(2),,,,,,,,,,
Switch-Continuous-Current,其他,NULL,11,11,20 mA,,,,,,,,,,
Lead Diameter (Max.) / mm,其他,NULL,11,11,0.6,,,,,,,,,,
Backlighting,其他,NULL,11,11,LCD,,,,,,,,,,
Q2基极输入电阻R1 Input Resistance(R1),其他,NULL,11,11,10KΩ/Ohm,,,,,,,,,,
Inner-Diameter-Recovered,其他,NULL,11,11,-,,,,,,,,,,
Lead Gap (Max.) / mm,其他,NULL,11,11,3.3,,,,,,,,,,
Recovered-Wall-Thickness,其他,NULL,11,11,-,,,,,,,,,,
Lifecycle Status,其他,NULL,11,11,Active,,,,,,,,,,
Plug Type,其他,NULL,11,11,-,,,,,,,,,,
Flash,其他,NULL,11,11,MLC,,,,,,,,,,
Luminosity,其他,NULL,11,11,10000-17000mcd,,,,,,,,,,
Power Supply Type,其他,NULL,11,11,Dual,,,,,,,,,,
A dimension,其他,NULL,11,11,12.6mm,,,,,,,,,,
B dimension,其他,NULL,11,11,12.8mm,,,,,,,,,,
Lead Diameter (Nom.) / mm,其他,NULL,11,11,0.5,,,,,,,,,,
Type of coilformer,其他,NULL,11,11,with pins,,,,,,,,,,
齐纳阻抗Zzt,其他,NULL,11,11,16 Ohms,,,,,,,,,,
Wire diameter,其他,NULL,11,11,0.5 mm,,,,,,,,,,
产品长度,其他,NULL,11,11,14,,,,,,,,,,
Shrink-Temperature,其他,NULL,11,11,-,,,,,,,,,,
内含物,其他,NULL,11,11,板,,,,,,,,,,
VB Min.,其他,NULL,11,11,1 V,,,,,,,,,,
Date format,其他,NULL,11,11,DW:DM:M:Y,,,,,,,,,,
Harmonized Code,其他,NULL,11,11,8473301180,,,,,,,,,,
Bus type,其他,NULL,11,11,Multiplexed,,,,,,,,,,
内部驱动器Internal Driver,其他,NULL,11,11,是 YES,,,,,,,,,,
Luminosity of blue colour,其他,NULL,11,11,100-130mcd,,,,,,,,,,
Type of pin configuration,其他,NULL,11,11,1x3,,,,,,,,,,
Maximum Operating Temperature,其他,NULL,11,11,125 C,,,,,,,,,,
Collector current,其他,NULL,11,11,-100mA,,,,,,,,,,
D dimension,其他,NULL,11,11,11.2mm,,,,,,,,,,
Temperature Range - Operating,其他,NULL,11,11,-17.8°C ~ 65.6°C,,,,,,,,,,
照明类型，颜色,其他,NULL,11,11,-,,,,,,,,,,
PWM,其他,NULL,11,11,2,,,,,,,,,,
Thickness | Height (Max.) / mm,其他,NULL,11,11,2.5,,,,,,,,,,
Mrf. Cage Code,其他,NULL,11,11,24355,,,,,,,,,,
Time format,其他,NULL,11,11,HH:MM:SS,,,,,,,,,,
Lead Gap (Min.) / mm,其他,NULL,11,11,1.7,,,,,,,,,,
Lead Diameter (Min.) / mm,其他,NULL,11,11,0.47,,,,,,,,,,
LED lens,其他,NULL,11,11,"diffused, blue",,,,,,,,,,
熔断器速度,其他,NULL,11,11,F,,,,,,,,,,
形状,其他,NULL,11,11,圆形,,,,,,,,,,
齐纳电压Vz,其他,NULL,11,11,12V,,,,,,,,,,
Change Rate of Temperature Characteristic,其他,NULL,11,11,0±30ppm/°C,,,,,,,,,,
Mounting-Method,其他,NULL,11,11,-,,,,,,,,,,
恒流Constant Current,其他,NULL,11,11,是 YES,,,,,,,,,,
Inductance factor Al,其他,NULL,11,11,1100nH,,,,,,,,,,
Inner-Diameter-Supplied,其他,NULL,11,11,-,,,,,,,,,,
Number of poles,其他,NULL,11,11,168,,,,,,,,,,
RT Test Condition If,其他,NULL,11,11,10 mA,,,,,,,,,,
主体直径,其他,NULL,11,11,4mm,,,,,,,,,,
Supplier Standard Pack,其他,NULL,11,11,1,,,,,,,,,,
Shrinkage-Ratio,其他,NULL,11,11,-,,,,,,,,,,
引脚长度,其他,NULL,11,11,5mm for Bulk,,,,,,,,,,
Lead Gap (Nom.) / mm,其他,NULL,11,11,2.5,,,,,,,,,,
External Width,其他,NULL,11,11,-,,,,,,,,,,
Interrupt-Rating,其他,NULL,10,10,10 kA at 125 VAC,,,,,,,,,,
Indicator,其他,NULL,10,10,1,,,,,,,,,,
Range Selection,其他,NULL,10,10,-,,,,,,,,,,
稳压器数,其他,NULL,10,10,1,,,,,,,,,,
No. of Module Spaces,其他,NULL,10,10,-,,,,,,,,,,
Chemistry,其他,NULL,10,10,Lead Acid,,,,,,,,,,
PSRR,其他,NULL,10,10,-,,,,,,,,,,
DC-Sparkover,其他,NULL,10,10,230 VDC,,,,,,,,,,
法兰特征,其他,NULL,10,10,-,,,,,,,,,,
Power-supply voltage standard,其他,NULL,10,10,1.95 to 3.6V,,,,,,,,,,
Standard,其他,NULL,10,10,10Base-T 100Base-T,,,,,,,,,,
Insulation-Resistance,其他,NULL,10,10,1 GOhms,,,,,,,,,,
主体类型,其他,NULL,10,10,Cylindrical Leaded,,,,,,,,,,
尖头 - 类型,其他,NULL,10,10,-,,,,,,,,,,
LED Function,其他,NULL,10,10,1 Color: Green,,,,,,,,,,
Moisture Level,其他,NULL,10,10,1 Ohms,,,,,,,,,,
卷筒容量,其他,NULL,10,10,-,,,,,,,,,,
保险丝大小/组,其他,NULL,10,10,2AG (5 mm x 15 mm),,,,,,,,,,
灯功率,其他,NULL,10,10,-,,,,,,,,,,
Connector type,其他,NULL,10,10,RJ45,,,,,,,,,,
断态重复峰值电压VDRMRepetitive peak off-state voltage,其他,NULL,10,10,120V,,,,,,,,,,
Measuring instrument features,其他,NULL,10,10,Single axis,,,,,,,,,,
击穿电压VBOBreakover voltage,其他,NULL,10,10,125V,,,,,,,,,,
通道数Number of Channels,其他,NULL,10,10,1,,,,,,,,,,
RoHS Status,其他,NULL,10,10,Not applicable,,,,,,,,,,
管压降VCE（sat）  Collector-Emitter Saturation Voltage,其他,NULL,10,10,-0.25V~-0.5V,,,,,,,,,,
Rad Hard,其他,NULL,10,10,No,,,,,,,,,,
Socket type,其他,NULL,10,10,2048,,,,,,,,,,
Number of arrays,其他,NULL,10,10,1,,,,,,,,,,
LO Input Power,其他,NULL,10,10,10 dBm,,,,,,,,,,
Battery-Chemistry,其他,NULL,10,10,Lithium-Ion/Polymer,,,,,,,,,,
Manufacturer series,其他,NULL,10,10,1806,,,,,,,,,,
Rohs,其他,NULL,10,10,Contains lead / RoHS non-compliant,,,,,,,,,,
Type of core,其他,NULL,10,10,ferrite,,,,,,,,,,
Touch-Panel,其他,NULL,10,10,With Touch Panel,,,,,,,,,,
不同频率时电容,其他,NULL,10,10,-,,,,,,,,,,
Compatible-Tools,其他,NULL,10,10,-,,,,,,,,,,
电压降（最大值）,其他,NULL,10,10,-,,,,,,,,,,
Core-Material,其他,NULL,10,10,61,,,,,,,,,,
Collector-emitter voltage,其他,NULL,10,10,-50V,,,,,,,,,,
Cable-Group,其他,NULL,10,10,-,,,,,,,,,,
Colour temperature,其他,NULL,10,10,2700 (typ)K,,,,,,,,,,
工作温度Max,其他,NULL,10,10,105℃,,,,,,,,,,
看门狗时间(s),其他,NULL,10,10,1.6,,,,,,,,,,
射频系列/标准,其他,NULL,10,10,-,,,,,,,,,,
Resitor value,其他,NULL,10,10,100K Ω,,,,,,,,,,
External Depth,其他,NULL,10,10,-,,,,,,,,,,
指示器型式,其他,NULL,10,10,External Trip Indicator,,,,,,,,,,
"Temperature, Operating",其他,NULL,10,10,+70 °C,,,,,,,,,,
RF Frequency,其他,NULL,10,10,10 to 3000 MHz,,,,,,,,,,
特点,其他,NULL,10,10,-,,,,,,,,,,
"Current, Switching",其他,NULL,10,10,100 mA,,,,,,,,,,
Vf Test Condition If,其他,NULL,10,10,1 mA,,,,,,,,,,
应变救灾物资,其他,NULL,10,10,-,,,,,,,,,,
Fan-out,其他,NULL,10,10,-,,,,,,,,,,
Maximum-DC-Resistance,其他,NULL,10,10,20 mOhms,,,,,,,,,,
Output Signal Type,其他,NULL,10,10,Differential|Single,,,,,,,,,,
Minimum Operating Temperature,其他,NULL,10,10,-,,,,,,,,,,
No.of contacts,其他,NULL,10,10,01,,,,,,,,,,
直径 - 外部,其他,NULL,10,10,-,,,,,,,,,,
ESR,其他,NULL,10,10,0.033 Ohm,,,,,,,,,,
Number-of-Electrodes,其他,NULL,10,10,2 Electrode,,,,,,,,,,
Battery Type,其他,NULL,9,9,Li-Ion,,,,,,,,,,
Processor-Type,其他,NULL,9,9,82576,,,,,,,,,,
Input Logic,其他,NULL,9,9,HCMOS,,,,,,,,,,
拓扑Topology,其他,NULL,9,9,"PWM，切换式电容器（充电泵） PWM, Switched Capacitor (Charge Pump)",,,,,,,,,,
Type of connector accessories,其他,NULL,9,9,protection cover,,,,,,,,,,
透镜样式/尺寸,其他,NULL,9,9,圆形，带圆顶，3mm（T-1）,,,,,,,,,,
Application Sub Type,其他,NULL,9,9,-,,,,,,,,,,
Number of logic blocks/elements,其他,NULL,9,9,-,,,,,,,,,,
衰减值Attenuation Value,其他,NULL,9,9,25dB@130MHz-210MHz,,,,,,,,,,
中心/截止频率Center / Cutoff Frequency,其他,NULL,9,9,110MHz,,,,,,,,,,
Cable type,其他,NULL,9,9,"RG140, RG141, RG142, RG223, RG303, RG55, RG58",,,,,,,,,,
技术Technology,其他,NULL,9,9,LC,,,,,,,,,,
Transistor type,其他,NULL,9,9,NPN,,,,,,,,,,
Jaw Opening Max,其他,NULL,9,9,-,,,,,,,,,,
작동 공급 전압,其他,NULL,9,9,175 V,,,,,,,,,,
Q2基极-发射极输入电阻R2 Base-Emitter Resistance(R2),其他,NULL,9,9,10KΩ/Ohm,,,,,,,,,,
板上高度,其他,NULL,9,9,-,,,,,,,,,,
面板开孔形状,其他,NULL,9,9,-,,,,,,,,,,
传感器类型,其他,NULL,9,9,CMOS 成像，彩色（RGB）,,,,,,,,,,
Dissipation Factor (Max.) / %,其他,NULL,9,9,10,,,,,,,,,,
射频类型,其他,NULL,9,9,通用,,,,,,,,,,
전압 정격 AC,其他,NULL,9,9,125 VAC,,,,,,,,,,
Voltage Rating VDC,其他,NULL,9,9,-,,,,,,,,,,
Indicator 스타일,其他,NULL,9,9,Color Coded Alarm Indicator,,,,,,,,,,
Max-Surge-Current,其他,NULL,9,9,125 A,,,,,,,,,,
电压 - 齐纳（标称值）(Vz),其他,NULL,9,9,10 V,,,,,,,,,,
전압 - 입력,其他,NULL,9,9,2.5 V ~ 40 V,,,,,,,,,,
Connectors application,其他,NULL,9,9,for MP-4102 sockets,,,,,,,,,,
Attn Range,其他,NULL,9,9,10 dB,,,,,,,,,,
Body material,其他,NULL,9,9,ABS,,,,,,,,,,
Silicon Manufacturer,其他,NULL,9,9,Laird Technologies,,,,,,,,,,
Architecture,其他,NULL,9,9,Block Erase,,,,,,,,,,
Fuse 타입,其他,NULL,9,9,Fast Blow,,,,,,,,,,
Kit Application Type,其他,NULL,9,9,Communication &amp; Networking,,,,,,,,,,
Minimum Operating Supply Voltage,其他,NULL,9,9,2 V,,,,,,,,,,
Supplier Lead time,其他,NULL,9,9,11 weeks,,,,,,,,,,
Ir-Reverse-Current,其他,NULL,9,9,10 uA,,,,,,,,,,
排距,其他,NULL,9,9,-,,,,,,,,,,
Jacket Color,其他,NULL,9,9,-,,,,,,,,,,
Stud Size,其他,NULL,9,9,12 mm,,,,,,,,,,
Typical-Turn-Off-Delay-Time,其他,NULL,9,9,20 ns,,,,,,,,,,
RT,其他,NULL,9,9,11 Ohms,,,,,,,,,,
Number of gates,其他,NULL,9,9,-,,,,,,,,,,
Output power,其他,NULL,9,9,1,,,,,,,,,,
Package Length (mm),其他,NULL,9,9,15.62,,,,,,,,,,
Operating Frequency,其他,NULL,9,9,0 to 12.4 GHz,,,,,,,,,,
Illuminated,其他,NULL,9,9,No,,,,,,,,,,
Body 스타일,其他,NULL,9,9,Cartridge Fuses,,,,,,,,,,
Peak-Pulse-Current,其他,NULL,9,9,10 kA,,,,,,,,,,
Maximum Operating Supply Voltage,其他,NULL,9,9,2.625 V,,,,,,,,,,
Length-Threaded-Portion-Below-Head,其他,NULL,9,9,-,,,,,,,,,,
Shape/Type,其他,NULL,9,9,70°C,,,,,,,,,,
구성,其他,NULL,9,9,Single,,,,,,,,,,
输出失调电压(mV),其他,NULL,9,9,3.5,,,,,,,,,,
Rechargeable-Non-Rechargeable,其他,NULL,9,9,Rechargeable,,,,,,,,,,
Silicon Core Number,其他,NULL,9,9,-,,,,,,,,,,
平均整流电流（Io）,其他,NULL,9,9,10A,,,,,,,,,,
Voltage Rating AC,其他,NULL,9,9,250 VAC,,,,,,,,,,
Q2电阻比(R1/R2) Q2 Resistance Ratio,其他,NULL,9,9,1,,,,,,,,,,
Switch Type,其他,NULL,9,9,Explosion-Proof Switch,,,,,,,,,,
ESD 保护ESD Protection,其他,NULL,9,9,无 No,,,,,,,,,,
Number of macrocells,其他,NULL,9,9,-,,,,,,,,,,
Q1基极输入电阻R1 Input Resistance(R1),其他,NULL,9,9,10KΩ/Ohm,,,,,,,,,,
电流 - 电源,其他,NULL,9,9,-,,,,,,,,,,
Measurement accuracy,其他,NULL,9,9,5%,,,,,,,,,,
Output Frequency,其他,NULL,9,9,125 MHz,,,,,,,,,,
Rise-Time,其他,NULL,9,9,13 ns,,,,,,,,,,
正向压降（Vf）,其他,NULL,9,9,1.1V @ 2A,,,,,,,,,,
协议,其他,NULL,9,9,-,,,,,,,,,,
Finish Variation,其他,NULL,9,9,electroless nickel,,,,,,,,,,
针数目,其他,NULL,9,9,10,,,,,,,,,,
可扩展,其他,NULL,9,9,68 模块（7 机架）最多,,,,,,,,,,
I/O数,其他,NULL,9,9,-,,,,,,,,,,
Resistor value,其他,NULL,9,9,0.1 Ω,,,,,,,,,,
전압 - 출력,其他,NULL,9,9,1.25 V ~ 40 V,,,,,,,,,,
Maximum DC Resistance,其他,NULL,9,9,260,,,,,,,,,,
Cable Diameter,其他,NULL,9,9,10,,,,,,,,,,
Typical-Turn-On-Delay-Time,其他,NULL,9,9,10 ns,,,,,,,,,,
Categories,其他,NULL,9,9,Cable Assemblies,,,,,,,,,,
Number of poles of the contact point,其他,NULL,8,8,10,,,,,,,,,,
直径 - 内部,其他,NULL,8,8,-,,,,,,,,,,
Typical Rise Time,其他,NULL,8,8,0.038 ns,,,,,,,,,,
Typical Output Power x Channels @ Load (W),其他,NULL,8,8,13x1@8Ohm,,,,,,,,,,
Embedded,其他,NULL,8,8,-,,,,,,,,,,
Supplied-Contents,其他,NULL,8,8,"2 Boards, 2 Modules, 2 Antenna, Cables, CD, Power Supplies",,,,,,,,,,
Wire-Type,其他,NULL,8,8,Discrete or Ribbon Cable,,,,,,,,,,
Rds (On),其他,NULL,8,8,100mΩ@3V,,,,,,,,,,
Bits,其他,NULL,8,8,1,,,,,,,,,,
Termin.style,其他,NULL,8,8,OTHER,,,,,,,,,,
电流 - 静态 (Iq),其他,NULL,8,8,10 mA,,,,,,,,,,
Temperature Measuring Range,其他,NULL,8,8,-,,,,,,,,,,
集电极基极电压,其他,NULL,8,8,-60V,,,,,,,,,,
Rs Typ,其他,NULL,8,8,0.8 Ohms,,,,,,,,,,
阻抗（最大值）(Zzt),其他,NULL,8,8,105 Ohms,,,,,,,,,,
二极管电容值CTDiode capacitance,其他,NULL,8,8,0.32pF,,,,,,,,,,
Relay Type,其他,NULL,8,8,Electro Mechanical,,,,,,,,,,
Supply Voltage Min,其他,NULL,8,8,-,,,,,,,,,,
工作电流,其他,NULL,8,8,-8.5~-19.5mA,,,,,,,,,,
Typ. Input Power for 1 dB Loss,其他,NULL,8,8,21 dBm,,,,,,,,,,
主体定位,其他,NULL,8,8,直向,,,,,,,,,,
"Material, Contact",其他,NULL,8,8,Brass,,,,,,,,,,
Max.memory size,其他,NULL,8,8,0.512 GB,,,,,,,,,,
电流 - 供电（最大值）,其他,NULL,8,8,45mA,,,,,,,,,,
Supply Voltage VDC,其他,NULL,8,8,-,,,,,,,,,,
电阻 - 通道 (Ω)Resistance - Channel (Ohms),其他,NULL,8,8,0.15Ω,,,,,,,,,,
External Height,其他,NULL,8,8,-,,,,,,,,,,
Illumination-Color,其他,NULL,8,8,Blue,,,,,,,,,,
Associated-Relay-Series,其他,NULL,8,8,MPU-16A,,,,,,,,,,
Max Forward Voltage VF,其他,NULL,8,8,240 mV,,,,,,,,,,
逻辑类型,其他,NULL,8,8,"Buffer, Non-Inverting",,,,,,,,,,
内部开关Internal Switch(s),其他,NULL,8,8,无 No,,,,,,,,,,
Composition,其他,NULL,8,8,Metal Film,,,,,,,,,,
触点数目,其他,NULL,8,8,12,,,,,,,,,,
THDN,其他,NULL,8,8,0.005%(Max),,,,,,,,,,
手动复位,其他,NULL,8,8,√,,,,,,,,,,
Material-Flammability-Rating,其他,NULL,8,8,-,,,,,,,,,,
No. of Digital Inputs,其他,NULL,8,8,-,,,,,,,,,,
工作电源电流,其他,NULL,8,8,0.006 mA,,,,,,,,,,
Connector-End-A-Pin-Count,其他,NULL,8,8,2,,,,,,,,,,
Maximum Current,其他,NULL,8,8,0.4 A,,,,,,,,,,
Channel Mode,其他,NULL,8,8,Enhancement,,,,,,,,,,
No. of Digital Outputs,其他,NULL,8,8,-,,,,,,,,,,
致动器材料,其他,NULL,8,8,-,,,,,,,,,,
Strain Relief Material,其他,NULL,8,8,-,,,,,,,,,,
System chipset,其他,NULL,8,8,500M,,,,,,,,,,
Rated Current,其他,NULL,8,8,10.0A,,,,,,,,,,
显示字符 - 高度,其他,NULL,8,8,-,,,,,,,,,,
Number-of-Outputs,其他,NULL,8,8,1,,,,,,,,,,
电压 - 输入补偿,其他,NULL,8,8,1 mV,,,,,,,,,,
Vdd(V)forOD,其他,NULL,8,8,≤7,,,,,,,,,,
Attenuation Step,其他,NULL,8,8,0.25 dB,,,,,,,,,,
Contact pitch,其他,NULL,8,8,2.20 mm,,,,,,,,,,
触点镀层,其他,NULL,8,8,-,,,,,,,,,,
电感值Inductance,其他,NULL,8,8,0.82UH,,,,,,,,,,
电压 - 输入Voltage - Input,其他,NULL,8,8,1.5V~5.5V,,,,,,,,,,
Channel-Mode,其他,NULL,8,8,Enhancement,,,,,,,,,,
"Color, Emitted",其他,NULL,8,8,Visible red light,,,,,,,,,,
Wavelength,其他,NULL,8,8,1510 to 1620 nm,,,,,,,,,,
Front,其他,NULL,8,8,convex,,,,,,,,,,
Life,其他,NULL,8,8,2000 Hour,,,,,,,,,,
Memory type,其他,NULL,8,8,512,,,,,,,,,,
No. of Modules,其他,NULL,8,8,1,,,,,,,,,,
Stability,其他,NULL,8,8,100 ppm,,,,,,,,,,
dB Value,其他,NULL,8,8,16 dB,,,,,,,,,,
直流反向耐压（Vr）,其他,NULL,8,8,100V,,,,,,,,,,
Port-Type,其他,NULL,8,8,-,,,,,,,,,,
开关操作,其他,NULL,8,8,(开),,,,,,,,,,
Flammability-Rating,其他,NULL,8,8,UL 94 V-0,,,,,,,,,,
Fall-Time,其他,NULL,8,8,12 ns 16 ns,,,,,,,,,,
Electrical Options,其他,NULL,8,8,Enable/Disable is on Pin 1,,,,,,,,,,
行数,其他,NULL,8,8,1,,,,,,,,,,
Finish,其他,NULL,8,8,Black,,,,,,,,,,
길이,其他,NULL,8,8,15 mm,,,,,,,,,,
混频器数,其他,NULL,8,8,1,,,,,,,,,,
Mating-Cycles,其他,NULL,8,8,100,,,,,,,,,,
平均正向整流电流IFForward Current(If),其他,NULL,8,8,100MA/0.1A,,,,,,,,,,
MSCP-Mean-Spherical-Candle-Power,其他,NULL,8,8,-,,,,,,,,,,
Inductance Nominal,其他,NULL,8,8,140 nH,,,,,,,,,,
欧盟RoHS指令,其他,NULL,8,8,Compliant,,,,,,,,,,
Processor-Brand,其他,NULL,8,8,AMD,,,,,,,,,,
DC电阻DCRDC Resistance (DCR),其他,NULL,8,8,0.07Ω/Ohm,,,,,,,,,,
输入电压(V),其他,NULL,8,8,1~20,,,,,,,,,,
Cable Type,其他,NULL,8,8,1.13mm OD Coaxial Cable,,,,,,,,,,
Number of Rows,其他,NULL,8,8,1,,,,,,,,,,
작동 온도 범위,其他,NULL,8,8,40 C to + 125 C,,,,,,,,,,
盖颜色,其他,NULL,8,8,Clear (Green),,,,,,,,,,
接端类型,其他,NULL,8,8,M8,,,,,,,,,,
Failure-Rate,其他,NULL,8,8,-,,,,,,,,,,
Actuator,其他,NULL,8,8,Plunger,,,,,,,,,,
Effective core cross-section (Ae),其他,NULL,8,8,12.4mm2,,,,,,,,,,
接点配置,其他,NULL,8,8,-,,,,,,,,,,
Q (min),其他,NULL,8,8,100,,,,,,,,,,
引脚数目,其他,NULL,8,8,10,,,,,,,,,,
Operating Temperature Classification,其他,NULL,8,8,Automotive,,,,,,,,,,
参考类型Reference Type,其他,NULL,8,8,"旁路，可调节，精度 Shunt, Adjustable, Precision",,,,,,,,,,
Type of resistor,其他,NULL,8,8,thick film,,,,,,,,,,
IP 等级,其他,NULL,8,8,IP65,,,,,,,,,,
"电源电压，单/双 (±)Voltage - Supply, Single/Dual (±)",其他,NULL,8,8,1.5 V ~ 5.5 V,,,,,,,,,,
Chipsets,其他,NULL,8,8,945GSE,,,,,,,,,,
Voltage Measuring Range AC,其他,NULL,8,8,-,,,,,,,,,,
"Material, Cable",其他,NULL,8,8,PUR,,,,,,,,,,
Effective core volume (Ve),其他,NULL,8,8,24000mm3,,,,,,,,,,
Test Freq.,其他,NULL,8,8,25.2 MHz,,,,,,,,,,
Temperature-Coefficient,其他,NULL,8,8,-,,,,,,,,,,
Lead Free,其他,NULL,8,8,Not Compliant,,,,,,,,,,
Rs Typ Test Condition,其他,NULL,8,8,1 mA,,,,,,,,,,
电流 - 输入偏置,其他,NULL,8,8,10 pA,,,,,,,,,,
朝向,其他,NULL,8,8,-,,,,,,,,,,
输出,其他,NULL,7,7,-,,,,,,,,,,
Actuator-Material,其他,NULL,7,7,Magnet,,,,,,,,,,
电流限制Current Limit,其他,NULL,7,7,1.2A,,,,,,,,,,
表面,其他,NULL,7,7,无涂层,,,,,,,,,,
Typ. Input VSWR,其他,NULL,7,7,1.04:1,,,,,,,,,,
工艺侧连接,其他,NULL,7,7,-,,,,,,,,,,
Maximum-Switched-Power,其他,NULL,7,7,10 W,,,,,,,,,,
Terminal Seal,其他,NULL,7,7,Epoxy,,,,,,,,,,
Product name,其他,NULL,7,7,CMOSロジックIC 74ACシリーズ,,,,,,,,,,
Must-Release,其他,NULL,7,7,*,,,,,,,,,,
驱动器/接收器数,其他,NULL,7,7,0/1,,,,,,,,,,
Fuse 크기 / Group,其他,NULL,7,7,5 mm x 20 mm,,,,,,,,,,
Alternative Parts  (Cross-Reference),其他,NULL,7,7,631H/2; T102SHZQE; 631NH/2; 11TS115-2; T102LTZBE; T102MHZGE;,,,,,,,,,,
Storage Condition,其他,NULL,7,7,Dry storage cabinet &amp; Humidity protection package,,,,,,,,,,
Connection,其他,NULL,7,7,5-Pin Euro QD,,,,,,,,,,
Q1基极-发射极输入电阻R2 Base-Emitter Resistance(R2),其他,NULL,7,7,10KΩ/Ohm,,,,,,,,,,
接触电压直流喃,其他,NULL,7,7,-,,,,,,,,,,
压敏电压（典型）,其他,NULL,7,7,150 V,,,,,,,,,,
压敏电压（最大）,其他,NULL,7,7,1.001 kV,,,,,,,,,,
"Voltage, Control",其他,NULL,7,7,105 VDC,,,,,,,,,,
No. of Pins,其他,NULL,7,7,-,,,,,,,,,,
包括主体/固定套圈,其他,NULL,7,7,否,,,,,,,,,,
二极管材料,其他,NULL,7,7,InGaAs,,,,,,,,,,
Q1电阻比(R1/R2) Q1 Resistance Ratio,其他,NULL,7,7,-220mV,,,,,,,,,,
Output type,其他,NULL,7,7,AC,,,,,,,,,,
"Material, Jacket",其他,NULL,7,7,PLASTIC,,,,,,,,,,
Connector-End-B-Pin-Count,其他,NULL,7,7,2,,,,,,,,,,
No. of Gangs,其他,NULL,7,7,-,,,,,,,,,,
Contacts Classification,其他,NULL,7,7,(20/23)Signal,,,,,,,,,,
Maximum AC Voltage Rating,其他,NULL,7,7,125 V,,,,,,,,,,
峰值脉冲电流(10 x 1000us)Current - Peak Pulse (10 x 1000µs),其他,NULL,7,7,100A,,,,,,,,,,
"전압 - 공급, 단일/이중 (±)",其他,NULL,7,7,2 V ~ 5.5 V,,,,,,,,,,
Budgetary Price €/1k,其他,NULL,7,7,0.78,,,,,,,,,,
DC额定电压,其他,NULL,7,7,100V,,,,,,,,,,
Output Power,其他,NULL,7,7,100W,,,,,,,,,,
Reel step,其他,NULL,7,7,12.7 mm,,,,,,,,,,
Peak Reverse Repetitive Voltage,其他,NULL,7,7,100 V,,,,,,,,,,
SATA ports,其他,NULL,7,7,1,,,,,,,,,,
Inductance Max.,其他,NULL,7,7,105 nH,,,,,,,,,,
SRF Min,其他,NULL,7,7,1000 MHz,,,,,,,,,,
Colour,其他,NULL,7,7,Black,,,,,,,,,,
输出连接器,其他,NULL,7,7,DIN，5 引脚,,,,,,,,,,
Form factor,其他,NULL,7,7,"2,5 M/IO",,,,,,,,,,
Peak Reverse Current,其他,NULL,7,7,10000 uA,,,,,,,,,,
最大DCR初级侧,其他,NULL,7,7,0.65/1.2 Ohm,,,,,,,,,,
分辨率,其他,NULL,7,7,128 x 64 像素,,,,,,,,,,
输入失调电压（最大值）Voltage - Input Offset (Max),其他,NULL,7,7,2mV,,,,,,,,,,
Output 타입,其他,NULL,7,7,Analog,,,,,,,,,,
切面直径,其他,NULL,7,7,22mm,,,,,,,,,,
Withstanding Voltage,其他,NULL,7,7,4000(RMS)V,,,,,,,,,,
Maximum-Clock-Frequency,其他,NULL,7,7,-,,,,,,,,,,
SSD connector,其他,NULL,7,7,CF,,,,,,,,,,
Must-Operate,其他,NULL,7,7,5.00mm,,,,,,,,,,
Maximum-Switched-Current,其他,NULL,7,7,2 A,,,,,,,,,,
输入连接器,其他,NULL,7,7,IEC 320-C14,,,,,,,,,,
外形,其他,NULL,7,7,台式（类 II）,,,,,,,,,,
空载功耗,其他,NULL,7,7,-,,,,,,,,,,
Ranging,其他,NULL,7,7,Auto,,,,,,,,,,
Typical Carrier Lifetime TL,其他,NULL,7,7,"1, 500 ns",,,,,,,,,,
Wire connection method,其他,NULL,7,7,Crimp,,,,,,,,,,
Minimum service temperature,其他,NULL,7,7,-30°C,,,,,,,,,,
使用地区,其他,NULL,7,7,国际,,,,,,,,,,
Interface Type,其他,NULL,7,7,18 Bit Digital,,,,,,,,,,
Inductance Min.,其他,NULL,7,7,120 nH,,,,,,,,,,
电流 - 浪涌,其他,NULL,7,7,1 kA,,,,,,,,,,
进线位置,其他,NULL,7,7,-,,,,,,,,,,
Weight with battery,其他,NULL,7,7,1049g,,,,,,,,,,
Wire length,其他,NULL,7,7,3.5 mm,,,,,,,,,,
Track Resistance,其他,NULL,7,7,-,,,,,,,,,,
Display-Resolution-Pixels,其他,NULL,7,7,1024 x 768,,,,,,,,,,
Diagonal,其他,NULL,7,7,15 in,,,,,,,,,,
Max VF @ Spec,其他,NULL,7,7,1000 mV,,,,,,,,,,
Rated capacitance,其他,NULL,7,7,0.1uF,,,,,,,,,,
能源,其他,NULL,7,7,15J,,,,,,,,,,
Output Device,其他,NULL,7,7,Photo IC,,,,,,,,,,
Recovery-Time,其他,NULL,7,7,100 ns,,,,,,,,,,
额定纹波电流,其他,NULL,7,7,10A,,,,,,,,,,
Accuracy,其他,NULL,7,7,+/- 1.5 %,,,,,,,,,,
出力素子,其他,NULL,7,7,Triac,,,,,,,,,,
Typ. Output VSWR,其他,NULL,7,7,1.06:1,,,,,,,,,,
控制侧连接,其他,NULL,7,7,-,,,,,,,,,,
F dimension,其他,NULL,7,7,16.7mm,,,,,,,,,,
E dimension,其他,NULL,7,7,11.3mm,,,,,,,,,,
位密度(bit),其他,NULL,7,7,16M,,,,,,,,,,
检测频谱,其他,NULL,7,7,可见光,,,,,,,,,,
Type of communications module,其他,NULL,7,7,GPS,,,,,,,,,,
输出和类型,其他,NULL,7,7,1，隔离,,,,,,,,,,
Contact style,其他,NULL,7,7,0.50 mm,,,,,,,,,,
Country Of Origin,其他,NULL,7,7,United States,,,,,,,,,,
独立看门狗输出,其他,NULL,7,7,No,,,,,,,,,,
输入偏置电流（最大值）Current - Input Bias (Max),其他,NULL,7,7,0.25µA,,,,,,,,,,
계열,其他,NULL,7,7,80C,,,,,,,,,,
Nom. I Region Thickness,其他,NULL,7,7,10 µm,,,,,,,,,,
Connector variant,其他,NULL,7,7,"DIL 7,62mm",,,,,,,,,,
最大 AC 电压,其他,NULL,7,7,14 V,,,,,,,,,,
Typical Operating Supply Voltage (V),其他,NULL,7,7,5,,,,,,,,,,
Peak Non-Repetitive Surge Current,其他,NULL,7,7,1 A,,,,,,,,,,
间隙,其他,NULL,7,7,无缺口,,,,,,,,,,
额定寿命,其他,NULL,7,7,&gt;20000h,,,,,,,,,,
Input type,其他,NULL,7,7,DC,,,,,,,,,,
触点电流最大值,其他,NULL,7,7,-,,,,,,,,,,
LED 大小,其他,NULL,7,7,5 mm,,,,,,,,,,
Package Width (mm),其他,NULL,7,7,14.09,,,,,,,,,,
最大插入损耗,其他,NULL,7,7,-1(Typ)@1MHz to 100MHz dB,,,,,,,,,,
长度 - 总,其他,NULL,7,7,-,,,,,,,,,,
感应范围,其他,NULL,7,7,-,,,,,,,,,,
Plug variant,其他,NULL,7,7,EU,,,,,,,,,,
接触电压交流喃,其他,NULL,7,7,110V,,,,,,,,,,
miniPCIe,其他,NULL,7,7,FULL,,,,,,,,,,
전압 정격,其他,NULL,7,7,1.25 kV,,,,,,,,,,
"Color, Actuator",其他,NULL,7,7,Black,,,,,,,,,,
Temperature measuring range,其他,NULL,7,7,-199.99...850°C,,,,,,,,,,
镀层,其他,NULL,7,7,-,,,,,,,,,,
制造商尺寸代码,其他,NULL,7,7,A,,,,,,,,,,
USB ports,其他,NULL,7,7,3.8,,,,,,,,,,
最大 DC 电压,其他,NULL,7,7,125 V,,,,,,,,,,
压敏电压（最小）,其他,NULL,7,7,135 V,,,,,,,,,,
Peak Forward Voltage,其他,NULL,7,7,0.5 V,,,,,,,,,,
증폭기 유형,其他,NULL,7,7,계측,,,,,,,,,,
Memory sockets,其他,NULL,7,7,1X SO-DIMM,,,,,,,,,,
Utilized-IC-Part,其他,NULL,7,7,LM98640,,,,,,,,,,
전류 - 출력,其他,NULL,7,7,1.5A,,,,,,,,,,
Rated Ripple Current Condition,其他,NULL,7,7,"100Hz, 105°C",,,,,,,,,,
Circuit-Type,其他,NULL,7,7,C Filter,,,,,,,,,,
Wire-Orientation,其他,NULL,7,7,45 deg,,,,,,,,,,
产品直径,其他,NULL,7,7,3.51 mm,,,,,,,,,,
Number of circuits,其他,NULL,7,7,1,,,,,,,,,,
Display-Type,其他,NULL,7,7,2000 Count,,,,,,,,,,
额外特性,其他,NULL,7,7,-,,,,,,,,,,
MS Number,其他,NULL,7,7,27468,,,,,,,,,,
Fuse Size,其他,NULL,6,6,2.41 X 7.11 mm,,,,,,,,,,
Quality Factor @ Cmin Max,其他,NULL,6,6,35,,,,,,,,,,
功耗电容,其他,NULL,6,6,14pF,,,,,,,,,,
Load Capacitance,其他,NULL,6,6,100 nF,,,,,,,,,,
Output-Current,其他,NULL,6,6,1700 A,,,,,,,,,,
Number of channels,其他,NULL,6,6,1,,,,,,,,,,
长度 - 焊尾,其他,NULL,6,6,-,,,,,,,,,,
Related items,其他,NULL,6,6,"C110A, PL20A, PL30A, PL40A, PL50A, PL80A",,,,,,,,,,
栅极峰值电流,其他,NULL,6,6,0.1A,,,,,,,,,,
Poles number,其他,NULL,6,6,1,,,,,,,,,,
Shock Resistance,其他,NULL,6,6,"16 g, 16 ms (IEC 60068-2-29)",,,,,,,,,,
Lead Shape,其他,NULL,6,6,Ball,,,,,,,,,,
Shaft Diameter,其他,NULL,6,6,-,,,,,,,,,,
COM ports,其他,NULL,6,6,1,,,,,,,,,,
触头表面处理厚度 - 柱（配接）,其他,NULL,6,6,10.0µin（0.25µm）,,,,,,,,,,
Maximum Single Supply Voltage (V),其他,NULL,6,6,15,,,,,,,,,,
전류 - 출력/채널,其他,NULL,6,6,15mA,,,,,,,,,,
磁心类型,其他,NULL,6,6,E,,,,,,,,,,
Onboard graphic,其他,NULL,6,6,5x Y/N,,,,,,,,,,
Tuning Ratio,其他,NULL,6,6,2.82:1,,,,,,,,,,
湿度敏感性,其他,NULL,6,6,Yes,,,,,,,,,,
栅极触发电流IGTGate trigger current,其他,NULL,6,6,160μA-700μA,,,,,,,,,,
Container-Type,其他,NULL,6,6,Box,,,,,,,,,,
Quality Factor @ Cmin Min,其他,NULL,6,6,10,,,,,,,,,,
保险丝座类型,其他,NULL,6,6,-,,,,,,,,,,
Efficiency,其他,NULL,6,6,0.56,,,,,,,,,,
Shop By,其他,NULL,6,6,Factory Choice,,,,,,,,,,
전압 - 드롭아웃,其他,NULL,6,6,0.28V @ 1A,,,,,,,,,,
发射极基极电压,其他,NULL,6,6,-6V,,,,,,,,,,
Top(min),其他,NULL,6,6,-40 °C,,,,,,,,,,
Maximum Output Voltage,其他,NULL,6,6,280(RMS) V,,,,,,,,,,
Temperature Coefficient,其他,NULL,6,6,-,,,,,,,,,,
Area-L-x-W,其他,NULL,6,6,1254&quot; (8090cm),,,,,,,,,,
Package Type,其他,NULL,6,6,CDFM,,,,,,,,,,
Integrated auxiliary contacts,其他,NULL,6,6,"NC x2, NO x2",,,,,,,,,,
Max Shunt Capacitance,其他,NULL,6,6,14 pF,,,,,,,,,,
Ethernet chipse,其他,NULL,6,6,1,,,,,,,,,,
Jacket-Color,其他,NULL,6,6,-,,,,,,,,,,
正向压降VF,其他,NULL,6,6,1.1V,,,,,,,,,,
Angle,其他,NULL,6,6,Straight,,,,,,,,,,
Case Size,其他,NULL,6,6,0.375 In. Dia. x 1.25 In. L (9.525 mm Dia. x 31.75 mm L),,,,,,,,,,
Electrical Box Mounting,其他,NULL,6,6,-,,,,,,,,,,
Designed-for,其他,NULL,6,6,3P Series,,,,,,,,,,
工作电流/电池供电(μA),其他,NULL,6,6,30/25,,,,,,,,,,
Rotation Electrical Angle,其他,NULL,6,6,-,,,,,,,,,,
型式,其他,NULL,6,6,Female,,,,,,,,,,
输出电流（典型值）Current - Output (Typ),其他,NULL,6,6,16mA,,,,,,,,,,
工具类型特性,其他,NULL,6,6,-,,,,,,,,,,
Current Measure DC Max,其他,NULL,6,6,10A,,,,,,,,,,
Entry Size (mm),其他,NULL,6,6,12.7,,,,,,,,,,
Actuation-Type,其他,NULL,6,6,LIF,,,,,,,,,,
"Length, Probe",其他,NULL,6,6,"1,000 mm",,,,,,,,,,
Isolation,其他,NULL,6,6,20 dB,,,,,,,,,,
Contact-Location,其他,NULL,6,6,Bottom Contact,,,,,,,,,,
회로 개수,其他,NULL,6,6,1,,,,,,,,,,
Receiver sensitivity,其他,NULL,6,6,-100dBm,,,,,,,,,,
포장,其他,NULL,6,6,Reel,,,,,,,,,,
外部监测输入,其他,NULL,6,6,4,,,,,,,,,,
栅极触发电压VGTGate trigger voltage,其他,NULL,6,6,0.62V,,,,,,,,,,
长度 - 柱（配接）,其他,NULL,6,6,0.120&quot;（3.048mm）,,,,,,,,,,
Input-Return-Loss,其他,NULL,6,6,10 dB,,,,,,,,,,
VCE(sat),其他,NULL,6,6,1.55 V,,,,,,,,,,
Clamp Voltage,其他,NULL,6,6,340V max,,,,,,,,,,
压接工具类型,其他,NULL,6,6,Hand,,,,,,,,,,
No. of Axes,其他,NULL,6,6,-,,,,,,,,,,
Number of I/O Lines,其他,NULL,6,6,16 Bit,,,,,,,,,,
Maximum Output Current,其他,NULL,6,6,25(RMS) A,,,,,,,,,,
计数器类型,其他,NULL,6,6,Binary,,,,,,,,,,
Number-of-Outputs-and-Type,其他,NULL,6,6,-,,,,,,,,,,
Equipment-Type,其他,NULL,6,6,AC Current Meter,,,,,,,,,,
通态最大电流IT(RMS)RMS on-state current,其他,NULL,6,6,0.47A,,,,,,,,,,
Body-Finish,其他,NULL,6,6,Copper-Tin-Zinc Alloy,,,,,,,,,,
VOUT报警状态,其他,NULL,6,6,Ground,,,,,,,,,,
LED 颜色,其他,NULL,6,6,-,,,,,,,,,,
Grade,其他,NULL,6,6,Industrial,,,,,,,,,,
Number-of-Pins,其他,NULL,6,6,12,,,,,,,,,,
重复峰值断态电压,其他,NULL,6,6,200V/400V/600V,,,,,,,,,,
Channel Type,其他,NULL,6,6,N,,,,,,,,,,
Number-of-Inputs-and-Type,其他,NULL,6,6,-,,,,,,,,,,
通态电压,其他,NULL,6,6,1.4V,,,,,,,,,,
产品型号,其他,NULL,6,6,HT1380,,,,,,,,,,
Automotive Qualifications Standard,其他,NULL,6,6,-,,,,,,,,,,
"Color, Lens",其他,NULL,6,6,"Black, Red, Green",,,,,,,,,,
Pushbutton Actuator Style,其他,NULL,6,6,-,,,,,,,,,,
外壳材料，表面处理,其他,NULL,6,6,"Aluminum, Olive Drab Cadmium Plated",,,,,,,,,,
Gate-Trigger-Current-Igt,其他,NULL,6,6,150 mA,,,,,,,,,,
触头表面处理 - 柱（配接）,其他,NULL,6,6,金，GXT™,,,,,,,,,,
导线进入位置,其他,NULL,6,6,-,,,,,,,,,,
Fiber-Type,其他,NULL,6,6,-,,,,,,,,,,
平均栅极功率,其他,NULL,6,6,0.15W,,,,,,,,,,
长度 - 总体引脚,其他,NULL,6,6,0.430&quot;（10.922mm）,,,,,,,,,,
Min Shunt Capacitance,其他,NULL,6,6,0.6 pF,,,,,,,,,,
Lens-Type,其他,NULL,6,6,-,,,,,,,,,,
Number of rows,其他,NULL,6,6,01,,,,,,,,,,
-3db 带宽,其他,NULL,6,6,115 MHz,,,,,,,,,,
保险丝尺寸,其他,NULL,6,6,-,,,,,,,,,,
"浪涌电流ITSM(50Hz、60Hz)Current - Non Rep. Surge 50, 60Hz (Itsm)",其他,NULL,6,6,10A,,,,,,,,,,
NF-Noise-Figure,其他,NULL,6,6,-,,,,,,,,,,
RMS通态电流,其他,NULL,6,6,0.8A,,,,,,,,,,
门极触发电压,其他,NULL,6,6,0.8V,,,,,,,,,,
屏蔽材料,其他,NULL,6,6,-,,,,,,,,,,
额定电压 V AC,其他,NULL,6,6,125V,,,,,,,,,,
Maximum Operating Current,其他,NULL,6,6,140 mA,,,,,,,,,,
电池低压监测门限(V),其他,NULL,6,6,2.3,,,,,,,,,,
Contact point finish,其他,NULL,6,6,Gold,,,,,,,,,,
Sample Rate,其他,NULL,6,6,4 GS/s,,,,,,,,,,
Products name,其他,NULL,6,6,Aluminum Electrolytic Capacitors Leed,,,,,,,,,,
长度 - 插片,其他,NULL,6,6,2.36&quot;（60.0mm）,,,,,,,,,,
长度 - 堆叠高度,其他,NULL,6,6,0.200&quot;（5.080mm）,,,,,,,,,,
Base Style,其他,NULL,6,6,Stand-Alone,,,,,,,,,,
Battery-Cell-Size,其他,NULL,6,6,"Button, 11.6mm",,,,,,,,,,
Diode type,其他,NULL,6,6,IR transmitter,,,,,,,,,,
Depth,其他,NULL,6,6,20.00 In.,,,,,,,,,,
过/低压报警,其他,NULL,6,6,√,,,,,,,,,,
集电极发射电压,其他,NULL,6,6,-50V,,,,,,,,,,
Electrical Box Material,其他,NULL,6,6,-,,,,,,,,,,
Pin-or-Socket,其他,NULL,6,6,"Coax, Pin Center, Assembly",,,,,,,,,,
Vgs-Gate-Source-Breakdown-Voltage,其他,NULL,6,6,- 10 V to + 2 V,,,,,,,,,,
开关端子,其他,NULL,6,6,-,,,,,,,,,,
Brand Family,其他,NULL,6,6,Altistart ATS,,,,,,,,,,
致动器长度,其他,NULL,6,6,10.00mm,,,,,,,,,,
저항,其他,NULL,6,6,0.395 Ohms,,,,,,,,,,
数值Values,其他,NULL,6,6,C=100pF,,,,,,,,,,
峰值灵敏度的波长,其他,NULL,6,6,840nm,,,,,,,,,,
反向重复峰值电压VRRM/断态重复峰值电压VDRMRepetitive peak reverse voltage/Repetitive peak off-state voltage,其他,NULL,6,6,300V-800V,,,,,,,,,,
Lumens,其他,NULL,6,6,1300,,,,,,,,,,
Display Type,其他,NULL,6,6,Character,,,,,,,,,,
Power input,其他,NULL,6,6,0.07,,,,,,,,,,
공차,其他,NULL,6,6,0.1 %,,,,,,,,,,
Number-of-Bits,其他,NULL,6,6,-,,,,,,,,,,
QGate,其他,NULL,6,6,18.2nC,,,,,,,,,,
最高频率,其他,NULL,6,6,-,,,,,,,,,,
Current Measuring Range DC,其他,NULL,6,6,-,,,,,,,,,,
外径,其他,NULL,6,6,21.1mm,,,,,,,,,,
Data-Retention,其他,NULL,6,6,10 Years,,,,,,,,,,
Resistance-Ohms,其他,NULL,6,6,0.221,,,,,,,,,,
Insertion Loss .1-100MHz,其他,NULL,6,6,0.4 dB,,,,,,,,,,
Density,其他,NULL,6,6,18 MB,,,,,,,,,,
Top(max),其他,NULL,6,6,150 °C,,,,,,,,,,
衬套螺纹,其他,NULL,6,6,15/32-32,,,,,,,,,,
电压 - 供电，单/双 (±),其他,NULL,6,6,-,,,,,,,,,,
静态电流（最大值）Current - Quiescent (Max),其他,NULL,6,6,0.8mA,,,,,,,,,,
Lead Diameter (nom),其他,NULL,6,6,0.6(mm),,,,,,,,,,
双工,其他,NULL,6,6,-,,,,,,,,,,
Internal Depth,其他,NULL,6,6,-,,,,,,,,,,
Gate-Source-Cutoff-Voltage,其他,NULL,6,6,-,,,,,,,,,,
Current Measuring Range AC,其他,NULL,6,6,0A to 150A,,,,,,,,,,
框架类型,其他,NULL,6,6,-,,,,,,,,,,
전류 - 공급,其他,NULL,6,6,10mA,,,,,,,,,,
COO,其他,NULL,5,5,JP,,,,,,,,,,
模块容量,其他,NULL,5,5,1,,,,,,,,,,
额定电压DCVoltage Rating - DC,其他,NULL,5,5,125V,,,,,,,,,,
Main-Purpose,其他,NULL,5,5,"Circuit Protection, Transient Voltage Suppression (TVS)",,,,,,,,,,
Non-Repetitive-On-State-Current,其他,NULL,5,5,17800 A,,,,,,,,,,
전압 - 입력 오프셋,其他,NULL,5,5,1000μV,,,,,,,,,,
Id,其他,NULL,5,5,100 mA,,,,,,,,,,
Head Type,其他,NULL,5,5,Hex,,,,,,,,,,
Number of Words,其他,NULL,5,5,1 m,,,,,,,,,,
Legend,其他,NULL,5,5,-,,,,,,,,,,
Xmod,其他,NULL,5,5,-58 dB,,,,,,,,,,
电压输出 - 输出1,其他,NULL,5,5,12V,,,,,,,,,,
Pin Out,其他,NULL,5,5,N,,,,,,,,,,
产品厚度,其他,NULL,5,5,13.97 mm,,,,,,,,,,
Minimum-Dual-Supply-Voltage,其他,NULL,5,5,+/- 1.5 V,,,,,,,,,,
输出电压－输出4,其他,NULL,5,5,-,,,,,,,,,,
保护端接,其他,NULL,5,5,-,,,,,,,,,,
상승 시간,其他,NULL,5,5,1.7 ns,,,,,,,,,,
Jacket-Insulation-Material,其他,NULL,5,5,-,,,,,,,,,,
Turn-On-Time,其他,NULL,5,5,0.075ms,,,,,,,,,,
峰值反向电压VRRMPeak Reverse Voltage,其他,NULL,5,5,1000V,,,,,,,,,,
传播延迟（最大值）Propagation Delay (Max),其他,NULL,5,5,12us,,,,,,,,,,
串行通讯,其他,NULL,5,5,Y,,,,,,,,,,
Shape,其他,NULL,5,5,-,,,,,,,,,,
Coating-Housing-Type,其他,NULL,5,5,Aluminum,,,,,,,,,,
Data-Rate,其他,NULL,5,5,1 Mbps,,,,,,,,,,
CTB,其他,NULL,5,5,-63 dB,,,,,,,,,,
工作频率,其他,NULL,5,5,"50 Hz, 60 Hz",,,,,,,,,,
Primary-Attributes,其他,NULL,5,5,-,,,,,,,,,,
Turn-Off-Time,其他,NULL,5,5,0.05ms,,,,,,,,,,
Flammability Rating,其他,NULL,5,5,UL 94 V-0,,,,,,,,,,
Typ. Coupled Port VSWR,其他,NULL,5,5,1.06:1,,,,,,,,,,
最大输入电流(μA),其他,NULL,5,5,115,,,,,,,,,,
Handle Style,其他,NULL,5,5,-,,,,,,,,,,
전류 - 입력 바이어스,其他,NULL,5,5,0.2pA,,,,,,,,,,
Energy E10/1000µs,其他,NULL,5,5,0805,,,,,,,,,,
最小回波损耗,其他,NULL,5,5,-10@60MHz to 80MHz dB,,,,,,,,,,
Holding-Current-Ih-Max,其他,NULL,5,5,500 mA,,,,,,,,,,
Lead Spacing (nom),其他,NULL,5,5,3.5(mm),,,,,,,,,,
No. of Ports,其他,NULL,5,5,-,,,,,,,,,,
电源应用,其他,NULL,5,5,ITE,,,,,,,,,,
非重复峰值浪涌电流IFSM(Max.)(A),其他,NULL,5,5,0.8,,,,,,,,,,
CECC Qualified,其他,NULL,5,5,No,,,,,,,,,,
Package Height (mm),其他,NULL,5,5,0.97,,,,,,,,,,
访问时间,其他,NULL,5,5,3.1 ns,,,,,,,,,,
套件包含,其他,NULL,5,5,200Pcs of Size 0.2&quot; Jumper Wires,,,,,,,,,,
写周期时间 - 字，页,其他,NULL,5,5,-,,,,,,,,,,
Varistor voltage,其他,NULL,5,5,200V,,,,,,,,,,
Lens Shape,其他,NULL,5,5,-,,,,,,,,,,
Cable-Length-Unexposed,其他,NULL,5,5,-,,,,,,,,,,
슬루율,其他,NULL,5,5,20 V/μs,,,,,,,,,,
Off-State-Leakage-Current-VDRM-IDRM,其他,NULL,5,5,100 mA,,,,,,,,,,
Graphic interf.,其他,NULL,5,5,LVDS/VGA,,,,,,,,,,
Oper.temperatur,其他,NULL,5,5,-40 TO 85 °C,,,,,,,,,,
参考类型,其他,NULL,5,5,Series References,,,,,,,,,,
Ribbon cable pitch,其他,NULL,5,5,1.27mm,,,,,,,,,,
产品高度,其他,NULL,5,5,10.2,,,,,,,,,,
Display Mode,其他,NULL,5,5,Normally White,,,,,,,,,,
功率额定值,其他,NULL,5,5,400 mVA,,,,,,,,,,
屏蔽Shielding,其他,NULL,5,5,屏蔽 Shielded,,,,,,,,,,
线规最大值,其他,NULL,5,5,14 AWG,,,,,,,,,,
Weight without batteries,其他,NULL,5,5,163g,,,,,,,,,,
Reverse recovery time,其他,NULL,5,5,150ns,,,,,,,,,,
针脚或引脚数（栅格）,其他,NULL,5,5,28（2 x 14）,,,,,,,,,,
Circuit configuration,其他,NULL,5,5,Dual 4:1,,,,,,,,,,
Military Standard,其他,NULL,5,5,MIL-DTL-38999,,,,,,,,,,
Number of Circuits,其他,NULL,5,5,1,,,,,,,,,,
输出电流 - 输出3,其他,NULL,5,5,-,,,,,,,,,,
NEMA Rating,其他,NULL,5,5,-,,,,,,,,,,
AEC Qualified Number,其他,NULL,5,5,N/R,,,,,,,,,,
Kind of module,其他,NULL,5,5,FM receiver,,,,,,,,,,
变压器类型,其他,NULL,5,5,-,,,,,,,,,,
Vds - 드레인-소스 항복 전압,其他,NULL,5,5,100 V,,,,,,,,,,
Current-Input,其他,NULL,5,5,18mA,,,,,,,,,,
Current-Output,其他,NULL,5,5,0.001 ~ 5A,,,,,,,,,,
Surge arrester type,其他,NULL,5,5,Transguard,,,,,,,,,,
电流输出 - 输出1,其他,NULL,5,5,1.25A,,,,,,,,,,
调节类型,其他,NULL,5,5,-,,,,,,,,,,
Current-UL,其他,NULL,5,5,-,,,,,,,,,,
Current-IEC,其他,NULL,5,5,-,,,,,,,,,,
Drain-to-Source-Voltage-Vdss,其他,NULL,5,5,1.2 mA,,,,,,,,,,
输出电压 - 输出3,其他,NULL,5,5,-,,,,,,,,,,
Number-of-Positions-Contacts,其他,NULL,5,5,-,,,,,,,,,,
模式,其他,NULL,5,5,-,,,,,,,,,,
输入电压范围(V),其他,NULL,5,5,1.5~5.5,,,,,,,,,,
Coding,其他,NULL,5,5,A Coded,,,,,,,,,,
额定电压ACVoltage Rating - AC,其他,NULL,5,5,125V,,,,,,,,,,
螺母镀层,其他,NULL,5,5,-,,,,,,,,,,
Insulation Type,其他,NULL,5,5,FLR,,,,,,,,,,
VF,其他,NULL,5,5,1.25V,,,,,,,,,,
颜色 - 致动器/盖帽,其他,NULL,5,5,-,,,,,,,,,,
Rated-Repetitive-Off-State-Voltage-VDRM,其他,NULL,5,5,1.4 kV,,,,,,,,,,
Pin_Count,其他,NULL,5,5,2,,,,,,,,,,
接口类型,其他,NULL,5,5,4-Wire,,,,,,,,,,
Bezel,其他,NULL,5,5,Metallic,,,,,,,,,,
Id - 연속 드레인 전류,其他,NULL,5,5,1.3 A,,,,,,,,,,
Mounting-Hole-Diameter,其他,NULL,5,5,8.2 mm,,,,,,,,,,
Gate-Trigger-Voltage-Vgt,其他,NULL,5,5,3 V,,,,,,,,,,
存储器接口,其他,NULL,5,5,并联,,,,,,,,,,
"Diameter, Cord",其他,NULL,5,5,0.375-0.437 mm mm,,,,,,,,,,
Measuring resolution,其他,NULL,5,5,"0,01 pH",,,,,,,,,,
"Shell Material, Finish",其他,NULL,5,5,"Olive Drab, Silver Plated",,,,,,,,,,
하우징 소재,其他,NULL,5,5,Liquid Crystal Polymer (LCP),,,,,,,,,,
P1dB-Compression-Point,其他,NULL,5,5,-,,,,,,,,,,
输出电压 - 输出2,其他,NULL,5,5,-,,,,,,,,,,
连接器安装,其他,NULL,5,5,Cable Mount,,,,,,,,,,
하강 시간,其他,NULL,5,5,1.7 ns,,,,,,,,,,
Polarisation,其他,NULL,5,5,A code - DeviceNet / CANopen,,,,,,,,,,
RoHS State,其他,NULL,5,5,Request Verification,,,,,,,,,,
조정기 개수,其他,NULL,5,5,1,,,,,,,,,,
Wire Size AWG Max,其他,NULL,5,5,-,,,,,,,,,,
On-State-Voltage,其他,NULL,5,5,1.44 V,,,,,,,,,,
Voltage Rating (AC),其他,NULL,5,5,120,,,,,,,,,,
电流输出 - 输出2,其他,NULL,5,5,-,,,,,,,,,,
Input,其他,NULL,5,5,3.3 V,,,,,,,,,,
输入电压VAC,其他,NULL,5,5,80V AC至264V AC,,,,,,,,,,
출력 유형,其他,NULL,5,5,1-채널(모노),,,,,,,,,,
Type of sensor,其他,NULL,5,5,magnetic field,,,,,,,,,,
출력 수,其他,NULL,5,5,1,,,,,,,,,,
Maximum energy,其他,NULL,5,5,2.6J,,,,,,,,,,
Cable Length,其他,NULL,5,5,0.457(m),,,,,,,,,,
Product Type,其他,NULL,5,5,Accessory,,,,,,,,,,
DW Flag,其他,NULL,5,5,N,,,,,,,,,,
Maximum Operating Supply Voltage (V),其他,NULL,5,5,16,,,,,,,,,,
Side-1-RF-Series,其他,NULL,5,5,HD BNC,,,,,,,,,,
Temperature measurement accuracy,其他,NULL,5,5,±(1% + 1°C),,,,,,,,,,
Switching Frequency,其他,NULL,5,5,300 kHz to 2000 kHz,,,,,,,,,,
Breakover-Current-IBO-Max,其他,NULL,5,5,18700 A,,,,,,,,,,
不同频率时的Q值Q @ Frequency,其他,NULL,5,5,140 @ 150MHz,,,,,,,,,,
Voltage-IEC,其他,NULL,5,5,-,,,,,,,,,,
Maximum input frequency,其他,NULL,5,5,1000MHz,,,,,,,,,,
Wire Size AWG Min,其他,NULL,5,5,24AWG,,,,,,,,,,
Switch-Type,其他,NULL,5,5,-,,,,,,,,,,
CSO,其他,NULL,5,5,-59 dB,,,,,,,,,,
Output-Power,其他,NULL,5,5,1500 W,,,,,,,,,,
Address Bus Width,其他,NULL,5,5,13 Bit,,,,,,,,,,
Data Rate,其他,NULL,5,5,1.2 kbps,,,,,,,,,,
Number-of-Inputs,其他,NULL,5,5,-,,,,,,,,,,
Case Code,其他,NULL,5,5,A,,,,,,,,,,
电源电压-最大,其他,NULL,5,5,12 V,,,,,,,,,,
Keying Position,其他,NULL,5,5,see alternate keying position,,,,,,,,,,
自振谐频率SRFFrequency - Self Resonant,其他,NULL,5,5,10.0MHz,,,,,,,,,,
凸片方向,其他,NULL,5,5,-,,,,,,,,,,
Rds On - Drain-Source 저항,其他,NULL,5,5,2.9 mOhms,,,,,,,,,,
典型输出电流(mA),其他,NULL,5,5,25,,,,,,,,,,
Maximum Current Rating (A),其他,NULL,5,5,.05,,,,,,,,,,
Military Qualified,其他,NULL,5,5,No,,,,,,,,,,
표준 턴-오프 지연 시간,其他,NULL,5,5,11.4 ns,,,,,,,,,,
Wave impedance,其他,NULL,5,5,50Ω,,,,,,,,,,
Maximum-Dual-Supply-Voltage,其他,NULL,5,5,+/- 16 V,,,,,,,,,,
反向峰值电压,其他,NULL,5,5,1000V,,,,,,,,,,
Number of Bits per Word,其他,NULL,5,5,16 Bit,,,,,,,,,,
Voltage-UL,其他,NULL,5,5,-,,,,,,,,,,
Contact-Rating,其他,NULL,5,5,0.5 A,,,,,,,,,,
重复峰值断态电流IDRMRepetitive peak off-state current,其他,NULL,5,5,10μA,,,,,,,,,,
存储器格式,其他,NULL,5,5,DRAM,,,,,,,,,,
Kind of modulation,其他,NULL,5,5,FSK,,,,,,,,,,
Side-2-Gender,其他,NULL,5,5,Jack,,,,,,,,,,
Marketing Status,其他,NULL,5,5,Active,,,,,,,,,,
反向重复峰值电压VRRM(Max.)(V),其他,NULL,5,5,1200,,,,,,,,,,
输出电流－输出4,其他,NULL,5,5,-,,,,,,,,,,
Contacts,其他,NULL,5,5,DPDT,,,,,,,,,,
Peak Average Forward Current,其他,NULL,5,5,0.2 A,,,,,,,,,,
Ethernet type,其他,NULL,5,5,10/100MB,,,,,,,,,,
Temperature coefficient,其他,NULL,5,5,1210,,,,,,,,,,
트랜지스터 극성,其他,NULL,5,5,N-Channel,,,,,,,,,,
Max VF @ Spec Test,其他,NULL,5,5,1 mA,,,,,,,,,,
Interrupt Rating,其他,NULL,5,5,1 kA,,,,,,,,,,
长度 - 总体,其他,NULL,5,5,-,,,,,,,,,,
Resistance Tolerance,其他,NULL,5,5,-,,,,,,,,,,
总谐波失真,其他,NULL,5,5,&lt;0.1%,,,,,,,,,,
Tab,其他,NULL,5,5,Tab,,,,,,,,,,
Wirelength tol.,其他,NULL,5,5,0.5 mm,,,,,,,,,,
Pd - 전력 발산,其他,NULL,5,5,1.2 W,,,,,,,,,,
分断能力Interrupting Rating,其他,NULL,5,5,50A,,,,,,,,,,
熔断积分I2T (A2sec)Melting I²t,其他,NULL,5,5,0.00652,,,,,,,,,,
Surge arresters application,其他,NULL,5,5,0402,,,,,,,,,,
Vgs - 게이트-소스 항복 전압,其他,NULL,5,5,20 V,,,,,,,,,,
平均整流电流IF,其他,NULL,5,5,10A,,,,,,,,,,
Conductor-Strand,其他,NULL,5,5,-,,,,,,,,,,
Display Count,其他,NULL,5,5,-,,,,,,,,,,
描述/功能,其他,NULL,5,5,"ATP-301 Crimp Press, requires Perishable Tooling Kits to pro",,,,,,,,,,
峰值反向工作电压VRWM(V),其他,NULL,5,5,1,,,,,,,,,,
Eon,其他,NULL,5,5,0.11mJ,,,,,,,,,,
On-State-RMS-Current-It-RMS,其他,NULL,5,5,3200 A,,,,,,,,,,
Voltage Measuring Range DC,其他,NULL,5,5,-,,,,,,,,,,
Maximum surge current,其他,NULL,5,5,"1750A/1time, 1250A/2times",,,,,,,,,,
Cooler included,其他,NULL,5,5,235 Y/N,,,,,,,,,,
Fuse size,其他,NULL,5,5,5x20mm,,,,,,,,,,
结电容Cj,其他,NULL,5,5,"4pF @ 0V,1MHz",,,,,,,,,,
조정기 토폴로지,其他,NULL,5,5,포지티브 고정,,,,,,,,,,
FET类型,其他,NULL,5,5,标准,,,,,,,,,,
Mounting Method,其他,NULL,5,5,Panel Mount,,,,,,,,,,
电源输出类型,其他,NULL,5,5,"Adjustable, Fixed",,,,,,,,,,
Side-1-Gender,其他,NULL,5,5,Jack (Female),,,,,,,,,,
Shutdown,其他,NULL,5,5,No,,,,,,,,,,
中断额定值,其他,NULL,5,5,10 kA at 125 V/35 A at 250 V,,,,,,,,,,
Bulb Type,其他,NULL,5,5,LED,,,,,,,,,,
最大反向漏电流IR(uA),其他,NULL,4,4,0.15,,,,,,,,,,
Timing-Initiate-Method,其他,NULL,4,4,-,,,,,,,,,,
Maximum-Attenuation,其他,NULL,4,4,0 dB,,,,,,,,,,
带宽@-3dB(MHz),其他,NULL,4,4,250,,,,,,,,,,
平均功耗,其他,NULL,4,4,1.6/1.73/1.75W,,,,,,,,,,
Test accessories type,其他,NULL,4,4,boroscope probe with camera,,,,,,,,,,
Side-2-Polarity,其他,NULL,4,4,Normal,,,,,,,,,,
Indexing,其他,NULL,4,4,15°,,,,,,,,,,
Battery-Type,其他,NULL,4,4,Li-Ion Li-Polymer,,,,,,,,,,
Supplier Temperature Grade,其他,NULL,4,4,Industrial,,,,,,,,,,
通道数量,其他,NULL,4,4,1 Channel,,,,,,,,,,
卡标准,其他,NULL,4,4,ISO 7810，ISO 7811-1 ~ 5，ISO 7812，ISO 7813,,,,,,,,,,
Resistor Element Type,其他,NULL,4,4,-,,,,,,,,,,
"Size, Approximate Width",其他,NULL,4,4,4&quot; (102mm),,,,,,,,,,
MSL,其他,NULL,4,4,MSL 1 -无限制,,,,,,,,,,
开关频率(kHz),其他,NULL,4,4,100,,,,,,,,,,
Crimp Tool Type,其他,NULL,4,4,Hand,,,,,,,,,,
加密特性,其他,NULL,4,4,Yes,,,,,,,,,,
Fault-Protection,其他,NULL,4,4,Over Current,,,,,,,,,,
Cable length,其他,NULL,4,4,3m,,,,,,,,,,
护套（绝缘）材料,其他,NULL,4,4,-,,,,,,,,,,
Rise/Fall time,其他,NULL,4,4,0.1 ns,,,,,,,,,,
"Size, Approximate Height",其他,NULL,4,4,3&quot; (76mm),,,,,,,,,,
按钮形状,其他,NULL,4,4,圆形,,,,,,,,,,
Failsafe-Protection-Y-N,其他,NULL,4,4,Failsafe Not Protected,,,,,,,,,,
Reverse Current IR,其他,NULL,4,4,1 uA,,,,,,,,,,
Spec.features,其他,NULL,4,4,VG06,,,,,,,,,,
静态电流(μA)(无负载),其他,NULL,4,4,110,,,,,,,,,,
门限滞后(mV),其他,NULL,4,4,20,,,,,,,,,,
内径,其他,NULL,4,4,20.32mm,,,,,,,,,,
Sound onboard,其他,NULL,4,4,Y Y/N,,,,,,,,,,
电流 - 输出高、低,其他,NULL,4,4,24mA，24mA,,,,,,,,,,
Resistance value,其他,NULL,4,4,-,,,,,,,,,,
Illumination Colour,其他,NULL,4,4,Green,,,,,,,,,,
XPackage,其他,NULL,4,4,1206,,,,,,,,,,
PSRR@1kHz(dB),其他,NULL,4,4,53,,,,,,,,,,
Coupling-Mechanism,其他,NULL,4,4,Bayonet,,,,,,,,,,
按钮执行,其他,NULL,4,4,向上箭头,,,,,,,,,,
电压 - 跨度（最大值）,其他,NULL,4,4,12 V,,,,,,,,,,
Manufacturer QTY,其他,NULL,4,4,1,,,,,,,,,,
Maximum Quiescent Current (mA),其他,NULL,4,4,120@±24V,,,,,,,,,,
Delay-Time,其他,NULL,4,4,-,,,,,,,,,,
通态平均电流IT(AV)Average on-state current,其他,NULL,4,4,0.3A,,,,,,,,,,
最大反向浪涌电流IRSM(A),其他,NULL,4,4,19,,,,,,,,,,
Voltage max.,其他,NULL,4,4,50V,,,,,,,,,,
透镜类型,其他,NULL,4,4,-,,,,,,,,,,
Output-Voltage-Channel-1,其他,NULL,4,4,12 V,,,,,,,,,,
Max.sensivity,其他,NULL,4,4,430 nm,,,,,,,,,,
전압 정격 DC,其他,NULL,4,4,12 V,,,,,,,,,,
브랜드,其他,NULL,4,4,Honeywell,,,,,,,,,,
LED-Size,其他,NULL,4,4,10 mm,,,,,,,,,,
Vcc(max),其他,NULL,4,4,16 V,,,,,,,,,,
Contact point type,其他,NULL,4,4,1 Form 2A,,,,,,,,,,
Fibre Type,其他,NULL,4,4,Plastic Optical,,,,,,,,,,
속도,其他,NULL,4,4,25MHz,,,,,,,,,,
Cable accessories application,其他,NULL,4,4,Cable P-clips,,,,,,,,,,
Side-1-Polarity,其他,NULL,4,4,Normal,,,,,,,,,,
Max VSWR,其他,NULL,4,4,1.35:1,,,,,,,,,,
Gate Trigger Voltage,其他,NULL,4,4,3(V),,,,,,,,,,
Voltage-DC-Spark-Over-Nom,其他,NULL,4,4,260V,,,,,,,,,,
Maximum Clamping Voltage,其他,NULL,4,4,179 V,,,,,,,,,,
Sens.range max.,其他,NULL,4,4,1040 nm,,,,,,,,,,
Timing Type,其他,NULL,4,4,Asynchronous,,,,,,,,,,
Daughter Cards,其他,NULL,4,4,No,,,,,,,,,,
存储容量Memory Size,其他,NULL,4,4,128（16 x 8）,,,,,,,,,,
Voltage Class,其他,NULL,4,4,1700.0 V,,,,,,,,,,
光纤类型,其他,NULL,4,4,50/125,,,,,,,,,,
Maximum operating temperature,其他,NULL,4,4,125°C,,,,,,,,,,
Cache-Memory,其他,NULL,4,4,1 MB,,,,,,,,,,
Contact-Rating-Voltage,其他,NULL,4,4,-,,,,,,,,,,
Battery-Backup-Switching,其他,NULL,4,4,Backup Battery,,,,,,,,,,
平均整流器前向电流Io(A),其他,NULL,4,4,0.25,,,,,,,,,,
Maximum on-state resistance,其他,NULL,4,4,200@±15VOhm,,,,,,,,,,
Maximum current,其他,NULL,4,4,0.5A,,,,,,,,,,
器件尺寸,其他,NULL,4,4,-,,,,,,,,,,
按钮类型,其他,NULL,4,4,圆形,,,,,,,,,,
Temperature Grade,其他,NULL,4,4,Automotive,,,,,,,,,,
Frequency Response Max,其他,NULL,4,4,1  kHz,,,,,,,,,,
电阻容差,其他,NULL,4,4,-,,,,,,,,,,
Reflector Type,其他,NULL,4,4,Rectangular Reflector,,,,,,,,,,
Maximum Clock Rate,其他,NULL,4,4,133 MHz,,,,,,,,,,
反向恢复时间Trr,其他,NULL,4,4,200ns,,,,,,,,,,
棘爪,其他,NULL,4,4,是,,,,,,,,,,
I(FSM),其他,NULL,4,4,1273 A,,,,,,,,,,
深度,其他,NULL,4,4,31.9mm,,,,,,,,,,
温度范围,其他,NULL,4,4,-,,,,,,,,,,
"Size, Approximate Depth",其他,NULL,4,4,2&quot; (51mm),,,,,,,,,,
端接表面处理,其他,NULL,4,4,-,,,,,,,,,,
Typical Single Supply Voltage (V),其他,NULL,4,4,18|24|28,,,,,,,,,,
PLD输入,其他,NULL,4,4,16,,,,,,,,,,
ROM尺寸,其他,NULL,4,4,13KB,,,,,,,,,,
电池化学Battery Chemistry,其他,NULL,4,4,锂离子 Lithium-Ion,,,,,,,,,,
Contacts pitch,其他,NULL,4,4,2.54mm,,,,,,,,,,
输出电流最大值(A),其他,NULL,4,4,1.5,,,,,,,,,,
Chemical System,其他,NULL,4,4,Alkaline Zinc-Manganese Dioxide,,,,,,,,,,
Gate Trigger Current,其他,NULL,4,4,150(mA),,,,,,,,,,
Meter Display Type,其他,NULL,4,4,-,,,,,,,,,,
Common electrode,其他,NULL,4,4,anode,,,,,,,,,,
Life Cycle,其他,NULL,4,4,Active,,,,,,,,,,
전류 - 제한,其他,NULL,4,4,1.5A,,,,,,,,,,
Dominant Wavelength,其他,NULL,4,4,428/570 nm,,,,,,,,,,
Op.temp.max.,其他,NULL,4,4,100 °C,,,,,,,,,,
Repetitive Peak off-state volt,其他,NULL,4,4,1600(V),,,,,,,,,,
存储器格式Format - Memory,其他,NULL,4,4,EEPROMs - 串行 EEPROMs - Serial,,,,,,,,,,
雪崩电压VBR(V),其他,NULL,4,4,160,,,,,,,,,,
I/O 数量,其他,NULL,4,4,36,,,,,,,,,,
Contact-Mating-Length,其他,NULL,4,4,-,,,,,,,,,,
Pb Free,其他,NULL,4,4,No,,,,,,,,,,
Type of integrated circuit,其他,NULL,4,4,driver,,,,,,,,,,
UART/USART,其他,NULL,4,4,1,,,,,,,,,,
主频（MAX),其他,NULL,4,4,35MHz,,,,,,,,,,
Leakage-Current,其他,NULL,4,4,21 mA,,,,,,,,,,
Number-of-Cells,其他,NULL,4,4,1,,,,,,,,,,
电源电压-最小,其他,NULL,4,4,1 V,,,,,,,,,,
Timing-Adjustment-Method,其他,NULL,4,4,-,,,,,,,,,,
Fibre Diameter,其他,NULL,4,4,0.5mm,,,,,,,,,,
Commercial/Medical,其他,NULL,4,4,Commercial,,,,,,,,,,
Minimum Operating Supply Voltage (V),其他,NULL,4,4,3,,,,,,,,,,
控制侧电缆夹,其他,NULL,4,4,-,,,,,,,,,,
接口Interface,其他,NULL,4,4,"I²C，2 线串口 I²C, 2-Wire Serial",,,,,,,,,,
Settling time,其他,NULL,4,4,1(Typ)us,,,,,,,,,,
产品特点,其他,NULL,4,4,"IP67, 1 Port",,,,,,,,,,
Outside-Diameter,其他,NULL,4,4,11.3 mm,,,,,,,,,,
Maximum-DC-Current,其他,NULL,4,4,1 A,,,,,,,,,,
Active Area,其他,NULL,4,4,210.40 × 157.80 mm,,,,,,,,,,
Typ.capacity,其他,NULL,4,4,235 mAh,,,,,,,,,,
配用/相关产品,其他,NULL,4,4,ADNS-9500,,,,,,,,,,
Reverse Voltage,其他,NULL,4,4,1200 V,,,,,,,,,,
RF类型RF Type,其他,NULL,4,4,UHF VHF,,,,,,,,,,
Impulse-Discharge-Current-8-20μs,其他,NULL,4,4,10000A (10kA),,,,,,,,,,
Stand-off Voltage,其他,NULL,4,4,100 V,,,,,,,,,,
External Width - Imperial,其他,NULL,4,4,-,,,,,,,,,,
RoHS compliant,其他,NULL,4,4,yes,,,,,,,,,,
卡读/写类型和轨道,其他,NULL,4,4,读取轨道 1，2，3,,,,,,,,,,
Drawing-Number,其他,NULL,4,4,*,,,,,,,,,,
软件,其他,NULL,4,4,CX-One,,,,,,,,,,
Measures,其他,NULL,4,4,Neutral Current Voltage and Resistance,,,,,,,,,,
DMM Type,其他,NULL,4,4,Bench,,,,,,,,,,
Cap Color,其他,NULL,4,4,Blue,,,,,,,,,,
存储器类型Memory Type,其他,NULL,4,4,EEPROM,,,,,,,,,,
DMM Connectivity,其他,NULL,4,4,USB,,,,,,,,,,
Characteristic impedance,其他,NULL,4,4,50 Ohm,,,,,,,,,,
频率 - 开关,其他,NULL,4,4,-,,,,,,,,,,
连接类型,其他,NULL,4,4,0.060&quot;（1.52mm）Test Probe Tips,,,,,,,,,,
Resistor Case Style,其他,NULL,4,4,-,,,,,,,,,,
Ptot  max,其他,NULL,4,4,1.8 W,,,,,,,,,,
Amplitude Imbalance,其他,NULL,4,4,0.5 dB,,,,,,,,,,
Off-State Voltage,其他,NULL,4,4,1600(V),,,,,,,,,,
Sealing,其他,NULL,4,4,IP57,,,,,,,,,,
Package Style,其他,NULL,4,4,GBPC-4,,,,,,,,,,
CPU位数,其他,NULL,4,4,8-Bit,,,,,,,,,,
替换型号,其他,NULL,4,4,/,,,,,,,,,,
Test-Frequency,其他,NULL,4,4,100 kHz,,,,,,,,,,
Tolerance (+ or -),其他,NULL,4,4,20%,,,,,,,,,,
Maximum Reverse Current (at Stand-off Voltage),其他,NULL,4,4,10 µA,,,,,,,,,,
ECCN (EU),其他,NULL,4,4,5A002A1A,,,,,,,,,,
Vcc(min),其他,NULL,4,4,1.5 V,,,,,,,,,,
Number of Pins,其他,NULL,4,4,3,,,,,,,,,,
Probe diameter,其他,NULL,4,4,4mm,,,,,,,,,,
Supply Current,其他,NULL,4,4,-,,,,,,,,,,
Sampling,其他,NULL,4,4,120Msps,,,,,,,,,,
总功率耗散,其他,NULL,4,4,1.25W,,,,,,,,,,
Convert From Gender,其他,NULL,4,4,Jack,,,,,,,,,,
同轴端接,其他,NULL,4,4,压接,,,,,,,,,,
Data-Bus-Width,其他,NULL,4,4,8 bit,,,,,,,,,,
Shaft-Type,其他,NULL,4,4,Bayonet Knob Release,,,,,,,,,,
Forward-Transconductance-Min,其他,NULL,4,4,-,,,,,,,,,,
功能Function,其他,NULL,4,4,充电管理 Charge Management,,,,,,,,,,
Maximum Random Access Time,其他,NULL,4,4,0.7 ns,,,,,,,,,,
最大反向电压(钳位电压)VRSM(V),其他,NULL,4,4,19.5,,,,,,,,,,
电流 - DC 正向 (If)（最大值）,其他,NULL,4,4,100mA,,,,,,,,,,
旋转寿命（最少次数）,其他,NULL,4,4,30K,,,,,,,,,,
编码器类型,其他,NULL,4,4,机械,,,,,,,,,,
Peak Pulse Power Dissipation,其他,NULL,4,4,400 W,,,,,,,,,,
最大交流电压,其他,NULL,4,4,230V,,,,,,,,,,
Product Weight (g),其他,NULL,4,4,10.4,,,,,,,,,,
反向恢复时间trr,其他,NULL,4,4,2ns,,,,,,,,,,
输出电流(mA),其他,NULL,4,4,250,,,,,,,,,,
速度(ns),其他,NULL,4,4,150,,,,,,,,,,
Sens.range min,其他,NULL,4,4,350 nm,,,,,,,,,,
Voltage Rating (DC),其他,NULL,4,4,20,,,,,,,,,,
Side-2-RF-Series,其他,NULL,4,4,BNC,,,,,,,,,,
SMD/THT,其他,NULL,4,4,SMD,,,,,,,,,,
External Width - Metric,其他,NULL,4,4,-,,,,,,,,,,
Screw Length,其他,NULL,4,4,-,,,,,,,,,,
Supply Voltage - Max,其他,NULL,4,4,+/- 5.5 V,,,,,,,,,,
延迟时间,其他,NULL,4,4,-,,,,,,,,,,
Cable accessories type,其他,NULL,4,4,screw mounted clamp,,,,,,,,,,
Maximum Supply Current (mA),其他,NULL,4,4,1000,,,,,,,,,,
块型,其他,NULL,4,4,接触块,,,,,,,,,,
Applicable frequency,其他,NULL,4,4,0 to 10Hz to GHz,,,,,,,,,,
电压 - 电源Voltage - Supply,其他,NULL,4,4,-0.3V~12V,,,,,,,,,,
绝缘,其他,NULL,4,4,-,,,,,,,,,,
卡速度,其他,NULL,4,4,10 ~ 120cm/s,,,,,,,,,,
Contact Size,其他,NULL,4,4,1,,,,,,,,,,
Development-Kit,其他,NULL,4,4,-,,,,,,,,,,
输出个数,其他,NULL,4,4,1 Output,,,,,,,,,,
Compliance,其他,NULL,4,4,UL,,,,,,,,,,
触摸面板,其他,NULL,4,4,With Touch Panel,,,,,,,,,,
同轴电缆类型,其他,NULL,4,4,-,,,,,,,,,,
Measuring instruments application,其他,NULL,4,4,"HDV600, HDV610, HDV620, HDV640, HDV640W",,,,,,,,,,
이득 대역폭 곱(GAP),其他,NULL,4,4,5.5MHz,,,,,,,,,,
LED diameter,其他,NULL,4,4,20mm,,,,,,,,,,
连接器主体类型,其他,NULL,4,4,Right Angle Plug,,,,,,,,,,
Peak Reverse Gate Voltage,其他,NULL,4,4,5(V),,,,,,,,,,
Housing,其他,NULL,4,4,IHM B 190 mm,,,,,,,,,,
Operating Temperature Range,其他,NULL,4,4,-67 – 221 °F,,,,,,,,,,
接触终端类型,其他,NULL,4,4,焊接,,,,,,,,,,
峰值脉冲电流(8 x 20us)Current - Peak Pulse (8 x 20µs),其他,NULL,4,4,100A,,,,,,,,,,
端接表面处理厚度,其他,NULL,4,4,-,,,,,,,,,,
管压降VCE（sat） Collector-Emitter Saturation Voltage,其他,NULL,4,4,-180mV/120mV,,,,,,,,,,
压差(mV),其他,NULL,4,4,250,,,,,,,,,,
Quiescent Current  Id,其他,NULL,4,4,115 mA,,,,,,,,,,
"Material, Lens",其他,NULL,4,4,Acrylic,,,,,,,,,,
Enclosure Mounting,其他,NULL,4,4,Wall Mount,,,,,,,,,,
读卡方向,其他,NULL,4,4,刷卡（单向）,,,,,,,,,,
每转脉冲数,其他,NULL,4,4,12,,,,,,,,,,
Number of Decks,其他,NULL,4,4,1,,,,,,,,,,
Irrm,其他,NULL,4,4,10.0A,,,,,,,,,,
波长/色温,其他,NULL,4,4,430 nm,,,,,,,,,,
열 수,其他,NULL,4,4,1 Row,,,,,,,,,,
电压 - 跨度（最小值）,其他,NULL,4,4,3 V,,,,,,,,,,
JEDEC(电子器件工程联合会)型号,其他,NULL,4,4,1N6280A,,,,,,,,,,
最小工作温度,其他,NULL,4,4,- 40 C,,,,,,,,,,
External Height - Metric,其他,NULL,4,4,-,,,,,,,,,,
逻辑电路的归属系列,其他,NULL,4,4,74F,,,,,,,,,,
Maximum-Output-Current,其他,NULL,4,4,1 mA,,,,,,,,,,
Measuring unit,其他,NULL,4,4,"bar, cm H2O, ft H2O, in H2O, in Hg, kPa, kg/cm2, mbar, mm Hg",,,,,,,,,,
内置开关,其他,NULL,4,4,无,,,,,,,,,,
Sensor-Type,其他,NULL,4,4,-,,,,,,,,,,
增益带宽积,其他,NULL,4,4,1 MHz,,,,,,,,,,
CPU内核,其他,NULL,4,4,8051,,,,,,,,,,
Max. load current,其他,NULL,4,4,260A,,,,,,,,,,
基极电流,其他,NULL,4,4,-1A,,,,,,,,,,
熔断器尺寸,其他,NULL,4,4,00,,,,,,,,,,
Channels,其他,NULL,4,4,1,,,,,,,,,,
包装类型,其他,NULL,4,4,DIP,,,,,,,,,,
Operating Force,其他,NULL,4,4,0.5 N,,,,,,,,,,
Convert To Gender,其他,NULL,4,4,Jack,,,,,,,,,,
Op.temp.min.,其他,NULL,4,4,-40 °C,,,,,,,,,,
Forward Continuous Current,其他,NULL,4,4,15 A,,,,,,,,,,
读卡器类型,其他,NULL,4,4,磁性 - 刷卡,,,,,,,,,,
位置数,其他,NULL,4,4,3,,,,,,,,,,
Detection angle,其他,NULL,4,4,120 °,,,,,,,,,,
Phase Imbalance,其他,NULL,4,4,1 °,,,,,,,,,,
Isolation-Type,其他,NULL,4,4,Not Isolated,,,,,,,,,,
Fail-Short,其他,NULL,4,4,No,,,,,,,,,,
速度Speed,其他,NULL,4,4,100kHz，400kHz,,,,,,,,,,
Output-Configuration,其他,NULL,4,4,-,,,,,,,,,,
﻿基极输入电阻R1 Input Resistance(R1)﻿,其他,NULL,4,4,10KΩ,,,,,,,,,,
Pitch Spacing,其他,NULL,4,4,-,,,,,,,,,,
Body colour,其他,NULL,4,4,natural,,,,,,,,,,
Sensor Type,其他,NULL,4,4,*,,,,,,,,,,
Manufacturers Packaging,其他,NULL,4,4,Bulk,,,,,,,,,,
混频器数Number of Mixers,其他,NULL,4,4,1,,,,,,,,,,
Enclosure Material,其他,NULL,4,4,-,,,,,,,,,,
입력 전압,其他,NULL,4,4,14 V,,,,,,,,,,
Max Surge Current,其他,NULL,4,4,100 A,,,,,,,,,,
Resolution capability,其他,NULL,4,4,12Bit,,,,,,,,,,
ROM类型,其他,NULL,4,4,FLASH,,,,,,,,,,
External Height - Imperial,其他,NULL,4,4,-,,,,,,,,,,
Reverse V/Veco,其他,NULL,3,3,1.5 V,,,,,,,,,,
Sampling Rate (SPS),其他,NULL,3,3,1.1M,,,,,,,,,,
Max. overload voltage,其他,NULL,3,3,1008,,,,,,,,,,
Base Product Number,其他,NULL,3,3,MV502,,,,,,,,,,
复位超时,其他,NULL,3,3,-,,,,,,,,,,
Number of Electrode,其他,NULL,3,3,3,,,,,,,,,,
IC (@ 100°)  max,其他,NULL,3,3,15.0 A,,,,,,,,,,
Purpose,其他,NULL,3,3,"in-car , flash,  display ,  mobile device",,,,,,,,,,
电流 - 峰值脉冲 (10/1000µs),其他,NULL,3,3,2A,,,,,,,,,,
集电极-发射集电压VCES(V),其他,NULL,3,3,600,,,,,,,,,,
连接方法,其他,NULL,3,3,Push-In,,,,,,,,,,
Max. forward voltage,其他,NULL,3,3,1.55V,,,,,,,,,,
可水洗,其他,NULL,3,3,-,,,,,,,,,,
Emitter Configuration,其他,NULL,3,3,Open,,,,,,,,,,
Convert To,其他,NULL,3,3,MPO,,,,,,,,,,
Voltage - DC Spark Over (Nom),其他,NULL,3,3,1200V,,,,,,,,,,
覆盖/无覆盖,其他,NULL,3,3,无覆盖,,,,,,,,,,
工作温度-结,其他,NULL,3,3,-55°C ~ 175°C,,,,,,,,,,
Acting,其他,NULL,3,3,Fast,,,,,,,,,,
针脚/触头数,其他,NULL,3,3,10p10c（RJ50）,,,,,,,,,,
Energy,其他,NULL,3,3,-,,,,,,,,,,
P(tot),其他,NULL,3,3,0.236 W,,,,,,,,,,
Built in NTC,其他,NULL,3,3,no,,,,,,,,,,
连接方式,其他,NULL,3,3,Cable,,,,,,,,,,
按钮材料,其他,NULL,3,3,塑料,,,,,,,,,,
Lens Style,其他,NULL,3,3,Round,,,,,,,,,,
源漏极导通电阻Rds  Drain-Source On-State,其他,NULL,3,3,RDS(on) = 26m Ω typ.(at VGS = 4.5 V),,,,,,,,,,
最大栅源极电压Vgs(±)  Gate-Source Voltage,其他,NULL,3,3,8V,,,,,,,,,,
Operating 공급 전류,其他,NULL,3,3,5 A,,,,,,,,,,
Lead Spacing,其他,NULL,3,3,15mm,,,,,,,,,,
Maximum Reflow Temperature,其他,NULL,3,3,N/R,,,,,,,,,,
IFpuls  max,其他,NULL,3,3,300.0 A,,,,,,,,,,
输出电流Iout(mA),其他,NULL,3,3,120,,,,,,,,,,
Size Code,其他,NULL,3,3,0603,,,,,,,,,,
调制或协议,其他,NULL,3,3,EDGE，GPRS，HSPA+,,,,,,,,,,
Intensity,其他,NULL,3,3,30mcd,,,,,,,,,,
Lamp-Type,其他,NULL,3,3,Incandescent,,,,,,,,,,
출력 전류-Channel 1,其他,NULL,3,3,20 A,,,,,,,,,,
最大漏极电流Id  Drain Current,其他,NULL,3,3,-2.4A,,,,,,,,,,
稳压器拓扑,其他,NULL,3,3,降压,,,,,,,,,,
位密度,其他,NULL,3,3,2K,,,,,,,,,,
Lens-Color-Style,其他,NULL,3,3,Diffused,,,,,,,,,,
Frequency measuring accuracy,其他,NULL,3,3,"±(0,1% + 1 digit) ±0,5%",,,,,,,,,,
数据保存时间(年),其他,NULL,3,3,20,,,,,,,,,,
参考电压(1.237V)输出,其他,NULL,3,3,√,,,,,,,,,,
Inner Diameter (Min.) / mm,其他,NULL,3,3,4.8,,,,,,,,,,
其他名称,其他,NULL,3,3,DM83723/75W2041N-LC,,,,,,,,,,
Camera Head Diameter,其他,NULL,3,3,-,,,,,,,,,,
Eoff,其他,NULL,3,3,0.135mJ,,,,,,,,,,
"Length, Actuator",其他,NULL,3,3,9.53mm,,,,,,,,,,
流体类型,其他,NULL,3,3,FSTN,,,,,,,,,,
Voltage-Off-State,其他,NULL,3,3,100V,,,,,,,,,,
Voltage-On-State-Vtm-Max,其他,NULL,3,3,1.9V,,,,,,,,,,
Socket Terminals,其他,NULL,3,3,-,,,,,,,,,,
Vin Max,其他,NULL,3,3,5.5 V,,,,,,,,,,
峰值反向电压VRRM  Peak Reverse Voltage,其他,NULL,3,3,600V,,,,,,,,,,
主体长度,其他,NULL,3,3,8.5mm,,,,,,,,,,
Color - Actuator/Cap,其他,NULL,3,3,Black,,,,,,,,,,
长度 - 头部以下,其他,NULL,3,3,-,,,,,,,,,,
供应商封装形式,其他,NULL,3,3,Case 1.5KE,,,,,,,,,,
容差Tolerance,其他,NULL,3,3,±20%,,,,,,,,,,
"Transmitter output power, dBm",其他,NULL,3,3,3dBm,,,,,,,,,,
存储类型,其他,NULL,3,3,NOR,,,,,,,,,,
Type of test accessories,其他,NULL,3,3,K-type temperature probe,,,,,,,,,,
发射极电压,其他,NULL,3,3,12V,,,,,,,,,,
工作电压(Max.)(V),其他,NULL,3,3,18,,,,,,,,,,
电缆端接,其他,NULL,3,3,IDC,,,,,,,,,,
按键数,其他,NULL,3,3,104,,,,,,,,,,
三极管BJT管压降VCE（sat） Collector-Emitter Saturation Voltage,其他,NULL,3,3,-80~-200mV,,,,,,,,,,
RoHS指令,其他,NULL,3,3,Contains lead / RoHS non-compliant,,,,,,,,,,
接受器,其他,NULL,3,3,1,,,,,,,,,,
Switching frequency max,其他,NULL,3,3,200Hz,,,,,,,,,,
Fibre Optic Connector B,其他,NULL,3,3,-,,,,,,,,,,
Plating-Thickness,其他,NULL,3,3,-,,,,,,,,,,
Output configuration,其他,NULL,3,3,NPN,,,,,,,,,,
Cable external diameter,其他,NULL,3,3,3...6.5mm,,,,,,,,,,
数据速率（最大值）,其他,NULL,3,3,100Mbps,,,,,,,,,,
外设,其他,NULL,3,3,DMA，LVD，POR，PWM，WDT,,,,,,,,,,
Voltage-Output,其他,NULL,3,3,1 ~ 100VDC,,,,,,,,,,
IC   (@ 25°)   max,其他,NULL,3,3,13.0A,,,,,,,,,,
最低温度,其他,NULL,3,3,-20°C,,,,,,,,,,
辅助属性Secondary Attributes,其他,NULL,3,3,升频器 Up Converter,,,,,,,,,,
硅芯制造商,其他,NULL,3,3,Fujitsu,,,,,,,,,,
Maximum Fall Time,其他,NULL,3,3,0.038 ns,,,,,,,,,,
存储器容量,其他,NULL,3,3,64Kb (8K x 8),,,,,,,,,,
Type of module,其他,NULL,3,3,IGBT,,,,,,,,,,
Pmot   (10kHz),其他,NULL,3,3,1000.0W,,,,,,,,,,
Type of device,其他,NULL,3,3,calibrator,,,,,,,,,,
集电极电流IC(Nom.)(A),其他,NULL,3,3,10,,,,,,,,,,
最大延迟时间,其他,NULL,3,3,10 ns,,,,,,,,,,
二极管DIODE正向电压降VF Forward Voltage(Vf),其他,NULL,3,3,490mV,,,,,,,,,,
双向通道,其他,NULL,3,3,1,,,,,,,,,,
Gain Flatness,其他,NULL,3,3,0.4 ±dB,,,,,,,,,,
Socket Mounting,其他,NULL,3,3,-,,,,,,,,,,
Current-On-State-It-AV-Max,其他,NULL,3,3,-,,,,,,,,,,
Under Plating Material,其他,NULL,3,3,N/R,,,,,,,,,,
Jacket-Material,其他,NULL,3,3,Polyvinyl Chloride (PVC),,,,,,,,,,
Maximum Current Rating,其他,NULL,3,3,10 A,,,,,,,,,,
Package Quantity,其他,NULL,3,3,100,,,,,,,,,,
Contains SVHC,其他,NULL,3,3,YES,,,,,,,,,,
电压 - 供电 (Vcc/Vdd),其他,NULL,3,3,2.7V ~ 5.5V,,,,,,,,,,
Voltage - Supply,其他,NULL,3,3,3.135V ~ 3.465V,,,,,,,,,,
第二连接器,其他,NULL,3,3,-,,,,,,,,,,
Vin Min,其他,NULL,3,3,2.5 V,,,,,,,,,,
额定功率 (对流冷却),其他,NULL,3,3,40W,,,,,,,,,,
电压 - 反向断态（典型值）,其他,NULL,3,3,160V,,,,,,,,,,
Outer Diameter (Max.) / mm,其他,NULL,3,3,8.3,,,,,,,,,,
Conform to the norm,其他,NULL,3,3,EN61010 1000V CAT III,,,,,,,,,,
프로그램메모리유형,其他,NULL,3,3,ROMless,,,,,,,,,,
匝数,其他,NULL,3,3,1,,,,,,,,,,
Maximum output frequency,其他,NULL,3,3,0.39 to 133MHz,,,,,,,,,,
静态电流(mA),其他,NULL,3,3,27.5,,,,,,,,,,
最大DCR次级侧,其他,NULL,3,3,4.5(Typ),,,,,,,,,,
电源线路保护,其他,NULL,3,3,无,,,,,,,,,,
差动增益Diff Gain (%),其他,NULL,3,3,0.03,,,,,,,,,,
DC electricity gain,其他,NULL,3,3,20@5A@5V,,,,,,,,,,
RMS电压,其他,NULL,3,3,28V,,,,,,,,,,
Impedance Ratio,其他,NULL,3,3,1.5:1,,,,,,,,,,
总体长度,其他,NULL,3,3,16.8mm,,,,,,,,,,
전압-공급(Vcc-Vdd),其他,NULL,3,3,2.7 V ~ 5.5 V,,,,,,,,,,
연결성,其他,NULL,3,3,"EBI/EMI, SIO, UART/USART",,,,,,,,,,
코어프로세서,其他,NULL,3,3,8051,,,,,,,,,,
메모리 크기,其他,NULL,3,3,1M x16,,,,,,,,,,
Fail Short,其他,NULL,3,3,No,,,,,,,,,,
"Voltage, DC",其他,NULL,3,3,30V,,,,,,,,,,
Output Voltage,其他,NULL,3,3,-15V/15V,,,,,,,,,,
访问速度(ns),其他,NULL,3,3,42,,,,,,,,,,
电路/元件数,其他,NULL,3,3,-,,,,,,,,,,
DC voltage measuring range,其他,NULL,3,3,"0,1m...600m/6/60/600/1000V",,,,,,,,,,
带宽-3dB(MHz),其他,NULL,3,3,120,,,,,,,,,,
环境温度,其他,NULL,3,3,-15 → +50°C,,,,,,,,,,
Body Thickness (Metric) (mm),其他,NULL,3,3,0.5,,,,,,,,,,
集电极电流Ic,其他,NULL,3,3,1A,,,,,,,,,,
I/O口数,其他,NULL,3,3,27,,,,,,,,,,
Wavelength of yellow colour λd,其他,NULL,3,3,585-595nm,,,,,,,,,,
平均整流电流Io  Average Rectified Current,其他,NULL,3,3,1.0A,,,,,,,,,,
漏源电压（Vdss）,其他,NULL,3,3,500 V,,,,,,,,,,
绝缘体颜色,其他,NULL,3,3,-,,,,,,,,,,
滤波,其他,NULL,3,3,No,,,,,,,,,,
致动器水平,其他,NULL,3,3,-,,,,,,,,,,
FLASH(位),其他,NULL,3,3,1M,,,,,,,,,,
Support FPGA,其他,NULL,3,3,No,,,,,,,,,,
Moisture Sensitivity level,其他,NULL,3,3,N/R,,,,,,,,,,
喷嘴开口,其他,NULL,3,3,-,,,,,,,,,,
三极管BJT直流电流增益hFE DC Current Gain(hFE),其他,NULL,3,3,-200mA,,,,,,,,,,
LVDS/eDP,其他,NULL,3,3,1X LVDS,,,,,,,,,,
"Color, Jacket",其他,NULL,3,3,Black,,,,,,,,,,
程序存储容量,其他,NULL,3,3,128KB（128K x 8）,,,,,,,,,,
Number-of-Terminations,其他,NULL,3,3,2,,,,,,,,,,
Rated power,其他,NULL,3,3,0.1W,,,,,,,,,,
连接性别,其他,NULL,3,3,公,,,,,,,,,,
不同 Ipp 时电压 - 箝位（最大值）,其他,NULL,3,3,126V,,,,,,,,,,
Weight / g,其他,NULL,3,3,0.093,,,,,,,,,,
발진기유형,其他,NULL,3,3,외부,,,,,,,,,,
T(j)max,其他,NULL,3,3,150 °C,,,,,,,,,,
电容值,其他,NULL,3,3,0.47F,,,,,,,,,,
最大源漏极电压Vds  Drain-Source Voltage,其他,NULL,3,3,12V,,,,,,,,,,
Insulator Colour,其他,NULL,3,3,-,,,,,,,,,,
Functional operation,其他,NULL,3,3,(On)-Off-(On),,,,,,,,,,
Current-Hold-Ih-Max,其他,NULL,3,3,100mA,,,,,,,,,,
拓扑,其他,NULL,3,3,低侧,,,,,,,,,,
Topology,其他,NULL,3,3,Boost,,,,,,,,,,
复位,其他,NULL,3,3,-,,,,,,,,,,
毛重,其他,NULL,3,3,0.000022KG,,,,,,,,,,
使用于,其他,NULL,3,3,Altivar 212、Altivar 312、Altivar 312 太阳能、Altivar 32、Altivar 6,,,,,,,,,,
外护套颜色,其他,NULL,3,3,-,,,,,,,,,,
钳口 - 类型,其他,NULL,3,3,有齿,,,,,,,,,,
Voltage Class  max,其他,NULL,3,3,1200.0 V,,,,,,,,,,
Voltage Class   max,其他,NULL,3,3,600.0V,,,,,,,,,,
最小包装数,其他,NULL,3,3,"10,000pcs",,,,,,,,,,
Band,其他,NULL,3,3,400kHz,,,,,,,,,,
Switching Frequency   min   max,其他,NULL,3,3,30.0kHz 150.0kHz,,,,,,,,,,
Ptot   max,其他,NULL,3,3,104.0W,,,,,,,,,,
噪声 - 0.1Hz 至 10Hz,其他,NULL,3,3,-,,,,,,,,,,
Contact Arrangement,其他,NULL,3,3,SPDT,,,,,,,,,,
最低纵向平衡,其他,NULL,3,3,-55(Max)@20KHz to 300KHz dB,,,,,,,,,,
작동온도,其他,NULL,3,3,-40°C ~ 85°C,,,,,,,,,,
피치,其他,NULL,3,3,2 mm,,,,,,,,,,
存储器接口类型,其他,NULL,3,3,I2C,,,,,,,,,,
认证标记,其他,NULL,3,3,-,,,,,,,,,,
Resistance Value,其他,NULL,3,3,1 kOhm,,,,,,,,,,
最大工作温度,其他,NULL,3,3,+ 125 C,,,,,,,,,,
Forward V/Vceo,其他,NULL,3,3,1 V,,,,,,,,,,
Outer Diameter (Nom.) / mm,其他,NULL,3,3,8,,,,,,,,,,
主体宽度,其他,NULL,3,3,3.8mm,,,,,,,,,,
静态电容Max,其他,NULL,3,3,100nF,,,,,,,,,,
静态电容Min,其他,NULL,3,3,1nF,,,,,,,,,,
电介质,其他,NULL,3,3,Polypropylene (PP),,,,,,,,,,
工作温度范围,其他,NULL,3,3,- 20 C to + 80 C,,,,,,,,,,
AC voltage measuring range,其他,NULL,3,3,"0,1...600V",,,,,,,,,,
DC current measuring accuracy,其他,NULL,3,3,"±(0,075% + 1 digit) or ±3 digits, whichever is greater",,,,,,,,,,
주변기기,其他,NULL,3,3,"POR, PWM, WDT",,,,,,,,,,
Number of Switches,其他,NULL,3,3,1,,,,,,,,,,
断路能力 (于最大电压 R),其他,NULL,3,3,35 A,,,,,,,,,,
Attenuation-Value,其他,NULL,3,3,0.5dB ~ 31.5dB,,,,,,,,,,
有效磁导率 (µe),其他,NULL,3,3,-,,,,,,,,,,
Configuartion,其他,NULL,3,3,N+N-CH,,,,,,,,,,
最大正向电压降VF  Forward Voltage(Vf),其他,NULL,3,3,1.0V,,,,,,,,,,
数据转换器,其他,NULL,3,3,A/D 26x10b；D/A 2x8b,,,,,,,,,,
AC current measuring accuracy,其他,NULL,3,3,"±(0,5% + 0,5A)",,,,,,,,,,
功率 - 峰值脉冲,其他,NULL,3,3,500W,,,,,,,,,,
Number of Bits,其他,NULL,3,3,10,,,,,,,,,,
I/O개수,其他,NULL,3,3,32,,,,,,,,,,
Lens Color,其他,NULL,3,3,Green,,,,,,,,,,
Lamp-Size,其他,NULL,3,3,6 mm x 19 mm,,,,,,,,,,
전력 발산,其他,NULL,3,3,300 W,,,,,,,,,,
Height (Nom.) / mm,其他,NULL,3,3,105,,,,,,,,,,
Winding,其他,NULL,3,3,Concentric,,,,,,,,,,
Luminosity of yellow colour,其他,NULL,3,3,100-171mcd,,,,,,,,,,
辐射通量,其他,NULL,3,3,0.5mW,,,,,,,,,,
JTAG/ISP,其他,NULL,3,3,Yes,,,,,,,,,,
内核规格,其他,NULL,3,3,16 位,,,,,,,,,,
Wire Connection Method,其他,NULL,3,3,Screw,,,,,,,,,,
Thickness (Max.) / mm,其他,NULL,3,3,0.75,,,,,,,,,,
Maximum Wave Temperature,其他,NULL,3,3,N/R,,,,,,,,,,
ICpuls  max,其他,NULL,3,3,300.0 A,,,,,,,,,,
功率 - 输出,其他,NULL,3,3,-,,,,,,,,,,
注,其他,NULL,3,3,Contacts Not Provided,,,,,,,,,,
防护等级,其他,NULL,3,3,"IP67 - Dust Tight, Waterproof",,,,,,,,,,
压敏电压,其他,NULL,3,3,21.8V,,,,,,,,,,
集电极-发射集饱和电压VCE(sat)(Typ.)(V),其他,NULL,3,3,1.55,,,,,,,,,,
最大直流电阻,其他,NULL,3,3,300 mOhm,,,,,,,,,,
连接能力,其他,NULL,3,3,EBI/EMI，I²C，IEBus，UART/USART,,,,,,,,,,
电阻材料,其他,NULL,3,3,金属陶瓷,,,,,,,,,,
电压 - 击穿（最小值）,其他,NULL,3,3,100V,,,,,,,,,,
驱动器,其他,NULL,3,3,1,,,,,,,,,,
Packing,其他,NULL,3,3,Bulk(Polystyrene form),,,,,,,,,,
LED-Driver-Channels,其他,NULL,3,3,-,,,,,,,,,,
Switching Frequency  min max,其他,NULL,3,3,10.0 kHz  50.0 kHz,,,,,,,,,,
输入数/每元件位数,其他,NULL,3,3,-,,,,,,,,,,
Fibre Optic Connector A,其他,NULL,3,3,-,,,,,,,,,,
Insulator material,其他,NULL,3,3,delrin,,,,,,,,,,
DC current measuring range,其他,NULL,3,3,"0,1µ...600µ/6m/60m/600m/6/10/20A",,,,,,,,,,
Vos-Input-Offset-Voltage,其他,NULL,3,3,- 1.5 V,,,,,,,,,,
振荡器类型,其他,NULL,3,3,内部,,,,,,,,,,
IP-Rating,其他,NULL,3,3,IP67,,,,,,,,,,
三极管BJT集电极-基极反向击穿电压V(BR)CBO Collector-Base Voltage(VCBO),其他,NULL,3,3,-15V,,,,,,,,,,
跳断范围,其他,NULL,3,3,-,,,,,,,,,,
USOC-Codes,其他,NULL,3,3,RJ45,,,,,,,,,,
V(DS),其他,NULL,3,3,50 V,,,,,,,,,,
输出数目,其他,NULL,3,3,1,,,,,,,,,,
Maximum Collector-Emitter Voltage (V),其他,NULL,3,3,400,,,,,,,,,,
宏单元输入/输出,其他,NULL,3,3,24/16,,,,,,,,,,
Maximum Gate Source Voltage,其他,NULL,3,3,-30,,,,,,,,,,
Non Linear Coefficient [1 to 10mA],其他,NULL,3,3,2.3,,,,,,,,,,
Proximity-Detection,其他,NULL,3,3,-,,,,,,,,,,
LAN Category,其他,NULL,3,3,Cat5e,,,,,,,,,,
Inner Diameter (Max.) / mm,其他,NULL,3,3,5.2,,,,,,,,,,
Sensing-Distance,其他,NULL,3,3,-,,,,,,,,,,
输入钳位电流,其他,NULL,3,3,-20mA,,,,,,,,,,
位/极数,其他,NULL,3,3,16,,,,,,,,,,
Duplex,其他,NULL,3,3,Full,,,,,,,,,,
Output current/channel,其他,NULL,3,3,150mA,,,,,,,,,,
Diode-Type,其他,NULL,3,3,-,,,,,,,,,,
最大擦写次数,其他,NULL,3,3,100000,,,,,,,,,,
电缆出口,其他,NULL,3,3,180°,,,,,,,,,,
噪声 - 10Hz 至 10Hz,其他,NULL,3,3,-,,,,,,,,,,
致动器标志,其他,NULL,3,3,无标志,,,,,,,,,,
Manufacturer Pack Quantity,其他,NULL,3,3,1,,,,,,,,,,
Logic level,其他,NULL,3,3,NO,,,,,,,,,,
容量,其他,NULL,3,3,-,,,,,,,,,,
按钮颜色,其他,NULL,3,3,红色,,,,,,,,,,
程序存储器类型,其他,NULL,3,3,闪存,,,,,,,,,,
Ingress Protection,其他,NULL,3,3,Water Resistant,,,,,,,,,,
GBP-Gain-Bandwidth-Product,其他,NULL,3,3,2 MHz,,,,,,,,,,
Temperature Coefficient of Varistor Voltage / (% / °C),其他,NULL,3,3,±0.2,,,,,,,,,,
IF  max,其他,NULL,3,3,15.0 A,,,,,,,,,,
致动器/开关盖颜色,其他,NULL,3,3,红色,,,,,,,,,,
Lead Finish Material,其他,NULL,3,3,N/R,,,,,,,,,,
Timing-Type,其他,NULL,3,3,Asynchronous,,,,,,,,,,
Special feature,其他,NULL,3,3,M/IO,,,,,,,,,,
Dose Level,其他,NULL,3,3,N/A,,,,,,,,,,
순 전압 강하,其他,NULL,3,3,1 V,,,,,,,,,,
Temperature measurement resolution,其他,NULL,3,3,0.1°C,,,,,,,,,,
Inside Diameter (Metric) (mm),其他,NULL,3,3,25,,,,,,,,,,
Convert From,其他,NULL,3,3,MPO,,,,,,,,,,
출력 전압-Channel 1,其他,NULL,3,3,0.59 V to 8 V,,,,,,,,,,
Number of Outputs,其他,NULL,3,3,1,,,,,,,,,,
感应方式,其他,NULL,3,3,Background Suppression,,,,,,,,,,
Backlight,其他,NULL,3,3,LED,,,,,,,,,,
Base Material,其他,NULL,3,3,N/R,,,,,,,,,,
触点尺寸,其他,NULL,3,3,12,,,,,,,,,,
背景色,其他,NULL,3,3,Light,,,,,,,,,,
工作温度Min,其他,NULL,3,3,-25℃,,,,,,,,,,
Inner Diameter (Nom.) / mm,其他,NULL,3,3,5,,,,,,,,,,
AC current measuring range,其他,NULL,3,3,"0,001...20/200/1200A",,,,,,,,,,
最小输入电压,其他,NULL,3,3,-,,,,,,,,,,
内部增益(dB),其他,NULL,3,3,6,,,,,,,,,,
Supply Voltage - Min,其他,NULL,3,3,+/- 4.5 V,,,,,,,,,,
Maximum DC Current,其他,NULL,3,3,500 mA,,,,,,,,,,
电压 - 阈值,其他,NULL,3,3,-,,,,,,,,,,
资格,其他,NULL,3,3,EREL,,,,,,,,,,
存储器构架(格式),其他,NULL,3,3,EEPROM,,,,,,,,,,
Maximum Dual Supply Voltage (V),其他,NULL,3,3,±31,,,,,,,,,,
CMRR-Common-Mode-Rejection-Ratio,其他,NULL,3,3,50 dB,,,,,,,,,,
增益Gain AV(Min.)(V),其他,NULL,3,3,1,,,,,,,,,,
三极管BJT截止频率fT Transtion Frequency(fT),其他,NULL,3,3,150MHz,,,,,,,,,,
功率耗散（最大值）,其他,NULL,3,3,110W（Tc）,,,,,,,,,,
코어크기,其他,NULL,3,3,8비트,,,,,,,,,,
Pitch-Connector,其他,NULL,3,3,-,,,,,,,,,,
Viewing Angle,其他,NULL,3,3,60°,,,,,,,,,,
功率 - 额定值,其他,NULL,3,3,-,,,,,,,,,,
"Voltage, AC",其他,NULL,3,3,115V,,,,,,,,,,
输入电压最大值(V),其他,NULL,3,3,15,,,,,,,,,,
功率耗散Pd,其他,NULL,3,3,500W,,,,,,,,,,
Unit of Measure,其他,NULL,3,3,Per Each,,,,,,,,,,
显示颜色,其他,NULL,3,3,黄色,,,,,,,,,,
Data Bus Width,其他,NULL,3,3,16 Bit,,,,,,,,,,
端接方法,其他,NULL,3,3,焊接,,,,,,,,,,
Resistance measuring range,其他,NULL,3,3,"0,01m...100MΩ",,,,,,,,,,
IC   (@ 100°)   max,其他,NULL,3,3,12.0A,,,,,,,,,,
三极管BJT集电极-发射极反向击穿电压V(BR)CEO Collector-Emitter Voltage(VCEO),其他,NULL,3,3,-12V,,,,,,,,,,
二极管DIODE类型 TYPE,其他,NULL,3,3,肖特基-单管 SBD-Single,,,,,,,,,,
二极管DIODE反向电压VR Reverse Voltage,其他,NULL,3,3,20V,,,,,,,,,,
Insertion Loss,其他,NULL,3,3,0.1dB,,,,,,,,,,
Output [50Hz] / var,其他,NULL,3,3,56000,,,,,,,,,,
套件类型,其他,NULL,3,3,BNC,,,,,,,,,,
输出电压噪声(uVRMS),其他,NULL,3,3,30,,,,,,,,,,
硅芯号,其他,NULL,3,3,MB86064,,,,,,,,,,
IC (@ 25°)  max,其他,NULL,3,3,150.0 A,,,,,,,,,,
Eoff (Hard Switching),其他,NULL,3,3,0.55 mJ,,,,,,,,,,
Formfactor,其他,NULL,3,3,Horizontal,,,,,,,,,,
DC Coil Voltage,其他,NULL,3,3,12 V,,,,,,,,,,
Current-Off-State-Max,其他,NULL,3,3,13mA,,,,,,,,,,
驱动器安装,其他,NULL,3,3,矩阵,,,,,,,,,,
Fault Pin,其他,NULL,3,3,yes,,,,,,,,,,
模块大小 - 宽x高x厚,其他,NULL,3,3,168 mm x 111 mm x 9 mm,,,,,,,,,,
Maximum Contact Resistance,其他,NULL,3,3,20 m,,,,,,,,,,
Supply Current - Max,其他,NULL,3,3,400 uA,,,,,,,,,,
系列号,其他,NULL,3,3,6130,,,,,,,,,,
AC voltage measuring accuracy,其他,NULL,3,3,"±(0,5% + 0,5 V)",,,,,,,,,,
Current-Non-Rep#-Surge-50-60Hz-Itsm,其他,NULL,3,3,200A @ 60Hz,,,,,,,,,,
Inside-Diameter,其他,NULL,3,3,1.5 mm,,,,,,,,,,
第一连接器,其他,NULL,3,3,-,,,,,,,,,,
"Voltage, Secondary",其他,NULL,3,3,15 VAC,,,,,,,,,,
Number of LEDs,其他,NULL,3,3,2,,,,,,,,,,
Ribbon-Thickness,其他,NULL,3,3,-,,,,,,,,,,
线规量程,其他,NULL,3,3,22 AWG to 20 AWG,,,,,,,,,,
受监控电压数,其他,NULL,3,3,1,,,,,,,,,,
满幅,其他,NULL,3,3,No,,,,,,,,,,
工作电压(Min.)(V),其他,NULL,3,3,1.5,,,,,,,,,,
最大的初级漏感,其他,NULL,3,3,10,,,,,,,,,,
Maximum Interwinding Capacitance,其他,NULL,3,3,120,,,,,,,,,,
Conductor Area CSA,其他,NULL,3,3,1.5mm²,,,,,,,,,,
Humidity Range,其他,NULL,3,3,-,,,,,,,,,,
电流Current,其他,NULL,3,3,300mA,,,,,,,,,,
对角线,其他,NULL,3,3,3.9 in,,,,,,,,,,
Case / Package,其他,NULL,3,3,12-TDFN (3.0x3.5),,,,,,,,,,
Switch standard,其他,NULL,3,3,22mm,,,,,,,,,,
Isolation voltage,其他,NULL,3,3,1500Vrms(min)@t=60s,,,,,,,,,,
铅形状,其他,NULL,3,3,J-Lead,,,,,,,,,,
Adjustment Type,其他,NULL,3,3,Screwdriver Slot,,,,,,,,,,
Pmot   max,其他,NULL,3,3,1.2kW,,,,,,,,,,
Body Thickness (Imperial) (in),其他,NULL,3,3,0.018,,,,,,,,,,
Q(g),其他,NULL,3,3,1 nC,,,,,,,,,,
线规最小值,其他,NULL,3,3,22 AWG,,,,,,,,,,
Wire-Gauge-AWG,其他,NULL,3,3,18,,,,,,,,,,
额定功率 (强制冷却),其他,NULL,3,3,-,,,,,,,,,,
Input-Voltage,其他,NULL,3,3,36 V to 75 V,,,,,,,,,,
Ets   (max),其他,NULL,3,3,0.245mJ (0.455mJ),,,,,,,,,,
耗散功率Pd  Power dissipation,其他,NULL,3,3,0.1W,,,,,,,,,,
认证国家/地区,其他,NULL,3,3,-,,,,,,,,,,
I(D)at Tc=25°C,其他,NULL,3,3,0.360 A,,,,,,,,,,
I/O 数,其他,NULL,3,3,120,,,,,,,,,,
Exceed Limit,其他,NULL,3,3,YES,,,,,,,,,,
Display Size (in),其他,NULL,3,3,10.4,,,,,,,,,,
Output-Current-Channel-1,其他,NULL,3,3,1 A,,,,,,,,,,
每片芯片元件数目,其他,NULL,3,3,1,,,,,,,,,,
Frequency measuring range,其他,NULL,3,3,"0,001...10/100/1k/10k/100k/1M/10MHz (for electronic signals)",,,,,,,,,,
Caution!,其他,NULL,3,3,Contact sets must be ordered separately.,,,,,,,,,,
二极管DIODE正向整流电流Io Rectified Current,其他,NULL,3,3,500mA,,,,,,,,,,
SCR-Type,其他,NULL,3,3,Standard Recovery,,,,,,,,,,
螺纹规格,其他,NULL,3,3,-,,,,,,,,,,
Current-Supply,其他,NULL,3,3,-,,,,,,,,,,
Current-Gate-Trigger-Igt-Max,其他,NULL,3,3,40mA,,,,,,,,,,
Reference Current / A,其他,NULL,3,3,0.01,,,,,,,,,,
Enclosure material,其他,NULL,3,3,aluminium,,,,,,,,,,
Voltage-Gate-Trigger-Vgt-Max,其他,NULL,3,3,1.5V,,,,,,,,,,
电压 - 峰值反向（最大值）,其他,NULL,3,3,100 V,,,,,,,,,,
电流 - 最大值,其他,NULL,3,3,-,,,,,,,,,,
Coil Voltage,其他,NULL,3,3,12 VDC,,,,,,,,,,
观察区域 - 宽x高,其他,NULL,3,3,120 mm x 90 mm,,,,,,,,,,
定位,其他,NULL,3,3,N (Normal),,,,,,,,,,
紧固型,其他,NULL,3,3,Bayonet Lock,,,,,,,,,,
Viewing Area,其他,NULL,3,3,16 x 65 mm,,,,,,,,,,
If - 正向电流,其他,NULL,3,3,13 mA,,,,,,,,,,
Kind of calibrator,其他,NULL,3,3,sound level calibrator,,,,,,,,,,
输出端数量,其他,NULL,3,3,1 Output,,,,,,,,,,
带宽@ -3dB(MHz),其他,NULL,3,3,200,,,,,,,,,,
Operation modes,其他,NULL,3,3,"DARK-ON, LIGHT-ON",,,,,,,,,,
RDS(on)at 10V,其他,NULL,3,3,102 mOhm,,,,,,,,,,
集射极击穿电压Vce,其他,NULL,3,3,100V,,,,,,,,,,
轨对轨输出,其他,NULL,3,3,Yes,,,,,,,,,,
LVDS type,其他,NULL,3,3,18BIT,,,,,,,,,,
Phase,其他,NULL,3,3,1,,,,,,,,,,
二极管配置,其他,NULL,3,3,单路,,,,,,,,,,
Built in Rectifier,其他,NULL,3,3,no,,,,,,,,,,
Mated-Stacking-Heights,其他,NULL,3,3,-,,,,,,,,,,
Response time,其他,NULL,3,3,&lt;250µs,,,,,,,,,,
气流,其他,NULL,3,3,-,,,,,,,,,,
Maximum DC 저항,其他,NULL,3,3,100 Ohms,,,,,,,,,,
三极管BJT类型 TYPE,其他,NULL,3,3,NPN,,,,,,,,,,
三极管BJT集电极连续输出电流IC Collector Current(IC),其他,NULL,3,3,-1.5A,,,,,,,,,,
Pitch-Cable,其他,NULL,3,3,-,,,,,,,,,,
Reading Capacity,其他,NULL,3,3,16000,,,,,,,,,,
Conductor-Material,其他,NULL,3,3,-,,,,,,,,,,
Ribbon-Width,其他,NULL,3,3,-,,,,,,,,,,
Impulse Discharge Current (8/20μs),其他,NULL,3,3,10000A (10kA),,,,,,,,,,
单工/双工,其他,NULL,3,3,-,,,,,,,,,,
RAM크기,其他,NULL,3,3,1.25K x 8,,,,,,,,,,
DC voltage measuring accuracy,其他,NULL,3,3,"±(0,075% + 1 digit) or ±3 digits. whichever is greater",,,,,,,,,,
Pd-功率耗散,其他,NULL,3,3,28 mW,,,,,,,,,,
"Length, Overall",其他,NULL,3,3,1.15 &quot;,,,,,,,,,,
Product lifetime,其他,NULL,3,3,1000h,,,,,,,,,,
"Cable, Length",其他,NULL,3,3,15.0 m,,,,,,,,,,
EEPROM 容量,其他,NULL,3,3,8K x 8,,,,,,,,,,
"Voltage, Primary",其他,NULL,3,3,115 VAC,,,,,,,,,,
内核类型,其他,NULL,3,3,P,,,,,,,,,,
Varistor Voltage (Min.) / V,其他,NULL,3,3,17.6,,,,,,,,,,
外壳表面,其他,NULL,3,3,-,,,,,,,,,,
RAM 大小,其他,NULL,3,3,12K x 8,,,,,,,,,,
Built in Bootstrap,其他,NULL,3,3,yes,,,,,,,,,,
Current-On-State-It-RMS-Max,其他,NULL,3,3,25A,,,,,,,,,,
Varistor Voltage (Max.) / V,其他,NULL,3,3,26,,,,,,,,,,
Terminal shape,其他,NULL,3,3,R/A端子（0.2ｲﾝﾁﾋﾟｯﾁ）,,,,,,,,,,
轨对轨输入,其他,NULL,3,3,No,,,,,,,,,,
Data-Interface,其他,NULL,3,3,-,,,,,,,,,,
Outer Diameter (Min.) / mm,其他,NULL,3,3,7.7,,,,,,,,,,
差动相位Diff Phase(o),其他,NULL,3,3,0.04,,,,,,,,,,
Kind of resistor,其他,NULL,3,3,precise,,,,,,,,,,
转换速率Slew Rate(V/μs),其他,NULL,3,3,1200,,,,,,,,,,
Impregnation,其他,NULL,3,3,Biodegradable soft resin,,,,,,,,,,
备份电池切换,其他,NULL,3,3,√,,,,,,,,,,
"Cable, Diameter",其他,NULL,3,3,0.04 in.,,,,,,,,,,
尖头 - 形状,其他,NULL,3,3,成角度,,,,,,,,,,
矩阵类型,其他,NULL,3,3,无源,,,,,,,,,,
온스테이트 저항,其他,NULL,2,2,1Ω,,,,,,,,,,
Adapter Body Style,其他,NULL,2,2,Straight Adapter,,,,,,,,,,
Maximum Carry Current,其他,NULL,2,2,5 A,,,,,,,,,,
Bushing Thread,其他,NULL,2,2,1/4-32 UNEF-2A,,,,,,,,,,
包装材料,其他,NULL,2,2,Bulk,,,,,,,,,,
扇区(bit),其他,NULL,2,2,512K,,,,,,,,,,
Number of Element Inputs,其他,NULL,2,2,1,,,,,,,,,,
电压阀值,其他,NULL,2,2,4.4V,,,,,,,,,,
"电感因子, Al",其他,NULL,2,2,3300nH,,,,,,,,,,
Ripple Current,其他,NULL,2,2,10.7 mA,,,,,,,,,,
License-Length,其他,NULL,2,2,-,,,,,,,,,,
Processor Speed (Hz),其他,NULL,2,2,500M,,,,,,,,,,
导体数,其他,NULL,2,2,26,,,,,,,,,,
"Operating Temperature, Maximum",其他,NULL,2,2,50,,,,,,,,,,
Maximum Drain Source Voltage,其他,NULL,2,2,1200 V,,,,,,,,,,
전압-입력,其他,NULL,2,2,0V ~ 6V,,,,,,,,,,
U(CL),其他,NULL,2,2,710 V,,,,,,,,,,
DLA Qualified,其他,NULL,2,2,SMD,,,,,,,,,,
发货信息,其他,NULL,2,2,从 Digi-Key 运送,,,,,,,,,,
参考电压,其他,NULL,2,2,1.25 V,,,,,,,,,,
间距 - 柱,其他,NULL,2,2,0.100&quot;（2.54mm）,,,,,,,,,,
Off Time - Max,其他,NULL,2,2,1 us,,,,,,,,,,
Non-contact temperature measuring accuracy,其他,NULL,2,2,±(1% + 1°C),,,,,,,,,,
Reverse Current-Max,其他,NULL,2,2,5µA,,,,,,,,,,
Total-Length-Supplied,其他,NULL,2,2,-,,,,,,,,,,
电路配置Circuit,其他,NULL,2,2,2 x 1:1,,,,,,,,,,
Material of terminal,其他,NULL,2,2,brass,,,,,,,,,,
有效面积 (Ae) mm²,其他,NULL,2,2,11.3,,,,,,,,,,
R1/R2,其他,NULL,2,2,0.27,,,,,,,,,,
Type of core accessories,其他,NULL,2,2,clip,,,,,,,,,,
RF Modulation,其他,NULL,2,2,-,,,,,,,,,,
可输出电流,其他,NULL,2,2,-,,,,,,,,,,
螺丝头类型,其他,NULL,2,2,-,,,,,,,,,,
Disconnect-Type,其他,NULL,2,2,-,,,,,,,,,,
Maximum category temperature,其他,NULL,2,2,125°C,,,,,,,,,,
手动关闭功能,其他,NULL,2,2,No,,,,,,,,,,
电缆长度 - 公制,其他,NULL,2,2,300mm,,,,,,,,,,
Power-Rating,其他,NULL,2,2,-,,,,,,,,,,
Fan Type,其他,NULL,2,2,AC,,,,,,,,,,
Processor Type,其他,NULL,2,2,AMD,,,,,,,,,,
范围,其他,NULL,2,2,TeSys,,,,,,,,,,
Maximum Gate Emitter Voltage (V),其他,NULL,2,2,±20,,,,,,,,,,
电流 - 供电（禁用）（最大值）,其他,NULL,2,2,20mA,,,,,,,,,,
Certification,其他,NULL,2,2,CSA,,,,,,,,,,
Maximum Continuous Collector Current (A),其他,NULL,2,2,15,,,,,,,,,,
Reverse Voltage-Max [Vrrm],其他,NULL,2,2,400V,,,,,,,,,,
筛选等级,其他,NULL,2,2,Commercial,,,,,,,,,,
Maximum Continuous Forward Current,其他,NULL,2,2,1 A,,,,,,,,,,
数据传输速率,其他,NULL,2,2,4 Mbps,,,,,,,,,,
DPS Range/Step,其他,NULL,2,2,87.2/2.8 deg,,,,,,,,,,
脉冲输出,其他,NULL,2,2,是,,,,,,,,,,
上升/下降时间（典型值）,其他,NULL,2,2,18µs，5µs,,,,,,,,,,
External Diameter,其他,NULL,2,2,26.4mm,,,,,,,,,,
특징,其他,NULL,2,2,"동작 후 이동, 촉각 피드백",,,,,,,,,,
Fan connector,其他,NULL,2,2,4-PIN PWM,,,,,,,,,,
CAD 绘图,其他,NULL,2,2,3D CAD 模型,,,,,,,,,,
反向电压VR  Reverse Voltage,其他,NULL,2,2,400v,,,,,,,,,,
Amplitude Balance,其他,NULL,2,2,0.1 ±dB,,,,,,,,,,
Port Types,其他,NULL,2,2,-,,,,,,,,,,
T-compensated,其他,NULL,2,2,YES,,,,,,,,,,
输出信号类型,其他,NULL,2,2,模拟,,,,,,,,,,
叔叔电压,其他,NULL,2,2,-15 ~ 7V/-30 ~ 30V,,,,,,,,,,
Load Side Connections Per Pole,其他,NULL,2,2,4,,,,,,,,,,
每插孔芯数,其他,NULL,2,2,-,,,,,,,,,,
Z(100kHz/20°C),其他,NULL,2,2,1900 mOhm,,,,,,,,,,
Large-Diameter-Supplied,其他,NULL,2,2,-,,,,,,,,,,
电流 - 通态 (It (RMS))（最大值）,其他,NULL,2,2,100 mA,,,,,,,,,,
Maximum Quiescent Current,其他,NULL,2,2,0.004 mA,,,,,,,,,,
Logic Function,其他,NULL,2,2,Counter,,,,,,,,,,
Lens-Shape,其他,NULL,2,2,Dome,,,,,,,,,,
"Voltage, Surge",其他,NULL,2,2,35 VDC,,,,,,,,,,
内核尺寸,其他,NULL,2,2,RM14/I,,,,,,,,,,
Wavelength-Color-Temperature,其他,NULL,2,2,565 nm,,,,,,,,,,
传感器端子,其他,NULL,2,2,Solder Turret,,,,,,,,,,
Protocol,其他,NULL,2,2,RMII,,,,,,,,,,
取向,其他,NULL,2,2,N (Normal),,,,,,,,,,
Slew Rate,其他,NULL,2,2,0.1V/µs,,,,,,,,,,
参考输入电流,其他,NULL,2,2,1.5uA,,,,,,,,,,
Kind of cable,其他,NULL,2,2,"KX25, KX30, KX52, KX61, L910-12, L910-13, M17-29, M17-30, RG",,,,,,,,,,
Height (Max),其他,NULL,2,2,11.30mm,,,,,,,,,,
典型输出电压(VPP),其他,NULL,2,2,112,,,,,,,,,,
Core type,其他,NULL,2,2,F/UTP,,,,,,,,,,
弯曲半径,其他,NULL,2,2,25mm,,,,,,,,,,
Schedule B,其他,NULL,2,2,8473300002,,,,,,,,,,
第 2 连接器,其他,NULL,2,2,SCRJ 双工,,,,,,,,,,
标准,其他,NULL,2,2,802.3at（PoE+），802.3af（PoE）,,,,,,,,,,
最大二极管电容CT(Max.)(pF),其他,NULL,2,2,35,,,,,,,,,,
高/低边,其他,NULL,2,2,L,,,,,,,,,,
电容(μF),其他,NULL,2,2,0.1,,,,,,,,,,
头部高度,其他,NULL,2,2,-,,,,,,,,,,
封装/温度,其他,NULL,2,2,QFN-32/-40~85,,,,,,,,,,
输出电压VOUT(V),其他,NULL,2,2,13.6,,,,,,,,,,
Panel Cutout Dimensions,其他,NULL,2,2,22.3mm (Round),,,,,,,,,,
等值串联电阻值,其他,NULL,2,2,200mΩ,,,,,,,,,,
中心触头表面处理,其他,NULL,2,2,-,,,,,,,,,,
Typical DC Sparkover Voltage@100V/s,其他,NULL,2,2,5 V,,,,,,,,,,
圈数Number of Turns,其他,NULL,2,2,单圈 Single,,,,,,,,,,
Maximum Frequency (MHz),其他,NULL,2,2,1576.44,,,,,,,,,,
공급 전류,其他,NULL,2,2,150 mA,,,,,,,,,,
阴极阳极反向击穿,其他,NULL,2,2,15V,,,,,,,,,,
转折触发电压,其他,NULL,2,2,28 ~ 36V,,,,,,,,,,
最小磁心横截面 (Amin) mm²,其他,NULL,2,2,159.9,,,,,,,,,,
"Current, Surge",其他,NULL,2,2,50 kA,,,,,,,,,,
Duct-External-Width,其他,NULL,2,2,117 mm,,,,,,,,,,
Sensing-Method,其他,NULL,2,2,-,,,,,,,,,,
NTC-Thermistor,其他,NULL,2,2,No,,,,,,,,,,
胶带宽度 - 英制,其他,NULL,2,2,0.47&quot;,,,,,,,,,,
反向恢复时间（trr）,其他,NULL,2,2,4ns,,,,,,,,,,
Ethernet Switch Type,其他,NULL,2,2,-,,,,,,,,,,
Network Speeds,其他,NULL,2,2,"10Mbps, 100Mbps",,,,,,,,,,
控制侧电缆定位器,其他,NULL,2,2,-,,,,,,,,,,
Container  | Qty.,其他,NULL,2,2,1,,,,,,,,,,
Contact Mating Area Plating,其他,NULL,2,2,Gold,,,,,,,,,,
Terminal-Width,其他,NULL,2,2,-,,,,,,,,,,
Maximum Voltage Rating,其他,NULL,2,2,15VDC,,,,,,,,,,
Test Connector Type B,其他,NULL,2,2,"4mm Banana Plug, Shrouded",,,,,,,,,,
FET 类型,其他,NULL,2,2,N 通道,,,,,,,,,,
绝对牵引范围 (APR),其他,NULL,2,2,-,,,,,,,,,,
Line Side Connections Per Pole,其他,NULL,2,2,1,,,,,,,,,,
外部高度 -英制,其他,NULL,2,2,2.1&quot;,,,,,,,,,,
IQ (typ),其他,NULL,2,2,1100 µA,,,,,,,,,,
Input IP3,其他,NULL,2,2,60 dBm,,,,,,,,,,
Fuse-Holder-Drawer,其他,NULL,2,2,-,,,,,,,,,,
外部深度,其他,NULL,2,2,100mm,,,,,,,,,,
25°C 时电流 - 连续漏极 (Id),其他,NULL,2,2,5A（Tc）,,,,,,,,,,
"Diameter, Insulation",其他,NULL,2,2,0.15 &quot;,,,,,,,,,,
扁平柔性类型,其他,NULL,2,2,FFC，FPC,,,,,,,,,,
License-User-Details,其他,NULL,2,2,-,,,,,,,,,,
Resistance measuring accuracy,其他,NULL,2,2,"±(0,3% + 4 digits)",,,,,,,,,,
Open Frame/Enclosed,其他,NULL,2,2,Enclosed,,,,,,,,,,
Operating Frequency (Hz),其他,NULL,2,2,0 to 11G,,,,,,,,,,
"Frequency, Oscillator",其他,NULL,2,2,2.7 kHz,,,,,,,,,,
"Dimensions, Overall",其他,NULL,2,2,25.709&quot; L x 24.685&quot; W x 41.732&quot; H (653.00mm x,,,,,,,,,,
套件应用类型,其他,NULL,2,2,数据转换器,,,,,,,,,,
H dimension,其他,NULL,2,2,10.2mm,,,,,,,,,,
不同 Vgs 时栅极电荷 (Qg)（最大值）,其他,NULL,2,2,19 nC @ 10 V,,,,,,,,,,
Fast bodydiode,其他,NULL,2,2,NO,,,,,,,,,,
不同 Id 时 Vgs(th)（最大值）,其他,NULL,2,2,4.5V @ 250µA,,,,,,,,,,
页写/扇区擦除周期(ms),其他,NULL,2,2,1.4/1000,,,,,,,,,,
Large-Diameter-Recovered,其他,NULL,2,2,-,,,,,,,,,,
장착,其他,NULL,2,2,Flush,,,,,,,,,,
"Voltage, Operating",其他,NULL,2,2,600Y/347 V,,,,,,,,,,
电压 - 负载,其他,NULL,2,2,1.8V ~ 9V,,,,,,,,,,
核心材质级别,其他,NULL,2,2,3C90,,,,,,,,,,
Minimum category temperature,其他,NULL,2,2,-55°C,,,,,,,,,,
Lens Transparency,其他,NULL,2,2,Diffused,,,,,,,,,,
不同电压时额定接触电流,其他,NULL,2,2,-,,,,,,,,,,
寿命时间,其他,NULL,2,2,12000h,,,,,,,,,,
부품 현황,其他,NULL,2,2,유효,,,,,,,,,,
Storage Drive Form Factor,其他,NULL,2,2,2.5in,,,,,,,,,,
不同 V、最大 CL 时最大传播延迟,其他,NULL,2,2,27ns @ 5V，15pF,,,,,,,,,,
线路侧连接类型,其他,NULL,2,2,-,,,,,,,,,,
Operating Magnetic Force Min,其他,NULL,2,2,-,,,,,,,,,,
Actuator colour,其他,NULL,2,2,black,,,,,,,,,,
同步整流与否,其他,NULL,2,2,-,,,,,,,,,,
Input-Capacitance-Cies-Vce,其他,NULL,2,2,22nF @ 10V,,,,,,,,,,
IGBT-Type,其他,NULL,2,2,-,,,,,,,,,,
最高效率,其他,NULL,2,2,85%,,,,,,,,,,
等效军用规范,其他,NULL,2,2,MIL-DTL-5015 系列,,,,,,,,,,
Number of Bits/Stages,其他,NULL,2,2,2-Quadrant,,,,,,,,,,
Locknut Plating,其他,NULL,2,2,-,,,,,,,,,,
开启电压Vgs（th）  Gate-Source Threshold Voltage,其他,NULL,2,2,0.6V~1.1V,,,,,,,,,,
Current - Gate Trigger (Igt) (Max),其他,NULL,2,2,30mA,,,,,,,,,,
器件总功耗,其他,NULL,2,2,0.6~1.2W,,,,,,,,,,
集电极 - 发射极电压,其他,NULL,2,2,20V,,,,,,,,,,
Fuse characteristics,其他,NULL,2,2,"aR, quick blow",,,,,,,,,,
Door Type,其他,NULL,2,2,"Glass (Front), Steel (Rear)",,,,,,,,,,
Type of fuse,其他,NULL,2,2,fuse,,,,,,,,,,
工作峰值反向电压,其他,NULL,2,2,100V,,,,,,,,,,
Sensor Mounting,其他,NULL,2,2,-,,,,,,,,,,
Analog-Digital,其他,NULL,2,2,Analog,,,,,,,,,,
Vgs-th-Gate-Source-Threshold-Voltage,其他,NULL,2,2,- 3 V,,,,,,,,,,
Manufacturer Package,其他,NULL,2,2,10-VFDFN Exposed Pad,,,,,,,,,,
Coil Voltage DC Max,其他,NULL,2,2,-,,,,,,,,,,
Ripple current,其他,NULL,2,2,1365mA,,,,,,,,,,
RDS-on,其他,NULL,2,2,45@15V mOhm,,,,,,,,,,
Product Depth (Imperial - Decimal) (in),其他,NULL,2,2,2.1,,,,,,,,,,
Respirator Type,其他,NULL,2,2,-,,,,,,,,,,
Relay Mounting,其他,NULL,2,2,DIN Rail,,,,,,,,,,
Ib - 输入偏流,其他,NULL,2,2,0.000001 uA,,,,,,,,,,
Processor Family,其他,NULL,2,2,LX800,,,,,,,,,,
FET 功能,其他,NULL,2,2,-,,,,,,,,,,
Test Connector Type A,其他,NULL,2,2,BNC Plug,,,,,,,,,,
Continuity test,其他,NULL,2,2,acoustic signal for R&lt;100Ω,,,,,,,,,,
Maximum Dual Supply Voltage,其他,NULL,2,2,+/- 18 V,,,,,,,,,,
P0.1 dB,其他,NULL,2,2,35 dBm,,,,,,,,,,
Stable positions number,其他,NULL,2,2,1-position,,,,,,,,,,
Core diameter,其他,NULL,2,2,24 AWG,,,,,,,,,,
圆形触芯类型,其他,NULL,2,2,压接插座,,,,,,,,,,
编码，键控,其他,NULL,2,2,正号,,,,,,,,,,
Maximum Supply Current,其他,NULL,2,2,15 mA,,,,,,,,,,
颜色 - 连接器,其他,NULL,2,2,黑色，红色,,,,,,,,,,
출력 전압,其他,NULL,2,2,1.24 V to 14 V,,,,,,,,,,
Operating Temperature - Junction,其他,NULL,2,2,-30°C ~ 175°C,,,,,,,,,,
Voltage Rating V DC,其他,NULL,2,2,-,,,,,,,,,,
Ethernet Switch Mounting,其他,NULL,2,2,DIN Rail,,,,,,,,,,
集电极电压,其他,NULL,2,2,-80V,,,,,,,,,,
匝数比 - 初级:次级,其他,NULL,2,2,-,,,,,,,,,,
温度系数(介质),其他,NULL,2,2,X7R,,,,,,,,,,
Kit-Type,其他,NULL,2,2,-,,,,,,,,,,
可调输出和转换频率,其他,NULL,2,2,√,,,,,,,,,,
Fuse Type,其他,NULL,2,2,Fast Acting,,,,,,,,,,
Breaking Capacity,其他,NULL,2,2,100A @ 250V AC,,,,,,,,,,
Number of Ethernet Ports,其他,NULL,2,2,2,,,,,,,,,,
共模抑制比CMRR(dB),其他,NULL,2,2,50,,,,,,,,,,
Maximum Capacitance@1MHz,其他,NULL,2,2,3 pF,,,,,,,,,,
실장타입,其他,NULL,2,2,"표면실장(SMD, SMT)",,,,,,,,,,
Jacket-Insulation-Diameter,其他,NULL,2,2,-,,,,,,,,,,
U(DC),其他,NULL,2,2,350 V,,,,,,,,,,
Contact Rating,其他,NULL,2,2,100 mAmps at 12 VoltsDC,,,,,,,,,,
On Time - Max,其他,NULL,2,2,1 us,,,,,,,,,,
"Shell Size, MIL",其他,NULL,2,2,-,,,,,,,,,,
Q (Min.),其他,NULL,2,2,1000,,,,,,,,,,
电源电压Voltage Supply Source,其他,NULL,2,2,±3 V ~ 18 V,,,,,,,,,,
Logic-Supply-Current-Output,其他,NULL,2,2,10mA,,,,,,,,,,
IOUT Single (A),其他,NULL,2,2,+ 2,,,,,,,,,,
正向电压(VF)Forward Voltage(Vf),其他,NULL,2,2,1.95/2v,,,,,,,,,,
U(RRM),其他,NULL,2,2,1000 V,,,,,,,,,,
Integrated circuit type,其他,NULL,2,2,Supervisor Integrated Circuit,,,,,,,,,,
X1 dimension,其他,NULL,2,2,15mm,,,,,,,,,,
Amplified,其他,NULL,2,2,NO,,,,,,,,,,
Peak Surge on-state current (Max),其他,NULL,2,2,23000(A),,,,,,,,,,
Mating Cycles,其他,NULL,2,2,500,,,,,,,,,,
有效长度 (le) mm,其他,NULL,2,2,19.2,,,,,,,,,,
磁心因数 (ΣI/A) mm1,其他,NULL,2,2,0.49,,,,,,,,,,
装置核芯,其他,NULL,2,2,ARM Cortex M4F,,,,,,,,,,
Tone Mode,其他,NULL,2,2,Continuous,,,,,,,,,,
"Material, Shell",其他,NULL,2,2,Steel,,,,,,,,,,
Operation mode,其他,NULL,2,2,retro-reflective,,,,,,,,,,
No. of Batteries,其他,NULL,2,2,1,,,,,,,,,,
Supply Voltage Range DC,其他,NULL,2,2,10V to 30V,,,,,,,,,,
每路连续输出电流(A),其他,NULL,2,2,0.35,,,,,,,,,,
最大待机电流(μA),其他,NULL,2,2,10,,,,,,,,,,
控制方式,其他,NULL,2,2,SPI,,,,,,,,,,
驱动电压（最大 Rds On，最小 Rds On）,其他,NULL,2,2,10V,,,,,,,,,,
Insulation colour,其他,NULL,2,2,75Ω,,,,,,,,,,
包装高度,其他,NULL,2,2,2.41(Min),,,,,,,,,,
Fuse material,其他,NULL,2,2,Glass,,,,,,,,,,
No. of Outputs,其他,NULL,2,2,-,,,,,,,,,,
管道材料,其他,NULL,2,2,PVC (Polyvinylchloride),,,,,,,,,,
Shell Type,其他,NULL,2,2,-,,,,,,,,,,
Maximum-Input-Frequency,其他,NULL,2,2,37 GHz,,,,,,,,,,
Operating Voltage,其他,NULL,2,2,3.6 V,,,,,,,,,,
DLA Drawing,其他,NULL,2,2,5962-91579,,,,,,,,,,
Logic-Supply-Voltage-Output,其他,NULL,2,2,15VDC (10 ~ 18VDC),,,,,,,,,,
页(byte),其他,NULL,2,2,256,,,,,,,,,,
Switch Lens Colour,其他,NULL,2,2,Red,,,,,,,,,,
最低CMRR,其他,NULL,2,2,-30@0.1MHz to 100MHz dB,,,,,,,,,,
最大反向漏电流IR  Reverse Current,其他,NULL,2,2,2uA,,,,,,,,,,
U(F),其他,NULL,2,2,1.1 V,,,,,,,,,,
Active Area (mm),其他,NULL,2,2,123.95x11.15,,,,,,,,,,
输出功率最大值,其他,NULL,2,2,150W,,,,,,,,,,
有效面积Active Area,其他,NULL,2,2,2.65mm x 2.65mm（7mm²）,,,,,,,,,,
Peak Repeat Off Current,其他,NULL,2,2,20,,,,,,,,,,
Relay Terminals,其他,NULL,2,2,Quick Connect,,,,,,,,,,
胶带宽度 - 公制,其他,NULL,2,2,12mm,,,,,,,,,,
Cell size,其他,NULL,2,2,MR18650,,,,,,,,,,
存储器组织,其他,NULL,2,2,1M x 18,,,,,,,,,,
状态/出错报告,其他,NULL,2,2,SPI,,,,,,,,,,
服务类别,其他,NULL,2,2,环保密封,,,,,,,,,,
Humidity measuring accuracy,其他,NULL,2,2,±(5% + 5 digits),,,,,,,,,,
电源类型,其他,NULL,2,2,Single,,,,,,,,,,
元件数Number of Elements,其他,NULL,2,2,1,,,,,,,,,,
"有效截面积, Ae",其他,NULL,2,2,198mm²,,,,,,,,,,
Resolution (°C),其他,NULL,2,2,-,,,,,,,,,,
Terminal pitch,其他,NULL,2,2,2.54mm,,,,,,,,,,
패널 컷아웃 지름,其他,NULL,2,2,정사각 -19.05mm²,,,,,,,,,,
长度 - 头部下方的螺纹部分,其他,NULL,2,2,-,,,,,,,,,,
Breaking Capacity Current DC,其他,NULL,2,2,-,,,,,,,,,,
Minimum Single Supply Voltage (V),其他,NULL,2,2,15,,,,,,,,,,
A/D,其他,NULL,2,2,8x10bit,,,,,,,,,,
响应时间Response Time,其他,NULL,2,2,20ns,,,,,,,,,,
端口位置,其他,NULL,2,2,底部,,,,,,,,,,
BIOS,其他,NULL,2,2,4Mbit Flash,,,,,,,,,,
Container  | Type,其他,NULL,2,2,MTFRM,,,,,,,,,,
Number-of-A-D-Converters,其他,NULL,2,2,1,,,,,,,,,,
Input Voltage Type,其他,NULL,2,2,-,,,,,,,,,,
Ethernet Switch Application,其他,NULL,2,2,Industrial,,,,,,,,,,
Input-Type,其他,NULL,2,2,Differential,,,,,,,,,,
Overload Adjustment Current Max,其他,NULL,2,2,32A,,,,,,,,,,
액추에이터 유형,其他,NULL,2,2,"정사각, 버튼",,,,,,,,,,
Voltage - Gate Trigger (Vgt) (Max),其他,NULL,2,2,1.5V,,,,,,,,,,
Calibrated,其他,NULL,2,2,NO,,,,,,,,,,
Lens Type,其他,NULL,2,2,Clip-On,,,,,,,,,,
색상 - 액추에이터/캡,其他,NULL,2,2,노란색,,,,,,,,,,
종단 유형,其他,NULL,2,2,솔더 러그,,,,,,,,,,
最大正向压降VF  Forward Voltage(Vf),其他,NULL,2,2,0.55V,,,,,,,,,,
Body Color,其他,NULL,2,2,-,,,,,,,,,,
Adhesive,其他,NULL,2,2,"Synthetic Resin, Conductive - Double Sided",,,,,,,,,,
电缆端类型,其他,NULL,2,2,直形,,,,,,,,,,
Button shape,其他,NULL,2,2,flat,,,,,,,,,,
Number of all positions,其他,NULL,2,2,2,,,,,,,,,,
输入类型Input Type,其他,NULL,2,2,AC，DC,,,,,,,,,,
Switched current,其他,NULL,2,2,0.5A,,,,,,,,,,
부시 크기,其他,NULL,2,2,15/32-32,,,,,,,,,,
Minimum Dual Supply Voltage,其他,NULL,2,2,+/- 4.5 V,,,,,,,,,,
Values,其他,NULL,2,2,5 pcs,,,,,,,,,,
Luminous-Intensity,其他,NULL,2,2,40 mcd,,,,,,,,,,
材料 - 基体,其他,NULL,2,2,-,,,,,,,,,,
跳断状态,其他,NULL,2,2,-,,,,,,,,,,
B25/75,其他,NULL,2,2,3477K,,,,,,,,,,
光纤直径,其他,NULL,2,2,128 um,,,,,,,,,,
电流传输比（最大值）,其他,NULL,2,2,5500% @ 1mA,,,,,,,,,,
Product Height (Imperial - Decimal) (in),其他,NULL,2,2,1,,,,,,,,,,
Isolation Typ.,其他,NULL,2,2,23 dB,,,,,,,,,,
输入失调电压Vio(Max.)(mV),其他,NULL,2,2,10,,,,,,,,,,
-3db Bandwidth,其他,NULL,2,2,200MHz,,,,,,,,,,
Output Voltage Single (V),其他,NULL,2,2,+ 15,,,,,,,,,,
Current - Input Bias,其他,NULL,2,2,10 nA,,,,,,,,,,
Current-DC-Forward-If-Max,其他,NULL,2,2,-,,,,,,,,,,
波长Wavelength,其他,NULL,2,2,900nm,,,,,,,,,,
模块内存,其他,NULL,2,2,PC3-12800,,,,,,,,,,
Operating Vibration,其他,NULL,2,2,1Grms,,,,,,,,,,
Contact Style,其他,NULL,2,2,Non-Shorting,,,,,,,,,,
Number of Element Outputs,其他,NULL,2,2,12,,,,,,,,,,
Actuator Material/Style,其他,NULL,2,2,Stainless Steel/Short Spring Plunger,,,,,,,,,,
Automotive Qualification Standard,其他,NULL,2,2,-,,,,,,,,,,
Amplifier-Type,其他,NULL,2,2,High Speed Amplifier,,,,,,,,,,
Coil Voltage AC Max,其他,NULL,2,2,-,,,,,,,,,,
正向电流(IF)ForwArd Current(If),其他,NULL,2,2,10/20mA,,,,,,,,,,
外部宽度 -英制,其他,NULL,2,2,2.8&quot;,,,,,,,,,,
插入装置,其他,NULL,2,2,24-28,,,,,,,,,,
Thickness-Overall,其他,NULL,2,2,0.004&quot; (0.1mm),,,,,,,,,,
反向浪涌电压Vrrm,其他,NULL,2,2,40V,,,,,,,,,,
Contact Termination,其他,NULL,2,2,Crimp,,,,,,,,,,
Contact Current,其他,NULL,2,2,1.5A,,,,,,,,,,
Packing Type,其他,NULL,2,2,Tray,,,,,,,,,,
Lead Free Solder Processes,其他,NULL,2,2,Not relevant for lead free process,,,,,,,,,,
工作电流(mA),其他,NULL,2,2,0.3,,,,,,,,,,
Tool Type,其他,NULL,2,2,Die Assembly,,,,,,,,,,
Lamp-Base-Type,其他,NULL,2,2,Bi-Pin,,,,,,,,,,
Safety Category,其他,NULL,2,2,NIOSH,,,,,,,,,,
On Resistance - Max,其他,NULL,2,2,-,,,,,,,,,,
Fuse,其他,NULL,2,2,No,,,,,,,,,,
瞬间前向电压VF(Typ.)(V)@IF,其他,NULL,2,2,1.65,,,,,,,,,,
Average Rectified Current-Max,其他,NULL,2,2,1A,,,,,,,,,,
회로,其他,NULL,2,2,SPST-NO,,,,,,,,,,
Voltage - Off State,其他,NULL,2,2,600V,,,,,,,,,,
Description/기능,其他,NULL,2,2,4:1 channel video multiplexer evalution board,,,,,,,,,,
Luminosity of white colour,其他,NULL,2,2,2500-3000mcd,,,,,,,,,,
功能类型,其他,NULL,2,2,-,,,,,,,,,,
第 1 连接器,其他,NULL,2,2,SCRJ 双工,,,,,,,,,,
包装长度,其他,NULL,2,2,18.11(Max),,,,,,,,,,
包装宽度,其他,NULL,2,2,29.46(Max),,,,,,,,,,
数据率(Kbps),其他,NULL,2,2,120,,,,,,,,,,
Pack Quantity,其他,NULL,2,2,50,,,,,,,,,,
显示器类型,其他,NULL,2,2,LCD,,,,,,,,,,
频谱范围Spectral Range,其他,NULL,2,2,430nm~1100nm,,,,,,,,,,
工作电压范围,其他,NULL,2,2,"2V ~ 36V, ±1V ~ 18V",,,,,,,,,,
触头材料 - 配接,其他,NULL,2,2,铜铍,,,,,,,,,,
"Resistance, DC",其他,NULL,2,2,0.0074 Ohms,,,,,,,,,,
功耗(mA)@1%工作周期,其他,NULL,2,2,0.3~0.44,,,,,,,,,,
Fabrication Technology,其他,NULL,2,2,CMOS,,,,,,,,,,
Audio I/O,其他,NULL,2,2,No,,,,,,,,,,
Rack U Height,其他,NULL,2,2,1U,,,,,,,,,,
连接器/触头类型,其他,NULL,2,2,触点，底部,,,,,,,,,,
Cable length with temperature probe,其他,NULL,2,2,900mm,,,,,,,,,,
Average on-state current,其他,NULL,2,2,1650(A),,,,,,,,,,
Minimum-Input-Frequency,其他,NULL,2,2,32 GHz,,,,,,,,,,
Lockout Device Type,其他,NULL,2,2,Electrical Plug,,,,,,,,,,
Cutoff frequency,其他,NULL,2,2,100MHz,,,,,,,,,,
触芯涂层,其他,NULL,2,2,银,,,,,,,,,,
低静态工作电流,其他,NULL,2,2,5uA,,,,,,,,,,
执行器类型,其他,NULL,2,2,标准手柄，橙色,,,,,,,,,,
密封材料,其他,NULL,2,2,-,,,,,,,,,,
Cable kit,其他,NULL,2,2,2 Y/N,,,,,,,,,,
Supplied Contents,其他,NULL,2,2,Board(s),,,,,,,,,,
Operating Systems,其他,NULL,2,2,Win XPE|Win XP|Win CE,,,,,,,,,,
Total Max. Power w/2.0.1 All Ports,其他,NULL,2,2,1.5 W,,,,,,,,,,
进线数,其他,NULL,2,2,-,,,,,,,,,,
EOL Date,其他,NULL,2,2,03/29/2002,,,,,,,,,,
Sensing Method,其他,NULL,2,2,Magnetic,,,,,,,,,,
U(AC),其他,NULL,2,2,275 V,,,,,,,,,,
Non-contact temperature measuring range,其他,NULL,2,2,-20...200°C,,,,,,,,,,
R2R,其他,NULL,2,2,No,,,,,,,,,,
Impedance (Ohm),其他,NULL,2,2,50,,,,,,,,,,
Dual Supply Voltage,其他,NULL,2,2,+/- 15 V,,,,,,,,,,
信噪比,其他,NULL,2,2,62dB,,,,,,,,,,
Load Side Wire Size Max,其他,NULL,2,2,2AWG,,,,,,,,,,
电容-uF,其他,NULL,2,2,0.001 uF,,,,,,,,,,
敏感度(dBm)@1%PER,其他,NULL,2,2,-91,,,,,,,,,,
阴极工作电流,其他,NULL,2,2,100mA,,,,,,,,,,
每个元件位数,其他,NULL,2,2,4,,,,,,,,,,
外壳材料，镀层,其他,NULL,2,2,-,,,,,,,,,,
Number of Elements per Chip,其他,NULL,2,2,1,,,,,,,,,,
Kind of integrated circuit,其他,NULL,2,2,"3-state, 8bit, shift register, latch",,,,,,,,,,
Optimisation,其他,NULL,2,2,LowNoise,,,,,,,,,,
驱动类型,其他,NULL,2,2,-,,,,,,,,,,
Vgs-栅源极击穿电压,其他,NULL,2,2,- 20 V,,,,,,,,,,
Character Count x Line,其他,NULL,2,2,104 x 4,,,,,,,,,,
Coil Resistance,其他,NULL,2,2,-,,,,,,,,,,
Sensors features,其他,NULL,2,2,Reflector must be ordered separately.,,,,,,,,,,
输入工作电压范围(V),其他,NULL,2,2,0.9~2.5,,,,,,,,,,
System Memory Number of Socket Pins,其他,NULL,2,2,200,,,,,,,,,,
透镜形状,其他,NULL,2,2,Dome,,,,,,,,,,
输出设备,其他,NULL,2,2,光遮断器,,,,,,,,,,
磁带长度 - 公制,其他,NULL,2,2,2.54m,,,,,,,,,,
有效磁路长度,其他,NULL,2,2,38.4mm,,,,,,,,,,
不同负载时的最大输出功率 x 通道数,其他,NULL,2,2,-,,,,,,,,,,
Jacket Colour,其他,NULL,2,2,-,,,,,,,,,,
电源电压抑制比,其他,NULL,2,2,30 / 60,,,,,,,,,,
输出电流典型值(A),其他,NULL,2,2,1,,,,,,,,,,
Dispensing Method,其他,NULL,2,2,-,,,,,,,,,,
Processor-Series,其他,NULL,2,2,Intel Core i3/i5/i7,,,,,,,,,,
颜色 - 电缆,其他,NULL,2,2,橙色,,,,,,,,,,
Off state voltage max.,其他,NULL,2,2,600V,,,,,,,,,,
Input Voltage Min (V),其他,NULL,2,2,16,,,,,,,,,,
DSA Range/Step,其他,NULL,2,2,7.5/0.5 dB,,,,,,,,,,
Type of rechargeable battery,其他,NULL,2,2,Li-Ion,,,,,,,,,,
25°C时欧姆阻值,其他,NULL,2,2,2k,,,,,,,,,,
二极管类型Diode Type,其他,NULL,2,2,PIN,,,,,,,,,,
Height-Max,其他,NULL,2,2,-,,,,,,,,,,
外壳尺寸，连接器布局,其他,NULL,2,2,4（DC，C）,,,,,,,,,,
工作电流典型值(μA)A),其他,NULL,2,2,25,,,,,,,,,,
No. of Inputs,其他,NULL,2,2,-,,,,,,,,,,
Termination Type,其他,NULL,2,2,Quick Connect,,,,,,,,,,
Approvals &amp; Standards,其他,NULL,2,2,-,,,,,,,,,,
Minimum operating temperature,其他,NULL,2,2,-55℃,,,,,,,,,,
静态工作电流,其他,NULL,2,2,10mA,,,,,,,,,,
Contact 大小,其他,NULL,2,2,12,,,,,,,,,,
Max.current,其他,NULL,2,2,1200 A,,,,,,,,,,
Qrr,其他,NULL,2,2,4.7 µC,,,,,,,,,,
LCD Size,其他,NULL,2,2,17 in,,,,,,,,,,
电源拓扑结构,其他,NULL,2,2,-,,,,,,,,,,
Current - Average Rectified (Io),其他,NULL,2,2,1625A,,,,,,,,,,
最大耗散功率Pd  Power dissipation,其他,NULL,2,2,0.15W,,,,,,,,,,
Current-Collector-Cutoff-Max,其他,NULL,2,2,1mA,,,,,,,,,,
Mounting Hole Dia,其他,NULL,2,2,-,,,,,,,,,,
开关工作频率,其他,NULL,2,2,-,,,,,,,,,,
基本谐振器,其他,NULL,2,2,晶体,,,,,,,,,,
온도 계수,其他,NULL,2,2,25 PPM / C,,,,,,,,,,
长度-引线,其他,NULL,2,2,1.42&quot;&quot;(36.00mm),,,,,,,,,,
开关速度,其他,NULL,2,2,-,,,,,,,,,,
护套颜色,其他,NULL,2,2,-,,,,,,,,,,
Package type,其他,NULL,2,2,Ammo Pack,,,,,,,,,,
Cassis height,其他,NULL,2,2,1U,,,,,,,,,,
应用系统子类型,其他,NULL,2,2,2相步进电机,,,,,,,,,,
Voltage-Peak-Reverse-Max,其他,NULL,2,2,-,,,,,,,,,,
静态电流Iq(mA),其他,NULL,2,2,3,,,,,,,,,,
Propagation Delay Test Condition,其他,NULL,2,2,50 pF,,,,,,,,,,
Volume,其他,NULL,2,2,-,,,,,,,,,,
Switch 기능,其他,NULL,2,2,OFF - (ON),,,,,,,,,,
防振,其他,NULL,2,2,是,,,,,,,,,,
Commercial-Medical,其他,NULL,2,2,Commercial,,,,,,,,,,
Family Part Number,其他,NULL,2,2,HFA3128,,,,,,,,,,
频段(GHz),其他,NULL,2,2,2.4~2.12,,,,,,,,,,
电流传输比（最小值）,其他,NULL,2,2,100% @ 5mA,,,,,,,,,,
元件数,其他,NULL,2,2,1,,,,,,,,,,
No. of Fibers,其他,NULL,2,2,1Fibres,,,,,,,,,,
GPIO,其他,NULL,2,2,No,,,,,,,,,,
Optical resolution,其他,NULL,2,2,30:1,,,,,,,,,,
PATA ports,其他,NULL,2,2,18-bit,,,,,,,,,,
동작온도,其他,NULL,2,2,-40°C ~ +125°C,,,,,,,,,,
致动器颜色,其他,NULL,2,2,-,,,,,,,,,,
Touchscreen,其他,NULL,2,2,No,,,,,,,,,,
电缆长度 - 英制,其他,NULL,2,2,11.8&quot;,,,,,,,,,,
Positions-Per-Level,其他,NULL,2,2,5,,,,,,,,,,
输出端结构,其他,NULL,2,2,CMOS,,,,,,,,,,
不同 Vds 时输入电容 (Ciss)（最大值）,其他,NULL,2,2,490 pF @ 25 V,,,,,,,,,,
Voltage - Input Offset,其他,NULL,2,2,2 mV,,,,,,,,,,
电压范围,其他,NULL,2,2,1.5 V ~ 3.3 V,,,,,,,,,,
Lock Material,其他,NULL,2,2,-,,,,,,,,,,
峰值输出电流,其他,NULL,2,2,2A,,,,,,,,,,
Small-Diameter-Recovered,其他,NULL,2,2,-,,,,,,,,,,
Polarization Type,其他,NULL,2,2,Linear,,,,,,,,,,
Total Output Power (W),其他,NULL,2,2,30W,,,,,,,,,,
Voltage - Forward (Vf) (Typ),其他,NULL,2,2,1.65V,,,,,,,,,,
Voltage-Supply-Analog,其他,NULL,2,2,1.7 V ~ 1.9 V,,,,,,,,,,
Lead Length,其他,NULL,2,2,1m,,,,,,,,,,
Position determination accuracy,其他,NULL,2,2,±5m,,,,,,,,,,
最大工作电源电压,其他,NULL,2,2,25 V,,,,,,,,,,
视角Viewing Angle,其他,NULL,2,2,120°,,,,,,,,,,
Line Side Wire Size Max,其他,NULL,2,2,-,,,,,,,,,,
B25/85,其他,NULL,2,2,3486K,,,,,,,,,,
Voltage - DC Reverse (Vr) (Max),其他,NULL,2,2,1200 V,,,,,,,,,,
Number-of-Ports,其他,NULL,2,2,1 Port,,,,,,,,,,
Luminousity of red colour,其他,NULL,2,2,1560-2300mcd,,,,,,,,,,
Luminousity of blue colour,其他,NULL,2,2,1560-2180mcd,,,,,,,,,,
X2 dimension,其他,NULL,2,2,21.9mm,,,,,,,,,,
电流 - 阴极,其他,NULL,2,2,1 mA,,,,,,,,,,
Vce 饱和压降（最大）,其他,NULL,2,2,1V,,,,,,,,,,
Operating Supply Voltage (Min),其他,NULL,2,2,3.135(V),,,,,,,,,,
Tab-Thickness,其他,NULL,2,2,0.020&quot; (0.51mm),,,,,,,,,,
Maximum Switching Current,其他,NULL,2,2,3 A,,,,,,,,,,
涂层,其他,NULL,2,2,-,,,,,,,,,,
Shield-Type,其他,NULL,2,2,-,,,,,,,,,,
Maximum Propagation Delay Time @ Maximum CL,其他,NULL,2,2,145@2V|29@4.5V|25@6V ns,,,,,,,,,,
外部宽度- 公制,其他,NULL,2,2,-,,,,,,,,,,
Ethernet Speed,其他,NULL,2,2,10Mbps/100Mbps,,,,,,,,,,
最低串音,其他,NULL,2,2,-35@100MHz dB,,,,,,,,,,
Mounting hole diameter,其他,NULL,2,2,Ø22.5mm,,,,,,,,,,
端接柱长度,其他,NULL,2,2,0.095&quot;（2.41mm）,,,,,,,,,,
稳定输出,其他,NULL,2,2,√,,,,,,,,,,
Photo curr.max.,其他,NULL,2,2,3 µA,,,,,,,,,,
Large-Recovered-Length,其他,NULL,2,2,-,,,,,,,,,,
Fiber Type,其他,NULL,2,2,Plastic,,,,,,,,,,
电容-nF,其他,NULL,2,2,1 nF,,,,,,,,,,
Small-Diameter-Supplied,其他,NULL,2,2,-,,,,,,,,,,
Cooling solutio,其他,NULL,2,2,ACTIVE,,,,,,,,,,
最大钳口尺寸,其他,NULL,2,2,19mm,,,,,,,,,,
头部直径,其他,NULL,2,2,-,,,,,,,,,,
Panel-Thickness,其他,NULL,2,2,-,,,,,,,,,,
Voltage-Supply-Digital,其他,NULL,2,2,1.7 V ~ 1.9 V,,,,,,,,,,
Load Side Connection Method,其他,NULL,2,2,Screw,,,,,,,,,,
전기적 수명,其他,NULL,2,2,"200,000회",,,,,,,,,,
With Switch,其他,NULL,2,2,No Switch,,,,,,,,,,
Diode Type,其他,NULL,2,2,Standard,,,,,,,,,,
峰值波长λp(nm)Peak Wavelength,其他,NULL,2,2,555/610nm,,,,,,,,,,
锁定位置,其他,NULL,2,2,-,,,,,,,,,,
Number-of-Levels,其他,NULL,2,2,1,,,,,,,,,,
Typical Efficiency (%),其他,NULL,2,2,80,,,,,,,,,,
输出电流(A),其他,NULL,2,2,1,,,,,,,,,,
转换率,其他,NULL,2,2,1.2V/μs,,,,,,,,,,
Min. colour rendering index,其他,NULL,2,2,67,,,,,,,,,,
Cable application,其他,NULL,2,2,Cu,,,,,,,,,,
Insert-Contact-Gender,其他,NULL,2,2,Male,,,,,,,,,,
Wires,其他,NULL,2,2,1 No.,,,,,,,,,,
Backlight Type,其他,NULL,2,2,LED Yellow/Green,,,,,,,,,,
初始磁导率 (µi),其他,NULL,2,2,2200,,,,,,,,,,
Small-Recovered-Length,其他,NULL,2,2,-,,,,,,,,,,
额定齐纳电压  Zener Voltage   （最大）,其他,NULL,2,2,5.05V,,,,,,,,,,
Transistor Type,其他,NULL,2,2,1 P-Channel,,,,,,,,,,
外部高度- 公制,其他,NULL,2,2,53.3mm,,,,,,,,,,
自动关闭功能,其他,NULL,2,2,No,,,,,,,,,,
ESD保护(KV),其他,NULL,2,2,±15,,,,,,,,,,
Operating Supply Voltage (Typ),其他,NULL,2,2,3.3(V),,,,,,,,,,
电压 - DC 反向 (Vr)（最大值）Voltage - DC Reverse (Vr) (Max),其他,NULL,2,2,16V,,,,,,,,,,
APR,其他,NULL,2,2,100 ±ppm,,,,,,,,,,
P(max),其他,NULL,2,2,0.100 bar,,,,,,,,,,
Current-Collector-Ic-Max,其他,NULL,2,2,150A,,,,,,,,,,
监控芯片类型,其他,NULL,2,2,Voltage Detector,,,,,,,,,,
Kind of fuse,其他,NULL,2,2,ceramic,,,,,,,,,,
误差,其他,NULL,2,2,±10%,,,,,,,,,,
最大输入电压,其他,NULL,2,2,-,,,,,,,,,,
套件内容,其他,NULL,2,2,283 件 - 27 个值,,,,,,,,,,
输出电压（最大值）,其他,NULL,2,2,-,,,,,,,,,,
System Memory Socket Type,其他,NULL,2,2,SODIMM,,,,,,,,,,
标准包装名称,其他,NULL,2,2,DO-201,,,,,,,,,,
출력 개수,其他,NULL,2,2,1,,,,,,,,,,
光纤连接器类型,其他,NULL,2,2,SMA,,,,,,,,,,
I²t,其他,NULL,2,2,15 A²t,,,,,,,,,,
Switch Circuit,其他,NULL,2,2,4PST,,,,,,,,,,
入口保护,其他,NULL,2,2,"IP67 - Dust Tight, Waterproof",,,,,,,,,,
IP密封等级,其他,NULL,2,2,IP65,,,,,,,,,,
Sensitive Area,其他,NULL,2,2,0.23 mm²,,,,,,,,,,
最大反向电压,其他,NULL,2,2,1000V,,,,,,,,,,
Connector 型,其他,NULL,2,2,Plug for Female Contacts,,,,,,,,,,
Supply Type,其他,NULL,2,2,Dual Supply,,,,,,,,,,
DPS Bits,其他,NULL,2,2,5,,,,,,,,,,
磁带长度 - 帝国,其他,NULL,2,2,100&quot;,,,,,,,,,,
带颜色,其他,NULL,2,2,-,,,,,,,,,,
패키지,其他,NULL,2,2,SOT-223-4,,,,,,,,,,
Overload Adjustment Current Min,其他,NULL,2,2,23A,,,,,,,,,,
Lens Size,其他,NULL,2,2,"3mm, T-1",,,,,,,,,,
瞬间前向电压VF(Max.)(V)@IF,其他,NULL,2,2,0.47@1A,,,,,,,,,,
Convert To Coax Type,其他,NULL,2,2,F,,,,,,,,,,
Switch-Features,其他,NULL,2,2,-,,,,,,,,,,
输出电压（最小值/固定）,其他,NULL,2,2,-,,,,,,,,,,
Measurement System,其他,NULL,2,2,Imperial,,,,,,,,,,
输出电压的路数,其他,NULL,2,2,-,,,,,,,,,,
Maximum Resonant Frequency,其他,NULL,2,2,3400 Hz,,,,,,,,,,
Voltage - Forward (Vf) (Max) @ If,其他,NULL,2,2,1.93 V @ 3770 A,,,,,,,,,,
Minimum Frequency (MHz),其他,NULL,2,2,1574.4,,,,,,,,,,
二极管电容CT(Typ.)(pF),其他,NULL,2,2,1050,,,,,,,,,,
Varistor Voltage,其他,NULL,2,2,18 V,,,,,,,,,,
전기 용량,其他,NULL,2,2,2700 pF,,,,,,,,,,
Adjustment,其他,NULL,2,2,Side Slot,,,,,,,,,,
最大齐纳阻抗Zz  Dynamic Impedance,其他,NULL,2,2,30Ω/ohm,,,,,,,,,,
Pixel Format (Pixels),其他,NULL,2,2,200x16,,,,,,,,,,
Isolation-Voltage,其他,NULL,2,2,2500 Vrms,,,,,,,,,,
Typ Phase Balance,其他,NULL,2,2,1 ±deg,,,,,,,,,,
Leads dimensions,其他,NULL,2,2,0.3 x 1 x 4mm,,,,,,,,,,
端子类型Termination Style,其他,NULL,2,2,J引线 J Lead,,,,,,,,,,
线路侧电线/螺柱尺寸,其他,NULL,2,2,-,,,,,,,,,,
PS/2,其他,NULL,2,2,1,,,,,,,,,,
复位门限Vtrip(V),其他,NULL,2,2,4.25~4.5,,,,,,,,,,
RAM模块类型,其他,NULL,2,2,DDR2 SO-DIMM,,,,,,,,,,
衬套大小,其他,NULL,2,2,1/4-40,,,,,,,,,,
WDT周期(S),其他,NULL,2,2,No,,,,,,,,,,
Fastening 型,其他,NULL,2,2,Reverse Bayonet Lock,,,,,,,,,,
RF Transmitter Applications,其他,NULL,2,2,-,,,,,,,,,,
Dielectric Strength,其他,NULL,2,2,&gt;1.5 kBVAC between L-N; &gt;3 kVAC between L/N-PE,,,,,,,,,,
Device Type,其他,NULL,2,2,Linear,,,,,,,,,,
Frequency 2,其他,NULL,2,2,644.5313 MHz,,,,,,,,,,
Power Range,其他,NULL,2,2,0 to 0.25 Watt,,,,,,,,,,
Humidity measuring range,其他,NULL,2,2,0...100% RH,,,,,,,,,,
有效复位电平,其他,NULL,2,2,Active High,,,,,,,,,,
Wavelength of peak sensitivity,其他,NULL,2,2,850nm,,,,,,,,,,
光强度,其他,NULL,2,2,1 cd,,,,,,,,,,
Decade Test Range,其他,NULL,2,2,0H to 9.999H,,,,,,,,,,
数量,其他,NULL,2,2,10 件,,,,,,,,,,
瞬间反转电流IR(Max.)(µA),其他,NULL,2,2,124,,,,,,,,,,
Operating Temperature - (°C),其他,NULL,2,2,-25~70,,,,,,,,,,
메모리 형식,其他,NULL,2,2,Flash Memory,,,,,,,,,,
卖备选方案,其他,NULL,2,2,0821-1C1T-43-F,,,,,,,,,,
Qg-Gate-Charge,其他,NULL,2,2,13.1 nC 22.5 nC,,,,,,,,,,
Touch Technology,其他,NULL,2,2,Resistive,,,,,,,,,,
"Current - Non Rep. Surge 50, 60Hz (Itsm)",其他,NULL,2,2,160A @ 60Hz,,,,,,,,,,
Vce-on-Max-Vge-Ic,其他,NULL,2,2,"2.55V @ 15V, 600A",,,,,,,,,,
Duct-External-Height,其他,NULL,2,2,25 mm,,,,,,,,,,
Shaft Length,其他,NULL,2,2,12.7 mm,,,,,,,,,,
Power-Max,其他,NULL,2,2,1540W,,,,,,,,,,
逻辑电平 - 高,其他,NULL,2,2,1.3V ~ 2.2V,,,,,,,,,,
Heatpipe incl.,其他,NULL,2,2,N Y/N,,,,,,,,,,
Connection Size (in),其他,NULL,2,2,0.375,,,,,,,,,,
触头材料 - 柱,其他,NULL,2,2,黄铜,,,,,,,,,,
Height-Stacking-Mating,其他,NULL,2,2,-,,,,,,,,,,
Turn-off time,其他,NULL,2,2,150ns,,,,,,,,,,
针位/触头数,其他,NULL,2,2,8p8c（RJ45，以太网）,,,,,,,,,,
Shield structure,其他,NULL,2,2,"Al-PET foil, tinned copper braid",,,,,,,,,,
System Memory Maximum Size (B),其他,NULL,2,2,256M/512M/1204M,,,,,,,,,,
瞬间反转电流IR(Max.)(uA),其他,NULL,2,2,200@30V,,,,,,,,,,
Remarks,其他,NULL,2,2,電源電圧：2 to 5.5V / 遅延時間：4nsec(typ.)@V_CC=5V,,,,,,,,,,
Used On,其他,NULL,2,2,CW Series,,,,,,,,,,
上电复位时间(ms),其他,NULL,2,2,100/500/1000/5000,,,,,,,,,,
전력 정격,其他,NULL,2,2,250 mW (1/4 W),,,,,,,,,,
Minimum Sound Pressure,其他,NULL,2,2,70 dBA,,,,,,,,,,
Number-of-Outlets,其他,NULL,2,2,2 Outlet,,,,,,,,,,
실장 유형,其他,NULL,2,2,"패널 실장, 스냅인",,,,,,,,,,
最小单电源电压,其他,NULL,2,2,2.7 V,,,,,,,,,,
频率稳定性,其他,NULL,2,2,±50ppm,,,,,,,,,,
Outputs,其他,NULL,2,2,Single,,,,,,,,,,
Maximum-Collector-Current,其他,NULL,2,2,50 mA,,,,,,,,,,
每个芯片的通道数,其他,NULL,2,2,1,,,,,,,,,,
Lock Colour,其他,NULL,2,2,-,,,,,,,,,,
Dark current,其他,NULL,2,2,0.003 nA,,,,,,,,,,
Fuse Case Style,其他,NULL,2,2,Radial Leaded,,,,,,,,,,
Terminal Pitch (mm),其他,NULL,2,2,1.6,,,,,,,,,,
Maximum Drain Gate Voltage,其他,NULL,2,2,-30,,,,,,,,,,
Operating-System,其他,NULL,2,2,-,,,,,,,,,,
连接器主体涂层,其他,NULL,2,2,橄榄色铬酸盐镀镉,,,,,,,,,,
No. of Switch Holes,其他,NULL,2,2,-,,,,,,,,,,
V(F),其他,NULL,2,2,0.53 V,,,,,,,,,,
Optical Format,其他,NULL,2,2,1/3 inch,,,,,,,,,,
Product Length (Imperial - Decimal) (in),其他,NULL,2,2,1,,,,,,,,,,
I(F),其他,NULL,2,2,1 A,,,,,,,,,,
Number of Channels per Chip,其他,NULL,2,2,1,,,,,,,,,,
存储器应用,其他,NULL,2,2,桌面DIMM,,,,,,,,,,
Contact 型,其他,NULL,2,2,Crimp,,,,,,,,,,
Time measurement accuracy,其他,NULL,2,2,±1µs,,,,,,,,,,
﻿基极-发射极输入电阻R2 Base-Emitter Resistance(R2)﻿,其他,NULL,2,2,10 ﻿KΩ﻿,,,,,,,,,,
Turn-on time,其他,NULL,2,2,150ns,,,,,,,,,,
메모리 유형,其他,NULL,2,2,FLASH,,,,,,,,,,
TCR,其他,NULL,2,2,5 ±ppm,,,,,,,,,,
Maximum 전력 발산,其他,NULL,2,2,2.16 W,,,,,,,,,,
极限电流(A),其他,NULL,2,2,1.5,,,,,,,,,,
Cooler material,其他,NULL,2,2,ALUMINIUM,,,,,,,,,,
插入旋转,其他,NULL,2,2,N,,,,,,,,,,
锁定功能,其他,NULL,2,2,-,,,,,,,,,,
感应范围Sensing Range,其他,NULL,2,2,"-20/-3mT跳闸,0.2/mT释放 -20/-3mT Trip,0.2/mT Release",,,,,,,,,,
照明类型,其他,NULL,2,2,LED,,,,,,,,,,
Outside-Height,其他,NULL,2,2,1 mm,,,,,,,,,,
Wavelength - Peak,其他,NULL,2,2,635nm,,,,,,,,,,
Current - Test,其他,NULL,2,2,20mA,,,,,,,,,,
Millicandela Rating,其他,NULL,2,2,1.6mcd,,,,,,,,,,
外部宽度,其他,NULL,2,2,350mm,,,,,,,,,,
Capacitance measuring range,其他,NULL,2,2,"0,01p...1000mF",,,,,,,,,,
负载侧连接类型,其他,NULL,2,2,-,,,,,,,,,,
Insertion Loss Less 3 dB Split Typ.,其他,NULL,2,2,0.7 dB,,,,,,,,,,
정격 전압 - AC,其他,NULL,2,2,115V,,,,,,,,,,
Ratio-S-H:ADC,其他,NULL,2,2,1:01,,,,,,,,,,
调整,其他,NULL,2,2,Side Crossed,,,,,,,,,,
Edition,其他,NULL,2,2,-,,,,,,,,,,
外形尺寸,其他,NULL,2,2,2.5&quot;,,,,,,,,,,
功耗Ptot(Max.)(W),其他,NULL,2,2,148,,,,,,,,,,
Bushing Type,其他,NULL,2,2,N/R,,,,,,,,,,
Enclosure Type,其他,NULL,2,2,Back Box,,,,,,,,,,
V(RRM),其他,NULL,2,2,2800 V,,,,,,,,,,
Supplier Part,其他,NULL,2,2,SP000785110,,,,,,,,,,
管道颜色,其他,NULL,2,2,Black,,,,,,,,,,
Shutter Type,其他,NULL,2,2,Electronic Rolling,,,,,,,,,,
Plug / Receptacle,其他,NULL,2,2,F,,,,,,,,,,
Frame Rate (fps),其他,NULL,2,2,60,,,,,,,,,,
Diode test,其他,NULL,2,2,"0,9mA, 2,8V",,,,,,,,,,
P(min),其他,NULL,2,2,0 bar,,,,,,,,,,
액추에이터,其他,NULL,2,2,Paddle,,,,,,,,,,
磁带背衬材料,其他,NULL,2,2,-,,,,,,,,,,
With-Switch,其他,NULL,2,2,Switch,,,,,,,,,,
导体材料,其他,NULL,2,2,-,,,,,,,,,,
DSA Bits,其他,NULL,2,2,4,,,,,,,,,,
传输速率(Kbps),其他,NULL,2,2,250,,,,,,,,,,
Operating Shock Rate,其他,NULL,2,2,10g@11ms,,,,,,,,,,
插头类型,其他,NULL,2,2,-,,,,,,,,,,
Voltage-Collector-Emitter-Breakdown-Max,其他,NULL,2,2,1200V,,,,,,,,,,
Type of switch,其他,NULL,2,2,push-button,,,,,,,,,,
电压 - 最大值,其他,NULL,2,2,-,,,,,,,,,,
Qual Level,其他,NULL,2,2,Standard,,,,,,,,,,
颜色Color,其他,NULL,2,2,绿色 Green,,,,,,,,,,
정격 전류,其他,NULL,2,2,1A(AC),,,,,,,,,,
导线股数,其他,NULL,2,2,-,,,,,,,,,,
Turns Ratio,其他,NULL,2,2,1:1,,,,,,,,,,
Image size,其他,NULL,2,2,2700x3Pixels,,,,,,,,,,
Input Voltage Max (V),其他,NULL,2,2,40,,,,,,,,,,
Pixel Size (µm),其他,NULL,2,2,3.75 x 3.75,,,,,,,,,,
Accessory,其他,NULL,2,2,BACKPLATE,,,,,,,,,,
Width Across Flats (Imperial) (in),其他,NULL,2,2,1 17/64,,,,,,,,,,
Width Across Flats (mm),其他,NULL,2,2,32,,,,,,,,,,
Velocity measuring accuracy,其他,NULL,2,2,"±0,1m/s",,,,,,,,,,
Shaft 타입,其他,NULL,2,2,Flatted,,,,,,,,,,
注意,其他,NULL,2,2,Contacts Not Provided,,,,,,,,,,
接通 / 关断时间（典型值）,其他,NULL,2,2,-,,,,,,,,,,
Operating Supply Voltage (Max),其他,NULL,2,2,3.465(V),,,,,,,,,,
最低频率,其他,NULL,2,2,-,,,,,,,,,,
스위치 기능,其他,NULL,2,2,끄기-Mom,,,,,,,,,,
晶体管极性,其他,NULL,2,2,N-Channel,,,,,,,,,,
套圈材料,其他,NULL,2,2,-,,,,,,,,,,
透镜颜色/类型,其他,NULL,2,2,Diffused,,,,,,,,,,
Icc/Channel,其他,NULL,2,2,30000 µA,,,,,,,,,,
调节类型Adjustment Type,其他,NULL,2,2,顶部调节 Top Adjustment,,,,,,,,,,
电容范围,其他,NULL,2,2,-,,,,,,,,,,
最大时钟频率(Hz),其他,NULL,2,2,25M,,,,,,,,,,
Media-Delivery-Type,其他,NULL,2,2,-,,,,,,,,,,
逻辑电平 - 低,其他,NULL,2,2,0.25V ~ 0.8V,,,,,,,,,,
电阻值Resistance,其他,NULL,2,2,500KΩ/Ohm,,,,,,,,,,
Icc,其他,NULL,2,2,2.8 mA,,,,,,,,,,
Inside Diameter (Imperial) (in),其他,NULL,2,2,1.61,,,,,,,,,,
PCB,其他,NULL,2,2,28,,,,,,,,,,
额定齐纳电压  Zener Voltage   （最小）,其他,NULL,2,2,4.81V,,,,,,,,,,
工作电流典型值(μA),其他,NULL,2,2,35,,,,,,,,,,
External Depth - Metric,其他,NULL,2,2,-,,,,,,,,,,
Thread Type,其他,NULL,2,2,NPT,,,,,,,,,,
Switched voltage,其他,NULL,2,2,max 200V,,,,,,,,,,
Isolation Voltage,其他,NULL,2,2,2.5kV,,,,,,,,,,
Operation Mode,其他,NULL,2,2,Constant Current (CC),,,,,,,,,,
Output [60Hz] / var,其他,NULL,2,2,1000,,,,,,,,,,
Vgs（最大值）,其他,NULL,2,2,±20V,,,,,,,,,,
不同 Id、Vgs 时导通电阻（最大值）,其他,NULL,2,2,1.7 欧姆 @ 3A，10V,,,,,,,,,,
Outer insulation material,其他,NULL,2,2,PVC,,,,,,,,,,
电感因数 (Al),其他,NULL,2,2,1.1 µH,,,,,,,,,,
有效磁体体积 (Ve) mm³,其他,NULL,2,2,17430,,,,,,,,,,
Total-Length-Recovered,其他,NULL,2,2,-,,,,,,,,,,
No. of Decades,其他,NULL,2,2,3,,,,,,,,,,
最大输出电流,其他,NULL,2,2,150mA,,,,,,,,,,
转折电流,其他,NULL,2,2,50uA,,,,,,,,,,
触头数,其他,NULL,2,2,19,,,,,,,,,,
圆形连接器外壳类型,其他,NULL,2,2,盒式安装插座,,,,,,,,,,
耦合方式,其他,NULL,2,2,螺纹,,,,,,,,,,
Temperature-Range,其他,NULL,2,2,-40 ~ 185°F (-40 ~ 85°C),,,,,,,,,,
IC Function,其他,NULL,2,2,-,,,,,,,,,,
MSL*,其他,NULL,2,2,NA,,,,,,,,,,
Megapixels,其他,NULL,2,2,1.2,,,,,,,,,,
Number of System Memory,其他,NULL,2,2,1,,,,,,,,,,
Outline Dimensions (mm),其他,NULL,2,2,182x38.5x9.3,,,,,,,,,,
Background Color,其他,NULL,2,2,Gray,,,,,,,,,,
最大单电源电压,其他,NULL,2,2,5.5 V,,,,,,,,,,
基极与基极-发射极输入电阻比(R1/R2)  Base-Emitter Input Resistance Ratio(R1/R2),其他,NULL,2,2,1,,,,,,,,,,
典型工作电源电压,其他,NULL,2,2,5,,,,,,,,,,
Sensing-Range,其他,NULL,2,2,±300°/sec,,,,,,,,,,
峰值感应器距离,其他,NULL,2,2,"27 (Non-Detection) mm, 9 (Detection) mm",,,,,,,,,,
监控电压的组数,其他,NULL,2,2,1,,,,,,,,,,
Character Size - H x W,其他,NULL,2,2,4.99 mm x 2.25 mm,,,,,,,,,,
输出电压典型值(V),其他,NULL,2,2,Adj.,,,,,,,,,,
Outside-Length,其他,NULL,2,2,33.2 mm,,,,,,,,,,
每路输出的RDS(on)(mΩ),其他,NULL,2,2,"2 x 223,6 x 700",,,,,,,,,,
Collector-Emitter Saturation Voltage,其他,NULL,2,2,2.1 V,,,,,,,,,,
电源抑制比PSRR(dB),其他,NULL,2,2,70,,,,,,,,,,
Tolerance (%),其他,NULL,2,2,±10%,,,,,,,,,,
Connector B,其他,NULL,2,2,24+5pin,,,,,,,,,,
阻断电压DC,其他,NULL,2,2,1000V,,,,,,,,,,
位置数目,其他,NULL,2,2,2,,,,,,,,,,
噪声电压VN(nV/√Hz),其他,NULL,2,2,15,,,,,,,,,,
Convert From Coax Type,其他,NULL,2,2,F,,,,,,,,,,
ECCN Code,其他,NULL,2,2,EAR99,,,,,,,,,,
SRAM(位),其他,NULL,2,2,16K,,,,,,,,,,
Sensitivity dBm,其他,NULL,2,2,-,,,,,,,,,,
负载调节,其他,NULL,2,2,1%,,,,,,,,,,
주파수 - 스위칭,其他,NULL,2,2,100Hz ~ 100kHz,,,,,,,,,,
DC电阻(DCR),其他,NULL,2,2,104 毫欧最大,,,,,,,,,,
精确度,其他,NULL,2,2,`Â±1.6%,,,,,,,,,,
外部高度,其他,NULL,2,2,210mm,,,,,,,,,,
负载侧电线/螺柱尺寸,其他,NULL,2,2,-,,,,,,,,,,
摆动角度,其他,NULL,2,2,45°,,,,,,,,,,
External Depth - Imperial,其他,NULL,2,2,-,,,,,,,,,,
Photo curr.min.,其他,NULL,2,2,10 µA,,,,,,,,,,
Decade Box Type,其他,NULL,2,2,Inductance,,,,,,,,,,
IC Package Type,其他,NULL,2,2,-,,,,,,,,,,
Sampling-Rate-Per-Second,其他,NULL,2,2,125M,,,,,,,,,,
主波长λd(nm)Dominant Wavelength,其他,NULL,2,2,555/610nm,,,,,,,,,,
Reference-Type,其他,NULL,2,2,"External, Internal",,,,,,,,,,
Fluid Type,其他,NULL,2,2,STN,,,,,,,,,,
Line Side Connection Method,其他,NULL,2,2,Screw,,,,,,,,,,
流明Lv(mcd)Luminous intensity,其他,NULL,2,2,2.2mcd,,,,,,,,,,
Attenuation Value,其他,NULL,2,2,15dB,,,,,,,,,,
电流 - 暗（典型值）Current - Dark (Typ),其他,NULL,2,2,2nA,,,,,,,,,,
电压 - 断态,其他,NULL,2,2,650 V,,,,,,,,,,
Operating Force Max,其他,NULL,2,2,0.34N,,,,,,,,,,
标签类型,其他,NULL,2,2,标准,,,,,,,,,,
低功耗禁止模式,其他,NULL,2,2,√,,,,,,,,,,
Core structure,其他,NULL,2,2,U/FTP,,,,,,,,,,
Subcategory,其他,NULL,2,2,Displays,,,,,,,,,,
Operating Temperature (Max),其他,NULL,2,2,100C,,,,,,,,,,
Operating Temperature (Min),其他,NULL,2,2,-40C,,,,,,,,,,
Package contents,其他,NULL,2,2,28.5 AWG,,,,,,,,,,
Optical power,其他,NULL,2,2,20mW,,,,,,,,,,
Data Rate Max,其他,NULL,2,2,-,,,,,,,,,,
Triggering Type,其他,NULL,2,2,Negative-Edge,,,,,,,,,,
Connector A,其他,NULL,2,2,DVI,,,,,,,,,,
Current - Output / Channel,其他,NULL,2,2,60 mA,,,,,,,,,,
FFC、FCB 厚度,其他,NULL,2,2,0.20mm,,,,,,,,,,
额定功率Power,其他,NULL,2,2,"0.1W,1/10W",,,,,,,,,,
Maximum Input Offset Voltage (mV),其他,NULL,1,1,5(Typ),,,,,,,,,,
最大时钟频率,其他,NULL,1,1,8,,,,,,,,,,
Number-of-Gates,其他,NULL,1,1,48000,,,,,,,,,,
Battery NEDA Code,其他,NULL,1,1,-,,,,,,,,,,
Phase noise floor FOM,其他,NULL,1,1,-84 dBc/Hz,,,,,,,,,,
Backplane Form Factor,其他,NULL,1,1,PICMG1.3,,,,,,,,,,
Current - On State (It (RMS) (Max),其他,NULL,1,1,800mA,,,,,,,,,,
Repetitive Peak Reverse Voltage,其他,NULL,1,1,20 V,,,,,,,,,,
最小磁心横截面（Amin） mm²,其他,NULL,1,1,-,,,,,,,,,,
中心抽头,其他,NULL,1,1,-,,,,,,,,,,
电压 - 次级（满负载）,其他,NULL,1,1,-,,,,,,,,,,
Package / Case Size,其他,NULL,1,1,1/2 Brick,,,,,,,,,,
每字位数,其他,NULL,1,1,8,,,,,,,,,,
电压 - 初级,其他,NULL,1,1,-,,,,,,,,,,
Center Frequency (Hz),其他,NULL,1,1,10.52M,,,,,,,,,,
No. of Sensors,其他,NULL,1,1,1,,,,,,,,,,
"Diameter, Inner",其他,NULL,1,1,0.10 in.,,,,,,,,,,
Inter Series Connector A,其他,NULL,1,1,Patch Panel x 2,,,,,,,,,,
Panel Cutout Height,其他,NULL,1,1,-,,,,,,,,,,
Hall elements,其他,NULL,1,1,1,,,,,,,,,,
DAC Resolution,其他,NULL,1,1,8 bit,,,,,,,,,,
电源电压最大值,其他,NULL,1,1,-,,,,,,,,,,
Measuring-Range,其他,NULL,1,1,±199.9VDC,,,,,,,,,,
Frame-Size-NEMA,其他,NULL,1,1,-,,,,,,,,,,
T(min),其他,NULL,1,1,-20 °C,,,,,,,,,,
Off-Isolation-Typ,其他,NULL,1,1,40 dB,,,,,,,,,,
Polished shape,其他,NULL,1,1,UPC研磨,,,,,,,,,,
Acceleration Rate,其他,NULL,1,1,200m/s²,,,,,,,,,,
可开启,其他,NULL,1,1,是,,,,,,,,,,
介电材料Dielectric Material,其他,NULL,1,1,PEN,,,,,,,,,,
QtyPerPackage,其他,NULL,1,1,"1,500",,,,,,,,,,
门极 - 漏极电压,其他,NULL,1,1,-40V,,,,,,,,,,
Actuator Length (inch),其他,NULL,1,1,0.0,,,,,,,,,,
Frequency-Operating,其他,NULL,1,1,50 ~ 60Hz,,,,,,,,,,
电容 - 输入,其他,NULL,1,1,-,,,,,,,,,,
Screw-Material,其他,NULL,1,1,Steel,,,,,,,,,,
天线极化,其他,NULL,1,1,左手圆形,,,,,,,,,,
最大許容電流,其他,NULL,1,1,8A,,,,,,,,,,
Light Transmission,其他,NULL,1,1,80 %,,,,,,,,,,
Mounting Thread Size,其他,NULL,1,1,No Thread,,,,,,,,,,
Connection Method,其他,NULL,1,1,Tinned Leads,,,,,,,,,,
Circuitry,其他,NULL,1,1,SP4T,,,,,,,,,,
Inductance measuring range,其他,NULL,1,1,"0,1n...100kH",,,,,,,,,,
最大峰值脉冲电流,其他,NULL,1,1,12,,,,,,,,,,
方向类型,其他,NULL,1,1,Uni-Directional,,,,,,,,,,
存储接口,其他,NULL,1,1,2.5&quot;，mSATA,,,,,,,,,,
以太网,其他,NULL,1,1,10/100/1000Mbps（2）,,,,,,,,,,
元件类型,其他,NULL,1,1,通信模块,,,,,,,,,,
切换容量,其他,NULL,1,1,-,,,,,,,,,,
luminous intensity,其他,NULL,1,1,No,,,,,,,,,,
Zero cross,其他,NULL,1,1,Y Y/N,,,,,,,,,,
Maximum Input Current,其他,NULL,1,1,3(Min) mA,,,,,,,,,,
性别 B,其他,NULL,1,1,插座,,,,,,,,,,
架构,其他,NULL,1,1,SAR,,,,,,,,,,
分辨率(bits),其他,NULL,1,1,8,,,,,,,,,,
Resolution Standard,其他,NULL,1,1,QVGA,,,,,,,,,,
Aspect Ratio,其他,NULL,1,1,4:3,,,,,,,,,,
Hold Current,其他,NULL,1,1,2.6(A),,,,,,,,,,
连接器端口 B,其他,NULL,1,1,LC,,,,,,,,,,
Modulation,其他,NULL,1,1,FFSK,,,,,,,,,,
测试频率范围,其他,NULL,1,1,9kHz至3GHz,,,,,,,,,,
Duty cycle factor,其他,NULL,1,1,0.1...99.9%,,,,,,,,,,
图片尺寸,其他,NULL,1,1,512x512,,,,,,,,,,
触点数量,其他,NULL,1,1,3 Contact,,,,,,,,,,
IC(nom) / IF(nom),其他,NULL,1,1,3600.0 A,,,,,,,,,,
Shrink Ratio,其他,NULL,1,1,3:1,,,,,,,,,,
Voltage source accuracy,其他,NULL,1,1,"±(0,075% + 1 digit) or ±3 digits, whichever is greater",,,,,,,,,,
电流量程 交流,其他,NULL,1,1,-,,,,,,,,,,
屏蔽覆盖范围,其他,NULL,1,1,-,,,,,,,,,,
护套（绝缘）厚度,其他,NULL,1,1,-,,,,,,,,,,
Active-Pixel-Array,其他,NULL,1,1,-,,,,,,,,,,
LED Material,其他,NULL,1,1,InGaN,,,,,,,,,,
安装孔大小,其他,NULL,1,1,6.35 mm,,,,,,,,,,
导线长度,其他,NULL,1,1,355 mm,,,,,,,,,,
커패시턴스 - nF,其他,NULL,1,1,2.7 nF,,,,,,,,,,
Body Finish,其他,NULL,1,1,Nickel,,,,,,,,,,
IP2,其他,NULL,1,1,72 dBm,,,,,,,,,,
电流-漏泄(IS(off))(最大值),其他,NULL,1,1,1nA,,,,,,,,,,
Dimensions (length),其他,NULL,1,1,190.0 mm,,,,,,,,,,
Depth (inch),其他,NULL,1,1,.10,,,,,,,,,,
带保险丝,其他,NULL,1,1,无,,,,,,,,,,
"Frequency, Output",其他,NULL,1,1,50 to 60 Hz,,,,,,,,,,
电压 - 额定 AC,其他,NULL,1,1,500V,,,,,,,,,,
最大电阻,其他,NULL,1,1,2.1Ω,,,,,,,,,,
Pixel Count,其他,NULL,1,1,1024 × 768,,,,,,,,,,
耦合器类型,其他,NULL,1,1,标准,,,,,,,,,,
WWWDisplay,其他,NULL,1,1,Y,,,,,,,,,,
电流 - 断态（最大值）,其他,NULL,1,1,10 µA,,,,,,,,,,
Tape Length - Imperial,其他,NULL,1,1,8.33ft,,,,,,,,,,
I / O线数,其他,NULL,1,1,8 Bit,,,,,,,,,,
Temperature Accuracy ±,其他,NULL,1,1,2  °F,,,,,,,,,,
最大工作电流,其他,NULL,1,1,160,,,,,,,,,,
Graphics Acceleration,其他,NULL,1,1,No,,,,,,,,,,
电源电压标准,其他,NULL,1,1,2.5V,,,,,,,,,,
Voltage-Output-Max,其他,NULL,1,1,-,,,,,,,,,,
Maximum Pass Band Ripple (dB),其他,NULL,1,1,1,,,,,,,,,,
"Diameter, Outer",其他,NULL,1,1,0.19 in.,,,,,,,,,,
Insulation Material,其他,NULL,1,1,Polypropylene,,,,,,,,,,
"Capacitance @ Vr, F",其他,NULL,1,1,"25pF @ 4V, 1MHz",,,,,,,,,,
Delay to First Tap,其他,NULL,1,1,10,,,,,,,,,,
Actuator Diameter,其他,NULL,1,1,0.3,,,,,,,,,,
Silicon Family Name,其他,NULL,1,1,-,,,,,,,,,,
插入损耗,其他,NULL,1,1,-,,,,,,,,,,
电阻 - 25°C（典型值）,其他,NULL,1,1,-,,,,,,,,,,
Inter Series Connector B,其他,NULL,1,1,BNC Coaxial x 2,,,,,,,,,,
高分断能力熔断器,其他,NULL,1,1,是,,,,,,,,,,
Current-Rating-Max,其他,NULL,1,1,3 A,,,,,,,,,,
Relay height,其他,NULL,1,1,29mm,,,,,,,,,,
Battery Chemistry,其他,NULL,1,1,Li-Ion,,,,,,,,,,
Number of Cells,其他,NULL,1,1,1,,,,,,,,,,
GET 0.64 Connector System,其他,NULL,1,1,No,,,,,,,,,,
Non Repetitive On-State Current,其他,NULL,1,1,250 A,,,,,,,,,,
I²C,其他,NULL,1,1,Y Y/N,,,,,,,,,,
Gain-Bandwidth-Product-fT,其他,NULL,1,1,130 MHz,,,,,,,,,,
Operating-Point-Min-Max,其他,NULL,1,1,- 10.8 mT to + 10.8 mT,,,,,,,,,,
Cable Diameter Min - Imperial,其他,NULL,1,1,0.23,,,,,,,,,,
"Height, External",其他,NULL,1,1,5.25 in.,,,,,,,,,,
Secondary Voltages,其他,NULL,1,1,-,,,,,,,,,,
Sound level measuring range,其他,NULL,1,1,30...130dB,,,,,,,,,,
Number of Branches/Legs,其他,NULL,1,1,2,,,,,,,,,,
Mating Post 길이,其他,NULL,1,1,13.28 mm,,,,,,,,,,
看门狗定时器,其他,NULL,1,1,是,,,,,,,,,,
"DC Current Gain (hFE) (Minimum) at Ic, Vce",其他,NULL,1,1,"20 at 10mA, 2V",,,,,,,,,,
Current - Collector (Ic) (Maximum),其他,NULL,1,1,65mA,,,,,,,,,,
Rail Material,其他,NULL,1,1,-,,,,,,,,,,
Resistance Measurement Range,其他,NULL,1,1,2ohm to 20Mohm,,,,,,,,,,
最大功率耗散（Ta=25°C）,其他,NULL,1,1,46W,,,,,,,,,,
线路数,其他,NULL,1,1,-,,,,,,,,,,
转接头 B 型,其他,NULL,1,1,SMA,,,,,,,,,,
Operating Temperature Min Deg. C,其他,NULL,1,1,-40C,,,,,,,,,,
电流传输比（最小值）Current Transfer Ratio (Min),其他,NULL,1,1,200% @ 1mA,,,,,,,,,,
磁心因数（ΣI/A） mm-,其他,NULL,1,1,-,,,,,,,,,,
电感因数（Al）,其他,NULL,1,1,-,,,,,,,,,,
正向跨导 - 最小值,其他,NULL,1,1,15 mS,,,,,,,,,,
最大电流传输比,其他,NULL,1,1,2000%,,,,,,,,,,
Reverse Recovery Time,其他,NULL,1,1,10 ns,,,,,,,,,,
外设接口EPI,其他,NULL,1,1,Yes,,,,,,,,,,
ΔVO/VO(±%),其他,NULL,1,1,4,,,,,,,,,,
Eoff (Soft Switching),其他,NULL,1,1,0.12 mJ,,,,,,,,,,
Voltage Rating DC,其他,NULL,1,1,28 VDC,,,,,,,,,,
Switching Speed,其他,NULL,1,1,-,,,,,,,,,,
Ifsm - Forward Surge Current,其他,NULL,1,1,16000 A,,,,,,,,,,
IR - (mA),其他,NULL,1,1,130,,,,,,,,,,
工业,其他,NULL,1,1,Commercial,,,,,,,,,,
Load 전압 정격,其他,NULL,1,1,240 VAC,,,,,,,,,,
Voltage Tolerance,其他,NULL,1,1,10%(%),,,,,,,,,,
字符,其他,NULL,1,1,1 to 10,,,,,,,,,,
전기 용량 - uF,其他,NULL,1,1,0.0027 uF,,,,,,,,,,
扣环材料,其他,NULL,1,1,-,,,,,,,,,,
结电容值Cj  Junction capacitance(Cj),其他,NULL,1,1,6PF,,,,,,,,,,
关闭,其他,NULL,1,1,No Shutdown,,,,,,,,,,
Dimensions-Panel,其他,NULL,1,1,17.500&quot; L x 19.060&quot; W x 42.190&quot; H (444.50mm x,,,,,,,,,,
显示器结构,其他,NULL,1,1,COG,,,,,,,,,,
轴直径,其他,NULL,1,1,-,,,,,,,,,,
ADC Resolution,其他,NULL,1,1,12 bit,,,,,,,,,,
I/O Voltage,其他,NULL,1,1,1.8 V,,,,,,,,,,
ESD保护,其他,NULL,1,1,No,,,,,,,,,,
主体颜色,其他,NULL,1,1,浅褐色,,,,,,,,,,
Vsupply I/O(Max)(V),其他,NULL,1,1,3.46,,,,,,,,,,
PartType,其他,NULL,1,1,OTH,,,,,,,,,,
Coil Suppression Diode,其他,NULL,1,1,No,,,,,,,,,,
Hold-Current,其他,NULL,1,1,0.08 A,,,,,,,,,,
最大电线尺寸 AWG,其他,NULL,1,1,14AWG,,,,,,,,,,
Active power measuring accuracy,其他,NULL,1,1,±(5% + 20 digits),,,,,,,,,,
2nd Connector,其他,NULL,1,1,"Ultra Miniature Coaxial Plug Female Socket, Right Angle",,,,,,,,,,
输出电压Out Voltage,其他,NULL,1,1,-6V～0.3V,,,,,,,,,,
磁特性,其他,NULL,1,1,±50 G,,,,,,,,,,
旋钮直径,其他,NULL,1,1,22mm,,,,,,,,,,
Tab Fit (mm (in)),其他,NULL,1,1,4.75 x 0.81 [.187 x .032],,,,,,,,,,
Core Size,其他,NULL,1,1,114 x 93,,,,,,,,,,
Repetitive Reverse Voltage Vrrm Max,其他,NULL,1,1,200V,,,,,,,,,,
Forward Voltage VF Max,其他,NULL,1,1,975mV,,,,,,,,,,
Product Height,其他,NULL,1,1,6.35mm(Max),,,,,,,,,,
集电极连续输出电流IC Collector Current(IC) Q1/Q2,其他,NULL,1,1,100mA/-100mA,,,,,,,,,,
"(Select First, Then Apply Filters) Compatible Series",其他,NULL,1,1,"Omron, A22",,,,,,,,,,
Direct-current resistance,其他,NULL,1,1,100mOhm(Max),,,,,,,,,,
板侧间距,其他,NULL,1,1,0.100&quot;（2.54mm）,,,,,,,,,,
IF(AV),其他,NULL,1,1,820 A,,,,,,,,,,
Gain Bandwidth Product,其他,NULL,1,1,1 MHz,,,,,,,,,,
Element 타입,其他,NULL,1,1,Conductive Plastic,,,,,,,,,,
Typical Voltage Gain,其他,NULL,1,1,112.04 dB,,,,,,,,,,
Typical Input Noise Voltage Density,其他,NULL,1,1,10.5@±5V nV/rtHz,,,,,,,,,,
Molded Part Type,其他,NULL,1,1,Transition,,,,,,,,,,
CPU,其他,NULL,1,1,N455,,,,,,,,,,
第一导体标志,其他,NULL,1,1,红色,,,,,,,,,,
针位数（转换到）,其他,NULL,1,1,-,,,,,,,,,,
Outline Dimensions,其他,NULL,1,1,243.8x187.4xN/A mm,,,,,,,,,,
数据接口,其他,NULL,1,1,LVDS - 并行，并行,,,,,,,,,,
Viewing Angle (°),其他,NULL,1,1,80/90,,,,,,,,,,
Vout Min,其他,NULL,1,1,0.6 V,,,,,,,,,,
插针或插口,其他,NULL,1,1,刀片,,,,,,,,,,
V out,其他,NULL,1,1,1.5 V(DC),,,,,,,,,,
旋转角度 - 电气，机械,其他,NULL,1,1,0° ~ 5°，连续,,,,,,,,,,
Front USB,其他,NULL,1,1,2,,,,,,,,,,
终端电压,其他,NULL,1,1,-0.2 ~ VDD+0.2V,,,,,,,,,,
Crimp Form-Wire Barrel Type,其他,NULL,1,1,Closed Barrel - Other,,,,,,,,,,
存储温度,其他,NULL,1,1,-65°C ~ +150°C,,,,,,,,,,
Mating-Orientation,其他,NULL,1,1,Horizontal with Board,,,,,,,,,,
Size / Dimension,其他,NULL,1,1,9 mm,,,,,,,,,,
开关安装,其他,NULL,1,1,Panel,,,,,,,,,,
Grip capacity,其他,NULL,1,1,max. 20mm,,,,,,,,,,
VIN(Max)(V),其他,NULL,1,1,30-35,,,,,,,,,,
Overload Current,其他,NULL,1,1,-,,,,,,,,,,
Surge Current (Max),其他,NULL,1,1,48(A),,,,,,,,,,
Tx/Rx,其他,NULL,1,1,2x2,,,,,,,,,,
Wire series,其他,NULL,1,1,New name,,,,,,,,,,
Thermometer Filling,其他,NULL,1,1,-,,,,,,,,,,
线路调节,其他,NULL,1,1,20 mV,,,,,,,,,,
密度,其他,NULL,1,1,256K,,,,,,,,,,
不同 If 时最小辐射强度 (Ie),其他,NULL,1,1,6mW/sr @ 100mA,,,,,,,,,,
Viewing Area - W x H,其他,NULL,1,1,45 mm x 13.5 mm,,,,,,,,,,
VO(V),其他,NULL,1,1,24,,,,,,,,,,
"Maximum Rds On at Id,Vgs",其他,NULL,1,1,"350 mOhm @ 2.6A, 10V",,,,,,,,,,
典型下降时间,其他,NULL,1,1,53µs,,,,,,,,,,
Mounting-Rails,其他,NULL,1,1,Two Pair,,,,,,,,,,
Contact Pitch (mm),其他,NULL,1,1,1.14(mm),,,,,,,,,,
NEDA Number,其他,NULL,1,1,14A,,,,,,,,,,
Secondary-Resistance,其他,NULL,1,1,90 Ohms,,,,,,,,,,
每个通道的输出电流,其他,NULL,1,1,30 mA,,,,,,,,,,
B端测试连接器类型,其他,NULL,1,1,Alligator Clip,,,,,,,,,,
线管轮毂尺寸,其他,NULL,1,1,-,,,,,,,,,,
芯片启用信号,其他,NULL,1,1,No Chip Enable,,,,,,,,,,
Led Indicator,其他,NULL,1,1,Yes,,,,,,,,,,
峰值反向电压VRRM(V),其他,NULL,1,1,50,,,,,,,,,,
Set/Reset,其他,NULL,1,1,Master Reset,,,,,,,,,,
Input Signal Type,其他,NULL,1,1,Single-Ended,,,,,,,,,,
Material of shell,其他,NULL,1,1,zinc alloy,,,,,,,,,,
Type of relays accessories,其他,NULL,1,1,fastening clip,,,,,,,,,,
Luminous-Flux,其他,NULL,1,1,111 mlm,,,,,,,,,,
外部尺寸,其他,NULL,1,1,13 x 45 x 28.5mm,,,,,,,,,,
峰值脉冲功率耗散,其他,NULL,1,1,1500(Min),,,,,,,,,,
Wire Range (mm (AWG)),其他,NULL,1,1,1.50-2.50² [15.5-13.5],,,,,,,,,,
输入失调电压(25℃)(Max.)(mV),其他,NULL,1,1,7,,,,,,,,,,
PLD输出,其他,NULL,1,1,11,,,,,,,,,,
ModelStatus,其他,NULL,1,1,Last Time Buy,,,,,,,,,,
"Channel Capacitance(CS off, CD off)",其他,NULL,1,1,"56pF, 56pF",,,,,,,,,,
Address Bus,其他,NULL,1,1,18(b),,,,,,,,,,
额定齐纳电压,其他,NULL,1,1,56V,,,,,,,,,,
齐纳电压容差,其他,NULL,1,1,5%,,,,,,,,,,
典型功耗@最大转换范围(mW),其他,NULL,1,1,990,,,,,,,,,,
Convert To Fiber Optic Connector,其他,NULL,1,1,FC,,,,,,,,,,
Number-of-frames-per-second,其他,NULL,1,1,180 fps,,,,,,,,,,
Maximum Forward Voltage per Color,其他,NULL,1,1,5 V,,,,,,,,,,
Power Cable Accessory,其他,NULL,1,1,No,,,,,,,,,,
Contact size,其他,NULL,1,1,"1,5/0,635mm",,,,,,,,,,
Interface Transfer Rate,其他,NULL,1,1,3Gbps|1.5Gbps|6Gbps,,,,,,,,,,
控制电压,其他,NULL,1,1,24 V 直流,,,,,,,,,,
包含LED,其他,NULL,1,1,是,,,,,,,,,,
LVDS onbord,其他,NULL,1,1,N Y/N,,,,,,,,,,
T(j) max,其他,NULL,1,1,150 °C,,,,,,,,,,
Maximum Frequency,其他,NULL,1,1,3 GHz,,,,,,,,,,
Size range,其他,NULL,1,1,φ5,,,,,,,,,,
Iout,其他,NULL,1,1,600 mA,,,,,,,,,,
峰值重复反向电压,其他,NULL,1,1,40V,,,,,,,,,,
Switch 타입,其他,NULL,1,1,Switch,,,,,,,,,,
引脚间隔,其他,NULL,1,1,5mm,,,,,,,,,,
Coating Applications,其他,NULL,1,1,-,,,,,,,,,,
Chassis colour,其他,NULL,1,1,white,,,,,,,,,,
Die Sets Type,其他,NULL,1,1,Removable/Interchangeable,,,,,,,,,,
外部触头表面处理厚度,其他,NULL,1,1,-,,,,,,,,,,
Storage temperature,其他,NULL,1,1,-30...60°C,,,,,,,,,,
Input-Voltage-MIN,其他,NULL,1,1,8 V,,,,,,,,,,
Vgs=0时的漏-源电流,其他,NULL,1,1,5 mA,,,,,,,,,,
No. of Timing Ranges,其他,NULL,1,1,8Ranges,,,,,,,,,,
"Rds On(Max)@Id,Vgs",其他,NULL,1,1,130mΩ,,,,,,,,,,
Vf - 순방향 전압,其他,NULL,1,1,1.08 V at 240 A,,,,,,,,,,
镜片透明度,其他,NULL,1,1,Diffused,,,,,,,,,,
Number of Taps,其他,NULL,1,1,10,,,,,,,,,,
Device Cooled,其他,NULL,1,1,BGA,,,,,,,,,,
Ifsm-Forward-Surge-Current,其他,NULL,1,1,17 A,,,,,,,,,,
操作力最大值,其他,NULL,1,1,180gf,,,,,,,,,,
Control Voltage Range,其他,NULL,1,1,24 VDC,,,,,,,,,,
SCR 类型,其他,NULL,1,1,标准恢复型,,,,,,,,,,
驱动器数目,其他,NULL,1,1,1,,,,,,,,,,
Segment,其他,NULL,1,1,1,,,,,,,,,,
Module Size - W x H x T,其他,NULL,1,1,60 mm x 37.5 mm x 13 mm,,,,,,,,,,
Number-of-Fibers,其他,NULL,1,1,4 Fiber,,,,,,,,,,
电压 - 栅极触发 (Vgt)（最大值）,其他,NULL,1,1,1.5 V,,,,,,,,,,
No. of Turns,其他,NULL,1,1,1Turns,,,,,,,,,,
通知,其他,NULL,1,1,QPL 或军用规范仅供参考。非军用零件。参见条款和条件。,,,,,,,,,,
Input to Output Isolation Method,其他,NULL,1,1,Optocoupler,,,,,,,,,,
Functioning Temperature,其他,NULL,1,1,115°C,,,,,,,,,,
切面宽度,其他,NULL,1,1,92mm,,,,,,,,,,
Rise time,其他,NULL,1,1,"≤17,5ns",,,,,,,,,,
CO measuring accuracy,其他,NULL,1,1,±5%,,,,,,,,,,
最大尺寸,其他,NULL,1,1,6mm²,,,,,,,,,,
适用于,其他,NULL,1,1,端子块,,,,,,,,,,
Antenna,其他,NULL,1,1,uFL,,,,,,,,,,
Outside Diameter (Metric) (mm),其他,NULL,1,1,25.4,,,,,,,,,,
Switching capacity,其他,NULL,1,1,10W,,,,,,,,,,
Current source,其他,NULL,1,1,0...24mA,,,,,,,,,,
Guard Finish,其他,NULL,1,1,Plain,,,,,,,,,,
Light-Source,其他,NULL,1,1,-,,,,,,,,,,
Shield Termination,其他,NULL,1,1,Crimp,,,,,,,,,,
Lamp Base Type,其他,NULL,1,1,-,,,,,,,,,,
Maximum Insertion Loss (dB),其他,NULL,1,1,4.5,,,,,,,,,,
Temperature Range @ Derated Power,其他,NULL,1,1,100 TO 150,,,,,,,,,,
转换效率,其他,NULL,1,1,68% (Typ),,,,,,,,,,
Lead Spacing B (inch),其他,NULL,1,1,.26,,,,,,,,,,
Dot Pixels,其他,NULL,1,1,800 x 600 (SVGA),,,,,,,,,,
en-Input-Voltage-Noise-Density,其他,NULL,1,1,40 nV/sqrt Hz,,,,,,,,,,
产品更改通知,其他,NULL,1,1,Product Obsolescence Notification 01/Apri/2010,,,,,,,,,,
最大全周期正向压降VFM(V),其他,NULL,1,1,1,,,,,,,,,,
插座测试类型,其他,NULL,1,1,-,,,,,,,,,,
OIP3-Third-Order-Intercept,其他,NULL,1,1,24 dBm,,,,,,,,,,
Humidity measuring resolution,其他,NULL,1,1,0.1% RH,,,,,,,,,,
PackageQuantityNumber,其他,NULL,1,1,40,,,,,,,,,,
Operate time,其他,NULL,1,1,5ms,,,,,,,,,,
입력 전압 최소,其他,NULL,1,1,0.8 V,,,,,,,,,,
集电极-基极反向击穿电压V(BR)CBO Collector-Base Voltage(VCBO) Q1/Q2,其他,NULL,1,1,50V/-50V,,,,,,,,,,
Active power measurement,其他,NULL,1,1,10W...60k/600kW,,,,,,,,,,
Bandwidth for AC current measurements,其他,NULL,1,1,40Hz...400Hz,,,,,,,,,,
Crosstalk,其他,NULL,1,1,-41dB @ 100kHz,,,,,,,,,,
最大功率耗散,其他,NULL,1,1,300 mW,,,,,,,,,,
平均正向整流电流IF  Forward Current(If),其他,NULL,1,1,50MA,,,,,,,,,,
Number-of-Channels-Ports,其他,NULL,1,1,5 Port,,,,,,,,,,
频率 - 下,其他,NULL,1,1,0Hz,,,,,,,,,,
收集器电流,其他,NULL,1,1,25A,,,,,,,,,,
Tolerance Voltage,其他,NULL,1,1,10 %,,,,,,,,,,
Iso.voltage,其他,NULL,1,1,5300 Vrms,,,,,,,,,,
"Current, Supply",其他,NULL,1,1,2 mA (Typ.),,,,,,,,,,
fosc,其他,NULL,1,1,2000 kHz,,,,,,,,,,
静电放电电压Vesd,其他,NULL,1,1,-20.0 KV  20.0 KV,,,,,,,,,,
Initial Resistance (Max),其他,NULL,1,1,0.042(Ohm),,,,,,,,,,
线性范围,其他,NULL,1,1,-,,,,,,,,,,
SRAM总容量(kB),其他,NULL,1,1,12,,,,,,,,,,
第二个FLASH(位),其他,NULL,1,1,256K,,,,,,,,,,
"Extern.5,25inch",其他,NULL,1,1,2,,,,,,,,,,
Kind of core,其他,NULL,1,1,"Cu, tinned",,,,,,,,,,
Kit Includes,其他,NULL,1,1,Board; SATA Connector,,,,,,,,,,
内部触头表面处理,其他,NULL,1,1,-,,,,,,,,,,
Parallel Enable Input,其他,NULL,1,1,No,,,,,,,,,,
Increment Range,其他,NULL,1,1,5 to 20 ns,,,,,,,,,,
地址总线宽度,其他,NULL,1,1,15,,,,,,,,,,
Number of Stages,其他,NULL,1,1,14,,,,,,,,,,
Convert To Positions,其他,NULL,1,1,2Positions,,,,,,,,,,
Isolation LO-RF,其他,NULL,1,1,35 dB,,,,,,,,,,
ESD电压(V),其他,NULL,1,1,±2000,,,,,,,,,,
加载位置的数目,其他,NULL,1,1,8,,,,,,,,,,
电流 - 栅极触发 (Igt)（最大值）,其他,NULL,1,1,15 mA,,,,,,,,,,
组织结构,其他,NULL,1,1,4k x 16,,,,,,,,,,
Dimensions   (width),其他,NULL,1,1,140.0mm,,,,,,,,,,
Product Style,其他,NULL,1,1,Stacked,,,,,,,,,,
Card Thickness,其他,NULL,1,1,1.57 mm,,,,,,,,,,
Cut-off/Nominal Frequency,其他,NULL,1,1,2450 MHz,,,,,,,,,,
医疗认证,其他,NULL,1,1,是,,,,,,,,,,
Better World认证,其他,NULL,1,1,Green Premium,,,,,,,,,,
变阻器电压Varistor Voltage,其他,NULL,1,1,27V,,,,,,,,,,
치수,其他,NULL,1,1,2.5 in x 2.25 in,,,,,,,,,,
Overload-Protection,其他,NULL,1,1,None,,,,,,,,,,
Output Voltage Min,其他,NULL,1,1,-,,,,,,,,,,
内存大小,其他,NULL,1,1,16 kB,,,,,,,,,,
Cable Diameter (mm),其他,NULL,1,1,3,,,,,,,,,,
Number of Cores/Bus Width,其他,NULL,1,1,"1 Core, 16-Bit",,,,,,,,,,
DC额定电压Voltage Rating - DC,其他,NULL,1,1,16V,,,,,,,,,,
Zener voltage max.,其他,NULL,1,1,19.1V,,,,,,,,,,
SR - 转换速率,其他,NULL,1,1,10 V/us,,,,,,,,,,
电流ID,其他,NULL,1,1,60A,,,,,,,,,,
In—输入噪声电流密度,其他,NULL,1,1,0.00056 pA/rtHz,,,,,,,,,,
Duty cycle,其他,NULL,1,1,40MHz,,,,,,,,,,
V(CEO),其他,NULL,1,1,6 V,,,,,,,,,,
反向漏电流,其他,NULL,1,1,5uA,,,,,,,,,,
Ib-Input-Bias-Current,其他,NULL,1,1,400 nA,,,,,,,,,,
Resolution (lx),其他,NULL,1,1,-,,,,,,,,,,
关断电流(µA),其他,NULL,1,1,1,,,,,,,,,,
Type of oscilloscope,其他,NULL,1,1,analogue,,,,,,,,,,
有效长度（e） mm,其他,NULL,1,1,-,,,,,,,,,,
Emitter-Base-Voltage-VEBO,其他,NULL,1,1,6 V,,,,,,,,,,
Trip-Current,其他,NULL,1,1,0.16 A,,,,,,,,,,
Operating Temperature (°C) (min),其他,NULL,1,1,-40,,,,,,,,,,
Number of drivers/receivers,其他,NULL,1,1,1/0,,,,,,,,,,
Insulation-Material,其他,NULL,1,1,Polyvinyl Chloride (PVC),,,,,,,,,,
Single Wire Sealing System,其他,NULL,1,1,Yes,,,,,,,,,,
满足标准,其他,NULL,1,1,CE,,,,,,,,,,
Off-State Leakage Current @ VDRM IDRM,其他,NULL,1,1,10 uA,,,,,,,,,,
Diode Configuration,其他,NULL,1,1,Single,,,,,,,,,,
Wake-on-LAN,其他,NULL,1,1,No,,,,,,,,,,
存储器密度,其他,NULL,1,1,128Kbit,,,,,,,,,,
加密,其他,NULL,1,1,否,,,,,,,,,,
Output-Voltage-Channel-3,其他,NULL,1,1,15 V,,,,,,,,,,
集电极-发射极反向击穿电压V(BR)CEO Collector-Emitter Voltage(VCEO) Q1/Q2,其他,NULL,1,1,50V/-50V,,,,,,,,,,
电池尺寸,其他,NULL,1,1,AA,,,,,,,,,,
Tape Backing Material,其他,NULL,1,1,-,,,,,,,,,,
Max Leakage Current (IS off),其他,NULL,1,1,100nA,,,,,,,,,,
Schematic diagram,其他,NULL,1,1,see,,,,,,,,,,
工作结温度,其他,NULL,1,1,-55 to 175,,,,,,,,,,
Mounting Hole Diameter (Imperial) (in),其他,NULL,1,1,0.165,,,,,,,,,,
最大齐纳阻抗,其他,NULL,1,1,200Ω,,,,,,,,,,
Pixel-Size-W-x-H,其他,NULL,1,1,5.5 um x 5.5 um,,,,,,,,,,
Adhesive Options,其他,NULL,1,1,/86 Precoat,,,,,,,,,,
Adhesive Pre-Coat,其他,NULL,1,1,Yes,,,,,,,,,,
Inside Diameter Range (Leg 1),其他,NULL,1,1,.618 – 1.201 in,,,,,,,,,,
Inside Diameter Range (Leg 2),其他,NULL,1,1,.421 – .787 in,,,,,,,,,,
Product Width (Imperial) (in),其他,NULL,1,1,1.752,,,,,,,,,,
HDD/SSD instal.,其他,NULL,1,1,NONE,,,,,,,,,,
Panel length,其他,NULL,1,1,202 mm,,,,,,,,,,
Rechargeable batteries features,其他,NULL,1,1,high output current,,,,,,,,,,
Maximum Read Speed (Mbps),其他,NULL,1,1,4320,,,,,,,,,,
频率 - 上,其他,NULL,1,1,20GHz,,,,,,,,,,
输入偏置电流Ibias (μA),其他,NULL,1,1,2.8,,,,,,,,,,
速度 - 读取,其他,NULL,1,1,-,,,,,,,,,,
Mold type,其他,NULL,1,1,着color,,,,,,,,,,
Trigger current,其他,NULL,1,1,1.2 mA,,,,,,,,,,
性别 A,其他,NULL,1,1,插头,,,,,,,,,,
数值,其他,NULL,1,1,19 个适配器：广播电视 BNC,,,,,,,,,,
Fuse Material,其他,NULL,1,1,Glass,,,,,,,,,,
温度特性,其他,NULL,1,1,"±15%,-55~+125℃",,,,,,,,,,
套件特点,其他,NULL,1,1,"安装一个用于FUJITSU 8位 F2MC-8FX系列 MCU的评估微控制器, 包括MB95FV100D-103",,,,,,,,,,
Product Height (Metric) (mm),其他,NULL,1,1,0.5,,,,,,,,,,
电流 - 输出/通道Current - Output / Channel,其他,NULL,1,1,200mA,,,,,,,,,,
Fastening thread,其他,NULL,1,1,M12,,,,,,,,,,
GBP-增益带宽产品,其他,NULL,1,1,-,,,,,,,,,,
转换至极性,其他,NULL,1,1,Jack,,,,,,,,,,
功能完备的设备,其他,NULL,1,1,AD9716,,,,,,,,,,
JTAG Support,其他,NULL,1,1,No,,,,,,,,,,
ROM(Byte),其他,NULL,1,1,2048,,,,,,,,,,
Number of  Elements,其他,NULL,1,1,1,,,,,,,,,,
Memory Capacity,其他,NULL,1,1,32GB,,,,,,,,,,
类别,其他,NULL,1,1,MoBL双端口,,,,,,,,,,
VF (Tvj=25°C typ),其他,NULL,1,1,1.8 V,,,,,,,,,,
输出电压Vout(V),其他,NULL,1,1,±3.7,,,,,,,,,,
"沟道电容(CS(off),CD(off))",其他,NULL,1,1,"5pF,10pF",,,,,,,,,,
基准电压(V),其他,NULL,1,1,2.5,,,,,,,,,,
Power Dissipation (Max),其他,NULL,1,1,2W (Ta),,,,,,,,,,
Core Sub-Architecture,其他,NULL,1,1,-,,,,,,,,,,
Maximum Gate-Source Voltage,其他,NULL,1,1,±20V,,,,,,,,,,
睡眠模式最大电流(μA),其他,NULL,1,1,60,,,,,,,,,,
Peak pulse power,其他,NULL,1,1,86.1A,,,,,,,,,,
Secondary Resistance,其他,NULL,1,1,3.2 Ohms,,,,,,,,,,
Output-Voltage-Channel-2,其他,NULL,1,1,15 V,,,,,,,,,,
Tape Length - Metric,其他,NULL,1,1,2.54m,,,,,,,,,,
Phase Control,其他,NULL,1,1,No,,,,,,,,,,
Number of Regulators,其他,NULL,1,1,2,,,,,,,,,,
Electrical Life,其他,NULL,1,1,"50,000 Cycles",,,,,,,,,,
Application Field,其他,NULL,1,1,"Used in Power Management, Signal Processing, Communications ",,,,,,,,,,
导体绝缘,其他,NULL,1,1,-,,,,,,,,,,
최대 DC 전류,其他,NULL,1,1,3 mA,,,,,,,,,,
LED 数目,其他,NULL,1,1,1,,,,,,,,,,
主波长,其他,NULL,1,1,591 nm,,,,,,,,,,
Maximum Forward Current,其他,NULL,1,1,16/70 mA,,,,,,,,,,
Voltage source,其他,NULL,1,1,0...10V,,,,,,,,,,
Bandwidth for AC voltage measurements,其他,NULL,1,1,40Hz...400Hz,,,,,,,,,,
TempRange,其他,NULL,1,1,0 to 85C,,,,,,,,,,
内核数,其他,NULL,1,1,2,,,,,,,,,,
视频输出,其他,NULL,1,1,HDMI，VGA,,,,,,,,,,
Product Width (Metric) (mm),其他,NULL,1,1,44.5,,,,,,,,,,
排线宽度,其他,NULL,1,1,1.024&quot;（26.01mm）,,,,,,,,,,
电压 - 开路,其他,NULL,1,1,6.3V,,,,,,,,,,
Source Meter Function,其他,NULL,1,1,"Current/Resistance/Voltage Measure, Current/Voltage Source",,,,,,,,,,
Reverse Recovery Time-Max,其他,NULL,1,1,250ns,,,,,,,,,,
扣环颜色,其他,NULL,1,1,棕色,,,,,,,,,,
IFSM(A),其他,NULL,1,1,175,,,,,,,,,,
Vcl typ. reverse (TLP 16A),其他,NULL,1,1,8V,,,,,,,,,,
工場パックの数量,其他,NULL,1,1,800,,,,,,,,,,
Vin(max),其他,NULL,1,1,Single V(DC),,,,,,,,,,
报警,其他,NULL,1,1,√,,,,,,,,,,
전류 제한,其他,NULL,1,1,7mA,,,,,,,,,,
制造商保修,其他,NULL,1,1,-,,,,,,,,,,
PSU power,其他,NULL,1,1,250 W,,,,,,,,,,
内部壳体颜色,其他,NULL,1,1,-,,,,,,,,,,
内部触头表面处理厚度,其他,NULL,1,1,-,,,,,,,,,,
Resistance to,其他,NULL,1,1,"to weather conditions, fall from 2m height, water",,,,,,,,,,
Terminal Count Output,其他,NULL,1,1,No,,,,,,,,,,
雪崩能力EAS,其他,NULL,1,1,900mJ,,,,,,,,,,
Reverse-Recovery-Time-trr,其他,NULL,1,1,3ns,,,,,,,,,,
Pliancy,其他,NULL,1,1,Semi-Rigid,,,,,,,,,,
微型开关制动器,其他,NULL,1,1,长杆,,,,,,,,,,
Battery Technologies Supported,其他,NULL,1,1,-,,,,,,,,,,
电流量程 直流,其他,NULL,1,1,-,,,,,,,,,,
Peak Current-Max,其他,NULL,1,1,300A,,,,,,,,,,
Hole Size,其他,NULL,1,1,22 mm,,,,,,,,,,
IoMAX (mA),其他,NULL,1,1,100,,,,,,,,,,
Potentiometer Mounting,其他,NULL,1,1,Through Hole,,,,,,,,,,
电流类型,其他,NULL,1,1,AC,,,,,,,,,,
Horsepower Rating,其他,NULL,1,1,250 HP,,,,,,,,,,
Reel Diameter,其他,NULL,1,1,-,,,,,,,,,,
Program Memory Type,其他,NULL,1,1,Flash,,,,,,,,,,
Main Program Memory Type,其他,NULL,1,1,Flash,,,,,,,,,,
Current Rating Nom,其他,NULL,1,1,-,,,,,,,,,,
输出电压—通道1,其他,NULL,1,1,3.3 V,,,,,,,,,,
直流输出电线长度,其他,NULL,1,1,1.2 m,,,,,,,,,,
Number-of-I-Os,其他,NULL,1,1,174 I/O,,,,,,,,,,
Cable-Pitch,其他,NULL,1,1,0.050&quot; (1.27mm),,,,,,,,,,
Onboard flash,其他,NULL,1,1,NONE,,,,,,,,,,
Type of switch accessories,其他,NULL,1,1,illuminating unit,,,,,,,,,,
Indicators features,其他,NULL,1,1,blinking,,,,,,,,,,
硅芯系列号,其他,NULL,1,1,F2MC-8FX,,,,,,,,,,
Dimming,其他,NULL,1,1,Without Dimming,,,,,,,,,,
夹具材料 - 镀层,其他,NULL,1,1,不锈钢,,,,,,,,,,
Kind of sensor,其他,NULL,1,1,infrared,,,,,,,,,,
CMRR - 共模抑制比,其他,NULL,1,1,105 dB,,,,,,,,,,
长度 - 头部以下螺纹部分,其他,NULL,1,1,-,,,,,,,,,,
Vsupply I/O(Min)(V),其他,NULL,1,1,3.14,,,,,,,,,,
扣箍材料,其他,NULL,1,1,氧化锆,,,,,,,,,,
标签尺寸,其他,NULL,1,1,3.00&quot; x 5.00&quot;（76.2mm x 127.0mm）,,,,,,,,,,
DIODE反向电压Vr  Reverse Voltage,其他,NULL,1,1,30V,,,,,,,,,,
帽盖样式,其他,NULL,1,1,手动,,,,,,,,,,
传感器外壳,其他,NULL,1,1,缸，可转动,,,,,,,,,,
电源电压Vcc(V),其他,NULL,1,1,2.7~3.6,,,,,,,,,,
Operating Temperature (°C) (max),其他,NULL,1,1,125,,,,,,,,,,
集电极-发射极反向击穿电压V(BR)CEOCollector-EmitterVoltage(VCEO),其他,NULL,1,1,30V,,,,,,,,,,
工作电压Voltage - Supply,其他,NULL,1,1,1.2V ~ 5.0V,,,,,,,,,,
Type of Charger,其他,NULL,1,1,Linear,,,,,,,,,,
Charge Rate Control,其他,NULL,1,1,External Resistor,,,,,,,,,,
Min. insulation resistance,其他,NULL,1,1,5000MΩ,,,,,,,,,,
Rated Repetitive Off-State Voltage VDRM,其他,NULL,1,1,190 V,,,,,,,,,,
Forward Current If(AV),其他,NULL,1,1,15A,,,,,,,,,,
电路类型,其他,NULL,1,1,双端子,,,,,,,,,,
电阻 (欧姆),其他,NULL,1,1,25，60,,,,,,,,,,
Voltage - Input (Maximum),其他,NULL,1,1,6.5V,,,,,,,,,,
Current Rating (Amps),其他,NULL,1,1,15A (AC),,,,,,,,,,
Voltage-Output-Min-Fixed,其他,NULL,1,1,3.3V,,,,,,,,,,
Switching-Frequency,其他,NULL,1,1,260 kHz,,,,,,,,,,
Sync/Async,其他,NULL,1,1,Synchronous,,,,,,,,,,
功率耗散,其他,NULL,1,1,1.5W,,,,,,,,,,
Insulation Voltage,其他,NULL,1,1,-,,,,,,,,,,
Wire/Cable Main Branch OD,其他,NULL,1,1,.94 in,,,,,,,,,,
Panel width,其他,NULL,1,1,148 mm,,,,,,,,,,
电流 - 保持 (Ih),其他,NULL,1,1,400µA（标准）,,,,,,,,,,
VGE(th)   min,其他,NULL,1,1,5.5V,,,,,,,,,,
排线厚度,其他,NULL,1,1,0.035&quot;（0.89mm）,,,,,,,,,,
Maximum Power,其他,NULL,1,1,150mW,,,,,,,,,,
典型Choices PLL波动(ps)(p-p),其他,NULL,1,1,250,,,,,,,,,,
I(F)per diode,其他,NULL,1,1,8 A,,,,,,,,,,
Inside-Height,其他,NULL,1,1,1.5 mm,,,,,,,,,,
间距 - 连接器,其他,NULL,1,1,0.079&quot;（2.00mm）,,,,,,,,,,
不同 Vr、F 时 Q 值,其他,NULL,1,1,4500 @ 4V，1MHz,,,,,,,,,,
感应温度Sensing Temperature,其他,NULL,1,1,-25℃~85℃,,,,,,,,,,
垂直输出电流,其他,NULL,1,1,-500 ~ +500 ma peak,,,,,,,,,,
连接器至连接器,其他,NULL,1,1,M12直型插头至自由线端,,,,,,,,,,
Ir - Reverse Current,其他,NULL,1,1,3000 uA,,,,,,,,,,
雪崩电压VBR(Min.)(V),其他,NULL,1,1,6,,,,,,,,,,
Maximum Continuous Drain Current,其他,NULL,1,1,8.7 A,,,,,,,,,,
Trigger modes,其他,NULL,1,1,"automatic, normal",,,,,,,,,,
Kind of oscilloscope,其他,NULL,1,1,DSO,,,,,,,,,,
最小电线尺寸 mm2,其他,NULL,1,1,1mm²,,,,,,,,,,
Waveform frequency range,其他,NULL,1,1,"range: 0,1Hz...25MHz (sinus waveform), range: 0,1Hz...25MHz ",,,,,,,,,,
Frame Type,其他,NULL,1,1,H,,,,,,,,,,
Seal Material,其他,NULL,1,1,-,,,,,,,,,,
平均整流电流Io  AverAge Rectified Current,其他,NULL,1,1,1A,,,,,,,,,,
输出总功率,其他,NULL,1,1,750mW,,,,,,,,,,
CSYNC和SOG支持,其他,NULL,1,1,Yes,,,,,,,,,,
Vf - 正向电压,其他,NULL,1,1,5 V,,,,,,,,,,
逻辑电压,其他,NULL,1,1,3 V,,,,,,,,,,
仪表类型,其他,NULL,1,1,数字,,,,,,,,,,
接口方式,其他,NULL,1,1,SPI,,,,,,,,,,
Number of Contact Rows,其他,NULL,1,1,3,,,,,,,,,,
最低工作电源电压,其他,NULL,1,1,4.5,,,,,,,,,,
Number of Digits,其他,NULL,1,1,8,,,,,,,,,,
材料 - 壳体和棱柱,其他,NULL,1,1,303 号不锈钢，316 号不锈钢,,,,,,,,,,
Output Voltage-Channel 1,其他,NULL,1,1,5 V,,,,,,,,,,
VCE(sat) (Tvj=25°C typ),其他,NULL,1,1,1.95 V,,,,,,,,,,
No.cables,其他,NULL,1,1,1,,,,,,,,,,
Tape Width - Imperial,其他,NULL,1,1,3&quot;,,,,,,,,,,
Altitude,其他,NULL,1,1,-,,,,,,,,,,
Voltage-Input-Max,其他,NULL,1,1,40V,,,,,,,,,,
Voltage-Input-Min,其他,NULL,1,1,8V,,,,,,,,,,
输入,其他,NULL,1,1,TTL,,,,,,,,,,
Current - On State (It (AV)) (Max),其他,NULL,1,1,500mA,,,,,,,,,,
EEPRPM(位),其他,NULL,1,1,256K,,,,,,,,,,
Max Input Capacitance,其他,NULL,1,1,274pF @ 50V,,,,,,,,,,
旋钮材料,其他,NULL,1,1,-,,,,,,,,,,
Door,其他,NULL,1,1,Doorless,,,,,,,,,,
Load Impedance,其他,NULL,1,1,330Ohm,,,,,,,,,,
"Voltage, Switching",其他,NULL,1,1,10 VDC,,,,,,,,,,
高ESD,其他,NULL,1,1,Yes,,,,,,,,,,
D/A,其他,NULL,1,1,2X8bit,,,,,,,,,,
紧固件材料,其他,NULL,1,1,黄铜,,,,,,,,,,
Center Contact Material,其他,NULL,1,1,Beryllium Copper,,,,,,,,,,
Lead Spacing (Nom.) / mm,其他,NULL,1,1,10,,,,,,,,,,
护套（绝缘）直径,其他,NULL,1,1,0.275&quot;（6.99mm）,,,,,,,,,,
静态电流Is(mA),其他,NULL,1,1,4,,,,,,,,,,
面板厚度最大值,其他,NULL,1,1,-,,,,,,,,,,
I/O Isolation Voltage,其他,NULL,1,1,3300(RMS) V,,,,,,,,,,
MOS最大源漏极电压Vds  Drain-Source Voltage,其他,NULL,1,1,-20V,,,,,,,,,,
Typical Oscillator Frequency (MHz),其他,NULL,1,1,10,,,,,,,,,,
Length (inch),其他,NULL,1,1,.24,,,,,,,,,,
Initial Resistance (Min),其他,NULL,1,1,0.02(Ohm),,,,,,,,,,
Post Trip Resistance (Max),其他,NULL,1,1,0.063(Ohm),,,,,,,,,,
No.of outputs,其他,NULL,1,1,12,,,,,,,,,,
Maximum VSWR,其他,NULL,1,1,1.5,,,,,,,,,,
USB端口数,其他,NULL,1,1,4 Ports,,,,,,,,,,
程序/数据 Flash(kB),其他,NULL,1,1,160,,,,,,,,,,
螺丝长度,其他,NULL,1,1,5mm,,,,,,,,,,
순방향 트랜스컨덕턴스 - 최소,其他,NULL,1,1,120 S / 60 S,,,,,,,,,,
Secondary-Impedance,其他,NULL,1,1,150 Ohm CT,,,,,,,,,,
Calibration Certificate,其他,NULL,1,1,No,,,,,,,,,,
Marker Dimensions,其他,NULL,1,1,-,,,,,,,,,,
电池数,其他,NULL,1,1,10,,,,,,,,,,
Ferrule Material,其他,NULL,1,1,Ceramic,,,,,,,,,,
System length,其他,NULL,1,1,133.0 mm,,,,,,,,,,
If - 순방향 전류,其他,NULL,1,1,120 A,,,,,,,,,,
采样比,其他,NULL,1,1,60 S/s,,,,,,,,,,
最大转换速率(MSPS),其他,NULL,1,1,140,,,,,,,,,,
Convert From Fiber Optic Connector,其他,NULL,1,1,FC,,,,,,,,,,
Material Code,其他,NULL,1,1,3,,,,,,,,,,
PCIe,其他,NULL,1,1,PCIe,,,,,,,,,,
数字 I/O 线,其他,NULL,1,1,-,,,,,,,,,,
过零电路,其他,NULL,1,1,是,,,,,,,,,,
Molding-Height-Above-Board,其他,NULL,1,1,-,,,,,,,,,,
전압 - 공급,其他,NULL,1,1,2.65V ~ 3.6V,,,,,,,,,,
内部宽度,其他,NULL,1,1,34mm,,,,,,,,,,
Insulation Diameter (mm in),其他,NULL,1,1,2.70 – 3.70 [0.106 – 0.145],,,,,,,,,,
Relay variant,其他,NULL,1,1,"1-phase, PhotoMOS",,,,,,,,,,
On-state resistance,其他,NULL,1,1,10Ω,,,,,,,,,,
路数,其他,NULL,1,1,-,,,,,,,,,,
电阻器数,其他,NULL,1,1,18,,,,,,,,,,
漏电流,其他,NULL,1,1,10mA,,,,,,,,,,
网络功能,其他,NULL,1,1,-,,,,,,,,,,
Diagonal Screen Size,其他,NULL,1,1,10.4&quot; (264.16mm),,,,,,,,,,
直径 - 标签,其他,NULL,1,1,-,,,,,,,,,,
电流 - 保持 (Ih)（最大值）,其他,NULL,1,1,30 mA,,,,,,,,,,
Maximum Input Offset Voltage,其他,NULL,1,1,0.15@±15V mV,,,,,,,,,,
Fixing Centers,其他,NULL,1,1,-,,,,,,,,,,
从同轴电缆类型转换,其他,NULL,1,1,N,,,,,,,,,,
Wire type,其他,NULL,1,1,coaxial,,,,,,,,,,
适配器主体类型,其他,NULL,1,1,Straight Adapter,,,,,,,,,,
电压VDSS,其他,NULL,1,1,75V,,,,,,,,,,
接收禁止,其他,NULL,1,1,Yes,,,,,,,,,,
"电压-供电,双 (V±)",其他,NULL,1,1,±4.5V ~ 18V,,,,,,,,,,
Display-Characters-Height,其他,NULL,1,1,0.560&quot; (14.20mm),,,,,,,,,,
最大反向电压VR,其他,NULL,1,1,1000V,,,,,,,,,,
Number of Holes,其他,NULL,1,1,1 Hole,,,,,,,,,,
电容(µF),其他,NULL,1,1,0.1,,,,,,,,,,
Tool Is For Evaluation Of,其他,NULL,1,1,ZXFV302,,,,,,,,,,
"Material, Gasket",其他,NULL,1,1,Polyurethane,,,,,,,,,,
Number of Loaded Positions,其他,NULL,1,1,40,,,,,,,,,,
Load 전류 정격,其他,NULL,1,1,1 A,,,,,,,,,,
颜色 - 背景,其他,NULL,1,1,银,,,,,,,,,,
Output Voltage-Channel 2,其他,NULL,1,1,12 V,,,,,,,,,,
LEDs&#039; features,其他,NULL,1,1,black front,,,,,,,,,,
Synchronous-Rectifier,其他,NULL,1,1,No,,,,,,,,,,
Frequency-Switching,其他,NULL,1,1,260kHz,,,,,,,,,,
Fuse Terminals,其他,NULL,1,1,Radial Leaded,,,,,,,,,,
Output Function,其他,NULL,1,1,"A&lt;B, A=B, A&gt;B",,,,,,,,,,
差分 - 输入:输出,其他,NULL,1,1,是/是,,,,,,,,,,
初级绕组,其他,NULL,1,1,-,,,,,,,,,,
型号,其他,NULL,1,1,DataTraveler,,,,,,,,,,
Tactile,其他,NULL,1,1,No,,,,,,,,,,
Conduit Material,其他,NULL,1,1,PVC (Polyvinylchloride),,,,,,,,,,
Conduit Colour,其他,NULL,1,1,Black,,,,,,,,,,
ET（伏特-时间）,其他,NULL,1,1,-,,,,,,,,,,
COMe type,其他,NULL,1,1,TYPE 6,,,,,,,,,,
Test Frequency Max,其他,NULL,1,1,5MHz,,,,,,,,,,
漏源导通电阻,其他,NULL,1,1,"1.4Ω @ 3.5A,10V",,,,,,,,,,
Light emitting method,其他,NULL,1,1,front side,,,,,,,,,,
Package1,其他,NULL,1,1,DIP6 WIDE,,,,,,,,,,
Time Min,其他,NULL,1,1,0.1s,,,,,,,,,,
间距 - 电缆,其他,NULL,1,1,0.039&quot;（1.00mm）,,,,,,,,,,
Microswitch Type,其他,NULL,1,1,Subminiature,,,,,,,,,,
Coating Type,其他,NULL,1,1,-,,,,,,,,,,
Display-Count,其他,NULL,1,1,4 digit,,,,,,,,,,
Maximum Input Bias Current (uA),其他,NULL,1,1,0.12(Typ)@12V,,,,,,,,,,
Bushing Material,其他,NULL,1,1,Metal,,,,,,,,,,
电流 - DC 正向 (If)Current - DC Forward (If),其他,NULL,1,1,±50mA,,,,,,,,,,
Vce 饱和值（最大值）Vce Saturation (Max),其他,NULL,1,1,1V,,,,,,,,,,
Marker Material,其他,NULL,1,1,PO (Polyolefin),,,,,,,,,,
Operating Voltage (Max),其他,NULL,1,1,300VAC,,,,,,,,,,
最大耗散功率Pd  Power Dissipation,其他,NULL,1,1,100MW,,,,,,,,,,
Isolation Transformer Primary Voltages,其他,NULL,1,1,-,,,,,,,,,,
Switch-Configuration,其他,NULL,1,1,SPDT,,,,,,,,,,
Kind of output connector,其他,NULL,1,1,USB A plug,,,,,,,,,,
PackingOptionUOM,其他,NULL,1,1,Tray,,,,,,,,,,
电流 - LED 触发 (Ift)（最大值）,其他,NULL,1,1,5mA,,,,,,,,,,
隔离 @ 频率,其他,NULL,1,1,45dB @ 20GHz（标准）,,,,,,,,,,
插损 @ 频率,其他,NULL,1,1,1.7dB @ 20GHz,,,,,,,,,,
直流电流増宽度率,其他,NULL,1,1,10@10A@5V,,,,,,,,,,
Number of segments,其他,NULL,1,1,4,,,,,,,,,,
ESD Protection,其他,NULL,1,1,Yes,,,,,,,,,,
On-State Voltage,其他,NULL,1,1,1.6 V,,,,,,,,,,
摆率,其他,NULL,1,1,4V/μs,,,,,,,,,,
Current-Transfer-Ratio,其他,NULL,1,1,40 %,,,,,,,,,,
Vsupply Pos(Max)(V),其他,NULL,1,1,1.89,,,,,,,,,,
Vsupply Digital (Max) (V),其他,NULL,1,1,1.89,,,,,,,,,,
增量范围,其他,NULL,1,1,5 to 20 ns,,,,,,,,,,
最高温度,其他,NULL,1,1,+70°C,,,,,,,,,,
采样相位的选择,其他,NULL,1,1,64,,,,,,,,,,
Vsupply Digital (Min)(V),其他,NULL,1,1,1.71,,,,,,,,,,
工作温度最高值,其他,NULL,1,1,80°C,,,,,,,,,,
人工复位,其他,NULL,1,1,No Manual Reset,,,,,,,,,,
Alternate Positions,其他,NULL,1,1,normal (no rotation) position,,,,,,,,,,
电源模块类型,其他,NULL,1,1,Isolated Module,,,,,,,,,,
Repetitive Peak Forward Blocking Voltage (V),其他,NULL,1,1,600,,,,,,,,,,
SPI通道数目,其他,NULL,1,1,1,,,,,,,,,,
定时启动方法,其他,NULL,1,1,输入电压,,,,,,,,,,
Output parameters,其他,NULL,1,1,impedance: 50Ω,,,,,,,,,,
Ethernet category,其他,NULL,1,1,Cat 5,,,,,,,,,,
Shaft-Diameter,其他,NULL,1,1,1/4 in,,,,,,,,,,
开关特性,其他,NULL,1,1,-,,,,,,,,,,
Number of Independent Delay Inputs,其他,NULL,1,1,1,,,,,,,,,,
扣环类型,其他,NULL,1,1,应力消除,,,,,,,,,,
"Voltage - Supply, Single (V+)",其他,NULL,1,1,±4.5V ~ 11V,,,,,,,,,,
反向电压Vr  Reverse Voltage(Vr),其他,NULL,1,1,45V,,,,,,,,,,
Convert From Positions,其他,NULL,1,1,2Positions,,,,,,,,,,
UART,其他,NULL,1,1,2,,,,,,,,,,
套件名称,其他,NULL,1,1,2-Channel,,,,,,,,,,
Cable Group,其他,NULL,1,1,"AT&amp;T 735, 735A, Belden 735A1",,,,,,,,,,
DIODE最大正向压降VF  Forward Voltage(Vf),其他,NULL,1,1,0.38V,,,,,,,,,,
Rated coil voltage,其他,NULL,1,1,12V DC,,,,,,,,,,
Core Processor,其他,NULL,1,1,80C186,,,,,,,,,,
Coil Termination,其他,NULL,1,1,Solder Terminal,,,,,,,,,,
通道至通道匹配(&Delta;Ron),其他,NULL,1,1,90 欧姆,,,,,,,,,,
IO(MAX)(mA),其他,NULL,1,1,100,,,,,,,,,,
"Color, Cover",其他,NULL,1,1,Gray,,,,,,,,,,
DIODE平均整流电流Io  Average Rectified Current,其他,NULL,1,1,1A,,,,,,,,,,
Bracket size,其他,NULL,1,1,STANDARD,,,,,,,,,,
Output Configuration,其他,NULL,1,1,-,,,,,,,,,,
触点配置,其他,NULL,1,1,1 常闭,,,,,,,,,,
Drain Efficiency (Typ),其他,NULL,1,1,29(%),,,,,,,,,,
Ventilation,其他,NULL,1,1,Available,,,,,,,,,,
通道数目,其他,NULL,1,1,1,,,,,,,,,,
最小电流传输率,其他,NULL,1,1,200%,,,,,,,,,,
DC Voltage Range Accuracy,其他,NULL,1,1,± 2%,,,,,,,,,,
最大钳位电压,其他,NULL,1,1,125,,,,,,,,,,
启动电流(μA),其他,NULL,1,1,50,,,,,,,,,,
Coil Type,其他,NULL,1,1,-,,,,,,,,,,
Time Max,其他,NULL,1,1,10Days,,,,,,,,,,
Average rectified current,其他,NULL,1,1,15A,,,,,,,,,,
噪声电压Vn(nV/√Hz),其他,NULL,1,1,4.4,,,,,,,,,,
微型开关类型,其他,NULL,1,1,-,,,,,,,,,,
Capacitance-Vr-F,其他,NULL,1,1,"26pF @ 10V, 1MHz",,,,,,,,,,
Height (Max.) / mm,其他,NULL,1,1,11,,,,,,,,,,
外壳尺寸 - 插件（转换到）,其他,NULL,1,1,-,,,,,,,,,,
外壳表面处理厚度,其他,NULL,1,1,315µin（8.00µm）,,,,,,,,,,
采样率（每秒）,其他,NULL,1,1,500M,,,,,,,,,,
Maximum-Drain-Gate-Voltage,其他,NULL,1,1,-,,,,,,,,,,
Vout Max,其他,NULL,1,1,3.6 V,,,,,,,,,,
CAN bus,其他,NULL,1,1,N Y/N,,,,,,,,,,
线性度,其他,NULL,1,1,±0.5%,,,,,,,,,,
最小电阻,其他,NULL,1,1,1.3Ω,,,,,,,,,,
Board format,其他,NULL,1,1,ATX,,,,,,,,,,
工作模式,其他,NULL,1,1,Constant Current (CC),,,,,,,,,,
级别数,其他,NULL,1,1,1,,,,,,,,,,
Pattern Type,其他,NULL,1,1,Omni-Directional,,,,,,,,,,
旋钮 / 表盘类型,其他,NULL,1,1,圆形滚花侧面带指示线,,,,,,,,,,
Bushing Size,其他,NULL,1,1,6.35 mm x 6.35 mm,,,,,,,,,,
Min Inductance,其他,NULL,1,1,5 µH,,,,,,,,,,
Memory socket,其他,NULL,1,1,ONBOARD,,,,,,,,,,
电缆间距,其他,NULL,1,1,0.050&quot;（1.27mm）,,,,,,,,,,
Channel-to-Channel Matching (&Delta;Ron),其他,NULL,1,1,80 mOhm (Max),,,,,,,,,,
Single Supply Voltage (V+),其他,NULL,1,1,1.5 V to 4.2 V,,,,,,,,,,
齐纳类型,其他,NULL,1,1,稳压器,,,,,,,,,,
"Drive Voltage (Max Rds On, Min Rds On)",其他,NULL,1,1,"6V, 10V",,,,,,,,,,
Minimum PSRR,其他,NULL,1,1,103.09 dB,,,,,,,,,,
电流分享,其他,NULL,1,1,No,,,,,,,,,,
Mating System,其他,NULL,1,1,Bayonet Lock/Threaded,,,,,,,,,,
Connector Body Style,其他,NULL,1,1,Straight Plug,,,,,,,,,,
Maximum Low Level Output Current,其他,NULL,1,1,8 mA,,,,,,,,,,
Stranding,其他,NULL,1,1,7 x 36,,,,,,,,,,
Current Rating (Ic / Id),其他,NULL,1,1,450A,,,,,,,,,,
Cantilever Spring Material,其他,NULL,1,1,Stainless Steel,,,,,,,,,,
Step-Resolution,其他,NULL,1,1,-,,,,,,,,,,
Actuator Length,其他,NULL,1,1,12.70mm,,,,,,,,,,
Typical Dual Supply Voltage (V),其他,NULL,1,1,±21,,,,,,,,,,
Fiber-Cladding-Diameter,其他,NULL,1,1,-,,,,,,,,,,
瞬间前向最大电压VF(V)@IF,其他,NULL,1,1,1.18@78.5A,,,,,,,,,,
连续反向电压,其他,NULL,1,1,1000V,,,,,,,,,,
NEMA额定值,其他,NULL,1,1,NEMA 4X,,,,,,,,,,
最大电线尺寸 mm2,其他,NULL,1,1,2.6mm²,,,,,,,,,,
Optional equipment,其他,NULL,1,1,EX407001 software,,,,,,,,,,
DC Voltage Rating (Max),其他,NULL,1,1,19V,,,,,,,,,,
Current - Hold (Ih) (Max),其他,NULL,1,1,5mA,,,,,,,,,,
RF Frequency Range Min,其他,NULL,1,1,500 MHz,,,,,,,,,,
Current source accuracy,其他,NULL,1,1,"±(0,075% + 1 digit) or ±3 digits, whichever is greater",,,,,,,,,,
汽车质量标准,其他,NULL,1,1,-,,,,,,,,,,
开关电路,其他,NULL,1,1,SP4T,,,,,,,,,,
多路复用器/解复用器电路,其他,NULL,1,1,4:1,,,,,,,,,,
Number-of-Batteries,其他,NULL,1,1,1,,,,,,,,,,
PCIe x1,其他,NULL,1,1,4,,,,,,,,,,
Package-Case-Size,其他,NULL,1,1,1/8 Brick,,,,,,,,,,
标准编号,其他,NULL,1,1,62368-1,,,,,,,,,,
Track Taper,其他,NULL,1,1,Linear,,,,,,,,,,
Maximum Insertion Loss,其他,NULL,1,1,2.3 dB,,,,,,,,,,
Transformer Type,其他,NULL,1,1,ADSL Transformer,,,,,,,,,,
电流IDM,其他,NULL,1,1,300A,,,,,,,,,,
电容值C Diode capacitance,其他,NULL,1,1,15PF~17.5PF,,,,,,,,,,
反向电压VR Reverse Voltage,其他,NULL,1,1,15V,,,,,,,,,,
模块尺寸,其他,NULL,1,1,26.7mm x 19.26mm,,,,,,,,,,
Terminal-Style,其他,NULL,1,1,Single Stud Hole,,,,,,,,,,
E.T.,其他,NULL,1,1,-,,,,,,,,,,
Process Sealed,其他,NULL,1,1,No,,,,,,,,,,
RDS (on) (@ Tj = 150°C)  max,其他,NULL,1,1,260.0 mΩ,,,,,,,,,,
捕捉/比较/PWM模块,其他,NULL,1,1,2,,,,,,,,,,
自动关断功能,其他,NULL,1,1,No,,,,,,,,,,
Dimensions-Overall,其他,NULL,1,1,24.500&quot; L x 22.560&quot; W x 49.000&quot; H (622.30mm x,,,,,,,,,,
线缆类型,其他,NULL,1,1,带状缆线,,,,,,,,,,
"Length, Pin",其他,NULL,1,1,12 mm mm,,,,,,,,,,
输出方式,其他,NULL,1,1,单路图腾柱,,,,,,,,,,
紧固件镀层,其他,NULL,1,1,镍,,,,,,,,,,
Output Current-Channel 2,其他,NULL,1,1,1 A,,,,,,,,,,
VGE(th)   min   max,其他,NULL,1,1,4.5V 6.5V,,,,,,,,,,
USOC 代码,其他,NULL,1,1,RJ45,,,,,,,,,,
高,其他,NULL,1,1,11.00mm Max.,,,,,,,,,,
Dielectric(style),其他,NULL,1,1,Polypropylene,,,,,,,,,,
电压 @ Pmpp,其他,NULL,1,1,5.01V,,,,,,,,,,
Return loss,其他,NULL,1,1,50dB,,,,,,,,,,
Forward voltage,其他,NULL,1,1,1.9V,,,,,,,,,,
Contact-Mating-Finish,其他,NULL,1,1,Tin,,,,,,,,,,
每个芯片的元件数,其他,NULL,1,1,1,,,,,,,,,,
A端连接器类型,其他,NULL,1,1,USB A Receptacle,,,,,,,,,,
"Voltage, Battery",其他,NULL,1,1,1.5 V,,,,,,,,,,
IR(uA),其他,NULL,1,1,5,,,,,,,,,,
Mounting Hole Spacing (Metric) (mm),其他,NULL,1,1,34.9,,,,,,,,,,
Maximum-Turn-On-Delay-Time,其他,NULL,1,1,15 ns,,,,,,,,,,
Air Flow,其他,NULL,1,1,89CFM,,,,,,,,,,
外部壳体材料,其他,NULL,1,1,-,,,,,,,,,,
ProductStatus,其他,NULL,1,1,LS,,,,,,,,,,
Shell Size - Insert,其他,NULL,1,1,13,,,,,,,,,,
App. Characteristic,其他,NULL,1,1,Precision,,,,,,,,,,
"Width, Panel",其他,NULL,1,1,19 in.,,,,,,,,,,
Taper,其他,NULL,1,1,Linear,,,,,,,,,,
Pulsed collector current,其他,NULL,1,1,400A,,,,,,,,,,
Voltage - Supply Span (Min),其他,NULL,1,1,3 V,,,,,,,,,,
相位数,其他,NULL,1,1,3,,,,,,,,,,
Wavelength/Color Temperature,其他,NULL,1,1,4000 K,,,,,,,,,,
Breakout Angle,其他,NULL,1,1,30,,,,,,,,,,
Fluid/Chemical Resistance,其他,NULL,1,1,Occasional exposure to fluids,,,,,,,,,,
清洁剂，处理方式,其他,NULL,1,1,清洁布,,,,,,,,,,
商品信息,其他,NULL,1,1,Trans GP BJT NPN 18V 25A 4-Pin 2-13B1A,,,,,,,,,,
低动态输出阻抗,其他,NULL,1,1,0.15Ω,,,,,,,,,,
Bus Hold,其他,NULL,1,1,No,,,,,,,,,,
Voltage Rating (Vces / Vdss),其他,NULL,1,1,600V,,,,,,,,,,
IPM Case Style,其他,NULL,1,1,Module,,,,,,,,,,
转换速率(典型值)(V/μs),其他,NULL,1,1,0.19,,,,,,,,,,
Protection Features,其他,NULL,1,1,"Over Current, Over Temperature, Under Voltage Lockout (UVLO)",,,,,,,,,,
Voltage(AC),其他,NULL,1,1,310 V,,,,,,,,,,
Pitch (mm),其他,NULL,1,1,2.54,,,,,,,,,,
Audio Alarm Level,其他,NULL,1,1,-,,,,,,,,,,
Insertion loss,其他,NULL,1,1,3dB,,,,,,,,,,
Push to Test Button,其他,NULL,1,1,No,,,,,,,,,,
转换至同轴电缆类型,其他,NULL,1,1,SMA,,,,,,,,,,
Voltage-Regulation-Accuracy,其他,NULL,1,1,3 %,,,,,,,,,,
Program Memory Size,其他,NULL,1,1,62KB,,,,,,,,,,
ESR - (Ohm),其他,NULL,1,1,9,,,,,,,,,,
显示器的外观,其他,NULL,1,1,黑色底黄色字,,,,,,,,,,
输出电流—通道1,其他,NULL,1,1,3 A,,,,,,,,,,
Clamping Voltage,其他,NULL,1,1,42,,,,,,,,,,
Oper.temp.,其他,NULL,1,1,-30 to +85 °C,,,,,,,,,,
Pixel-Size,其他,NULL,1,1,-,,,,,,,,,,
"Size, Stud",其他,NULL,1,1,1⁄2 &quot;,,,,,,,,,,
场效应管类型,其他,NULL,1,1,P沟道,,,,,,,,,,
Cable Entry,其他,NULL,1,1,M20x2,,,,,,,,,,
ΔVO/VO (±%),其他,NULL,1,1,4%,,,,,,,,,,
"Voltage, Supply",其他,NULL,1,1,85-130 VAC,,,,,,,,,,
调节器类型,其他,NULL,1,1,LDO,,,,,,,,,,
Iout Max per Channel,其他,NULL,1,1,20 mA,,,,,,,,,,
Drain-source voltage,其他,NULL,1,1,100V,,,,,,,,,,
Holding Temperature,其他,NULL,1,1,89°C,,,,,,,,,,
No. of Reels,其他,NULL,1,1,-,,,,,,,,,,
剂量水平,其他,NULL,1,1,24000,,,,,,,,,,
"Operating Temperature, Minimum",其他,NULL,1,1,-40,,,,,,,,,,
螺纹大小,其他,NULL,1,1,M12,,,,,,,,,,
Coating,其他,NULL,1,1,-,,,,,,,,,,
Operating Supply Current,其他,NULL,1,1,1.5 mA,,,,,,,,,,
Product Length (Metric) (mm),其他,NULL,1,1,44.5,,,,,,,,,,
Tab-Width,其他,NULL,1,1,0.187&quot; (4.75mm),,,,,,,,,,
Core Architecture,其他,NULL,1,1,-,,,,,,,,,,
端口数量,其他,NULL,1,1,1 Port,,,,,,,,,,
RMS Voltage [AC] / Vrms,其他,NULL,1,1,330,,,,,,,,,,
安装方法,其他,NULL,1,1,PCB Mount,,,,,,,,,,
max.oper.temp.,其他,NULL,1,1,100 °C,,,,,,,,,,
结电容C(Max.)(pF),其他,NULL,1,1,4,,,,,,,,,,
比率 - S/H:ADC,其他,NULL,1,1,1：1,,,,,,,,,,
A/D 转换器数,其他,NULL,1,1,1,,,,,,,,,,
Primary Resistance,其他,NULL,1,1,3.2 Ohms,,,,,,,,,,
USB连接器类型,其他,NULL,1,1,USB Type A,,,,,,,,,,
Power (Watts),其他,NULL,1,1,1W,,,,,,,,,,
Microswitch Actuator,其他,NULL,1,1,Hinge Lever,,,,,,,,,,
Indicator Style,其他,NULL,1,1,External Trip Indicator,,,,,,,,,,
轴类型,其他,NULL,1,1,Round Shaft,,,,,,,,,,
IEC-Series,其他,NULL,1,1,E24,,,,,,,,,,
T(j)min,其他,NULL,1,1,SMD °C,,,,,,,,,,
Communications modules features,其他,NULL,1,1,PPS output,,,,,,,,,,
外部壳体颜色,其他,NULL,1,1,杏仁色,,,,,,,,,,
Typical Antenna Gain,其他,NULL,1,1,5.2dBi(Max),,,,,,,,,,
Maximum-Turn-Off-Delay-Time,其他,NULL,1,1,18 ns,,,,,,,,,,
被监测输入数,其他,NULL,1,1,1 Input,,,,,,,,,,
I.D. Max,其他,NULL,1,1,5.13mm,,,,,,,,,,
Max Gate Charge,其他,NULL,1,1,5.4nC @ 10V,,,,,,,,,,
Block Orientation,其他,NULL,1,1,Through Hole Right Angle,,,,,,,,,,
电阻 - 输入,其他,NULL,1,1,-,,,,,,,,,,
Collector-emitter saturation voltage,其他,NULL,1,1,2.7V,,,,,,,,,,
Output 구성,其他,NULL,1,1,SPDT-CO,,,,,,,,,,
Voltage - Supply Span (Max),其他,NULL,1,1,32 V,,,,,,,,,,
Word Size,其他,NULL,1,1,36(b),,,,,,,,,,
典型电压温度系数,其他,NULL,1,1,57mV/°C,,,,,,,,,,
Insert mounting,其他,NULL,1,1,"77,5 x 27 mm (x2)",,,,,,,,,,
冷却方式,其他,NULL,1,1,-,,,,,,,,,,
电流范围,其他,NULL,1,1,500 mA,,,,,,,,,,
Power Rating (VA),其他,NULL,1,1,0.4,,,,,,,,,,
Mounting-Hole-Size,其他,NULL,1,1,9.5 mm,,,,,,,,,,
屏蔽类型,其他,NULL,1,1,-,,,,,,,,,,
Max Charge Current,其他,NULL,1,1,1.6 A,,,,,,,,,,
PLD乘积项,其他,NULL,1,1,40,,,,,,,,,,
Voltage-Load,其他,NULL,1,1,10 V ~ 42 V,,,,,,,,,,
Load-Voltage-Rating,其他,NULL,1,1,10 V to 42 V,,,,,,,,,,
Cable Diameter Max - Metric,其他,NULL,1,1,10,,,,,,,,,,
Vsupply Pos(Min)(V),其他,NULL,1,1,1.71,,,,,,,,,,
Max Reference Frequency,其他,NULL,1,1,100 MHz,,,,,,,,,,
Maximum Reverse Stand-Off Voltage,其他,NULL,1,1,77.8,,,,,,,,,,
熔断器类型,其他,NULL,1,1,HRC,,,,,,,,,,
Lead-Spacing,其他,NULL,1,1,5 mm,,,,,,,,,,
耦合系数,其他,NULL,1,1,20 ± 1dB,,,,,,,,,,
Lead 스타일,其他,NULL,1,1,Snap In,,,,,,,,,,
电压 - 通态 (Vtm)（最大值）,其他,NULL,1,1,1.6 V,,,,,,,,,,
位置,其他,NULL,1,1,-,,,,,,,,,,
Power Consumption,其他,NULL,1,1,200 mW,,,,,,,,,,
Service temperature range,其他,NULL,1,1,-,,,,,,,,,,
VCE(sat)   (Tvj=25°C typ),其他,NULL,1,1,1.95V,,,,,,,,,,
턴 수,其他,NULL,1,1,1 Turn,,,,,,,,,,
Timer Functions,其他,NULL,1,1,Multifunction,,,,,,,,,,
浪涌电流Current-Surge,其他,NULL,1,1,3A,,,,,,,,,,
电压 - 额定 DC,其他,NULL,1,1,-,,,,,,,,,,
配接方向,其他,NULL,1,1,垂直，带板,,,,,,,,,,
有效面积（Ae）mm²,其他,NULL,1,1,-,,,,,,,,,,
Guard Color,其他,NULL,1,1,Clear Aluminum,,,,,,,,,,
Switch Voltage - Max,其他,NULL,1,1,+/- 15 V,,,,,,,,,,
电源调整率,其他,NULL,1,1,0.5%,,,,,,,,,,
Module Type,其他,NULL,1,1,Transformer,,,,,,,,,,
Power Rating(s),其他,NULL,1,1,150(W),,,,,,,,,,
Connector Pitch,其他,NULL,1,1,2.54mm,,,,,,,,,,
Blank Media Flash Memory Type,其他,NULL,1,1,"CFast Card, Industrial",,,,,,,,,,
Collector-Emitter-Voltage-VCEO-Max,其他,NULL,1,1,100 V,,,,,,,,,,
最大双电源电压,其他,NULL,1,1,±3.75 V,,,,,,,,,,
引线长度,其他,NULL,1,1,450.088mm,,,,,,,,,,
螺丝材料 - 镀层,其他,NULL,1,1,镀锌钢,,,,,,,,,,
Feature materia,其他,NULL,1,1,PBT,,,,,,,,,,
短路电流 (Isc),其他,NULL,1,1,25mA,,,,,,,,,,
针位数（转换自）,其他,NULL,1,1,-,,,,,,,,,,
方向（转换自）,其他,NULL,1,1,-,,,,,,,,,,
Military Standard Series,其他,NULL,1,1,Series III,,,,,,,,,,
工作温度最小值,其他,NULL,1,1,-40°C,,,,,,,,,,
LCR Type,其他,NULL,1,1,Bench,,,,,,,,,,
Number of Outlets,其他,NULL,1,1,1,,,,,,,,,,
min.oper.temp.,其他,NULL,1,1,-40 °C,,,,,,,,,,
相位数目,其他,NULL,1,1,3,,,,,,,,,,
VF(V),其他,NULL,1,1,1.1,,,,,,,,,,
DCL,其他,NULL,1,1,75.6(uA),,,,,,,,,,
精度Accuracy,其他,NULL,1,1,General Description The LM61 is a precision integrated-circu,,,,,,,,,,
触点额定值,其他,NULL,1,1,15 A at 6 V to 24 V,,,,,,,,,,
Boot-Color,其他,NULL,1,1,-,,,,,,,,,,
Variant,其他,NULL,1,1,ETD,,,,,,,,,,
使用的IC /部分,其他,NULL,1,1,ADNS-3080,,,,,,,,,,
外观尺寸,其他,NULL,1,1,1.25MM,,,,,,,,,,
内部开关,其他,NULL,1,1,-,,,,,,,,,,
Power Type,其他,NULL,1,1,Manual,,,,,,,,,,
"Width, Overall",其他,NULL,1,1,0.72 &quot;,,,,,,,,,,
Configuration Memory,其他,NULL,1,1,4GB NAND Flash,,,,,,,,,,
比率 - 输入:输出,其他,NULL,1,1,4：6,,,,,,,,,,
外部触头材料,其他,NULL,1,1,-,,,,,,,,,,
外部触头表面处理,其他,NULL,1,1,-,,,,,,,,,,
-3dB 대역폭,其他,NULL,1,1,1.3MHz,,,,,,,,,,
Marker Colour,其他,NULL,1,1,White,,,,,,,,,,
"Shelf, Depth",其他,NULL,1,1,20 in.,,,,,,,,,,
System height,其他,NULL,1,1,68.4 mm,,,,,,,,,,
System width,其他,NULL,1,1,264.5 mm,,,,,,,,,,
多个状态,其他,NULL,1,1,No,,,,,,,,,,
Release Current Min,其他,NULL,1,1,0.25,,,,,,,,,,
High Brightness,其他,NULL,1,1,No,,,,,,,,,,
Product Length (Imperial) (in),其他,NULL,1,1,1.752,,,,,,,,,,
内存速度,其他,NULL,1,1,1600MHz,,,,,,,,,,
Maximum power current,其他,NULL,1,1,8000uA,,,,,,,,,,
编码,其他,NULL,1,1,A Coded,,,,,,,,,,
Signal Conditioner Input,其他,NULL,1,1,-,,,,,,,,,,
输出电流Output Current,其他,NULL,1,1,50mA,,,,,,,,,,
Load current max.,其他,NULL,1,1,1.9A,,,,,,,,,,
Mounting Size,其他,NULL,1,1,30 mm,,,,,,,,,,
Max. frequency,其他,NULL,1,1,1GHz,,,,,,,,,,
Maximum Dropout Voltage,其他,NULL,1,1,"0.4V at 300mA, 0.4V at 300mA",,,,,,,,,,
Shutdown Threshold,其他,NULL,1,1,5.4 V,,,,,,,,,,
Audio Interfaces,其他,NULL,1,1,No,,,,,,,,,,
Drain Source Voltage (Max),其他,NULL,1,1,65(V),,,,,,,,,,
Input Frequency,其他,NULL,1,1,15000(MHz),,,,,,,,,,
Power per Element,其他,NULL,1,1,0.1 W (1/10 W),,,,,,,,,,
Current Type,其他,NULL,1,1,AC,,,,,,,,,,
认证,其他,NULL,1,1,EN60950-1,,,,,,,,,,
直流输出连接器,其他,NULL,1,1,2.1 mm Barrel Plug,,,,,,,,,,
速率(Kbps),其他,NULL,1,1,500,,,,,,,,,,
Sensing Distance (cm),其他,NULL,1,1,80(Max),,,,,,,,,,
驱动器类型（配置/类型）Type/Configuration,其他,NULL,1,1,低端 Low-Side,,,,,,,,,,
驱动器数量（配置数）Number of Configurations,其他,NULL,1,1,1,,,,,,,,,,
VO (V),其他,NULL,1,1,24,,,,,,,,,,
外部深度 -英制,其他,NULL,1,1,-,,,,,,,,,,
Integrated Magnetics,其他,NULL,1,1,No,,,,,,,,,,
触头材料 - 镀层,其他,NULL,1,1,-,,,,,,,,,,
Lead-Diameter,其他,NULL,1,1,0.5 mm,,,,,,,,,,
最大DC电压Maximum DC Volts,其他,NULL,1,1,16VDC,,,,,,,,,,
最大额定电流,其他,NULL,1,1,320A,,,,,,,,,,
Absolute Increment,其他,NULL,1,1,10,,,,,,,,,,
处理器系列名称,其他,NULL,1,1,XMC,,,,,,,,,,
Mounting Feature,其他,NULL,1,1,Bulkhead - Front Side Nut,,,,,,,,,,
Convert-To,其他,NULL,1,1,MPO,,,,,,,,,,
最小电线尺寸 AWG,其他,NULL,1,1,16AWG,,,,,,,,,,
Forward Transconductance (Typ),其他,NULL,1,1,3.8(S),,,,,,,,,,
Shaft 길이,其他,NULL,1,1,12.7 mm,,,,,,,,,,
定时调节方法,其他,NULL,1,1,螺丝刀槽,,,,,,,,,,
SPI,其他,NULL,1,1,1,,,,,,,,,,
RF Frequency Range Max,其他,NULL,1,1,3000 MHz,,,,,,,,,,
Voltage-DC-Reverse-Vr-Max,其他,NULL,1,1,10V,,,,,,,,,,
Equivalent Series Resistance Type,其他,NULL,1,1,LOW,,,,,,,,,,
最大电压增益,其他,NULL,1,1,20 dB,,,,,,,,,,
AF Size - Metric,其他,NULL,1,1,-,,,,,,,,,,
Board-Thickness,其他,NULL,1,1,0.062 in,,,,,,,,,,
开环增益AVOL(dB),其他,NULL,1,1,63,,,,,,,,,,
VCE(sat)   max,其他,NULL,1,1,3.7V,,,,,,,,,,
方向（转换到）,其他,NULL,1,1,-,,,,,,,,,,
连续漏极电流（Id）（25°C 时）,其他,NULL,1,1,7A,,,,,,,,,,
Tape Width - Metric,其他,NULL,1,1,76.2mm,,,,,,,,,,
Non-contact temperature measuring resolution,其他,NULL,1,1,"0,1°C",,,,,,,,,,
工作电压 (V),其他,NULL,1,1,4.5~5.5,,,,,,,,,,
集电极功耗,其他,NULL,1,1,750mW,,,,,,,,,,
Pollution degree,其他,NULL,1,1,2,,,,,,,,,,
Primary-Resistance,其他,NULL,1,1,90 Ohms,,,,,,,,,,
最大峰值脉冲电流Ipp,其他,NULL,1,1,3A,,,,,,,,,,
Vin(min),其他,NULL,1,1,9-36 V(DC),,,,,,,,,,
输出信号,其他,NULL,1,1,顺时针增加,,,,,,,,,,
Plug-Wire-Entry,其他,NULL,1,1,-,,,,,,,,,,
Fuse Size / Group,其他,NULL,1,1,NH00,,,,,,,,,,
Integrated PSU,其他,NULL,1,1,Y Y/N,,,,,,,,,,
T(max),其他,NULL,1,1,125 °C,,,,,,,,,,
End-Size,其他,NULL,1,1,3/16&quot;,,,,,,,,,,
Release Current Max,其他,NULL,1,1,0.4,,,,,,,,,,
Transfer rate,其他,NULL,1,1,10Mbps,,,,,,,,,,
同步整流器,其他,NULL,1,1,无,,,,,,,,,,
Label Colour,其他,NULL,1,1,White,,,,,,,,,,
保存期限,其他,NULL,1,1,10年(+85℃),,,,,,,,,,
速率(Max.)(MHz),其他,NULL,1,1,0.4,,,,,,,,,,
Number of Positions/Contacts,其他,NULL,1,1,"8p8c (RJ45, Ethernet)",,,,,,,,,,
Tab Direction,其他,NULL,1,1,Down,,,,,,,,,,
Cooling design,其他,NULL,1,1,FANLESS,,,,,,,,,,
导向照明颜色,其他,NULL,1,1,白色,,,,,,,,,,
Clock Freq,其他,NULL,1,1,200(MHz),,,,,,,,,,
Mounting Hole Diameter (Metric) (mm),其他,NULL,1,1,4.2,,,,,,,,,,
Number-of-CablePairs,其他,NULL,1,1,-,,,,,,,,,,
峰值集电极消费耗散,其他,NULL,1,1,50W,,,,,,,,,,
Fuse Size Code,其他,NULL,1,1,3AG,,,,,,,,,,
模拟输入:输出,其他,NULL,1,1,-,,,,,,,,,,
Maximum Write Speed (Mbps),其他,NULL,1,1,4240,,,,,,,,,,
Key Removable Positions,其他,NULL,1,1,Left,,,,,,,,,,
效率Efficiency(%),其他,NULL,1,1,90%,,,,,,,,,,
Mounting Hole Spacing (Imperial) (in),其他,NULL,1,1,1.375,,,,,,,,,,
IPM Power Device,其他,NULL,1,1,IGBT,,,,,,,,,,
Min/Fixed Output Voltage,其他,NULL,1,1,"2.5V, 2.8V",,,,,,,,,,
Voltage Rating - AC,其他,NULL,1,1,125 V,,,,,,,,,,
网络速度,其他,NULL,1,1,-,,,,,,,,,,
Motor-Drive-Type,其他,NULL,1,1,Accessory Slip Ring,,,,,,,,,,
Circuit 타입,其他,NULL,1,1,Isolated,,,,,,,,,,
Vrrm - Repetitive Reverse Voltage,其他,NULL,1,1,80 V,,,,,,,,,,
High-Control-Voltage,其他,NULL,1,1,- 48 V,,,,,,,,,,
RF Prescaler,其他,NULL,1,1,10/11,,,,,,,,,,
不同电压时的触头额定电流,其他,NULL,1,1,5A @ 250VAC,,,,,,,,,,
反激式峰值电压,其他,NULL,1,1,75V,,,,,,,,,,
LCD Type,其他,NULL,1,1,FSTN,,,,,,,,,,
Fin Style,其他,NULL,1,1,Angle,,,,,,,,,,
Maximum Delay Time,其他,NULL,1,1,100,,,,,,,,,,
Media-Lines-Protected,其他,NULL,1,1,-,,,,,,,,,,
Current-Max,其他,NULL,1,1,-,,,,,,,,,,
Output Current-Channel 1,其他,NULL,1,1,4 A,,,,,,,,,,
Voltage-Rated-AC,其他,NULL,1,1,"125V, 250V",,,,,,,,,,
读取/写入周期(次),其他,NULL,1,1,1万亿次,,,,,,,,,,
Diameter-Inside,其他,NULL,1,1,-,,,,,,,,,,
Zener Voltage Range,其他,NULL,1,1,9.79 to 10.21 V,,,,,,,,,,
Number of Resistors,其他,NULL,1,1,2,,,,,,,,,,
Maximum Access Time,其他,NULL,1,1,12,,,,,,,,,,
trr,其他,NULL,1,1,1273 ns,,,,,,,,,,
Voltage - I/O,其他,NULL,1,1,5.0V,,,,,,,,,,
"开关时间 (Ton,Toff)(最大值)",其他,NULL,1,1,"250ns,250ns",,,,,,,,,,
峰值输出电流Current - Peak,其他,NULL,1,1,6A,,,,,,,,,,
Butterfly,其他,NULL,1,1,No,,,,,,,,,,
"Material, Screw",其他,NULL,1,1,Stainless Steel,,,,,,,,,,
Port Type,其他,NULL,1,1,RJ-45,,,,,,,,,,
Measurement frequency,其他,NULL,1,1,20Hz...10MHz,,,,,,,,,,
Maximum Collector Cut-Off Current (uA),其他,NULL,1,1,100,,,,,,,,,,
扭矩 - 螺丝,其他,NULL,1,1,0.3 Nm（2.6 Lb-In）,,,,,,,,,,
Shutdown Current,其他,NULL,1,1,1 µA,,,,,,,,,,
Bore Diameter Nom,其他,NULL,1,1,25.4mm,,,,,,,,,,
Output Power (Max),其他,NULL,1,1,80(TYP),,,,,,,,,,
电线端接,其他,NULL,1,1,螺钉 - 片簧，电线护网,,,,,,,,,,
Load Max,其他,NULL,1,1,-,,,,,,,,,,
Luminousity of green colour,其他,NULL,1,1,7000-8400mcd,,,,,,,,,,
Number-of-Drivers,其他,NULL,1,1,1 Driver,,,,,,,,,,
最小双电源电压,其他,NULL,1,1,±1.35 V,,,,,,,,,,
AF Size - Imperial,其他,NULL,1,1,-,,,,,,,,,,
功率 (W) - 最大值,其他,NULL,1,1,*,,,,,,,,,,
Source Current Range,其他,NULL,1,1,1µA to 7A,,,,,,,,,,
电缆长度 - 非裸露部分,其他,NULL,1,1,0.16&#039;（0.05m）1.97&quot;,,,,,,,,,,
P(tot)max,其他,NULL,1,1,800 mW,,,,,,,,,,
Forward volt.ty,其他,NULL,1,1,1.16 V,,,,,,,,,,
V(DRM),其他,NULL,1,1,600 V,,,,,,,,,,
Contact Resistance,其他,NULL,1,1,100 mΩ,,,,,,,,,,
Vesd - 静电放电电压气隙,其他,NULL,1,1,-,,,,,,,,,,
"Supply Voltage, Logic",其他,NULL,1,1,5 V (Typ.),,,,,,,,,,
UART通道数目,其他,NULL,1,1,4,,,,,,,,,,
メーカ,其他,NULL,1,1,API Delevan,,,,,,,,,,
インダクタンス,其他,NULL,1,1,270 nH,,,,,,,,,,
Trip Time (Max),其他,NULL,1,1,5@13A(s),,,,,,,,,,
USB标准,其他,NULL,1,1,USB 2.0,,,,,,,,,,
功率失效检测,其他,NULL,1,1,Yes,,,,,,,,,,
Current-Transmitting,其他,NULL,1,1,-,,,,,,,,,,
Core marking,其他,NULL,1,1,coloured,,,,,,,,,,
Number-Of-Characters-Per-Row,其他,NULL,1,1,3.5,,,,,,,,,,
最大输入电流,其他,NULL,1,1,50 mA,,,,,,,,,,
Direction Type,其他,NULL,1,1,Uni-Directional,,,,,,,,,,
Fibre Optic Connector Type,其他,NULL,1,1,SC,,,,,,,,,,
输入电流类型,其他,NULL,1,1,交流,,,,,,,,,,
Receiver-Hysteresis,其他,NULL,1,1,-,,,,,,,,,,
No. of Phases,其他,NULL,1,1,-,,,,,,,,,,
次级绕组,其他,NULL,1,1,-,,,,,,,,,,
Recommended Operating Voltage  min max,其他,NULL,1,1,5.0 V  45.0 V,,,,,,,,,,
Typical NonInverting Input Noise Current Density,其他,NULL,1,1,0.35@±15V pA/rtHz,,,,,,,,,,
Rail to Rail,其他,NULL,1,1,No,,,,,,,,,,
Molded Part Shape,其他,NULL,1,1,30° Side-Breakout,,,,,,,,,,
LabelType,其他,NULL,1,1,-,,,,,,,,,,
最大电线数,其他,NULL,1,1,26,,,,,,,,,,
数据总线,其他,NULL,1,1,8,,,,,,,,,,
Number-of-Contacts,其他,NULL,1,1,5,,,,,,,,,,
Torque,其他,NULL,1,1,0.8 Nm,,,,,,,,,,
最大非重复浪涌电流IFSM(A),其他,NULL,1,1,300,,,,,,,,,,
延迟到第一塔,其他,NULL,1,1,5 ns,,,,,,,,,,
保护类别,其他,NULL,1,1,PC3,,,,,,,,,,
Programming Mode,其他,NULL,1,1,Hardwire,,,,,,,,,,
TOP (°C),其他,NULL,1,1,-40~125,,,,,,,,,,
熔断器标准,其他,NULL,1,1,BS 1361,,,,,,,,,,
Number of Slots,其他,NULL,1,1,6,,,,,,,,,,
No. of Test Leads,其他,NULL,1,1,5,,,,,,,,,,
Luminescent color,其他,NULL,1,1,red,,,,,,,,,,
VF   (Tvj=25°C typ),其他,NULL,1,1,1.8V,,,,,,,,,,
Minimum Frequency,其他,NULL,1,1,0 GHz,,,,,,,,,,
Source Voltage Range,其他,NULL,1,1,200mV to 100V,,,,,,,,,,
电流 @ Pmpp,其他,NULL,1,1,22.3mA,,,,,,,,,,
Input Voltage Max,其他,NULL,1,1,300V,,,,,,,,,,
平均整流器前向电流IO(Max.)(A),其他,NULL,1,1,25,,,,,,,,,,
Coating Colour,其他,NULL,1,1,-,,,,,,,,,,
Bore Diameter Max,其他,NULL,1,1,1,,,,,,,,,,
串行I/O接口类型,其他,NULL,1,1,4 x SPI;LIN;UART;IIC;IIS,,,,,,,,,,
I/O,其他,NULL,1,1,33,,,,,,,,,,
Frequency (Min),其他,NULL,1,1,2110(MHz),,,,,,,,,,
电容比条件,其他,NULL,1,1,C0/C20,,,,,,,,,,
电容比,其他,NULL,1,1,6.4,,,,,,,,,,
Tape Type,其他,NULL,1,1,Reflective,,,,,,,,,,
Output-Current-Channel-2,其他,NULL,1,1,0.6 A,,,,,,,,,,
Chipset techno.,其他,NULL,1,1,X86,,,,,,,,,,
程序存储器大小,其他,NULL,1,1,256 kB,,,,,,,,,,
Contact Voltage VAC,其他,NULL,1,1,-,,,,,,,,,,
负载故障保护,其他,NULL,1,1,Yes,,,,,,,,,,
Applicator Style,其他,NULL,1,1,OCEAN,,,,,,,,,,
Reactive power measuring accuracy,其他,NULL,1,1,±(5% + 20 digits),,,,,,,,,,
Phase angle measuring accuracy,其他,NULL,1,1,±6°,,,,,,,,,,
Tab-Length,其他,NULL,1,1,0.255&quot; (6.48mm),,,,,,,,,,
Price1000FormattedValue,其他,NULL,1,1,0.00,,,,,,,,,,
最大反向漏泄电流,其他,NULL,1,1,1,,,,,,,,,,
Sheath-Opening,其他,NULL,1,1,-,,,,,,,,,,
Type of generator,其他,NULL,1,1,"arbitrary, function",,,,,,,,,,
校准内部脉冲,其他,NULL,1,1,Yes,,,,,,,,,,
最大正向电压,其他,NULL,1,1,1.4V,,,,,,,,,,
Memory record length,其他,NULL,1,1,4kpts/ch,,,,,,,,,,
Continuous Drain Current at 25°C,其他,NULL,1,1,1.7A (Ta),,,,,,,,,,
随附/必需的交流插头,其他,NULL,1,1,Included,,,,,,,,,,
Time base,其他,NULL,1,1,"200n...0,5s/div",,,,,,,,,,
最小尺寸,其他,NULL,1,1,0.08mm²,,,,,,,,,,
按钮制动器类型,其他,NULL,1,1,Mushroom,,,,,,,,,,
Forward Voltage Drop,其他,NULL,1,1,1.2 V @ 8 A,,,,,,,,,,
定时类型,其他,NULL,1,1,Asynchronous,,,,,,,,,,
Input Voltage Range (VDC),其他,NULL,1,1,5(Typ),,,,,,,,,,
Graphic interfa,其他,NULL,1,1,VGA/HDMI,,,,,,,,,,
加载的针脚数,其他,NULL,1,1,-,,,,,,,,,,
电机类型 - AC，DC,其他,NULL,1,1,有刷直流,,,,,,,,,,
Spread Spectrum,其他,NULL,1,1,No,,,,,,,,,,
电压(V),其他,NULL,1,1,"1.8,2.5,3",,,,,,,,,,
电压 - 输出Voltage - Output,其他,NULL,1,1,40V,,,,,,,,,,
Material Systems Code,其他,NULL,1,1,10,,,,,,,,,,
Termination Post 길이,其他,NULL,1,1,3.45 mm,,,,,,,,,,
Touch techno.,其他,NULL,1,1,RESISTIVE,,,,,,,,,,
WLAN integrated,其他,NULL,1,1,N Y/N,,,,,,,,,,
Label-Size,其他,NULL,1,1,-,,,,,,,,,,
反向耐压VR,其他,NULL,1,1,100V,,,,,,,,,,
Noise Figure (dB Typ at f),其他,NULL,1,1,3.5dB at 1GHz,,,,,,,,,,
Coaxial Termination,其他,NULL,1,1,Crimp,,,,,,,,,,
Signal Conditioner Output,其他,NULL,1,1,Relay,,,,,,,,,,
Probe length,其他,NULL,1,1,220mm,,,,,,,,,,
Relay series,其他,NULL,1,1,PT,,,,,,,,,,
内部高度,其他,NULL,1,1,2mm,,,,,,,,,,
整流器类型,其他,NULL,1,1,快速恢复,,,,,,,,,,
电阻器匹配率漂移,其他,NULL,1,1,-,,,,,,,,,,
每元件功率,其他,NULL,1,1,50mW,,,,,,,,,,
Motor-Type-AC-DC,其他,NULL,1,1,Brushed DC,,,,,,,,,,
Dot Pitch,其他,NULL,1,1,0.09mm x 0.26mm,,,,,,,,,,
"Time, Response",其他,NULL,1,1,1 ms,,,,,,,,,,
抽头数,其他,NULL,1,1,5,,,,,,,,,,
Maximum Conversion Loss,其他,NULL,1,1,11.5,,,,,,,,,,
Noise Figure (Typ),其他,NULL,1,1,9(dB),,,,,,,,,,
Typical Fall Time,其他,NULL,1,1,58(Max) ns,,,,,,,,,,
Number of Segments,其他,NULL,1,1,64,,,,,,,,,,
静态工作电流 (Max),其他,NULL,1,1,2.5mA,,,,,,,,,,
Relay Construction,其他,NULL,1,1,Non-Latching,,,,,,,,,,
Convert-From,其他,NULL,1,1,MPO,,,,,,,,,,
定时器模块,其他,NULL,1,1,2 x 8bit/2 x 16bit,,,,,,,,,,
Mode Of Operation,其他,NULL,1,1,2-Carrier W-CDMA,,,,,,,,,,
Standard equipment,其他,NULL,1,1,calibration lead,,,,,,,,,,
频率最大值(kHz),其他,NULL,1,1,1000,,,,,,,,,,
Input coupling,其他,NULL,1,1,"AC, DC, GND",,,,,,,,,,
PWM输出,其他,NULL,1,1,1,,,,,,,,,,
Maximum Continuous DC Collector Current (A),其他,NULL,1,1,15,,,,,,,,,,
VIN (V),其他,NULL,1,1,30-35,,,,,,,,,,
Tester Type,其他,NULL,1,1,Network Cable Tester,,,,,,,,,,
A端测试连接器类型,其他,NULL,1,1,Alligator Clip,,,,,,,,,,
Reactive power measurement,其他,NULL,1,1,10VAR...60k/600kVAR,,,,,,,,,,
外部深度- 公制,其他,NULL,1,1,-,,,,,,,,,,
导通电阻(最大值),其他,NULL,1,1,1.5 千欧,,,,,,,,,,
Thread Pitch (Metric) (mm),其他,NULL,1,1,1.5,,,,,,,,,,
Conductivity,其他,NULL,1,1,No,,,,,,,,,,
Adapter-Style,其他,NULL,1,1,Straight,,,,,,,,,,
Width (inch),其他,NULL,1,1,.24,,,,,,,,,,
Displacement Max,其他,NULL,1,1,2mm,,,,,,,,,,
Resolution (m/s²),其他,NULL,1,1,0.1m/s²,,,,,,,,,,
B端连接器类型,其他,NULL,1,1,D Sub 9 Position Plug,,,,,,,,,,
Vesd - 静电放电电压触点,其他,NULL,1,1,-,,,,,,,,,,
"Current, Secondary",其他,NULL,1,1,0.133 A,,,,,,,,,,
INL - 积分非线性,其他,NULL,1,1,+/- 2 ppm,,,,,,,,,,
控制字(bit),其他,NULL,1,1,16,,,,,,,,,,
Isolation LO-IF,其他,NULL,1,1,16 dB,,,,,,,,,,
Bezel Shape,其他,NULL,1,1,Rectangular,,,,,,,,,,
显示角,其他,NULL,1,1,15 deg,,,,,,,,,,
VCE  max,其他,NULL,1,1,1350.0 V,,,,,,,,,,
"Voltage, Output",其他,NULL,1,1,0 V ... 10 V,,,,,,,,,,
打印机名称,其他,NULL,1,1,803984,,,,,,,,,,
Drain-Source Breakdown Voltage,其他,NULL,1,1,100V,,,,,,,,,,
Voltage-Forward-Vf-Max-If,其他,NULL,1,1,380mV @ 100mA,,,,,,,,,,
Current-Average-Rectified-Io,其他,NULL,1,1,570mA (DC),,,,,,,,,,
Battery IEC Code,其他,NULL,1,1,-,,,,,,,,,,
Data Rate Architecture,其他,NULL,1,1,SDR,,,,,,,,,,
地区,其他,NULL,1,1,Europe,,,,,,,,,,
合规,其他,NULL,1,1,EN60950-1,,,,,,,,,,
Clamping Current,其他,NULL,1,1,2(A),,,,,,,,,,
Board-Side-Pitch,其他,NULL,1,1,0.100&quot; (2.54mm),,,,,,,,,,
剥线范围,其他,NULL,1,1,0.08 → 6mm²,,,,,,,,,,
Type of relay,其他,NULL,1,1,electromagnetic,,,,,,,,,,
Form,其他,NULL,1,1,with on/off switch,,,,,,,,,,
Service Options,其他,NULL,1,1,Capability Study,,,,,,,,,,
连接器 - 传感器,其他,NULL,1,1,矩形,,,,,,,,,,
Inside Diameter After Shrinking,其他,NULL,1,1,28/10,,,,,,,,,,
製品カテゴリ,其他,NULL,1,1,固定インダクタ,,,,,,,,,,
Number of cores,其他,NULL,1,1,6,,,,,,,,,,
Switching Regulator,其他,NULL,1,1,Yes,,,,,,,,,,
Marker Type,其他,NULL,1,1,Heat Shrinkable Sleeve,,,,,,,,,,
Hub Style,其他,NULL,1,1,Mains Powered,,,,,,,,,,
转换自,其他,NULL,1,1,SC,,,,,,,,,,
反向恢复时间Trr  Reverse Recovery Time,其他,NULL,1,1,25ns,,,,,,,,,,
Bezel Style,其他,NULL,1,1,Round,,,,,,,,,,
低电平输出电流,其他,NULL,1,1,8 mA,,,,,,,,,,
系列名称,其他,NULL,1,1,RX,,,,,,,,,,
"Current, Ratings",其他,NULL,1,1,2-1⁄2 A,,,,,,,,,,
Length Tolerance,其他,NULL,1,1,+⁄-0.031 in.,,,,,,,,,,
Lens Material,其他,NULL,1,1,-,,,,,,,,,,
Reverse Recovery Time trr Max,其他,NULL,1,1,35ns&quot;,,,,,,,,,,
Control Features,其他,NULL,1,1,"Enable, Power On Reset",,,,,,,,,,
Motor-Type-Stepper,其他,NULL,1,1,-,,,,,,,,,,
负荷调节,其他,NULL,1,1,40 mV,,,,,,,,,,
Capacitance measuring accuracy,其他,NULL,1,1,"±(1,5% + 5 digits)",,,,,,,,,,
Maximum-Voltage,其他,NULL,1,1,60 VDC,,,,,,,,,,
Number of colors,其他,NULL,1,1,1,,,,,,,,,,
Capacitance Measure Max,其他,NULL,1,1,1F,,,,,,,,,,
外壳尺寸 - 插件（转换自）,其他,NULL,1,1,-,,,,,,,,,,
Used With,其他,NULL,1,1,C22 Cap,,,,,,,,,,
Light Source Color,其他,NULL,1,1,Red,,,,,,,,,,
Frequency (Max),其他,NULL,1,1,2170(MHz),,,,,,,,,,
EEPROM 尺寸,其他,NULL,1,1,8KB,,,,,,,,,,
Reverse Recovery Time (trr),其他,NULL,1,1,35 ns,,,,,,,,,,
Lifetime,其他,NULL,1,1,3000(hr),,,,,,,,,,
Termination Resistance (RT or Rterm) (Typ),其他,NULL,1,1,50,,,,,,,,,,
Analog Supply Voltage,其他,NULL,1,1,1.8 V,,,,,,,,,,
Contact Voltage VDC,其他,NULL,1,1,28VDC,,,,,,,,,,
测试引线数量,其他,NULL,1,1,10,,,,,,,,,,
螺栓尺寸,其他,NULL,1,1,4mm,,,,,,,,,,
Current - Reverse Leakage @ Vr,其他,NULL,1,1,30 mA @ 1200 V,,,,,,,,,,
耗散功率Pc  Power dissipation,其他,NULL,1,1,1W,,,,,,,,,,
CAN 通道数,其他,NULL,1,1,2,,,,,,,,,,
Internal Diameter,其他,NULL,1,1,25.4mm,,,,,,,,,,
Better World产品,其他,NULL,1,1,是,,,,,,,,,,
连接器 - 电缆,其他,NULL,1,1,M12,,,,,,,,,,
Maximum Input Frequency,其他,NULL,1,1,6GHz,,,,,,,,,,
Max. diameter of measured cable,其他,NULL,1,1,42mm,,,,,,,,,,
Typical Response Time (ms),其他,NULL,1,1,80,,,,,,,,,,
Apparent power measurement,其他,NULL,1,1,10VA...60k/600kVA,,,,,,,,,,
ActualPackageType,其他,NULL,1,1,ST-176-1,,,,,,,,,,
PLL,其他,NULL,1,1,是,,,,,,,,,,
Voltage-Rated-DC,其他,NULL,1,1,-,,,,,,,,,,
IL (Short Circuit Current),其他,NULL,1,1,1.25 A,,,,,,,,,,
Compatible series,其他,NULL,1,1,UNA350PB / UNA350PB/D,,,,,,,,,,
最大输出峰值电流,其他,NULL,1,1,2.5A,,,,,,,,,,
Size - (mm),其他,NULL,1,1,4.78 X 11.51,,,,,,,,,,
模拟功能,其他,NULL,1,1,12 位 DAC,,,,,,,,,,
Software,其他,NULL,1,1,External,,,,,,,,,,
VESA Standard,其他,NULL,1,1,-,,,,,,,,,,
Connection / Termination,其他,NULL,1,1,-,,,,,,,,,,
도선 간격,其他,NULL,1,1,7.5 mm,,,,,,,,,,
Resistor Values,其他,NULL,1,1,1 kOhms,,,,,,,,,,
有效磁体体积（Ve） mm³,其他,NULL,1,1,-,,,,,,,,,,
Alignment Aids,其他,NULL,1,1,Camera,,,,,,,,,,
漏源极电压,其他,NULL,1,1,30V,,,,,,,,,,
LED Color,其他,NULL,1,1,Does Not Contain LED,,,,,,,,,,
电池化学,其他,NULL,1,1,镍金属氢化物,,,,,,,,,,
Load Rating,其他,NULL,1,1,200 Lb.,,,,,,,,,,
每级针脚数,其他,NULL,1,1,15,,,,,,,,,,
调光,其他,NULL,1,1,Without Dimming,,,,,,,,,,
Product Thickness,其他,NULL,1,1,2.2/1.3,,,,,,,,,,
Type of wire,其他,NULL,1,1,data transmission,,,,,,,,,,
No. of pairs,其他,NULL,1,1,3,,,,,,,,,,
内部壳体材料,其他,NULL,1,1,-,,,,,,,,,,
电流 - 饱和,其他,NULL,1,1,-,,,,,,,,,,
Lens Shape Type,其他,NULL,1,1,Circular,,,,,,,,,,
Adhesive Type,其他,NULL,1,1,High Performance Pre-Coat Adhesive,,,,,,,,,,
Government Qualified,其他,NULL,1,1,No,,,,,,,,,,
Inside Diameter Range (Body),其他,NULL,1,1,15.7 – 30.5 mm,,,,,,,,,,
Wire/Cable OD,其他,NULL,1,1,24 mm,,,,,,,,,,
Screen size,其他,NULL,1,1,6.5 inch,,,,,,,,,,
"存储器容量, RAM",其他,NULL,1,1,8GB,,,,,,,,,,
接通时间,其他,NULL,1,1,-,,,,,,,,,,
Form Factor,其他,NULL,1,1,mSATA,,,,,,,,,,
接端样式,其他,NULL,1,1,焊接,,,,,,,,,,
프로그램메모리크기,其他,NULL,1,1,16KB(16K x 8),,,,,,,,,,
No. of Output Channels,其他,NULL,1,1,2Channels,,,,,,,,,,
Maximum High Level Output Current,其他,NULL,1,1,-8 mA,,,,,,,,,,
25°C 时电阻,其他,NULL,1,1,300 Ohms,,,,,,,,,,
材料 - 磁铁,其他,NULL,1,1,铝镍钴合金 5 (AlNiCo),,,,,,,,,,
Beam Type,其他,NULL,1,1,-,,,,,,,,,,
Development Kit,其他,NULL,1,1,LM2623EV/NOPB,,,,,,,,,,
HDMI Rx,其他,NULL,1,1,Yes,,,,,,,,,,
最大反向电流IR(mA),其他,NULL,1,1,0.01,,,,,,,,,,
感应距离范围,其他,NULL,1,1,0mm 至 12.5mm,,,,,,,,,,
Fiber-Core-Diameter,其他,NULL,1,1,-,,,,,,,,,,
电流 - 非重复浪涌 50、60Hz (Itsm),其他,NULL,1,1,120A @ 50Hz,,,,,,,,,,
R(thJC),其他,NULL,1,1,0.5 K/W,,,,,,,,,,
Region-Utilized,其他,NULL,1,1,Internationally,,,,,,,,,,
Connector-AC-Output,其他,NULL,1,1,Screw Terminals,,,,,,,,,,
适配器 A 型,其他,NULL,1,1,SMA,,,,,,,,,,
Attachment Method,其他,NULL,1,1,Adhesive,,,,,,,,,,
电压输出的组数,其他,NULL,1,1,1,,,,,,,,,,
RAM(Byte),其他,NULL,1,1,232,,,,,,,,,,
Frequency Response,其他,NULL,1,1,-0.3 dB,,,,,,,,,,
Temperature Threshold,其他,NULL,1,1,Programmable,,,,,,,,,,
手动关断功能,其他,NULL,1,1,Yes,,,,,,,,,,
输出端数量Number of Outputs,其他,NULL,1,1,1,,,,,,,,,,
Rows-Loaded,其他,NULL,1,1,a + c,,,,,,,,,,
平均整流电流Io,其他,NULL,1,1,15A,,,,,,,,,,
Rate of Voltage Rise / (V/μs),其他,NULL,1,1,550,,,,,,,,,,
比较器类型,其他,NULL,1,1,Differential,,,,,,,,,,
Minimum DC Current Gain,其他,NULL,1,1,25,,,,,,,,,,
Current - Supply,其他,NULL,1,1,5.8mA (x2 Channels),,,,,,,,,,
Graduations,其他,NULL,1,1,-,,,,,,,,,,
Test Probe Attenuation,其他,NULL,1,1,10:1,,,,,,,,,,
水平电源电流,其他,NULL,1,1,30mA,,,,,,,,,,
垂直电源电压,其他,NULL,1,1,15V,,,,,,,,,,
Minimum Load Resistance (Ohm),其他,NULL,1,1,4,,,,,,,,,,
Input impedance,其他,NULL,1,1,1MΩ/25pF,,,,,,,,,,
Phase angle measuring resolution,其他,NULL,1,1,0.1°,,,,,,,,,,
Center Frequency (MHz),其他,NULL,1,1,1575.42,,,,,,,,,,
PackageDetail,其他,NULL,1,1,LQFP 1.4 MM,,,,,,,,,,
最小击穿电压,其他,NULL,1,1,86.5,,,,,,,,,,
No of Positions,其他,NULL,1,1,4,,,,,,,,,,
I2C通道数目,其他,NULL,1,1,1,,,,,,,,,,
Voltage Rating Max,其他,NULL,1,1,15V,,,,,,,,,,
Velocity Rate,其他,NULL,1,1,199.9mm/s,,,,,,,,,,
平均整流电流Io  Average Rectified Current(Io),其他,NULL,1,1,0.1A,,,,,,,,,,
Product Width (mm),其他,NULL,1,1,264.7,,,,,,,,,,
开发套件,其他,NULL,1,1,MAX2900EVKIT,,,,,,,,,,
Peak Forward Surge Current (10ms),其他,NULL,1,1,15 A,,,,,,,,,,
Gate-Source Threshold Voltage,其他,NULL,1,1,4V @ 250μA,,,,,,,,,,
"Size, Screen",其他,NULL,1,1,10.4 &quot;,,,,,,,,,,
Panel Cutout Width,其他,NULL,1,1,-,,,,,,,,,,
Number of Gangs,其他,NULL,1,1,1 Gang,,,,,,,,,,
Product Width,其他,NULL,1,1,6.35mm(Max),,,,,,,,,,
栅电流,其他,NULL,1,1,10mA,,,,,,,,,,
最大额定电压,其他,NULL,1,1,490 V,,,,,,,,,,
可充电性,其他,NULL,1,1,是,,,,,,,,,,
"Thickness, Material",其他,NULL,1,1,14 ga.,,,,,,,,,,
电压驻波比(VSWR),其他,NULL,1,1,1.5,,,,,,,,,,
最大RMS反向电压,其他,NULL,1,1,70V,,,,,,,,,,
平均整流输出电流,其他,NULL,1,1,10A,,,,,,,,,,
Tape Colour,其他,NULL,1,1,-,,,,,,,,,,
Color-Sensing,其他,NULL,1,1,Monochrome,,,,,,,,,,
Antenna-Connector,其他,NULL,1,1,-,,,,,,,,,,
Output-Current-Channel-3,其他,NULL,1,1,0.6 A,,,,,,,,,,
外部类型（适配器端）,其他,NULL,1,1,模块插孔 8p8c（RJ45 以太网）,,,,,,,,,,
电压 - 隔离Voltage - Isolation,其他,NULL,1,1,3750Vrms,,,,,,,,,,
Pulse voltage max.,其他,NULL,1,1,6kV/μs,,,,,,,,,,
Number-of-Drivers-Receivers,其他,NULL,1,1,2016/1/1,,,,,,,,,,
转换至,其他,NULL,1,1,SC,,,,,,,,,,
OS installed,其他,NULL,1,1,NONE,,,,,,,,,,
压接定位应用,其他,NULL,1,1,压接端子,,,,,,,,,,
Frequency - Transition,其他,NULL,1,1,5.5GHz,,,,,,,,,,
数位数量,其他,NULL,1,1,3.5,,,,,,,,,,
LED 数量,其他,NULL,1,1,1,,,,,,,,,,
Coaxial Cable Types,其他,NULL,1,1,"RG58, RG141, RG303",,,,,,,,,,
内部尺寸,其他,NULL,1,1,34 x 2mm,,,,,,,,,,
Contact Mating Area Plating Material,其他,NULL,1,1,"Selective gold-gold plated, Spring selective gold plated",,,,,,,,,,
螺纹,其他,NULL,1,1,M2.6,,,,,,,,,,
출력 전류,其他,NULL,1,1,2.85 A,,,,,,,,,,
EPROM(位),其他,NULL,1,1,512K,,,,,,,,,,
Current - Quiescent (Iq),其他,NULL,1,1,32μA,,,,,,,,,,
Audio Sampling Rate (kHz,其他,NULL,1,1,48,,,,,,,,,,
Connector-AC-Input,其他,NULL,1,1,Screw Terminals,,,,,,,,,,
数字数目,其他,NULL,1,1,10,,,,,,,,,,
最大平均正向电流(A),其他,NULL,1,1,8,,,,,,,,,,
Adjustment-Type,其他,NULL,1,1,-,,,,,,,,,,
电压 - 供电，模拟,其他,NULL,1,1,1.7V ~ 1.9V,,,,,,,,,,
VDE,其他,NULL,1,1,N Y/N,,,,,,,,,,
Cable Pitch,其他,NULL,1,1,1.27mm,,,,,,,,,,
Thread,其他,NULL,1,1,M8,,,,,,,,,,
最大非繰り返しサージ電流,其他,NULL,1,1,110A,,,,,,,,,,
Measurement Max,其他,NULL,1,1,-,,,,,,,,,,
Coded-Keyed,其他,NULL,1,1,-,,,,,,,,,,
IL - (uA),其他,NULL,1,1,1,,,,,,,,,,
No. of Channels,其他,NULL,1,1,-,,,,,,,,,,
A/D通道数(模块数),其他,NULL,1,1,10(1),,,,,,,,,,
VRRM(V),其他,NULL,1,1,600,,,,,,,,,,
RAM Controllers,其他,NULL,1,1,DRAM,,,,,,,,,,
1st Connector,其他,NULL,1,1,SMA Female Jack,,,,,,,,,,
环境温度(℃),其他,NULL,1,1,-40~85,,,,,,,,,,
True effective value measurement,其他,NULL,1,1,True RMS AC+DC,,,,,,,,,,
Overall Size,其他,NULL,1,1,80 mm H x 36 mm W x 8.8 mm D,,,,,,,,,,
DeliveryUnit,其他,NULL,1,1,1,,,,,,,,,,
Product Height (Imperial) (in),其他,NULL,1,1,0.018,,,,,,,,,,
Typical Contrast Ratio,其他,NULL,1,1,70:1,,,,,,,,,,
Driver Type,其他,NULL,1,1,LED,,,,,,,,,,
MOS最大栅源极电压Vgs(±)  Gate-Source Voltage,其他,NULL,1,1,±8V,,,,,,,,,,
MOS源漏极导通电阻Rds(on)  FET Drain-Source On-State Resistance,其他,NULL,1,1,"RDS(on)1 = 68 mΩ TYP. (VGS = −4.5 V, ID = −1.0 A)  RDS(on)2 ",,,,,,,,,,
Mode-of-Operation,其他,NULL,1,1,On Delay,,,,,,,,,,
GBW,其他,NULL,1,1,1615 MHz,,,,,,,,,,
复位门限 (V),其他,NULL,1,1,4.5/0.9,,,,,,,,,,
Maximum-Data-Rate,其他,NULL,1,1,12 Mbit/s,,,,,,,,,,
Diagnostics,其他,NULL,1,1,Digital,,,,,,,,,,
ton (Turn ON time)  max,其他,NULL,1,1,75.0 µs,,,,,,,,,,
Sensor Terminals,其他,NULL,1,1,Connector,,,,,,,,,,
最大频率,其他,NULL,1,1,32MHz,,,,,,,,,,
TA(°C),其他,NULL,1,1,-55-125,,,,,,,,,,
Dimensions (width),其他,NULL,1,1,140.0 mm,,,,,,,,,,
Header-Orientation,其他,NULL,1,1,Vertical,,,,,,,,,,
Center Contact Plating,其他,NULL,1,1,Gold,,,,,,,,,,
总体深度,其他,NULL,1,1,270mm,,,,,,,,,,
瞬间反转电流IR(Max.)(mA),其他,NULL,1,1,0.1,,,,,,,,,,
频率 - 工作,其他,NULL,1,1,50/60Hz,,,,,,,,,,
Insertion Loss Typ.,其他,NULL,1,1,2.5 dB,,,,,,,,,,
从性别转换,其他,NULL,1,1,Jack,,,,,,,,,,
Charge Injection,其他,NULL,1,1,100pC,,,,,,,,,,
Access Time,其他,NULL,1,1,3.1,,,,,,,,,,
Image-Size,其他,NULL,1,1,2048 H x 2048 V,,,,,,,,,,
工具用于评估,其他,NULL,1,1,ADNS-3080,,,,,,,,,,
Integrated FANs,其他,NULL,1,1,1,,,,,,,,,,
Inside Diameter Before Shrinking,其他,NULL,1,1,43/43,,,,,,,,,,
Shaft Type,其他,NULL,1,1,Slotted,,,,,,,,,,
Size (mm),其他,NULL,1,1,8 X 20,,,,,,,,,,
Synchronous Pin,其他,NULL,1,1,No,,,,,,,,,,
Shut Down Support,其他,NULL,1,1,No,,,,,,,,,,
Mounting Orientation,其他,NULL,1,1,Top Mount,,,,,,,,,,
最大正向电流,其他,NULL,1,1,2A,,,,,,,,,,
Special Requirements,其他,NULL,1,1,Flame Retarded,,,,,,,,,,
SSD Connector,其他,NULL,1,1,CFAST,,,,,,,,,,
Panel height,其他,NULL,1,1,49 mm,,,,,,,,,,
RAM 容量/已安装,其他,NULL,1,1,8GB/0GB,,,,,,,,,,
静态 dV/dt（最小值）,其他,NULL,1,1,1kV/µs,,,,,,,,,,
最大电流时的降电压,其他,NULL,1,1,140mV,,,,,,,,,,
片段数量,其他,NULL,1,1,7,,,,,,,,,,
Relay type,其他,NULL,1,1,solid state,,,,,,,,,,
Control current max.,其他,NULL,1,1,3mA,,,,,,,,,,
Lens Diameter,其他,NULL,1,1,23.6mm,,,,,,,,,,
电阻器匹配率,其他,NULL,1,1,-,,,,,,,,,,
Power Gain (Typ)@Vds,其他,NULL,1,1,17.3@28V(dB),,,,,,,,,,
字数,其他,NULL,1,1,32 K,,,,,,,,,,
面板孔尺寸,其他,NULL,1,1,-,,,,,,,,,,
仪表精确度,其他,NULL,1,1,±0.5%,,,,,,,,,,
电容比 Capacitance ratio C1V/C4V,其他,NULL,1,1,2.8,,,,,,,,,,
Maximum Output Current (mA),其他,NULL,1,1,1500@18V,,,,,,,,,,
CO measuring resolution,其他,NULL,1,1,1ppm,,,,,,,,,,
WLAN standard,其他,NULL,1,1,a/b/g/n/ac,,,,,,,,,,
Cord-Length,其他,NULL,1,1,-,,,,,,,,,,
输出电压/电流,其他,NULL,1,1,5V / 150mA,,,,,,,,,,
No of Outputs,其他,NULL,1,1,Dual,,,,,,,,,,
Dielectric Material,其他,NULL,1,1,Polytetrafluoroethylene (PTFE),,,,,,,,,,
电压 - 供电，数字,其他,NULL,1,1,1.7V ~ 1.9V,,,,,,,,,,
Control Interface,其他,NULL,1,1,Serial,,,,,,,,,,
Socket size,其他,NULL,1,1,4mm,,,,,,,,,,
Apparent power measuring accuracy,其他,NULL,1,1,±(5% + 20 digits),,,,,,,,,,
Current - On State (It (RMS)) (Max),其他,NULL,1,1,16A,,,,,,,,,,
Duty cycle factor measurement accuracy,其他,NULL,1,1,"±(1,2% + 2 digits)",,,,,,,,,,
Overall dimensions (W x D x H),其他,NULL,1,1,83 x 57 x 184mm,,,,,,,,,,
Transistor Polarity,其他,NULL,1,1,P-Channel,,,,,,,,,,
ModelName,其他,NULL,1,1,AD55/054Z-0,,,,,,,,,,
峰值反向重复电压,其他,NULL,1,1,1000V,,,,,,,,,,
No. of Fibres,其他,NULL,1,1,1Fibres,,,,,,,,,,
"Voltage - Supply, Dual (V±)",其他,NULL,1,1,±4.5V ~ 11V,,,,,,,,,,
速度 - 写入,其他,NULL,1,1,-,,,,,,,,,,
Forward (Drive) Current,其他,NULL,1,1,20mA,,,,,,,,,,
Lead Spacing A (inch),其他,NULL,1,1,.15,,,,,,,,,,
MOS最大漏极电流Id  Drain Current,其他,NULL,1,1,-2.0A,,,,,,,,,,
装配孔直径,其他,NULL,1,1,17.3mm,,,,,,,,,,
Feed Type,其他,NULL,1,1,Mechanical,,,,,,,,,,
Switch Continuous Current,其他,NULL,1,1,20 mA,,,,,,,,,,
Sub-Category,其他,NULL,1,1,Optical Fiber Enclosure,,,,,,,,,,
Current-Reverse-Leakage-Vr,其他,NULL,1,1,6μA @ 10V,,,,,,,,,,
Vrrm-Repetitive-Reverse-Voltage,其他,NULL,1,1,10 V,,,,,,,,,,
Maximum-Operating-Frequency,其他,NULL,1,1,205 MHz,,,,,,,,,,
Approvals / Standards,其他,NULL,1,1,-,,,,,,,,,,
不同 If、F 时电阻,其他,NULL,1,1,3 欧姆 @ 10mA，100MHz,,,,,,,,,,
Dimensions   (length),其他,NULL,1,1,190.0mm,,,,,,,,,,
Slot bracket,其他,NULL,1,1,Y Y/N,,,,,,,,,,
Transceivers amount,其他,NULL,1,1,1,,,,,,,,,,
线性电流,其他,NULL,1,1,140mA,,,,,,,,,,
SRAM(bit),其他,NULL,1,1,1M,,,,,,,,,,
天线安装,其他,NULL,1,1,线缆,,,,,,,,,,
传感器本体材料,其他,NULL,1,1,-,,,,,,,,,,
パッケージ化,其他,NULL,1,1,Reel,,,,,,,,,,
最大反向漏电流,其他,NULL,1,1,50nA,,,,,,,,,,
Inside-Length,其他,NULL,1,1,27 mm,,,,,,,,,,
主要目的,其他,NULL,1,1,"Reference Design, Optical Mouse",,,,,,,,,,
"Extern.3,5 inch",其他,NULL,1,1,1,,,,,,,,,,
Io(A),其他,NULL,1,1,8,,,,,,,,,,
Thermocouple Type,其他,NULL,1,1,"J, K",,,,,,,,,,
Limit Switch Actuator,其他,NULL,1,1,Side Rotary,,,,,,,,,,
内部类型（适配器端）,其他,NULL,1,1,IDC，下压型，分线盒,,,,,,,,,,
内部触头材料,其他,NULL,1,1,-,,,,,,,,,,
像素尺寸,其他,NULL,1,1,25x25,,,,,,,,,,
Off Isolation - Typ,其他,NULL,1,1,78 dB,,,,,,,,,,
USB 规格,其他,NULL,1,1,USB 3.0,,,,,,,,,,
电源电流—最大值,其他,NULL,1,1,1.8 mA,,,,,,,,,,
LED Lens Color,其他,NULL,1,1,Green,,,,,,,,,,
精准度,其他,NULL,1,1,±3%,,,,,,,,,,
Cable Diameter Min - Metric,其他,NULL,1,1,5.8,,,,,,,,,,
Cable Diameter Max - Imperial,其他,NULL,1,1,0.4,,,,,,,,,,
轨至轨,其他,NULL,1,1,Rail to Rail Output,,,,,,,,,,
看门狗计时器,其他,NULL,1,1,Watchdog,,,,,,,,,,
Seal,其他,NULL,1,1,Unsealed,,,,,,,,,,
Contact Resistance Max,其他,NULL,1,1,5(mohm),,,,,,,,,,
Maximum Drain Source Voltage (V),其他,NULL,1,1,25,,,,,,,,,,
Utilized IC / Part,其他,NULL,1,1,ADIS16354,,,,,,,,,,
Repetitive peak reverse voltage,其他,NULL,1,1,200V,,,,,,,,,,
Terminal Design,其他,NULL,1,1,Screw,,,,,,,,,,
Oscilloscope Probe Function,其他,NULL,1,1,Passive,,,,,,,,,,
Web Features,其他,NULL,1,1,"&lt;li&gt;Universal Voltage: 12-240 VDC, 24-240 VAC &lt;li&g",,,,,,,,,,
en - 输入电压噪声密度,其他,NULL,1,1,7 nV/rtHz,,,,,,,,,,
Operating Temperature Max Deg. C,其他,NULL,1,1,85C,,,,,,,,,,
动态电阻Rdyn,其他,NULL,1,1,0.23Ω,,,,,,,,,,
Luminous Intensity,其他,NULL,1,1,1000 cd/m&lt;sup&gt;2&lt;/sup&gt;,,,,,,,,,,
Outside-Width,其他,NULL,1,1,8 mm,,,,,,,,,,
Measurement Rate,其他,NULL,1,1,-,,,,,,,,,,
隔离,其他,NULL,1,1,-,,,,,,,,,,
Input-Voltage-MAX,其他,NULL,1,1,40 V,,,,,,,,,,
饱和电流Current - Saturation,其他,NULL,1,1,1800mA,,,,,,,,,,
状态提示及使能控制,其他,NULL,1,1,Yes,,,,,,,,,,
Security,其他,NULL,1,1,No,,,,,,,,,,
数据总线宽度,其他,NULL,1,1,32Bit,,,,,,,,,,
Triac Type,其他,NULL,1,1,Standard,,,,,,,,,,
Surge Current Rating (A),其他,NULL,1,1,5120,,,,,,,,,,
输入电压(输出开),其他,NULL,1,1,0V～24V,,,,,,,,,,
电池备用开关,其他,NULL,1,1,Backup,,,,,,,,,,
抗辐射,其他,NULL,1,1,Yes,,,,,,,,,,
长度 - 尖头,其他,NULL,1,1,-,,,,,,,,,,
开关致动液位,其他,NULL,1,1,-,,,,,,,,,,
Wire cross section,其他,NULL,1,1,0.75mm2,,,,,,,,,,
Maximum-DC-Collector-Current,其他,NULL,1,1,4 A,,,,,,,,,,
步进分辨率,其他,NULL,1,1,-,,,,,,,,,,
Simplex-Duplex,其他,NULL,1,1,-,,,,,,,,,,
典型上升时间,其他,NULL,1,1,60µs,,,,,,,,,,
Maximum Power Dissipation (mW),其他,NULL,1,1,3500,,,,,,,,,,
Operating-Temperature-Junction,其他,NULL,1,1,-,,,,,,,,,,
trr-Reverse-Recovery-time,其他,NULL,1,1,3 ns,,,,,,,,,,
反向漏电流IR,其他,NULL,1,1,5uA,,,,,,,,,,
PCIe x16,其他,NULL,1,1,1,,,,,,,,,,
压接模具应用,其他,NULL,1,1,Amphenol SMA Connectors,,,,,,,,,,
总体宽度,其他,NULL,1,1,237mm,,,,,,,,,,
最大连续正向电流,其他,NULL,1,1,2A,,,,,,,,,,
Housing material,其他,NULL,1,1,PBT/ライトgray,,,,,,,,,,
Drain current,其他,NULL,1,1,75A,,,,,,,,,,
线性电压,其他,NULL,1,1,0.4 ~ 12 V,,,,,,,,,,
准确性,其他,NULL,1,1,±2 °C,,,,,,,,,,
Screw-Plating,其他,NULL,1,1,Tin,,,,,,,,,,
"Rating, Load",其他,NULL,1,1,200 lbs.,,,,,,,,,,
按钮标记,其他,NULL,1,1,向上箭头,,,,,,,,,,
按钮直径,其他,NULL,1,1,40mm,,,,,,,,,,
Max On Resistance,其他,NULL,1,1,450 mOhm,,,,,,,,,,
"Max Switch Time (Ton,Toff)",其他,NULL,1,1,"20ns, 12ns",,,,,,,,,,
Quantity per package,其他,NULL,1,1,"3,500",,,,,,,,,,
外壳/屏蔽材料,其他,NULL,1,1,磷青铜,,,,,,,,,,
Temperature,其他,NULL,1,1,- 20 C to + 80 C,,,,,,,,,,
精度 %,其他,NULL,1,1,0.5%,,,,,,,,,,
PSU manufact.,其他,NULL,1,1,ZIPPY,,,,,,,,,,
Lock.front door,其他,NULL,1,1,NONE,,,,,,,,,,
电流 - 静态（最大值）,其他,NULL,1,1,40 µA,,,,,,,,,,
最大电缆长度,其他,NULL,1,1,-,,,,,,,,,,
额定电压(V),其他,NULL,1,1,10,,,,,,,,,,
Number of Detents,其他,NULL,1,1,No Detent,,,,,,,,,,
颜色感应,其他,NULL,1,1,Monochrome,,,,,,,,,,
I.D. Min,其他,NULL,1,1,2.97mm,,,,,,,,,,
Number-of-Transceivers,其他,NULL,1,1,1 Transceiver,,,,,,,,,,
Wire/Cable Sm Branch OD,其他,NULL,1,1,.47 in,,,,,,,,,,
扩展站点/总线,其他,NULL,1,1,半 Mini-PCIe，全 Mini-PCIe,,,,,,,,,,
Capacity (byte),其他,NULL,1,1,240G,,,,,,,,,,
ECC Support,其他,NULL,1,1,No,,,,,,,,,,
Button marking,其他,NULL,1,1,I,,,,,,,,,,
收集器发射器电压,其他,NULL,1,1,18V,,,,,,,,,,
Rise Time,其他,NULL,1,1,0.18 to 0.175 ns,,,,,,,,,,
Voltage - Collector Emitter Breakdown (Maximum),其他,NULL,1,1,15V,,,,,,,,,,
Input Channels,其他,NULL,1,1,USB or AC Adapter,,,,,,,,,,
"Color, Button",其他,NULL,1,1,Green,,,,,,,,,,
최대 입력 전압,其他,NULL,1,1,14 V,,,,,,,,,,
仪表显示类型,其他,NULL,1,1,-,,,,,,,,,,
Maximum Movement Differential,其他,NULL,1,1,0.06 mm,,,,,,,,,,
VITA Standard,其他,NULL,1,1,VITA 46,,,,,,,,,,
Filter Type,其他,NULL,1,1,Flame Retardant Synthetic,,,,,,,,,,
栅源极阈值电压,其他,NULL,1,1,4V @ 250uA,,,,,,,,,,
输入电压（最大值）,其他,NULL,1,1,5.25V,,,,,,,,,,
Lens-Dimensions,其他,NULL,1,1,10 mm,,,,,,,,,,
出口数,其他,NULL,1,1,-,,,,,,,,,,
Reg./Unreg.,其他,NULL,1,1,0.5,,,,,,,,,,
Trip Current,其他,NULL,1,1,5.8(A),,,,,,,,,,
Vos - 输入偏置电压,其他,NULL,1,1,4 mV,,,,,,,,,,
线路电容CL,其他,NULL,1,1,0.4pF 0.65pF,,,,,,,,,,
On/Off Logic,其他,NULL,1,1,NEGATIVE,,,,,,,,,,
Inductance Measure Max,其他,NULL,1,1,100kH,,,,,,,,,,
Typical Brightness (cd/m2),其他,NULL,1,1,100,,,,,,,,,,
Minimum Insulation Resistance,其他,NULL,1,1,1000 m,,,,,,,,,,
Operating temp.,其他,NULL,1,1,0 TO +60°C,,,,,,,,,,
Chipset manufac,其他,NULL,1,1,INTEL,,,,,,,,,,
输入失调电压(Max.) (mV),其他,NULL,1,1,10,,,,,,,,,,
Timer Output,其他,NULL,1,1,-,,,,,,,,,,
Fiber-Diameter,其他,NULL,1,1,62.5 um 125 um,,,,,,,,,,
Primary-Impedance,其他,NULL,1,1,150 Ohm CT,,,,,,,,,,
Fastening Type,其他,NULL,1,1,Bayonet Lock,,,,,,,,,,
SR-Slew-Rate,其他,NULL,1,1,7 V/us,,,,,,,,,,
电容值Capacitance,其他,NULL,1,1,0.022uF,,,,,,,,,,
@反向电压VR @Reverse Voltage,其他,NULL,1,1,4V,,,,,,,,,,
Output current,其他,NULL,1,1,250mA,,,,,,,,,,
电机类型 - 步进,其他,NULL,1,1,-,,,,,,,,,,
切面高度,其他,NULL,1,1,92mm,,,,,,,,,,
Wire size,其他,NULL,1,1,24...18AWG,,,,,,,,,,
Emissivity value,其他,NULL,1,1,"0,1...1",,,,,,,,,,
유형,其他,NULL,1,1,"스텝다운(벅), 스텝업(부스트), 반전",,,,,,,,,,
Chromatic coordinates,其他,NULL,1,1,x: 0.35; y: 0.5,,,,,,,,,,
동기식 정류기,其他,NULL,1,1,없음,,,,,,,,,,
Fiber Diameter,其他,NULL,1,1,"9 um, 125 um",,,,,,,,,,
Gas Detector Type,其他,NULL,1,1,Multi Gas,,,,,,,,,,
图象大小,其他,NULL,1,1,1024像素,,,,,,,,,,
Type of transistor,其他,NULL,1,1,N-MOSFET,,,,,,,,,,
可编程输入带宽(MHz),其他,NULL,1,1,100~780,,,,,,,,,,
Phase angle measurement,其他,NULL,1,1,-60...60°,,,,,,,,,,
传播延迟,其他,NULL,1,1,-,,,,,,,,,,
比较器组数,其他,NULL,1,1,2,,,,,,,,,,
倒退间距,其他,NULL,1,1,-,,,,,,,,,,
Timing-Range,其他,NULL,1,1,0.55 s to 15 s,,,,,,,,,,
材料 - 尖头,其他,NULL,1,1,铍铜，黄铜，不锈钢,,,,,,,,,,
直流电阻,其他,NULL,1,1,1500Ω,,,,,,,,,,
压差典型值(V),其他,NULL,1,1,0.4,,,,,,,,,,
输出电压最小值,其他,NULL,1,1,200mV,,,,,,,,,,
조명 색상,其他,NULL,1,1,"Red, Green",,,,,,,,,,
套件分类,其他,NULL,1,1,评估测试板,,,,,,,,,,
Vertical resolution,其他,NULL,1,1,10bit,,,,,,,,,,
硬件,其他,NULL,1,1,应力消除,,,,,,,,,,
Matching board,其他,NULL,1,1,AIMB-270,,,,,,,,,,
DCR Typ,其他,NULL,1,1,0.4 Ohms,,,,,,,,,,
转换器数量,其他,NULL,1,1,2 Converter,,,,,,,,,,
引线节距,其他,NULL,1,1,15mm,,,,,,,,,,
Slots,其他,NULL,1,1,8,,,,,,,,,,
辅助作用,其他,NULL,1,1,-,,,,,,,,,,
切边,其他,NULL,1,1,-,,,,,,,,,,
Wire-Termination,其他,NULL,1,1,Screw,,,,,,,,,,
Breaking capacity,其他,NULL,1,1,200kA,,,,,,,,,,
阻值,其他,NULL,1,1,厚膜车用,,,,,,,,,,
最大反向漏电流IR(nA),其他,NULL,1,1,2,,,,,,,,,,
闸/源截止电压,其他,NULL,1,1,- 1.5 V,,,,,,,,,,
Maximum Input Bias Current,其他,NULL,1,1,0.007@±15V uA,,,,,,,,,,
Type of logger,其他,NULL,1,1,sound,,,,,,,,,,
Adhesive Code,其他,NULL,1,1,86,,,,,,,,,,
"RS-232 (422, 485)",其他,NULL,1,1,4,,,,,,,,,,
Tool Body Material,其他,NULL,1,1,Plastic,,,,,,,,,,
震荡频率Oscillation Frequency,其他,NULL,1,1,120kHz,,,,,,,,,,
Memory Size,其他,NULL,1,1,64 Mbit,,,,,,,,,,
Breakover voltage,其他,NULL,1,1,28...36V,,,,,,,,,,
频谱分析仪类型,其他,NULL,1,1,台式,,,,,,,,,,
