key,in_prajson,in_prajson2,prajson_covered_ids,prajson2_covered_ids,std_attr_cn,std_attr_code,unit_std,db_type,precision,value_domain,l2_scope,is_l2_common,description_prompt,note
生命周期,0,1,0,6057405,,,,,,,,,,
Reach Compliance Code,0,1,0,6057293,,,,,,,,,,
风险等级,0,1,0,6044973,,,,,,,,,,
Base Number Matches,0,1,0,5589971,,,,,,,,,,
是否Rohs认证,0,1,0,4491024,,,,,,,,,,
表面贴装,0,1,0,3913962,,,,,,,,,,
最高工作温度,1,1,43,3874533,,,,,,,,,,
包装说明,0,1,0,3783518,,,,,,,,,,
最低工作温度,1,1,40,3641767,,,,,,,,,,
ECCN代码,1,1,281760,3205438,,,,,,,,,,
IHS 制造商,0,1,0,3349045,,,,,,,,,,
JESD-609代码,0,1,0,3265359,,,,,,,,,,
HTS代码,1,1,76388,3109873,,,,,,,,,,
端子数量,0,1,0,3149634,,,,,,,,,,
端子面层,0,1,0,2766075,,,,,,,,,,
是否无铅,0,1,0,2761757,,,,,,,,,,
封装形状,0,1,0,2666527,,,,,,,,,,
封装形式,0,1,0,2654334,,,,,,,,,,
其他特性,0,1,0,2197594,,,,,,,,,,
端子位置,0,1,0,2188219,,,,,,,,,,
封装主体材料,0,1,0,2057697,,,,,,,,,,
技术,1,1,35,2006835,,,,,,,,,,
端子形式,0,1,0,1993422,,,,,,,,,,
JESD-30 代码,0,1,0,1989886,,,,,,,,,,
长度,1,1,721732,1202919,,,,,,,,,,
制造商序列号,0,1,0,1866931,,,,,,,,,,
认证状态,0,1,0,1853168,,,,,,,,,,
安装方式,1,1,1365038,474994,,,,,,,,,,
RoHS标准,1,0,1775870,0,,,,,,,,,,
宽度,1,1,631942,1131897,,,,,,,,,,
子类别,1,1,725,1703784,,,,,,,,,,
安装特点,0,1,0,1688974,,,,,,,,,,
端子节距,0,1,0,1652073,,,,,,,,,,
产品生命周期,1,0,1584762,0,,,,,,,,,,
含铅标准,1,0,1532533,0,,,,,,,,,,
功能数量,0,1,0,1460317,,,,,,,,,,
Is Samacsys,0,1,0,1450493,,,,,,,,,,
峰值回流温度（摄氏度）,0,1,0,1434135,,,,,,,,,,
处于峰值回流温度下的最长时间,0,1,0,1434132,,,,,,,,,,
包装方式,1,0,1363670,0,,,,,,,,,,
针数,0,1,0,1330047,,,,,,,,,,
封装,1,0,1312315,0,,,,,,,,,,
零件包装代码,0,1,0,1228044,,,,,,,,,,
工作温度,1,1,1138826,4,,,,,,,,,,
温度等级,0,1,0,1133539,,,,,,,,,,
封装代码,0,1,0,1058602,,,,,,,,,,
容差,1,1,361264,671784,,,,,,,,,,
连接器类型,1,1,391,1028227,,,,,,,,,,
包装方法,0,1,0,1019809,,,,,,,,,,
高度,1,1,774207,224385,,,,,,,,,,
配置,1,1,68,943523,,,,,,,,,,
座面最大高度,0,1,0,921266,,,,,,,,,,
端子形状,0,1,0,914548,,,,,,,,,,
端接类型,1,1,749,907593,,,,,,,,,,
工作温度(Max),1,0,882505,0,,,,,,,,,,
安装类型,1,1,3243,865125,,,,,,,,,,
工作温度(Min),1,0,868091,0,,,,,,,,,,
元件数量,0,1,0,801530,,,,,,,,,,
温度系数,1,1,201514,588616,,,,,,,,,,
联系完成配合,0,1,0,787569,,,,,,,,,,
MIL 符合性,0,1,0,767792,,,,,,,,,,
DIN 符合性,0,1,0,766701,,,,,,,,,,
IEC 符合性,0,1,0,765845,,,,,,,,,,
触点总数,0,1,0,762953,,,,,,,,,,
触点性别,0,1,0,762436,,,,,,,,,,
电阻,1,1,222518,510338,,,,,,,,,,
选件,0,1,0,728444,,,,,,,,,,
引脚数,1,0,726216,0,,,,,,,,,,
极性,1,1,192176,528298,,,,,,,,,,
湿度敏感等级,0,1,0,715786,,,,,,,,,,
封装等效代码,0,1,0,705283,,,,,,,,,,
物理尺寸,0,1,0,669237,,,,,,,,,,
滤波功能,0,1,0,661098,,,,,,,,,,
混合触点,0,1,0,658169,,,,,,,,,,
触点材料,1,1,28,652773,,,,,,,,,,
联系完成终止,0,1,0,614606,,,,,,,,,,
标称供电电压,0,1,0,602117,,,,,,,,,,
二极管类型,1,1,64,591340,,,,,,,,,,
电源,0,1,0,582433,,,,,,,,,,
标称供电电压 (Vsup),0,1,0,580555,,,,,,,,,,
电容,1,1,196587,378986,,,,,,,,,,
频率稳定性,1,1,2,564424,,,,,,,,,,
电阻器类型,0,1,0,554260,,,,,,,,,,
最大供电电压 (Vsup),0,1,0,542358,,,,,,,,,,
最小供电电压 (Vsup),0,1,0,542253,,,,,,,,,,
额定功率耗散 (P),0,1,0,540568,,,,,,,,,,
二极管元件材料,0,1,0,524303,,,,,,,,,,
装载的行数,0,1,0,498721,,,,,,,,,,
工作电压,1,1,38255,449717,,,,,,,,,,
最大供电电压,0,1,0,473193,,,,,,,,,,
构造,0,1,0,463302,,,,,,,,,,
参考标准,0,1,0,462503,,,,,,,,,,
最小供电电压,0,1,0,460230,,,,,,,,,,
系列,1,1,5857,446538,,,,,,,,,,
标称工作频率,0,1,0,435136,,,,,,,,,,
模拟集成电路 - 其他类型,0,1,0,422822,,,,,,,,,,
封装长度,0,1,0,422016,,,,,,,,,,
尺寸代码,0,1,0,421521,,,,,,,,,,
制造应用,1,0,421484,0,,,,,,,,,,
额定温度,0,1,0,414807,,,,,,,,,,
Factory Lead Time,0,1,0,409990,,,,,,,,,,
额定电压,1,1,316479,86702,,,,,,,,,,
外壳连接,0,1,0,390575,,,,,,,,,,
主体/外壳类型,0,1,0,379226,,,,,,,,,,
主体宽度,1,1,3,376866,,,,,,,,,,
JEDEC-95代码,0,1,0,368963,,,,,,,,,,
最大功率耗散,1,1,1,367513,,,,,,,,,,
插接信息,0,1,0,348772,,,,,,,,,,
电容器类型,0,1,0,344752,,,,,,,,,,
工作模式,1,1,1,341721,,,,,,,,,,
额定（直流）电压（URdc）,0,1,0,340955,,,,,,,,,,
额定电压(DC),1,0,337920,0,,,,,,,,,,
介电材料,1,1,46,336505,,,,,,,,,,
最大压摆率,0,1,0,335583,,,,,,,,,,
振荡器类型,1,1,3,333949,,,,,,,,,,
外壳材料,1,1,161,333216,,,,,,,,,,
最大输入电压,1,1,2,331504,,,,,,,,,,
正容差,0,1,0,329878,,,,,,,,,,
负容差,0,1,0,329736,,,,,,,,,,
最小输入电压,1,1,3,328581,,,,,,,,,,
额定电流,1,1,206964,110086,,,,,,,,,,
频率调整-机械,0,1,0,314245,,,,,,,,,,
额定功率,1,1,308493,1341,,,,,,,,,,
组织,0,1,0,304224,,,,,,,,,,
老化,0,1,0,298438,,,,,,,,,,
最长下降时间,0,1,0,292065,,,,,,,,,,
绝缘体材料,0,1,0,286732,,,,,,,,,,
最大对称度,0,1,0,282156,,,,,,,,,,
字数代码,0,1,0,277511,,,,,,,,,,
字数,1,1,1,277510,,,,,,,,,,
内存宽度,0,1,0,277228,,,,,,,,,,
内存密度,0,1,0,276547,,,,,,,,,,
封装宽度,0,1,0,274193,,,,,,,,,,
封装高度,0,1,0,273706,,,,,,,,,,
内存集成电路类型,0,1,0,272104,,,,,,,,,,
最大重复峰值反向电压,0,1,0,270417,,,,,,,,,,
最长上升时间,0,1,0,268686,,,,,,,,,,
空壳,0,1,0,264795,,,,,,,,,,
频率容差,1,1,9997,254209,,,,,,,,,,
最大工作频率,0,1,0,263646,,,,,,,,,,
晶体/谐振器类型,0,1,0,261107,,,,,,,,,,
最大电压容差,0,1,0,260759,,,,,,,,,,
输出次数,0,1,0,259151,,,,,,,,,,
最小工作频率,0,1,0,256885,,,,,,,,,,
绝缘电阻,1,1,51518,199349,,,,,,,,,,
驱动电平,0,1,0,249597,,,,,,,,,,
颜色,1,1,141221,103661,,,,,,,,,,
串联电阻,0,1,0,241997,,,,,,,,,,
Brand Name,0,1,0,240718,,,,,,,,,,
针脚数,1,0,236032,0,,,,,,,,,,
触点数,1,1,185171,49694,,,,,,,,,,
并行/串行,0,1,0,228912,,,,,,,,,,
最长访问时间,0,1,0,228078,,,,,,,,,,
工作测试电流,0,1,0,225583,,,,,,,,,,
标称参考电压,0,1,0,225039,,,,,,,,,,
标称输出电压,0,1,0,223741,,,,,,,,,,
主体长度或直径,0,1,0,223514,,,,,,,,,,
标称输入电压,0,1,0,223197,,,,,,,,,,
最大输出电流,1,1,2,222721,,,,,,,,,,
可靠性,0,1,0,222718,,,,,,,,,,
触点样式,0,1,0,222376,,,,,,,,,,
封装(公制),1,0,221242,0,,,,,,,,,,
输出负载,0,1,0,220783,,,,,,,,,,
REACH SVHC版本,1,0,220170,0,,,,,,,,,,
UL 易燃性代码,0,1,0,215618,,,,,,,,,,
主体高度,1,1,12,215445,,,,,,,,,,
触点材质,1,0,215184,0,,,,,,,,,,
主体长度,1,1,3,214064,,,,,,,,,,
主体深度,0,1,0,214065,,,,,,,,,,
输出特性,0,1,0,213833,,,,,,,,,,
光电设备类型,0,1,0,204958,,,,,,,,,,
电源电压,1,0,202972,0,,,,,,,,,,
负载电容,1,1,14581,188083,,,,,,,,,,
REACH SVHC标准,1,0,202599,0,,,,,,,,,,
插接触点节距,0,1,0,199553,,,,,,,,,,
位数,1,1,79372,120172,,,,,,,,,,
外壳尺寸,0,1,0,199229,,,,,,,,,,
触点模式,0,1,0,196489,,,,,,,,,,
微调/可调输出,0,1,0,187403,,,,,,,,,,
测试频率,1,1,49117,138225,,,,,,,,,,
输出接口数,1,0,186850,0,,,,,,,,,,
外壳面层,0,1,0,185294,,,,,,,,,,
最大输出电压,0,1,0,185219,,,,,,,,,,
阻值偏差,1,0,183941,0,,,,,,,,,,
屏蔽,1,1,14437,167867,,,,,,,,,,
耗散功率,1,0,181032,0,,,,,,,,,,
最小输出电压,0,1,0,180768,,,,,,,,,,
极性/信道类型,0,1,0,177630,,,,,,,,,,
触点电阻,0,1,0,176186,,,,,,,,,,
电感器类型,0,1,0,175932,,,,,,,,,,
额定电流（信号）,0,1,0,174651,,,,,,,,,,
直径,1,1,76872,97348,,,,,,,,,,
逻辑集成电路类型,0,1,0,171781,,,,,,,,,,
最大总功率输出,0,1,0,169949,,,,,,,,,,
产品系列,1,0,167371,0,,,,,,,,,,
纹波电流,1,1,50825,116040,,,,,,,,,,
电镀厚度,0,1,0,165558,,,,,,,,,,
标称电感 (L),0,1,0,165357,,,,,,,,,,
最小包装,1,0,164268,0,,,,,,,,,,
晶体管元件材料,0,1,0,162148,,,,,,,,,,
直流电阻,1,1,1,158801,,,,,,,,,,
形状/尺寸说明,0,1,0,157343,,,,,,,,,,
最大负载调整率,0,1,0,157316,,,,,,,,,,
端子长度,0,1,0,154767,,,,,,,,,,
最小击穿电压,1,1,1,152287,,,,,,,,,,
电感器应用,0,1,0,152137,,,,,,,,,,
制造商包装代码,0,1,0,151859,,,,,,,,,,
耦合类型,0,1,0,151224,,,,,,,,,,
最大待机电流,0,1,0,150177,,,,,,,,,,
信道数量,0,1,0,150082,,,,,,,,,,
最大额定电流,1,1,1,146265,,,,,,,,,,
PCB接触模式,0,1,0,145419,,,,,,,,,,
封装直径,0,1,0,145332,,,,,,,,,,
开关类型,0,1,0,143391,,,,,,,,,,
引线直径,1,1,12,142914,,,,,,,,,,
连接器数,0,1,0,141878,,,,,,,,,,
电路数,1,0,140201,0,,,,,,,,,,
PCB行数,0,1,0,139750,,,,,,,,,,
介电耐压,0,1,0,137781,,,,,,,,,,
最大非重复峰值反向功率耗散,0,1,0,135314,,,,,,,,,,
排数,1,0,135238,0,,,,,,,,,,
耗散功率(Max),1,0,135104,0,,,,,,,,,,
电源电压(DC),1,0,135048,0,,,,,,,,,,
触点电镀,1,0,134461,0,,,,,,,,,,
晶体管应用,0,1,0,131642,,,,,,,,,,
输出电流,1,0,130727,0,,,,,,,,,,
额定电流(Max),1,0,130679,0,,,,,,,,,,
最大触点电流（直流）,0,1,0,129421,,,,,,,,,,
最大触点电压（直流）,0,1,0,129047,,,,,,,,,,
端口数量,1,1,1,128725,,,,,,,,,,
触点（直流）最大额定R负载,0,1,0,128607,,,,,,,,,,
额定功率(Max),1,0,128114,0,,,,,,,,,,
安装选项1,0,1,0,127582,,,,,,,,,,
绝缘体颜色,1,1,3,127510,,,,,,,,,,
漏电流,1,1,1,126526,,,,,,,,,,
输出电流(Max),1,0,126178,0,,,,,,,,,,
开关功能,1,1,66,125574,,,,,,,,,,
电气寿命,1,1,47,125189,,,,,,,,,,
引线长度,1,1,1,125131,,,,,,,,,,
开关动作,0,1,0,124154,,,,,,,,,,
输入电压(Max),1,0,123834,0,,,,,,,,,,
uPs/uCs/外围集成电路类型,0,1,0,122959,,,,,,,,,,
最大触点电流（交流）,0,1,0,122087,,,,,,,,,,
最大触点电压（交流）,0,1,0,121993,,,,,,,,,,
触点（交流）最大额定R负载,0,1,0,121657,,,,,,,,,,
传播延迟（tpd）,0,1,0,121600,,,,,,,,,,
最大正向电流,1,1,1,121525,,,,,,,,,,
执行器类型,1,1,2,117729,,,,,,,,,,
相数,0,1,0,117557,,,,,,,,,,
输入电压(Min),1,0,116687,0,,,,,,,,,,
电源电压(Max),1,0,114660,0,,,,,,,,,,
最大时钟频率,1,1,1,113859,,,,,,,,,,
Delta切线,0,1,0,112779,,,,,,,,,,
应用,1,1,2702,109532,,,,,,,,,,
输出极性,0,1,0,110642,,,,,,,,,,
电源电压(Min),1,0,110447,0,,,,,,,,,,
最大非重复峰值正向电流,0,1,0,109242,,,,,,,,,,
匹配触点行间距,0,1,0,109130,,,,,,,,,,
最大击穿电压,0,1,0,106784,,,,,,,,,,
可调阈值,0,1,0,106542,,,,,,,,,,
峰值波长,1,1,16290,90203,,,,,,,,,,
输出电压,1,0,105422,0,,,,,,,,,,
型芯材料,0,1,0,102969,,,,,,,,,,
材质,1,0,102636,0,,,,,,,,,,
温度特性代码,0,1,0,102020,,,,,,,,,,
自谐振频率,0,1,0,100757,,,,,,,,,,
输入电压,1,0,100389,0,,,,,,,,,,
最大集电极电流 (IC),0,1,0,99901,,,,,,,,,,
通道数,1,0,99629,0,,,,,,,,,,
端子和端子排类型,0,1,0,98986,,,,,,,,,,
形状,1,1,11,97730,,,,,,,,,,
PCB触点行间距,0,1,0,97315,,,,,,,,,,
外壳颜色,1,0,96367,0,,,,,,,,,,
调节器类型,1,1,1,96047,,,,,,,,,,
多层,0,1,0,95413,,,,,,,,,,
供电电流,1,0,95267,0,,,,,,,,,,
视角,1,1,23777,71363,,,,,,,,,,
外部数据总线宽度,0,1,0,94011,,,,,,,,,,
隔离电压,1,0,93497,0,,,,,,,,,,
最大插入力,0,1,0,92193,,,,,,,,,,
集电极-发射极最大电压,0,1,0,91919,,,,,,,,,,
最小直流电流增益 (hFE),0,1,0,91512,,,,,,,,,,
位大小,0,1,0,91061,,,,,,,,,,
总高度,0,1,0,91022,,,,,,,,,,
后壳类型,0,1,0,90755,,,,,,,,,,
正向电压,1,0,89602,0,,,,,,,,,,
标称输出电压 1,0,1,0,89517,,,,,,,,,,
地址总线宽度,1,1,1,88897,,,,,,,,,,
I/O 线路数量,0,1,0,88566,,,,,,,,,,
最小输出电压 1,0,1,0,88397,,,,,,,,,,
最大输出电压 1,0,1,0,88321,,,,,,,,,,
最大电网调整率,0,1,0,88245,,,,,,,,,,
速度,1,1,73,87966,,,,,,,,,,
I/O 类型,0,1,0,87336,,,,,,,,,,
尺寸,1,1,30,86946,,,,,,,,,,
线规,1,1,25145,59245,,,,,,,,,,
最大输出电流 1,0,1,0,83120,,,,,,,,,,
最小质量因数（标称电感时）,0,1,0,83116,,,,,,,,,,
最大时钟频率 (fCLK),0,1,0,81406,,,,,,,,,,
密封,0,1,0,81231,,,,,,,,,,
网络类型,0,1,0,81048,,,,,,,,,,
透镜类型,1,1,4,80910,,,,,,,,,,
最大正向电压 (VF),0,1,0,80114,,,,,,,,,,
负载电容（CL）,0,1,0,79162,,,,,,,,,,
引脚间距,1,0,78977,0,,,,,,,,,,
最大功率耗散 (Abs),0,1,0,78896,,,,,,,,,,
标称发光强度,0,1,0,77818,,,,,,,,,,
ESR,1,1,10,77401,,,,,,,,,,
频率,1,0,76807,0,,,,,,,,,,
具有ADC,0,1,0,71379,,,,,,,,,,
FET 技术,0,1,0,71299,,,,,,,,,,
PWM 通道,0,1,0,71246,,,,,,,,,,
DMA 通道,0,1,0,71086,,,,,,,,,,
标称过渡频率 (fT),0,1,0,70889,,,,,,,,,,
ROM可编程性,0,1,0,69760,,,,,,,,,,
最大I（ol）,0,1,0,69323,,,,,,,,,,
连接器支架类型,0,1,0,68574,,,,,,,,,,
DAC 通道,0,1,0,67584,,,,,,,,,,
认证,1,1,1,67531,,,,,,,,,,
最大供电电流 (Isup),0,1,0,67514,,,,,,,,,,
Prop。Delay @ Nom-Sup,0,1,0,66518,,,,,,,,,,
最大回动电压 1,0,1,0,65203,,,,,,,,,,
耐用性,0,1,0,65074,,,,,,,,,,
最大控制电压,0,1,0,64648,,,,,,,,,,
最小控制电压,0,1,0,64635,,,,,,,,,,
安装选项2,0,1,0,63963,,,,,,,,,,
触发设备类型,0,1,0,63529,,,,,,,,,,
最大动态阻抗,0,1,0,63463,,,,,,,,,,
大小写代码,0,1,0,63236,,,,,,,,,,
工作温度TJ-Max,0,1,0,62841,,,,,,,,,,
最大反向电流,0,1,0,62034,,,,,,,,,,
最大反向恢复时间,0,1,0,61444,,,,,,,,,,
控制模式,0,1,0,61202,,,,,,,,,,
最大钳位电压,1,1,1,61177,,,,,,,,,,
寿命（小时）,1,0,60046,0,,,,,,,,,,
上升时间,1,1,36304,23414,,,,,,,,,,
电感,1,1,56090,2690,,,,,,,,,,
编程电压,0,1,0,58634,,,,,,,,,,
测试电流,1,0,58508,0,,,,,,,,,,
额定电压(Max),1,0,58396,0,,,,,,,,,,
最小漏源击穿电压,0,1,0,58325,,,,,,,,,,
额定电压(AC),1,0,57970,0,,,,,,,,,,
最大切换频率,0,1,0,57068,,,,,,,,,,
频率偏移/牵引率,0,1,0,56860,,,,,,,,,,
最大漏极电流 (ID),0,1,0,56197,,,,,,,,,,
滤波器类型,1,1,19,55595,,,,,,,,,,
最大漏源导通电阻,0,1,0,55372,,,,,,,,,,
最小待机电流,0,1,0,55003,,,,,,,,,,
切换器配置,0,1,0,54580,,,,,,,,,,
输入次数,0,1,0,54266,,,,,,,,,,
极化密钥,0,1,0,54021,,,,,,,,,,
效率（主输出）,0,1,0,53974,,,,,,,,,,
连接类型,1,1,4,53861,,,,,,,,,,
筛选级别,0,1,0,53741,,,,,,,,,,
最大线径,0,1,0,53097,,,,,,,,,,
等效串联电阻(ESR),1,0,52707,0,,,,,,,,,,
最小线径,0,1,0,52324,,,,,,,,,,
设备插槽类型,0,1,0,51870,,,,,,,,,,
击穿电压标称值,0,1,0,51767,,,,,,,,,,
第一元件电阻,0,1,0,50775,,,,,,,,,,
通路数,0,1,0,50150,,,,,,,,,,
层数,0,1,0,50097,,,,,,,,,,
环境特性,0,1,0,50042,,,,,,,,,,
ROM（单词）,0,1,0,50012,,,,,,,,,,
电阻(DC）,1,0,49805,0,,,,,,,,,,
ELV标准,1,0,49668,0,,,,,,,,,,
撤离力-最小值,0,1,0,49347,,,,,,,,,,
使用的设备类型,0,1,0,49284,,,,,,,,,,
类型,1,1,3088,45876,,,,,,,,,,
接触器设计,0,1,0,48797,,,,,,,,,,
接触电阻(Max),1,0,48659,0,,,,,,,,,,
行数,1,1,8,48473,,,,,,,,,,
输出功率,1,1,44599,3395,,,,,,,,,,
RAM（字节）,0,1,0,47570,,,,,,,,,,
无卤素状态,1,0,47301,0,,,,,,,,,,
控制技术,0,1,0,46385,,,,,,,,,,
厚度,1,0,46365,0,,,,,,,,,,
安全认证,0,1,0,46204,,,,,,,,,,
紧固方法,0,1,0,45832,,,,,,,,,,
正向电压(Max),1,0,45690,0,,,,,,,,,,
精度,1,0,45472,0,,,,,,,,,,
工作温度TJ-Min,0,1,0,45160,,,,,,,,,,
电阻(DC Max),1,0,44854,0,,,,,,,,,,
接口集成电路类型,0,1,0,44795,,,,,,,,,,
最大电源电流（ICC）,0,1,0,44784,,,,,,,,,,
介质材料,1,0,44033,0,,,,,,,,,,
军工级,1,0,43989,0,,,,,,,,,,
重量,1,1,34477,9466,,,,,,,,,,
拔插次数,1,0,43874,0,,,,,,,,,,
射频/微波设备类型,0,1,0,43050,,,,,,,,,,
电介质特性,1,0,42941,0,,,,,,,,,,
放大器类型,1,1,27,42038,,,,,,,,,,
标称工作波长,0,1,0,41829,,,,,,,,,,
光纤设备类型,0,1,0,41580,,,,,,,,,,
串行总线类型,0,1,0,41464,,,,,,,,,,
外壳材质,1,0,41293,0,,,,,,,,,,
断态重复峰值电压,0,1,0,41269,,,,,,,,,,
可调性,0,1,0,41247,,,,,,,,,,
时钟频率,1,0,40979,0,,,,,,,,,,
脉冲峰值功率,1,0,40879,0,,,,,,,,,,
额定（AC）电压（URac）,0,1,0,40509,,,,,,,,,,
重复峰值反向电压,0,1,0,40463,,,,,,,,,,
正向电流,1,0,40398,0,,,,,,,,,,
最长写入周期时间 (tWC),0,1,0,40229,,,,,,,,,,
CPU系列,0,1,0,39870,,,,,,,,,,
耐久性,0,1,0,39459,,,,,,,,,,
引线间距,1,1,109,39027,,,,,,,,,,
输入数,1,0,38665,0,,,,,,,,,,
最大直流栅极触发电流,0,1,0,38353,,,,,,,,,,
最小反向击穿电压,1,1,37544,789,,,,,,,,,,
最大输入失调电压,0,1,0,38249,,,,,,,,,,
标称回动电压 1,0,1,0,37896,,,,,,,,,,
末端触点材料,0,1,0,37882,,,,,,,,,,
可输出,0,1,0,36632,,,,,,,,,,
供电电压上限,0,1,0,36498,,,,,,,,,,
最大绝对输入电压,0,1,0,36415,,,,,,,,,,
稳压值,1,0,36365,0,,,,,,,,,,
钳位电压,1,0,36350,0,,,,,,,,,,
输出阻抗,0,1,0,36280,,,,,,,,,,
最大工作波长,0,1,0,36197,,,,,,,,,,
最小工作波长,0,1,0,36191,,,,,,,,,,
最大脉冲漏极电流 (IDM),0,1,0,36071,,,,,,,,,,
RAM大小,1,0,35768,0,,,,,,,,,,
最大通态电流,0,1,0,35659,,,,,,,,,,
转换器类型,0,1,0,35477,,,,,,,,,,
特性阻抗,0,1,0,35473,,,,,,,,,,
易燃性等级,1,0,35421,0,,,,,,,,,,
电感公差,1,0,35360,0,,,,,,,,,,
位置数,1,1,4,35023,,,,,,,,,,
最大均方根通态电流,0,1,0,34950,,,,,,,,,,
线圈电阻,1,1,11576,23236,,,,,,,,,,
标称负供电电压 (Vsup),0,1,0,34502,,,,,,,,,,
开关频率,1,0,34495,0,,,,,,,,,,
正向电流(Max),1,0,34336,0,,,,,,,,,,
最大漏极电流 (Abs) (ID),0,1,0,34157,,,,,,,,,,
数据轮询,0,1,0,33976,,,,,,,,,,
切换位,0,1,0,33941,,,,,,,,,,
访问模式,0,1,0,33861,,,,,,,,,,
触发器类型,0,1,0,33804,,,,,,,,,,
T代码,0,1,0,33670,,,,,,,,,,
命令用户界面,0,1,0,33531,,,,,,,,,,
最大绝缘电压,0,1,0,33462,,,,,,,,,,
线性度,1,1,1,33439,,,,,,,,,,
光纤类型,1,1,4,33364,,,,,,,,,,
末端触点镀层,0,1,0,32890,,,,,,,,,,
静态电流,1,0,32883,0,,,,,,,,,,
数据保留时间-最小值,0,1,0,32853,,,,,,,,,,
电路保护类型,0,1,0,32622,,,,,,,,,,
Samacsys Image,0,1,0,32508,,,,,,,,,,
Samacsys Footprint Name,0,1,0,32508,,,,,,,,,,
PCB Footprint,0,1,0,32508,,,,,,,,,,
Schematic Symbol,0,1,0,32508,,,,,,,,,,
Samacsys Status,0,1,0,32508,,,,,,,,,,
Samacsys Thumbnail Image,0,1,0,32508,,,,,,,,,,
Samacsys Package Category,0,1,0,32508,,,,,,,,,,
Samacsys Pin Count,0,1,0,32508,,,,,,,,,,
Samacsys PartID,0,1,0,32508,,,,,,,,,,
Samacsys Released Date,0,1,0,32508,,,,,,,,,,
Samacsys Confidence,0,1,0,32508,,,,,,,,,,
Samacsys Part Category,0,1,0,32508,,,,,,,,,,
最大输入功率 (CW),0,1,0,32421,,,,,,,,,,
可编程逻辑类型,0,1,0,32414,,,,,,,,,,
最大平均偏置电流 (IIB),0,1,0,32257,,,,,,,,,,
下降时间,1,0,32244,0,,,,,,,,,,
漏源极电压(Vds),1,0,32200,0,,,,,,,,,,
PCB 孔数,0,1,0,31482,,,,,,,,,,
板上安装选件,0,1,0,31439,,,,,,,,,,
特殊特征,0,1,0,31105,,,,,,,,,,
最小 fmax,0,1,0,30871,,,,,,,,,,
备用内存宽度,0,1,0,30648,,,,,,,,,,
最大电压驻波比,0,1,0,30353,,,,,,,,,,
内置特性,0,1,0,30190,,,,,,,,,,
方向,1,0,29983,0,,,,,,,,,,
自谐频率,1,0,29962,0,,,,,,,,,,
中心触点镀层,0,1,0,29892,,,,,,,,,,
开关段数量,0,1,0,29793,,,,,,,,,,
触点类型,1,1,29655,41,,,,,,,,,,
刷新周期,0,1,0,29641,,,,,,,,,,
计数方向,0,1,0,29631,,,,,,,,,,
击穿电压(集电极-发射极),1,0,29587,0,,,,,,,,,,
通信标准,0,1,0,29542,,,,,,,,,,
执行器材料,0,1,0,29422,,,,,,,,,,
最大正向电压,1,1,1,29236,,,,,,,,,,
输入电压(DC),1,0,29185,0,,,,,,,,,,
执行器长度,0,1,0,29029,,,,,,,,,,
标称压摆率,0,1,0,28796,,,,,,,,,,
执行器角度,0,1,0,28496,,,,,,,,,,
继电器类型,1,1,18,28384,,,,,,,,,,
数据速率,1,1,9633,18744,,,,,,,,,,
最大直流栅极触发电压,0,1,0,28376,,,,,,,,,,
最大插入损耗,1,1,7,28253,,,,,,,,,,
击穿电压,1,0,27901,0,,,,,,,,,,
触点功能,0,1,0,27731,,,,,,,,,,
架构,1,1,1,27627,,,,,,,,,,
标称共模抑制比,0,1,0,27620,,,,,,,,,,
中心触点材料,0,1,0,27589,,,,,,,,,,
阈值电压,1,0,27584,0,,,,,,,,,,
电信集成电路类型,0,1,0,26980,,,,,,,,,,
元件功耗,0,1,0,26948,,,,,,,,,,
模数转换数(ADC),1,0,26941,0,,,,,,,,,,
部门数/规模,0,1,0,26894,,,,,,,,,,
部门规模,0,1,0,26854,,,,,,,,,,
存取时间,1,0,26822,0,,,,,,,,,,
自我刷新,0,1,0,26778,,,,,,,,,,
输出电压(Max),1,0,26772,0,,,,,,,,,,
启动块,0,1,0,26734,,,,,,,,,,
传输类型,0,1,0,26422,,,,,,,,,,
雪崩能效等级（Eas）,0,1,0,26065,,,,,,,,,,
标称均一增益带宽,0,1,0,25979,,,,,,,,,,
输入电容(Ciss),1,0,25594,0,,,,,,,,,,
分度角,0,1,0,25556,,,,,,,,,,
最大维持电流,0,1,0,25520,,,,,,,,,,
脚长度,1,0,25486,0,,,,,,,,,,
边界扫描,0,1,0,25444,,,,,,,,,,
施密特触发器,0,1,0,25365,,,,,,,,,,
继电器功能,0,1,0,25314,,,,,,,,,,
传感器/换能器类型,0,1,0,25213,,,,,,,,,,
连续漏极电流(Ids),1,0,25192,0,,,,,,,,,,
输出电压(Min),1,0,25075,0,,,,,,,,,,
喷头长度,0,1,0,24888,,,,,,,,,,
触点/输出电源类型,0,1,0,24653,,,,,,,,,,
额定分断能力,0,1,0,24522,,,,,,,,,,
线圈/输入电源类型,0,1,0,24461,,,,,,,,,,
增益频宽积,1,0,24397,0,,,,,,,,,,
控制类型,0,1,0,24380,,,,,,,,,,
写保护,0,1,0,24360,,,,,,,,,,
电压波节,1,0,24324,0,,,,,,,,,,
保护,0,1,0,24262,,,,,,,,,,
额定电压（交流）,0,1,0,24230,,,,,,,,,,
低功率模式,0,1,0,24088,,,,,,,,,,
工作时间,1,1,14,24005,,,,,,,,,,
商用集成电路类型,0,1,0,23969,,,,,,,,,,
套管直径,0,1,0,23878,,,,,,,,,,
输入补偿电压,1,0,23868,0,,,,,,,,,,
低-失调,0,1,0,23865,,,,,,,,,,
频率补偿,0,1,0,23841,,,,,,,,,,
VCEsat-Max,0,1,0,23349,,,,,,,,,,
继电器动作,0,1,0,23212,,,,,,,,,,
最小阈值电流,0,1,0,23143,,,,,,,,,,
颜色@波长,0,1,0,23127,,,,,,,,,,
输出电平,0,1,0,23006,,,,,,,,,,
释放时间,1,1,13,22870,,,,,,,,,,
电阻容差,1,1,4,22852,,,,,,,,,,
电阻器/电容器网络类型,0,1,0,22795,,,,,,,,,,
电容器元件数量,0,1,0,22749,,,,,,,,,,
电阻器元件数量,0,1,0,22749,,,,,,,,,,
电容正容差,0,1,0,22748,,,,,,,,,,
电容负容差,0,1,0,22748,,,,,,,,,,
线圈功率,1,1,3446,19159,,,,,,,,,,
输入偏置电流,1,0,22602,0,,,,,,,,,,
端子材料,0,1,0,22469,,,,,,,,,,
最大线性误差 (EL),0,1,0,22453,,,,,,,,,,
25C 时的最大偏置电流 (IIB),0,1,0,22309,,,,,,,,,,
最小电压增益,0,1,0,22123,,,,,,,,,,
片上程序ROM宽度,0,1,0,21944,,,,,,,,,,
跌落电压,1,0,21854,0,,,,,,,,,,
2D Presentation,0,1,0,21723,,,,,,,,,,
3D View,0,1,0,21723,,,,,,,,,,
带宽,1,1,21464,91,,,,,,,,,,
转换速率,1,0,21421,0,,,,,,,,,,
Samacsys Description,0,1,0,21405,,,,,,,,,,
负供电电压上限,0,1,0,21190,,,,,,,,,,
输入特性,0,1,0,21007,,,,,,,,,,
阻容元件数量,0,1,0,20922,,,,,,,,,,
最大线圈电压（直流）,0,1,0,20885,,,,,,,,,,
电路直流最大电压,0,1,0,20847,,,,,,,,,,
频率稳定度,1,0,20742,0,,,,,,,,,,
封装形状/形式,0,1,0,20637,,,,,,,,,,
电路RMS最大电压,0,1,0,20603,,,,,,,,,,
最大操作力,0,1,0,20599,,,,,,,,,,
最大能量吸收容量,0,1,0,20575,,,,,,,,,,
通态非重复峰值电流,0,1,0,20415,,,,,,,,,,
线圈工作电压（直流）,0,1,0,20349,,,,,,,,,,
阈值电压标称,0,1,0,20335,,,,,,,,,,
熔断特性,0,1,0,20224,,,,,,,,,,
终端性别,0,1,0,20077,,,,,,,,,,
集电极最大允许电流,1,0,20055,0,,,,,,,,,,
最大漏电流,0,1,0,19963,,,,,,,,,,
波长,1,0,19419,0,,,,,,,,,,
输出类型,1,1,147,19196,,,,,,,,,,
驱动器位数,0,1,0,19214,,,,,,,,,,
增益,1,1,6101,12752,,,,,,,,,,
就绪/忙碌,0,1,0,18807,,,,,,,,,,
触点排列,0,1,0,18772,,,,,,,,,,
共模抑制比,1,0,18418,0,,,,,,,,,,
差分输出,0,1,0,18329,,,,,,,,,,
额定电压(AC Max),1,0,18309,0,,,,,,,,,,
热敏电阻器应用,0,1,0,18272,,,,,,,,,,
工作结温,1,0,18188,0,,,,,,,,,,
格式,0,1,0,18135,,,,,,,,,,
接口标准,0,1,0,18008,,,,,,,,,,
关态电压最小值的临界上升速率,0,1,0,17926,,,,,,,,,,
最大接收延迟,0,1,0,17869,,,,,,,,,,
变压器类型,1,1,5,17816,,,,,,,,,,
执行器颜色,0,1,0,17738,,,,,,,,,,
低-偏置,0,1,0,17716,,,,,,,,,,
最大暗电源,0,1,0,17693,,,,,,,,,,
共模抑制比(Min),1,0,17567,0,,,,,,,,,,
电阻定律,0,1,0,17465,,,,,,,,,,
调节输出数,1,0,17373,0,,,,,,,,,,
电压温度Coeff-Max,0,1,0,17311,,,,,,,,,,
最大工作电流,1,1,1,17293,,,,,,,,,,
最小电流放大倍数(hFE),1,0,17231,0,,,,,,,,,,
额定电压(DC Max),1,0,17228,0,,,,,,,,,,
触点（直流）最大额定功率R负载,0,1,0,16835,,,,,,,,,,
电容器温度系数,0,1,0,16770,,,,,,,,,,
最大频率@ Nom-Sup,0,1,0,16673,,,,,,,,,,
香港进出口证,1,0,16498,0,,,,,,,,,,
功耗环境最大值,0,1,0,16469,,,,,,,,,,
线圈释放电压（直流）,0,1,0,16446,,,,,,,,,,
焦耳积分标称,0,1,0,16415,,,,,,,,,,
Coll-Emtr Bkdn Voltage-Min,0,1,0,16302,,,,,,,,,,
漏源极电阻,1,0,16290,0,,,,,,,,,,
反向恢复时间,1,0,16244,0,,,,,,,,,,
可编程延迟线,0,1,0,16105,,,,,,,,,,
抽头/阶步数,0,1,0,16086,,,,,,,,,,
传送延迟时间,1,0,16050,0,,,,,,,,,,
微功率,0,1,0,16005,,,,,,,,,,
集成缓存,0,1,0,15995,,,,,,,,,,
电缆长度,1,0,15946,0,,,,,,,,,,
输出位码,0,1,0,15800,,,,,,,,,,
最大线圈电流（直流）,0,1,0,15781,,,,,,,,,,
膝阻抗最大值,0,1,0,15441,,,,,,,,,,
输出功率(Max),1,0,15385,0,,,,,,,,,,
基于收集器的最大容量,0,1,0,15371,,,,,,,,,,
旋转角,0,1,0,15320,,,,,,,,,,
输出电流驱动,1,0,15234,0,,,,,,,,,,
标称电流传输比,0,1,0,15232,,,,,,,,,,
总延迟标称（td）,0,1,0,15228,,,,,,,,,,
最大模拟输入电压,0,1,0,15223,,,,,,,,,,
接收器位数,0,1,0,15104,,,,,,,,,,
采样率,1,0,15015,0,,,,,,,,,,
照明,1,1,150,14768,,,,,,,,,,
输入电流(Min),1,0,14833,0,,,,,,,,,,
外壳,0,1,0,14688,,,,,,,,,,
输出格式,0,1,0,14672,,,,,,,,,,
额定电压（直流）,0,1,0,14651,,,,,,,,,,
电容器温度特性代码,0,1,0,14584,,,,,,,,,,
模拟输入通道数量,0,1,0,14560,,,,,,,,,,
功耗,1,0,14541,0,,,,,,,,,,
逻辑门个数,1,0,14419,0,,,,,,,,,,
输入调节,0,1,0,14246,,,,,,,,,,
反向测试电压,0,1,0,14202,,,,,,,,,,
最小绝缘电阻,0,1,0,14202,,,,,,,,,,
可配置逻辑块数量,0,1,0,14075,,,,,,,,,,
增益带宽,1,0,14070,0,,,,,,,,,,
最小模拟输入电压,0,1,0,14054,,,,,,,,,,
显示高度,0,1,0,13948,,,,,,,,,,
导线横截面,0,1,0,13818,,,,,,,,,,
最大正向浪涌电流（Ifsm）,1,0,13725,0,,,,,,,,,,
周期时间,0,1,0,13713,,,,,,,,,,
温度系数跟踪,0,1,0,13614,,,,,,,,,,
最大反向电压,1,1,2,13603,,,,,,,,,,
最大直流电阻,1,1,3,13546,,,,,,,,,,
最高频带,0,1,0,13503,,,,,,,,,,
Q值,1,0,13400,0,,,,,,,,,,
标称电路换相断开时间,0,1,0,13271,,,,,,,,,,
宽带,0,1,0,13193,,,,,,,,,,
标称衰减,0,1,0,13181,,,,,,,,,,
最大反向电压（Vrrm）,1,0,13138,0,,,,,,,,,,
I/O引脚数,1,0,13032,0,,,,,,,,,,
灼热丝测试标准,1,0,12997,0,,,,,,,,,,
可编程功率,0,1,0,12986,,,,,,,,,,
功率,1,1,62,12923,,,,,,,,,,
输出范围,0,1,0,12868,,,,,,,,,,
存取时间(Max),1,0,12816,0,,,,,,,,,,
RAM（字数）,0,1,0,12804,,,,,,,,,,
最大输出低电流,0,1,0,12801,,,,,,,,,,
采样速率,0,1,0,12798,,,,,,,,,,
最大通态电阻 (Ron),0,1,0,12722,,,,,,,,,,
输出函数,0,1,0,12576,,,,,,,,,,
电源连接器额定值,0,1,0,12559,,,,,,,,,,
数模转换数(DAC),1,0,12557,0,,,,,,,,,,
光谱宽度,0,1,0,12543,,,,,,,,,,
上升/下降时间,1,0,12458,0,,,,,,,,,,
传播延迟,1,1,1,12292,,,,,,,,,,
最长接通时间,0,1,0,12240,,,,,,,,,,
线圈电压,1,0,12222,0,,,,,,,,,,
3dB带宽,1,0,12127,0,,,,,,,,,,
自定义功能,0,1,0,12093,,,,,,,,,,
触点额定电流,1,0,12005,0,,,,,,,,,,
输入电容,1,0,11909,0,,,,,,,,,,
内存容量,1,0,11891,0,,,,,,,,,,
逻辑单元数量,0,1,0,11890,,,,,,,,,,
材料,1,1,209,11665,,,,,,,,,,
等效关口数量,0,1,0,11823,,,,,,,,,,
最大输出时钟频率,0,1,0,11809,,,,,,,,,,
重复峰值关态漏电流最大值,0,1,0,11659,,,,,,,,,,
最小摆率,0,1,0,11615,,,,,,,,,,
FLASH内存容量,1,0,11473,0,,,,,,,,,,
纹波电压（主输出）,0,1,0,11449,,,,,,,,,,
热阻,1,1,11109,334,,,,,,,,,,
通用闪存接口,0,1,0,11422,,,,,,,,,,
响应时间,1,1,18,11331,,,,,,,,,,
专用输入次数,0,1,0,11311,,,,,,,,,,
采样并保持/跟踪并保持,0,1,0,11282,,,,,,,,,,
线圈电流,1,0,11250,0,,,,,,,,,,
串行 I/O 数,0,1,0,11212,,,,,,,,,,
保持电流(Max),1,0,11195,0,,,,,,,,,,
实输出次数,0,1,0,11068,,,,,,,,,,
反相输出次数,0,1,0,11065,,,,,,,,,,
最长断开时间,0,1,0,11053,,,,,,,,,,
压力传感模式,0,1,0,11032,,,,,,,,,,
电阻器温度系数,0,1,0,10878,,,,,,,,,,
输入电压(DC Max),1,0,10861,0,,,,,,,,,,
输入电压(DC Min),1,0,10825,0,,,,,,,,,,
标称二极管电容,0,1,0,10790,,,,,,,,,,
纹波电流(低频),1,0,10788,0,,,,,,,,,,
执行器行程,0,1,0,10757,,,,,,,,,,
标称光功率输出,0,1,0,10741,,,,,,,,,,
页面大小,0,1,0,10679,,,,,,,,,,
最大反馈电容 (Crss),0,1,0,10638,,,,,,,,,,
最小共模抑制比,0,1,0,10625,,,,,,,,,,
最小输出摆幅,0,1,0,10613,,,,,,,,,,
拓扑结构,1,0,10557,0,,,,,,,,,,
标称断态隔离度,0,1,0,10514,,,,,,,,,,
频带,0,1,0,10448,,,,,,,,,,
翻译,0,1,0,10427,,,,,,,,,,
I2C控制字节,0,1,0,10382,,,,,,,,,,
最大电压温度系数,0,1,0,10235,,,,,,,,,,
负载/预设输入,0,1,0,10210,,,,,,,,,,
端口类型,1,1,16,10194,,,,,,,,,,
触点时间,0,1,0,10170,,,,,,,,,,
输入补偿漂移,1,0,10143,0,,,,,,,,,,
执行器方向,0,1,0,10130,,,,,,,,,,
输出接口类型,0,1,0,10105,,,,,,,,,,
最大关闭时间（toff）,0,1,0,10088,,,,,,,,,,
发光强度,1,0,10079,0,,,,,,,,,,
热阻(强制气流),1,0,9976,0,,,,,,,,,,
片上数据RAM宽度,0,1,0,9968,,,,,,,,,,
输入位码,0,1,0,9889,,,,,,,,,,
主时钟/晶体标称频率,0,1,0,9863,,,,,,,,,,
纹波电流(高频),1,0,9862,0,,,,,,,,,,
发射极/检测器类型,0,1,0,9810,,,,,,,,,,
最大占空比,1,0,9792,0,,,,,,,,,,
Same Edge Skew-Max（tskwd）,0,1,0,9737,,,,,,,,,,
最大输出电压 2,0,1,0,9671,,,,,,,,,,
最小输出电压 2,0,1,0,9664,,,,,,,,,,
标称线圈电压,0,1,0,9629,,,,,,,,,,
介质耐电压,0,1,0,9625,,,,,,,,,,
标称输出电压 2,0,1,0,9609,,,,,,,,,,
DMA 通道数量,0,1,0,9599,,,,,,,,,,
内核架构,1,0,9518,0,,,,,,,,,,
计时器数量,0,1,0,9496,,,,,,,,,,
连续突发长度,0,1,0,9480,,,,,,,,,,
交错的突发长度,0,1,0,9458,,,,,,,,,,
继电器样式,0,1,0,9389,,,,,,,,,,
线圈与触点之间的介电强度,0,1,0,9371,,,,,,,,,,
中心频率或截止频率 (fo/fc),0,1,0,9359,,,,,,,,,,
最大传输延迟,0,1,0,9355,,,,,,,,,,
断开触点之间的介电强度,0,1,0,9340,,,,,,,,,,
芯数,1,0,9193,0,,,,,,,,,,
输入格式,0,1,0,9190,,,,,,,,,,
最长转换时间,0,1,0,9188,,,,,,,,,,
输入阻抗,1,1,4157,5031,,,,,,,,,,
最大输出电流 2,0,1,0,9105,,,,,,,,,,
最大开启时间（吨）,0,1,0,9098,,,,,,,,,,
转弯数量,0,1,0,9090,,,,,,,,,,
占空比,1,0,9076,0,,,,,,,,,,
最大压力范围,0,1,0,9007,,,,,,,,,,
通态电阻匹配规范,0,1,0,8988,,,,,,,,,,
最大回动电压 2,0,1,0,8932,,,,,,,,,,
下降时间(Max),1,0,8923,0,,,,,,,,,,
CLB-Max的组合延迟,0,1,0,8901,,,,,,,,,,
最小压力范围,0,1,0,8842,,,,,,,,,,
标称负供电电压,0,1,0,8753,,,,,,,,,,
上升时间(Max),1,0,8531,0,,,,,,,,,,
输入切换控制类型,0,1,0,8529,,,,,,,,,,
线圈电压(DC),1,0,8506,0,,,,,,,,,,
工作电压(Max),1,0,8442,0,,,,,,,,,,
接触电阻,1,0,8378,0,,,,,,,,,,
复位电压(Max),1,0,8286,0,,,,,,,,,,
标称带宽,0,1,0,8272,,,,,,,,,,
外部中断装置数量,0,1,0,8165,,,,,,,,,,
复位电压(Min),1,0,8160,0,,,,,,,,,,
输入电流,1,0,8134,0,,,,,,,,,,
切换,0,1,0,8038,,,,,,,,,,
标称输出峰值电流,0,1,0,7995,,,,,,,,,,
输出电容类型,1,0,7966,0,,,,,,,,,,
输入/输出数,1,0,7872,0,,,,,,,,,,
电源电压1-最大,0,1,0,7868,,,,,,,,,,
漏源击穿电压,1,0,7830,0,,,,,,,,,,
保持电流,1,0,7796,0,,,,,,,,,,
接触器类型,1,0,7791,0,,,,,,,,,,
电源电压1-分钟,0,1,0,7743,,,,,,,,,,
Series,1,0,7701,0,,,,,,,,,,
最大精度 (%),0,1,0,7680,,,,,,,,,,
绝缘电压,0,1,0,7575,,,,,,,,,,
输入功率,1,1,317,7150,,,,,,,,,,
安装角度,1,0,7448,0,,,,,,,,,,
烘炉供电电压,0,1,0,7378,,,,,,,,,,
标称输出功率,0,1,0,7342,,,,,,,,,,
标称总电阻,0,1,0,7279,,,,,,,,,,
控制接口,0,1,0,7275,,,,,,,,,,
最小二极管电容比,0,1,0,7220,,,,,,,,,,
最小质量因数,0,1,0,7204,,,,,,,,,,
最大二极管电容,0,1,0,7191,,,,,,,,,,
标称安定时间 (tstl),0,1,0,7182,,,,,,,,,,
最大输入失调电流 (IIO),0,1,0,7155,,,,,,,,,,
预热功率,0,1,0,7076,,,,,,,,,,
二极管电容容差,0,1,0,7017,,,,,,,,,,
最大预行程,0,1,0,7002,,,,,,,,,,
输入通道数,1,0,6929,0,,,,,,,,,,
标称温度系数,0,1,0,6868,,,,,,,,,,
输入电压(AC Max),1,0,6835,0,,,,,,,,,,
接通时间,1,1,1,6824,,,,,,,,,,
输入电压(AC Min),1,0,6796,0,,,,,,,,,,
class,0,1,0,6778,,,,,,,,,,
最大模拟输出电压,0,1,0,6750,,,,,,,,,,
标称断开时间 (toff),0,1,0,6741,,,,,,,,,,
断开时间,0,1,0,6726,,,,,,,,,,
电源电压1-Nom,0,1,0,6725,,,,,,,,,,
最大电阻器端电压,0,1,0,6714,,,,,,,,,,
最小模拟输出电压,0,1,0,6700,,,,,,,,,,
标称接通时间 (ton),0,1,0,6699,,,,,,,,,,
最小电阻器端电压,0,1,0,6694,,,,,,,,,,
高电平输入电流最大值,0,1,0,6638,,,,,,,,,,
区段数,0,1,0,6618,,,,,,,,,,
触点（交流）最大额定功率R负载,0,1,0,6615,,,,,,,,,,
额定电流(DC),1,0,6603,0,,,,,,,,,,
军用连接器配件名称,0,1,0,6576,,,,,,,,,,
标称响应时间,0,1,0,6541,,,,,,,,,,
输出,1,1,7,6517,,,,,,,,,,
组装件名称,0,1,0,6522,,,,,,,,,,
负电源电压最大值（Vsup）,0,1,0,6519,,,,,,,,,,
连接器Side1,0,1,0,6498,,,,,,,,,,
连接器Side2,0,1,0,6497,,,,,,,,,,
灵敏度,1,1,12,6462,,,,,,,,,,
负电源电压最小值（Vsup）,0,1,0,6473,,,,,,,,,,
Case Style,1,1,143,6329,,,,,,,,,,
次级绕组数量,0,1,0,6456,,,,,,,,,,
数据速率（发送）,0,1,0,6381,,,,,,,,,,
数据速率（接收）,0,1,0,6366,,,,,,,,,,
第二/最后一个元素电阻,0,1,0,6241,,,,,,,,,,
制造商,1,0,6183,0,,,,,,,,,,
分辨率(Bits),1,0,6175,0,,,,,,,,,,
导体数量,0,1,0,6158,,,,,,,,,,
变容二极管分类,0,1,0,6022,,,,,,,,,,
频率稳定性-电压,0,1,0,6015,,,,,,,,,,
绝缘材质,1,0,5982,0,,,,,,,,,,
复用显示功能,0,1,0,5961,,,,,,,,,,
最大电阻容差,0,1,0,5905,,,,,,,,,,
负载电流,1,0,5859,0,,,,,,,,,,
最长预热时间,0,1,0,5844,,,,,,,,,,
电压驻波比,0,1,0,5839,,,,,,,,,,
输出阻抗标称值（Z0）,0,1,0,5811,,,,,,,,,,
输出电流流向,0,1,0,5796,,,,,,,,,,
快速连接描述,0,1,0,5751,,,,,,,,,,
螺丝端子的描述,0,1,0,5749,,,,,,,,,,
Features,1,1,5531,176,,,,,,,,,,
极数,1,1,46,5499,,,,,,,,,,
ECCN,1,0,5528,0,,,,,,,,,,
帮派号码,0,1,0,5508,,,,,,,,,,
系统内可编程,0,1,0,5489,,,,,,,,,,
JTAG BST,0,1,0,5489,,,,,,,,,,
Type,1,0,5469,0,,,,,,,,,,
数字逻辑电平,1,0,5460,0,,,,,,,,,,
套管类型,0,1,0,5457,,,,,,,,,,
包装,1,0,5439,0,,,,,,,,,,
最大通态电压,0,1,0,5423,,,,,,,,,,
HTSUS,1,0,5412,0,,,,,,,,,,
宏单元数,0,1,0,5390,,,,,,,,,,
当前传输比率-最小值,0,1,0,5389,,,,,,,,,,
目前评级,0,1,0,5369,,,,,,,,,,
最大反向击穿电压,1,0,5364,0,,,,,,,,,,
湿气敏感性等级 (MSL),1,0,5297,0,,,,,,,,,,
输出电压 1,0,1,0,5194,,,,,,,,,,
开关电流(Max),1,0,5125,0,,,,,,,,,,
最长响应时间,0,1,0,5058,,,,,,,,,,
Mounting-Type,1,0,5036,0,,,,,,,,,,
插入损耗,1,1,1,5001,,,,,,,,,,
内置保护,0,1,0,4916,,,,,,,,,,
外观颜色,1,0,4865,0,,,,,,,,,,
总剂量,0,1,0,4858,,,,,,,,,,
初级电感,0,1,0,4834,,,,,,,,,,
相位噪声,0,1,0,4834,,,,,,,,,,
偏移频率,0,1,0,4824,,,,,,,,,,
跳闸时间,1,0,4786,0,,,,,,,,,,
保险丝尺寸,1,1,6,4759,,,,,,,,,,
总线兼容性,0,1,0,4718,,,,,,,,,,
高边驱动器,0,1,0,4715,,,,,,,,,,
UART数量,1,0,4711,0,,,,,,,,,,
可焊性,0,1,0,4670,,,,,,,,,,
热敏指数,0,1,0,4667,,,,,,,,,,
匝数比 (Np:Ns),0,1,0,4659,,,,,,,,,,
正常位置,0,1,0,4608,,,,,,,,,,
门极-发射极最大电压,0,1,0,4588,,,,,,,,,,
最大转折电压,0,1,0,4580,,,,,,,,,,
最小回损,0,1,0,4568,,,,,,,,,,
红外线范围,0,1,0,4567,,,,,,,,,,
过温保护,1,0,4540,0,,,,,,,,,,
输入频率最大值（fmax）,0,1,0,4529,,,,,,,,,,
VA 额定值,0,1,0,4513,,,,,,,,,,
谐波失真,0,1,0,4460,,,,,,,,,,
栅源击穿电压,1,0,4457,0,,,,,,,,,,
面板安装,0,1,0,4388,,,,,,,,,,
中心点击功能2,0,1,0,4359,,,,,,,,,,
中心点击功能1,0,1,0,4359,,,,,,,,,,
输出电流 1,0,1,0,4342,,,,,,,,,,
最大电流放大倍数(hFE),1,0,4334,0,,,,,,,,,,
最大断态直流电压,0,1,0,4293,,,,,,,,,,
输出电路类型,0,1,0,4244,,,,,,,,,,
电源电流,1,1,20,4157,,,,,,,,,,
最大数据传输速率,0,1,0,4145,,,,,,,,,,
主要评分,0,1,0,4143,,,,,,,,,,
最大线圈电压（交流）,0,1,0,4097,,,,,,,,,,
反向引出线,0,1,0,4066,,,,,,,,,,
直流电流增益(hFE),1,0,4010,0,,,,,,,,,,
Source Url Status Check Date,0,1,0,3997,,,,,,,,,,
数据输入模式,0,1,0,3943,,,,,,,,,,
共振频率,1,0,3932,0,,,,,,,,,,
线性度 (%),0,1,0,3841,,,,,,,,,,
预放电的额定值,0,1,0,3796,,,,,,,,,,
最大噪声指数,0,1,0,3766,,,,,,,,,,
产品条款数,0,1,0,3705,,,,,,,,,,
最大二极管正向电阻,0,1,0,3634,,,,,,,,,,
可洗性,0,1,0,3614,,,,,,,,,,
最大频率,1,1,1,3600,,,,,,,,,,
Size-Dimension,1,0,3598,0,,,,,,,,,,
最小频率,0,1,0,3595,,,,,,,,,,
跳闸电流,1,0,3571,0,,,,,,,,,,
电源线长度,1,0,3556,0,,,,,,,,,,
最大电网调整率 (%/V),0,1,0,3543,,,,,,,,,,
少数载流子标称寿命,0,1,0,3513,,,,,,,,,,
驱动器/包,1,0,3459,0,,,,,,,,,,
显示模式,1,1,59,3351,,,,,,,,,,
工作频率,1,1,5,3403,,,,,,,,,,
特性,1,0,3402,0,,,,,,,,,,
字符数,0,1,0,3366,,,,,,,,,,
标称偏移,0,1,0,3340,,,,,,,,,,
换向电压的临界上升率-最小值,0,1,0,3227,,,,,,,,,,
外壳代码,0,1,0,3204,,,,,,,,,,
标称数据速率,0,1,0,3182,,,,,,,,,,
总长度,0,1,0,3166,,,,,,,,,,
RoHS 状态,1,0,3154,0,,,,,,,,,,
执行器完成,0,1,0,3131,,,,,,,,,,
桶式移位器,0,1,0,3131,,,,,,,,,,
输入类型,1,1,14,3102,,,,,,,,,,
最小发光强度,0,1,0,3077,,,,,,,,,,
最大负载调整率 (%),0,1,0,3065,,,,,,,,,,
线圈电流（交流）最大值,0,1,0,3065,,,,,,,,,,
内核子架构,1,0,3053,0,,,,,,,,,,
最大电缆入口数,0,1,0,3048,,,,,,,,,,
最大频率时的衰减,0,1,0,3035,,,,,,,,,,
最大稳定时间,0,1,0,3020,,,,,,,,,,
内部总线架构,0,1,0,2999,,,,,,,,,,
Operating-Temperature,1,0,2973,0,,,,,,,,,,
半导体材料,0,1,0,2929,,,,,,,,,,
Applications,1,0,2925,0,,,,,,,,,,
最大通态电阻,0,1,0,2925,,,,,,,,,,
Ippm_(A),0,1,0,2859,,,,,,,,,,
MIN_(V),0,1,0,2859,,,,,,,,,,
Vwm_(V),0,1,0,2859,,,,,,,,,,
Vc_(V),0,1,0,2859,,,,,,,,,,
Ir_(uA),0,1,0,2859,,,,,,,,,,
MAX_(V),0,1,0,2859,,,,,,,,,,
Ppk(W),0,1,0,2859,,,,,,,,,,
信息访问方法,0,1,0,2854,,,,,,,,,,
预放电时间-分钟,0,1,0,2853,,,,,,,,,,
最大变频损耗,0,1,0,2851,,,,,,,,,,
高电位,0,1,0,2850,,,,,,,,,,
Power-Watts,1,0,2837,0,,,,,,,,,,
电线和电缆名称,0,1,0,2803,,,,,,,,,,
开关数量,0,1,0,2796,,,,,,,,,,
Voltage-Input,1,0,2795,0,,,,,,,,,,
Voltage-Isolation,1,0,2789,0,,,,,,,,,,
Voltage-Output-1,1,0,2788,0,,,,,,,,,,
Current-Output-Max,1,0,2788,0,,,,,,,,,,
Voltage-Output-3,1,0,2788,0,,,,,,,,,,
Voltage-Output-2,1,0,2788,0,,,,,,,,,,
Voltage-Output-4,1,0,2788,0,,,,,,,,,,
最大信号电流,0,1,0,2756,,,,,,,,,,
透镜样式,1,0,2752,0,,,,,,,,,,
调制灵敏度,0,1,0,2737,,,,,,,,,,
大小 / 尺寸,1,0,2703,0,,,,,,,,,,
标称输入触发电流,0,1,0,2694,,,,,,,,,,
混合内存类型,0,1,0,2693,,,,,,,,,,
内径尺寸,1,0,2674,0,,,,,,,,,,
零件状态,1,0,2672,0,,,,,,,,,,
最小断态峰值电压,0,1,0,2629,,,,,,,,,,
通信协议,0,1,0,2607,,,,,,,,,,
最小功率增益 (Gp),0,1,0,2562,,,,,,,,,,
电路配置,0,1,0,2539,,,,,,,,,,
断开时间或延迟,0,1,0,2536,,,,,,,,,,
功率 (W),1,0,2532,0,,,,,,,,,,
最大精度（摄氏度）,0,1,0,2512,,,,,,,,,,
最大测量范围（毫米）,0,1,0,2483,,,,,,,,,,
紫外线可擦,0,1,0,2451,,,,,,,,,,
ROM大小（位）,0,1,0,2448,,,,,,,,,,
门极发射器阈值电压最大值,0,1,0,2447,,,,,,,,,,
控制电压,1,1,1,2439,,,,,,,,,,
输入/输出阻抗,0,1,0,2435,,,,,,,,,,
端子类型,1,1,66,2367,,,,,,,,,,
最小电缆入口,0,1,0,2357,,,,,,,,,,
数据/时钟输入次数,0,1,0,2339,,,,,,,,,,
二极管电阻测试电流,0,1,0,2336,,,,,,,,,,
最小测量范围（毫米）,0,1,0,2335,,,,,,,,,,
最大阈值电流,0,1,0,2320,,,,,,,,,,
最小截止频率,0,1,0,2319,,,,,,,,,,
标称带宽 (3dB),0,1,0,2304,,,,,,,,,,
触点的结构,0,1,0,2281,,,,,,,,,,
工作结温(Max),1,0,2279,0,,,,,,,,,,
控制电流,0,1,0,2262,,,,,,,,,,
认证机构,1,0,2254,0,,,,,,,,,,
负电源额定电压,0,1,0,2251,,,,,,,,,,
开关电流,1,0,2240,0,,,,,,,,,,
电压 - 输入,1,0,2239,0,,,,,,,,,,
效率,1,0,2238,0,,,,,,,,,,
输出数,1,0,2231,0,,,,,,,,,,
电压 - 输出 3,1,0,2230,0,,,,,,,,,,
电压 - 输出 2,1,0,2230,0,,,,,,,,,,
电压 - 输出 1,1,0,2230,0,,,,,,,,,,
电压 - 输出 4,1,0,2220,0,,,,,,,,,,
所需最小负载,1,0,2218,0,,,,,,,,,,
最大截止频率,0,1,0,2183,,,,,,,,,,
Maximum reverse current,0,1,0,2170,,,,,,,,,,
初级绕组数量,0,1,0,2139,,,,,,,,,,
直连,0,1,0,2129,,,,,,,,,,
触点数量：侧 2,0,1,0,2121,,,,,,,,,,
触点数量：侧 1,0,1,0,2120,,,,,,,,,,
输出电流(Min),1,0,2116,0,,,,,,,,,,
接插高度,1,0,2116,0,,,,,,,,,,
基本产品编号,1,0,2099,0,,,,,,,,,,
二极管电阻测试频率,0,1,0,2097,,,,,,,,,,
数据编码/解码方法,0,1,0,2083,,,,,,,,,,
栅电荷,1,0,2071,0,,,,,,,,,,
Packaging,1,0,2062,0,,,,,,,,,,
载流,1,0,2049,0,,,,,,,,,,
最小差分输入-输出电压,0,1,0,2042,,,,,,,,,,
最大差分输入-输出电压,0,1,0,2039,,,,,,,,,,
FRAM内存容量,1,0,2034,0,,,,,,,,,,
线圈功率(DC),1,0,2032,0,,,,,,,,,,
包装材料,1,1,2,2025,,,,,,,,,,
Current-Rating,1,0,2001,0,,,,,,,,,,
最小绝缘直径,0,1,0,1999,,,,,,,,,,
肖特基势垒类型,0,1,0,1997,,,,,,,,,,
输出电压2,0,1,0,1970,,,,,,,,,,
最小增益,0,1,0,1937,,,,,,,,,,
相关的军用规格后壳,0,1,0,1932,,,,,,,,,,
线圈电压(AC),1,0,1927,0,,,,,,,,,,
最短时间,0,1,0,1920,,,,,,,,,,
耐热支撑装置类型,0,1,0,1896,,,,,,,,,,
介电常数,0,1,0,1893,,,,,,,,,,
增益变化,0,1,0,1889,,,,,,,,,,
电路功能,0,1,0,1878,,,,,,,,,,
中断能力,0,1,0,1874,,,,,,,,,,
易失性,0,1,0,1874,,,,,,,,,,
模式,1,1,5,1836,,,,,,,,,,
最大衰减频率 (+/- delta f),0,1,0,1835,,,,,,,,,,
标称调节电流 (Ireg),0,1,0,1830,,,,,,,,,,
最大限制电压,0,1,0,1829,,,,,,,,,,
规格书PDF,1,0,1821,0,,,,,,,,,,
接收类型,0,1,0,1703,,,,,,,,,,
已加载的行名,0,1,0,1700,,,,,,,,,,
产品状态,1,0,1700,0,,,,,,,,,,
最长触点回跳时间,0,1,0,1693,,,,,,,,,,
输出电流2,0,1,0,1692,,,,,,,,,,
Termination-Style,1,0,1678,0,,,,,,,,,,
最大降落时间（tf）,0,1,0,1674,,,,,,,,,,
平均输入功率,0,1,0,1669,,,,,,,,,,
输出数据总线宽度,0,1,0,1667,,,,,,,,,,
频率容差 (MHz),0,1,0,1663,,,,,,,,,,
Voltage-Rating-AC,1,0,1660,0,,,,,,,,,,
IR(uA),1,1,1,1657,,,,,,,,,,
VR(V),0,1,0,1657,,,,,,,,,,
VZ(Min),0,1,0,1657,,,,,,,,,,
VZ(Nom),0,1,0,1657,,,,,,,,,,
Pd（W）,0,1,0,1657,,,,,,,,,,
VZ(Max),0,1,0,1657,,,,,,,,,,
IZT(mA),0,1,0,1657,,,,,,,,,,
Voltage-Rating-DC,1,0,1653,0,,,,,,,,,,
Actuator-Type,1,0,1644,0,,,,,,,,,,
导体材料,1,1,2,1641,,,,,,,,,,
高度尺寸特征,1,0,1625,0,,,,,,,,,,
最小二极管电容,0,1,0,1602,,,,,,,,,,
滤波器,0,1,0,1598,,,,,,,,,,
Color,1,0,1593,0,,,,,,,,,,
Maximum recurrent peak reverse voltage,0,1,0,1579,,,,,,,,,,
标称槽宽,0,1,0,1559,,,,,,,,,,
输出通道数,1,0,1546,0,,,,,,,,,,
阵列中的LED数量,0,1,0,1530,,,,,,,,,,
用于,1,1,85,1420,,,,,,,,,,
电缆类型,1,1,60,1435,,,,,,,,,,
最大磁场范围,0,1,0,1489,,,,,,,,,,
Contact-Finish,1,0,1469,0,,,,,,,,,,
应用程序,0,1,0,1467,,,,,,,,,,
Maximum instantaneous forward voltage,0,1,0,1454,,,,,,,,,,
REACH 状态,1,0,1447,0,,,,,,,,,,
完成厚度,0,1,0,1422,,,,,,,,,,
最小磁场范围,0,1,0,1420,,,,,,,,,,
输入电容(Cies),1,0,1386,0,,,,,,,,,,
有源滤波器类型,0,1,0,1371,,,,,,,,,,
可用通道,1,0,1370,0,,,,,,,,,,
电流 - 输出（最大值）,1,0,1352,0,,,,,,,,,,
响应,0,1,0,1342,,,,,,,,,,
全向,0,1,0,1342,,,,,,,,,,
最大反向漏电流（Ir）,1,0,1325,0,,,,,,,,,,
Peak forward surge current,0,1,0,1320,,,,,,,,,,
衰减@频率最小值,0,1,0,1312,,,,,,,,,,
适配器类型,1,1,33,1267,,,,,,,,,,
输出锁存器或寄存器,0,1,0,1298,,,,,,,,,,
最大延迟,0,1,0,1287,,,,,,,,,,
标称 R0,0,1,0,1273,,,,,,,,,,
Package,1,1,177,1093,,,,,,,,,,
传递特性,0,1,0,1259,,,,,,,,,,
ET产品最小值,0,1,0,1245,,,,,,,,,,
Contact-Material,1,0,1227,0,,,,,,,,,,
Product Range,1,0,1218,0,,,,,,,,,,
TRR(nS),0,1,0,1216,,,,,,,,,,
RoHS,1,0,1213,0,,,,,,,,,,
标称光电流,0,1,0,1196,,,,,,,,,,
最大衰减频率,0,1,0,1195,,,,,,,,,,
SVHC,1,0,1189,0,,,,,,,,,,
最大输入触发电流,0,1,0,1186,,,,,,,,,,
光纤尺寸,0,1,0,1183,,,,,,,,,,
偏振,0,1,0,1176,,,,,,,,,,
切换时间,0,1,0,1174,,,,,,,,,,
极和零点,0,1,0,1171,,,,,,,,,,
Number-of-Positions,1,0,1155,0,,,,,,,,,,
负载电流(Min),1,0,1152,0,,,,,,,,,,
最大隔离度,0,1,0,1146,,,,,,,,,,
本体颜色,0,1,0,1144,,,,,,,,,,
最大反向漏电流,1,1,1,1138,,,,,,,,,,
收发器数量,0,1,0,1130,,,,,,,,,,
最小电感 (L),0,1,0,1124,,,,,,,,,,
工具和机器名称,0,1,0,1122,,,,,,,,,,
压伸定律,0,1,0,1120,,,,,,,,,,
Actuator-Length,1,0,1106,0,,,,,,,,,,
像素大小,0,1,0,1087,,,,,,,,,,
中心频率或截止频率最大范围,0,1,0,1081,,,,,,,,,,
Product Status,1,0,1078,0,,,,,,,,,,
频带数量,0,1,0,1076,,,,,,,,,,
保险丝类,0,1,0,1075,,,,,,,,,,
最小隔离度,0,1,0,1071,,,,,,,,,,
For-Use-With-Related-Products,1,0,1070,0,,,,,,,,,,
阵列类型,0,1,0,1053,,,,,,,,,,
主体直径,1,1,11,1039,,,,,,,,,,
最大电容,0,1,0,1046,,,,,,,,,,
最小电容,0,1,0,1046,,,,,,,,,,
观察区域高度,0,1,0,1043,,,,,,,,,,
负载电流(Max),1,0,1040,0,,,,,,,,,,
最长读取时间,0,1,0,1040,,,,,,,,,,
峰值浪涌电流,0,1,0,1036,,,,,,,,,,
Accessory-Type,1,0,1028,0,,,,,,,,,,
标称滞后比,0,1,0,1026,,,,,,,,,,
脉冲输入最大功率,0,1,0,1025,,,,,,,,,,
设备核心,0,1,0,1024,,,,,,,,,,
闪存,0,1,0,1024,,,,,,,,,,
时钟速度,0,1,0,1024,,,,,,,,,,
内存,0,1,0,1024,,,,,,,,,,
核心架构,0,1,0,1024,,,,,,,,,,
接触（交流）最大额定负载I,0,1,0,1016,,,,,,,,,,
间隙大小,0,1,0,998,,,,,,,,,,
工作电压(Min),1,0,997,0,,,,,,,,,,
灵敏度（mV / V）,0,1,0,988,,,,,,,,,,
Contact-Timing,1,0,956,0,,,,,,,,,,
Angle-of-Throw,1,0,956,0,,,,,,,,,,
片上内存类型,0,1,0,954,,,,,,,,,,
功率变化,0,1,0,935,,,,,,,,,,
最小转折电压,0,1,0,924,,,,,,,,,,
解调类型,0,1,0,922,,,,,,,,,,
中心频率或截止频率最小范围,0,1,0,921,,,,,,,,,,
Depth-Behind-Panel,1,0,911,0,,,,,,,,,,
Circuit-per-Deck,1,0,911,0,,,,,,,,,,
Index-Stops,1,0,911,0,,,,,,,,,,
滞后,0,1,0,906,,,,,,,,,,
封装/外壳,1,0,904,0,,,,,,,,,,
阶次,0,1,0,895,,,,,,,,,,
标称通态集电极电流,0,1,0,894,,,,,,,,,,
最大阻抗,0,1,0,890,,,,,,,,,,
能够,0,1,0,888,,,,,,,,,,
光谱带宽,0,1,0,883,,,,,,,,,,
最大输入功率,0,1,0,879,,,,,,,,,,
配件类型,1,0,878,0,,,,,,,,,,
最大电感 (L),0,1,0,872,,,,,,,,,,
最小衰减频率,0,1,0,854,,,,,,,,,,
最大脉冲上升时间,0,1,0,848,,,,,,,,,,
最大电压增益,1,1,1,842,,,,,,,,,,
ADC分辨率,0,1,0,842,,,,,,,,,,
Adc通道,0,1,0,842,,,,,,,,,,
Number-of-Poles-per-Deck,1,0,831,0,,,,,,,,,,
Number-of-Decks,1,0,830,0,,,,,,,,,,
最大非线性,0,1,0,827,,,,,,,,,,
Ingress-Protection,1,0,825,0,,,,,,,,,,
动态范围,0,1,0,824,,,,,,,,,,
TJ(℃）,0,1,0,820,,,,,,,,,,
线圈运行电压（AC）,0,1,0,815,,,,,,,,,,
标称电压增益,0,1,0,813,,,,,,,,,,
水平像素,0,1,0,802,,,,,,,,,,
最大输出频率,0,1,0,802,,,,,,,,,,
带凸肩,1,0,793,0,,,,,,,,,,
垂直像素,0,1,0,790,,,,,,,,,,
相关军用规格,0,1,0,782,,,,,,,,,,
底板数,0,1,0,776,,,,,,,,,,
制动器数量,1,0,775,0,,,,,,,,,,
配套使用/相关产品,1,0,762,0,,,,,,,,,,
设计用途,0,1,0,759,,,,,,,,,,
Thread-Size,1,0,758,0,,,,,,,,,,
电压 - 输出 6,1,0,757,0,,,,,,,,,,
电压 - 输出 5,1,0,754,0,,,,,,,,,,
产品种类,1,0,751,0,,,,,,,,,,
信号线数量,0,1,0,748,,,,,,,,,,
电磁干扰屏蔽,0,1,0,743,,,,,,,,,,
衰减频率（+/-Δf）-最小值,0,1,0,742,,,,,,,,,,
商标,1,0,742,0,,,,,,,,,,
显示配置,0,1,0,738,,,,,,,,,,
最大上升时间（tr）,0,1,0,731,,,,,,,,,,
滞留,0,1,0,721,,,,,,,,,,
Gender,1,0,720,0,,,,,,,,,,
产品类型,1,0,719,0,,,,,,,,,,
Contact Plating,1,0,719,0,,,,,,,,,,
热身时间,0,1,0,717,,,,,,,,,,
VRRM (V),0,1,0,716,,,,,,,,,,
VF (V),0,1,0,716,,,,,,,,,,
IFSM (A),0,1,0,716,,,,,,,,,,
IF（A）,0,1,0,712,,,,,,,,,,
标称维持电流,0,1,0,710,,,,,,,,,,
观察区域长度,0,1,0,706,,,,,,,,,,
响应度,0,1,0,701,,,,,,,,,,
Mounting,1,0,699,0,,,,,,,,,,
Contact Material,1,0,687,0,,,,,,,,,,
Shaft-Size,1,0,683,0,,,,,,,,,,
Product,1,0,680,0,,,,,,,,,,
标称输出电压（调频）,0,1,0,671,,,,,,,,,,
阻抗,1,0,660,0,,,,,,,,,,
负载电阻,0,1,0,656,,,,,,,,,,
位数/字符,0,1,0,639,,,,,,,,,,
初级类型,0,1,0,620,,,,,,,,,,
信道分离,0,1,0,618,,,,,,,,,,
带宽 (+/- delta f),0,1,0,610,,,,,,,,,,
Connector Body Material,1,0,604,0,,,,,,,,,,
Maximum average forward rectified current,0,1,0,601,,,,,,,,,,
熔断时间,0,1,0,594,,,,,,,,,,
线性编码,0,1,0,591,,,,,,,,,,
直流不平衡电流最大值,0,1,0,581,,,,,,,,,,
总深度,0,1,0,578,,,,,,,,,,
驱动类型,1,1,2,576,,,,,,,,,,
最小动态阻抗,0,1,0,573,,,,,,,,,,
Illumination,1,0,567,0,,,,,,,,,,
工厂包装数量,1,0,564,0,,,,,,,,,,
@IVA(A),0,1,0,558,,,,,,,,,,
多匝,0,1,0,552,,,,,,,,,,
调节器方向,0,1,0,551,,,,,,,,,,
Illumination-Voltage-Nominal,1,0,531,0,,,,,,,,,,
供应商器件封装,1,0,531,0,,,,,,,,,,
光学格式,0,1,0,530,,,,,,,,,,
Shielding,1,0,530,0,,,,,,,,,,
输入电压(AC),1,0,527,0,,,,,,,,,,
导体表面处理,0,1,0,525,,,,,,,,,,
内置中频放大器,0,1,0,512,,,,,,,,,,
视频标准,0,1,0,508,,,,,,,,,,
Insert Arrangement,1,0,505,0,,,,,,,,,,
侵入防护,1,0,501,0,,,,,,,,,,
主体材料,1,1,13,488,,,,,,,,,,
电压 - 隔离,1,0,501,0,,,,,,,,,,
最小连续输出功率,0,1,0,496,,,,,,,,,,
LO 可调谐,0,1,0,495,,,,,,,,,,
最大耗散功率PdPower dissipation,1,0,486,0,,,,,,,,,,
最大增益公差,0,1,0,485,,,,,,,,,,
调制技术,0,1,0,482,,,,,,,,,,
驱动器接口标准,0,1,0,477,,,,,,,,,,
光谱响应 (nm),0,1,0,472,,,,,,,,,,
并联电容,0,1,0,471,,,,,,,,,,
Circuit,1,0,468,0,,,,,,,,,,
稳压电流,1,0,467,0,,,,,,,,,,
Switch-Function,1,0,467,0,,,,,,,,,,
Brand/Series,1,0,467,0,,,,,,,,,,
IF(A),0,1,0,457,,,,,,,,,,
最小阻抗,0,1,0,456,,,,,,,,,,
电源电压(AC),1,0,453,0,,,,,,,,,,
输出电压标称（AM）,0,1,0,449,,,,,,,,,,
面层,0,1,0,449,,,,,,,,,,
标称上拉电阻,0,1,0,447,,,,,,,,,,
Contact-Finish-Thickness,1,0,447,0,,,,,,,,,,
信噪比Nom（FM）,0,1,0,446,,,,,,,,,,
1dB压缩点,0,1,0,441,,,,,,,,,,
Contact Termination Type,1,0,441,0,,,,,,,,,,
高度 - 安装（最大值）,1,0,440,0,,,,,,,,,,
Connector-Type,1,0,440,0,,,,,,,,,,
@ IF (A),0,1,0,437,,,,,,,,,,
@IF(A),0,1,0,433,,,,,,,,,,
输入连接器,1,1,7,423,,,,,,,,,,
主阻抗,0,1,0,428,,,,,,,,,,
Length,1,0,425,0,,,,,,,,,,
输出连接器,1,1,7,416,,,,,,,,,,
独立键数量,0,1,0,423,,,,,,,,,,
插入损耗@最大频率,0,1,0,423,,,,,,,,,,
输入功率(Max),1,0,421,0,,,,,,,,,,
Storage Temperature Range,0,1,0,420,,,,,,,,,,
准时,0,1,0,418,,,,,,,,,,
插入损耗@频率-最小值,0,1,0,418,,,,,,,,,,
偏振模式,0,1,0,415,,,,,,,,,,
二次阻抗,0,1,0,412,,,,,,,,,,
输出兼容性,0,1,0,411,,,,,,,,,,
运营商类型,0,1,0,411,,,,,,,,,,
Material,1,0,410,0,,,,,,,,,,
标称噪声指数,0,1,0,402,,,,,,,,,,
Status,1,1,219,183,,,,,,,,,,
最大共模电压,0,1,0,402,,,,,,,,,,
Termination,1,0,402,0,,,,,,,,,,
显示格式,0,1,0,394,,,,,,,,,,
分区数量-最多,0,1,0,391,,,,,,,,,,
分区数量-最少,0,1,0,391,,,,,,,,,,
EU RoHS,1,0,391,0,,,,,,,,,,
Panel-Cutout-Dimensions,1,0,390,0,,,,,,,,,,
最小输出电流,0,1,0,383,,,,,,,,,,
电流 - 输出 1,1,0,380,0,,,,,,,,,,
输入电压VINVoltage - Input,1,0,379,0,,,,,,,,,,
鳍板方向,0,1,0,379,,,,,,,,,,
输出电压VOUTVoltage - Output,1,0,378,0,,,,,,,,,,
Current - Output 1,1,0,377,0,,,,,,,,,,
Collector-emitter breakdown voltage,0,1,0,376,,,,,,,,,,
额定电流（安培）,1,0,376,0,,,,,,,,,,
Transition frequency,0,1,0,376,,,,,,,,,,
电路数量Number of Regulators,1,0,372,0,,,,,,,,,,
带使能脚EN/CE(ON/OFF功能)With Enable Pin,1,0,372,0,,,,,,,,,,
峰值一次电流,0,1,0,372,,,,,,,,,,
输出电流IoCurrent - Output,1,0,371,0,,,,,,,,,,
Contact Gender,1,0,369,0,,,,,,,,,,
主机接口标准,0,1,0,367,,,,,,,,,,
配套使用产品/相关产品,1,0,366,0,,,,,,,,,,
最大输入频率（射频）,0,1,0,363,,,,,,,,,,
次级电感,0,1,0,360,,,,,,,,,,
最大中频频率,0,1,0,360,,,,,,,,,,
插入损耗（发送）,0,1,0,359,,,,,,,,,,
Datasheet Url,0,1,0,358,,,,,,,,,,
compound_id,0,1,0,358,,,,,,,,,,
插入损耗（接收）,0,1,0,357,,,,,,,,,,
Connector-Style,1,0,356,0,,,,,,,,,,
Current - Output 2,1,0,356,0,,,,,,,,,,
Body Orientation,1,0,356,0,,,,,,,,,,
脉冲峰值电流（Ipp）,1,0,353,0,,,,,,,,,,
Objectid,0,1,0,352,,,,,,,,,,
最大射频输入频率,0,1,0,351,,,,,,,,,,
最小中频频率,0,1,0,347,,,,,,,,,,
最小输入频率（射频）,0,1,0,345,,,,,,,,,,
For Use With,1,0,345,0,,,,,,,,,,
No. of Contacts,1,0,345,0,,,,,,,,,,
Contact-Type,1,0,344,0,,,,,,,,,,
帧速率,0,1,0,343,,,,,,,,,,
端接,1,0,342,0,,,,,,,,,,
电流 - 输出 2,1,0,341,0,,,,,,,,,,
Dimensions,1,0,341,0,,,,,,,,,,
每行字符数,1,1,31,307,,,,,,,,,,
最大压降VDOVoltage - Dropout,1,0,337,0,,,,,,,,,,
脉冲输入功率最小值,0,1,0,330,,,,,,,,,,
内存组织,0,1,0,329,,,,,,,,,,
最大直流电压,1,1,17,311,,,,,,,,,,
电池馈电,0,1,0,328,,,,,,,,,,
晶体频率,0,1,0,328,,,,,,,,,,
额定电流（功率）,0,1,0,327,,,,,,,,,,
最小射频输入频率,0,1,0,326,,,,,,,,,,
规格,1,0,326,0,,,,,,,,,,
破损率,0,1,0,325,,,,,,,,,,
故障率,1,0,325,0,,,,,,,,,,
接收中心频率,0,1,0,324,,,,,,,,,,
标称工作电压,0,1,0,323,,,,,,,,,,
发送中心频率,0,1,0,323,,,,,,,,,,
针位数,1,0,322,0,,,,,,,,,,
所含物品,1,0,319,0,,,,,,,,,,
最大正输入电压,0,1,0,317,,,,,,,,,,
最小输出功率,0,1,0,316,,,,,,,,,,
电池供电,0,1,0,315,,,,,,,,,,
典型工作电流,0,1,0,315,,,,,,,,,,
主时钟,0,1,0,312,,,,,,,,,,
触点（交流）最大额定M负载,0,1,0,311,,,,,,,,,,
Product Length,1,0,311,0,,,,,,,,,,
Connector Type,1,0,308,0,,,,,,,,,,
每次显示的行数,0,1,0,307,,,,,,,,,,
DC current gain - Min,0,1,0,306,,,,,,,,,,
DC current gain - Max,0,1,0,306,,,,,,,,,,
频率微调,0,1,0,304,,,,,,,,,,
电池电量耗尽指示,0,1,0,304,,,,,,,,,,
材料可燃性等级,1,0,303,0,,,,,,,,,,
Part Status,1,0,302,0,,,,,,,,,,
Pitch,1,0,300,0,,,,,,,,,,
字符字体类型,0,1,0,297,,,,,,,,,,
紧固类型,1,0,297,0,,,,,,,,,,
Collector Current - Continuous,0,1,0,295,,,,,,,,,,
Part-Aliases,1,0,294,0,,,,,,,,,,
端子数,1,0,293,0,,,,,,,,,,
IP Rating,1,0,293,0,,,,,,,,,,
警报,0,1,0,292,,,,,,,,,,
下变频增益-最小值,0,1,0,291,,,,,,,,,,
Illumination-Type-Color,1,0,291,0,,,,,,,,,,
垂直像素数,0,1,0,291,,,,,,,,,,
水平像素数,0,1,0,291,,,,,,,,,,
成分,1,0,290,0,,,,,,,,,,
Lead Finish,1,0,287,0,,,,,,,,,,
导体材质,1,0,287,0,,,,,,,,,,
待机电流,1,0,287,0,,,,,,,,,,
Factory Pack Quantity,1,0,285,0,,,,,,,,,,
Current - Output 3,1,0,285,0,,,,,,,,,,
Cable-Type,1,0,284,0,,,,,,,,,,
处理器类型,1,0,283,0,,,,,,,,,,
触头材料,1,0,280,0,,,,,,,,,,
IVA(A),0,1,0,279,,,,,,,,,,
端口终止,0,1,0,277,,,,,,,,,,
Service Class,1,0,277,0,,,,,,,,,,
标称振荡器频率,0,1,0,273,,,,,,,,,,
使用的 IC/零件,1,0,272,0,,,,,,,,,,
样式,1,0,268,0,,,,,,,,,,
Usage,1,0,268,0,,,,,,,,,,
电流 - 输出 3,1,0,268,0,,,,,,,,,,
端口配置,0,1,0,266,,,,,,,,,,
音频类型,0,1,0,265,,,,,,,,,,
气流量,0,1,0,265,,,,,,,,,,
针脚长度,1,0,264,0,,,,,,,,,,
引脚直径,0,1,0,263,,,,,,,,,,
主机数据传输速率最大值,0,1,0,263,,,,,,,,,,
D Sub Shell Size,1,0,262,0,,,,,,,,,,
最大相移,0,1,0,262,,,,,,,,,,
最大光输入功率,0,1,0,260,,,,,,,,,,
轮廓,0,1,0,260,,,,,,,,,,
消隐输出,0,1,0,259,,,,,,,,,,
最大噪声,0,1,0,259,,,,,,,,,,
混合,0,1,0,259,,,,,,,,,,
Fastening-Type,1,0,259,0,,,,,,,,,,
Mounting-Style,1,0,258,0,,,,,,,,,,
输入模式,0,1,0,257,,,,,,,,,,
Product Length (mm),1,0,257,0,,,,,,,,,,
Standard Package,1,0,256,0,,,,,,,,,,
Tradename,1,0,255,0,,,,,,,,,,
最小相移,0,1,0,253,,,,,,,,,,
I/O,1,1,1,251,,,,,,,,,,
Timer Basic TM (16bit),0,1,0,251,,,,,,,,,,
Connectivity OP-AMP,0,1,0,251,,,,,,,,,,
Analog Interface 12bit ADC Units (CHs),0,1,0,251,,,,,,,,,,
Timer SysTick (24bit),0,1,0,251,,,,,,,,,,
Connectivity USART,0,1,0,251,,,,,,,,,,
Memory (Bytes) Flash,0,1,0,251,,,,,,,,,,
Connectivity Comp,0,1,0,251,,,,,,,,,,
Connectivity I2S,0,1,0,251,,,,,,,,,,
Connectivity SPI,0,1,0,251,,,,,,,,,,
Timer RTC,0,1,0,251,,,,,,,,,,
Timer Advanced TM (16bit),0,1,0,251,,,,,,,,,,
区块数量,0,1,0,251,,,,,,,,,,
Timer WDG,0,1,0,251,,,,,,,,,,
Connectivity I2C,0,1,0,251,,,,,,,,,,
Max Speed (MHz),0,1,0,251,,,,,,,,,,
Timer GPTM (16bit),0,1,0,251,,,,,,,,,,
Analog Interface 12bit DAC Units,0,1,0,251,,,,,,,,,,
Connectivity USB 2 FS,0,1,0,251,,,,,,,,,,
Memory (Bytes) SRAM,0,1,0,251,,,,,,,,,,
Timer GPTM (32bit),0,1,0,251,,,,,,,,,,
Coupling Style,1,0,250,0,,,,,,,,,,
PSRR-Min,0,1,0,250,,,,,,,,,,
Tolerance,1,0,250,0,,,,,,,,,,
Insert Rotation,1,0,250,0,,,,,,,,,,
Equivalent Military Specification,1,0,250,0,,,,,,,,,,
Circular Contact Type,1,0,250,0,,,,,,,,,,
Connector Body Plating,1,0,250,0,,,,,,,,,,
Circular Connector Shell Style,1,0,250,0,,,,,,,,,,
切换速度,0,1,0,249,,,,,,,,,,
串声,0,1,0,248,,,,,,,,,,
Contact-Termination,1,0,248,0,,,,,,,,,,
Voltage-Rating,1,0,246,0,,,,,,,,,,
Shell-Size-Insert,1,0,245,0,,,,,,,,,,
Operating Temperature,1,0,245,0,,,,,,,,,,
零件号别名,1,0,244,0,,,,,,,,,,
辅助属性,1,0,244,0,,,,,,,,,,
轴承类型,0,1,0,243,,,,,,,,,,
反向电压VrReverse Voltage,1,0,242,0,,,,,,,,,,
Size,1,0,242,0,,,,,,,,,,
工作位置,1,1,33,208,,,,,,,,,,
Breaker-Type,1,0,240,0,,,,,,,,,,
预期寿命,0,1,0,240,,,,,,,,,,
最小正切信号灵敏度,0,1,0,240,,,,,,,,,,
Primary Type,1,0,239,0,,,,,,,,,,
发货限制,1,0,237,0,,,,,,,,,,
嵌入式,1,0,235,0,,,,,,,,,,
Accessory Type,1,0,235,0,,,,,,,,,,
Lead-Free Status,1,0,235,0,,,,,,,,,,
线性度（Cel）,0,1,0,233,,,,,,,,,,
集电极-基极反向击穿电压V(BR)CBOCollector-Base Voltage(VCBO),1,0,233,0,,,,,,,,,,
集电极连续输出电流ICCollector Current(IC),1,0,233,0,,,,,,,,,,
触头表面处理 - 配接,1,0,232,0,,,,,,,,,,
触头表面处理厚度 - 配接,1,0,232,0,,,,,,,,,,
集电极-发射极反向击穿电压V(BR)CEOCollector-Emitter Voltage(VCEO),1,0,232,0,,,,,,,,,,
等级,1,0,230,0,,,,,,,,,,
运营商类型（2）,0,1,0,229,,,,,,,,,,
直流电流增益hFEDC Current Gain(hFE),1,0,229,0,,,,,,,,,,
噪声,0,1,0,229,,,,,,,,,,
主要属性,1,0,228,0,,,,,,,,,,
Alternate Mfr Part Number,1,0,227,0,,,,,,,,,,
耐电压,1,0,227,0,,,,,,,,,,
截止频率fTTranstion Frequency(fT),1,0,224,0,,,,,,,,,,
Connector Shell Size,1,0,224,0,,,,,,,,,,
Supply Voltage,1,1,221,2,,,,,,,,,,
外套材料,0,1,0,220,,,,,,,,,,
Brand,1,0,217,0,,,,,,,,,,
ECCN (US),1,0,217,0,,,,,,,,,,
Configuration,1,0,215,0,,,,,,,,,,
天线接线,1,0,215,0,,,,,,,,,,
Package-Case,1,0,214,0,,,,,,,,,,
-,0,1,0,212,,,,,,,,,,
Source Content uid,0,1,0,212,,,,,,,,,,
产品范围,1,0,212,0,,,,,,,,,,
最大正向压降VFForward Voltage(Vf),1,0,210,0,,,,,,,,,,
传输媒体,0,1,0,210,,,,,,,,,,
Current - Output 4,1,0,208,0,,,,,,,,,,
灵敏度（mV / G）,0,1,0,206,,,,,,,,,,
灵敏度（V / lx.s）,0,1,0,206,,,,,,,,,,
触点尺寸,1,1,3,203,,,,,,,,,,
线圈释放电压（AC）,0,1,0,204,,,,,,,,,,
标称采集时间,0,1,0,203,,,,,,,,,,
最大负输入电压,0,1,0,203,,,,,,,,,,
开断电压,1,0,201,0,,,,,,,,,,
电流 - 输出 4,1,0,200,0,,,,,,,,,,
Automotive,1,0,199,0,,,,,,,,,,
最长采集时间,0,1,0,197,,,,,,,,,,
제조업체,1,0,196,0,,,,,,,,,,
信道间隔,0,1,0,195,,,,,,,,,,
最大反向漏电流IR(uA)Reverse Current,1,0,193,0,,,,,,,,,,
Frequency,1,1,104,88,,,,,,,,,,
产品特性,1,0,192,0,,,,,,,,,,
最大齐纳阻抗Zz(Ω)Dynamic Impedance,1,0,191,0,,,,,,,,,,
Mounting Type,1,0,191,0,,,,,,,,,,
最大max.,1,0,191,0,,,,,,,,,,
额定齐纳电压Vz(V)Zener Voltage 最小min.,1,0,191,0,,,,,,,,,,
Connector Mounting,1,0,189,0,,,,,,,,,,
平均Typ.,1,0,187,0,,,,,,,,,,
Beamwidth-H,0,1,0,186,,,,,,,,,,
Current Rating,1,0,186,0,,,,,,,,,,
Output Type,1,0,186,0,,,,,,,,,,
输入功率最小值（CW）,0,1,0,186,,,,,,,,,,
Housing-Material,1,0,186,0,,,,,,,,,,
"Material, Housing",1,0,185,0,,,,,,,,,,
束宽-E,0,1,0,184,,,,,,,,,,
触头类型,1,0,184,0,,,,,,,,,,
变化控制机构,0,1,0,184,,,,,,,,,,
Datasheet,0,1,0,183,,,,,,,,,,
Package  Type,0,1,0,183,,,,,,,,,,
正向电压最小值（VF）,0,1,0,182,,,,,,,,,,
Contact-Size,1,0,182,0,,,,,,,,,,
集电极击穿电压,1,0,181,0,,,,,,,,,,
窗口尺寸,0,1,0,180,,,,,,,,,,
Termination Method,1,0,179,0,,,,,,,,,,
Package/Case,1,0,178,0,,,,,,,,,,
电压,1,1,113,64,,,,,,,,,,
触头形状,1,0,177,0,,,,,,,,,,
最小衰减,0,1,0,176,,,,,,,,,,
Max Processing Temp,1,0,175,0,,,,,,,,,,
最小可调时间延迟,0,1,0,175,,,,,,,,,,
Shell Size,1,0,174,0,,,,,,,,,,
最大可调时间延迟,0,1,0,174,,,,,,,,,,
Termination-Finish,1,0,172,0,,,,,,,,,,
Mounting-Feature,1,0,171,0,,,,,,,,,,
Standard Pack Qty,1,0,171,0,,,,,,,,,,
Convert-From-Adapter-End,1,0,170,0,,,,,,,,,,
Shell-Material-Finish,1,0,170,0,,,,,,,,,,
Convert-To-Adapter-End,1,0,170,0,,,,,,,,,,
加载的针位数,1,0,168,0,,,,,,,,,,
Housing-Color,1,0,167,0,,,,,,,,,,
最小绝缘电压,0,1,0,167,,,,,,,,,,
Number-of-Positions-Convert-To,1,0,166,0,,,,,,,,,,
Number-of-Positions-Convert-From,1,0,166,0,,,,,,,,,,
逻辑类型Logic Type,1,0,166,0,,,,,,,,,,
Shell-Size-Insert-Convert-To,1,0,166,0,,,,,,,,,,
Shell-Size-Insert-Convert-From,1,0,166,0,,,,,,,,,,
Mounting Style,1,0,165,0,,,,,,,,,,
"输出高，低电平电流Current - Output High, Low",1,0,165,0,,,,,,,,,,
最大次级负载,0,1,0,164,,,,,,,,,,
Connection Type,1,0,163,0,,,,,,,,,,
Mounting-Angle,1,0,163,0,,,,,,,,,,
静态电流IqCurrent - Quiescent (Max),1,0,163,0,,,,,,,,,,
Termination Style,1,0,163,0,,,,,,,,,,
低逻辑电平Logic Level - Low,1,0,161,0,,,,,,,,,,
Case,1,0,160,0,,,,,,,,,,
Unit-Weight,1,0,159,0,,,,,,,,,,
Body Style,1,0,158,0,,,,,,,,,,
Voltage,1,0,157,0,,,,,,,,,,
No. of Power Positions,1,0,156,0,,,,,,,,,,
No. of Signal Contacts,1,0,156,0,,,,,,,,,,
致动器类型,1,0,154,0,,,,,,,,,,
接合堆叠高度,1,0,153,0,,,,,,,,,,
触头表面处理 - 柱,1,0,153,0,,,,,,,,,,
Product Diameter (mm),1,0,153,0,,,,,,,,,,
触头表面处理厚度 - 柱,1,0,153,0,,,,,,,,,,
间距 - 配接,1,0,153,0,,,,,,,,,,
绝缘颜色,1,0,152,0,,,,,,,,,,
绝缘材料,1,0,151,0,,,,,,,,,,
排距 - 配接,1,0,151,0,,,,,,,,,,
绝缘高度,1,0,151,0,,,,,,,,,,
Capacitance Value,1,0,150,0,,,,,,,,,,
Voltage Rating,1,0,150,0,,,,,,,,,,
接触长度 - 柱,1,0,149,0,,,,,,,,,,
电路数Number of Circuits,1,0,149,0,,,,,,,,,,
输入数Number of Inputs,1,0,148,0,,,,,,,,,,
储备,0,1,0,148,,,,,,,,,,
安装特性,1,0,148,0,,,,,,,,,,
Impedance,1,0,147,0,,,,,,,,,,
最小负电源电压,0,1,0,147,,,,,,,,,,
电源电压VccVoltage - Supply,1,0,147,0,,,,,,,,,,
Voltage(DC),1,0,145,0,,,,,,,,,,
产品,1,0,145,0,,,,,,,,,,
耗散功率PcPower Dissipation,1,0,144,0,,,,,,,,,,
接触节圆直径,0,1,0,143,,,,,,,,,,
Approvals,1,0,142,0,,,,,,,,,,
@VR,0,1,0,141,,,,,,,,,,
Function,1,0,141,0,,,,,,,,,,
Shell Plating,1,0,141,0,,,,,,,,,,
TRR（nS),0,1,0,141,,,,,,,,,,
@IF（uA）,0,1,0,141,,,,,,,,,,
IF（mA）,0,1,0,141,,,,,,,,,,
Lead Diameter,1,0,141,0,,,,,,,,,,
最大下降率,0,1,0,140,,,,,,,,,,
储存温度,1,0,140,0,,,,,,,,,,
最小输出频率,0,1,0,140,,,,,,,,,,
Vin  (max)(V),0,1,0,139,,,,,,,,,,
Vin  (min)(V),0,1,0,139,,,,,,,,,,
Wire-Gauge-or-Range-mm2,1,0,138,0,,,,,,,,,,
Contact-Form,1,0,138,0,,,,,,,,,,
Wire-Gauge-or-Range-AWG,1,0,138,0,,,,,,,,,,
锁定直播画面,0,1,0,136,,,,,,,,,,
外壳尺寸 - 插件,1,0,135,0,,,,,,,,,,
Wire-Gauge-or-Range-Coaxial,1,0,135,0,,,,,,,,,,
耗散功率PdPower Dissipation,1,0,135,0,,,,,,,,,,
最大源漏极电压VdsDrain-Source Voltage,1,0,135,0,,,,,,,,,,
可重复性,0,1,0,134,,,,,,,,,,
最大负电源电压,0,1,0,133,,,,,,,,,,
面板开口尺寸,1,0,132,0,,,,,,,,,,
喷头数量,1,0,132,0,,,,,,,,,,
电池类型,0,1,0,131,,,,,,,,,,
输出类型Output Type,1,0,130,0,,,,,,,,,,
主要用途,1,0,130,0,,,,,,,,,,
最大牵引值,0,1,0,130,,,,,,,,,,
最小牵引值,0,1,0,130,,,,,,,,,,
Current - Output 5,1,0,129,0,,,,,,,,,,
Flange-Feature,1,0,129,0,,,,,,,,,,
平均整流电流IoAVerage Rectified Current,1,0,127,0,,,,,,,,,,
分辨率,1,1,7,120,,,,,,,,,,
受检测电压数Number of Voltages Monitored,1,0,126,0,,,,,,,,,,
工作电压VINVoltage - Supply,1,0,126,0,,,,,,,,,,
设备已开启,0,1,0,126,,,,,,,,,,
看门狗Watchdog,1,0,126,0,,,,,,,,,,
检测电压/复位阈值电压VDETVoltage - Threshold,1,0,125,0,,,,,,,,,,
Technology,1,0,125,0,,,,,,,,,,
Family,1,0,124,0,,,,,,,,,,
Number-of-Rows,1,0,123,0,,,,,,,,,,
端接样式,1,0,123,0,,,,,,,,,,
1st-Connector,1,0,122,0,,,,,,,,,,
2nd-Connector,1,0,122,0,,,,,,,,,,
高逻辑电平Logic Level - High,1,0,122,0,,,,,,,,,,
输出代码,0,1,0,121,,,,,,,,,,
RF输出最大频率,0,1,0,120,,,,,,,,,,
高/低有效复位Reset,1,0,120,0,,,,,,,,,,
电流 - 输出 5,1,0,120,0,,,,,,,,,,
SVHC(高度关注物质),1,0,119,0,,,,,,,,,,
功能,1,0,119,0,,,,,,,,,,
线圈功率(AC),1,0,119,0,,,,,,,,,,
数字输出数,1,0,119,0,,,,,,,,,,
DIN标准,0,1,0,119,,,,,,,,,,
输入代码,0,1,0,118,,,,,,,,,,
Special Features,1,0,117,0,,,,,,,,,,
精度等级,0,1,0,116,,,,,,,,,,
工作电压(V),1,0,116,0,,,,,,,,,,
Output,1,0,116,0,,,,,,,,,,
参照点,0,1,0,114,,,,,,,,,,
Max. off-state voltage,1,0,114,0,,,,,,,,,,
Operating-Force-Torque,1,0,113,0,,,,,,,,,,
Release-Force,1,0,113,0,,,,,,,,,,
Pretravel,1,0,113,0,,,,,,,,,,
Rad Hardened,1,0,113,0,,,,,,,,,,
Max. forward impulse current,1,0,113,0,,,,,,,,,,
Differential-Travel,1,0,113,0,,,,,,,,,,
Overtravel,1,0,113,0,,,,,,,,,,
最大源漏极电压Vds Drain-Source Voltage,1,0,112,0,,,,,,,,,,
Country,1,0,112,0,,,,,,,,,,
Customs Tariff No.,1,0,112,0,,,,,,,,,,
最大漏极电流Id Drain Current,1,0,112,0,,,,,,,,,,
Leadfree Defin.,1,0,112,0,,,,,,,,,,
Wire-Gauge,1,0,111,0,,,,,,,,,,
耗散功率Pd Power Dissipation,1,0,111,0,,,,,,,,,,
Pin Count,1,0,111,0,,,,,,,,,,
最大栅源极电压Vgs(±) Gate-Source Voltage,1,0,111,0,,,,,,,,,,
ISDN访问速率,0,1,0,110,,,,,,,,,,
电压 - 额定,1,0,110,0,,,,,,,,,,
Sensing Range,1,0,110,0,,,,,,,,,,
Series name,1,0,110,0,,,,,,,,,,
Shell-Size-Connector-Layout,1,0,108,0,,,,,,,,,,
Body Material,1,0,108,0,,,,,,,,,,
Number of Positions,1,0,108,0,,,,,,,,,,
Insulation,1,0,108,0,,,,,,,,,,
模拟输入最大值,0,1,0,108,,,,,,,,,,
最大输出功率,0,1,0,108,,,,,,,,,,
最小输出高电压,0,1,0,107,,,,,,,,,,
最大输出低电压,0,1,0,107,,,,,,,,,,
最大栅源极电压Vgs(±)Gate-Source Voltage,1,0,107,0,,,,,,,,,,
最大漏极电流IdDrain Current,1,0,107,0,,,,,,,,,,
"传播延迟时间@Vcc，CLMax Propagation Delay @ V, Max CL",1,0,106,0,,,,,,,,,,
偏差,1,0,106,0,,,,,,,,,,
源漏极导通电阻RdsDrain-Source On-State Resistance,1,0,106,0,,,,,,,,,,
外壳表面处理,1,0,105,0,,,,,,,,,,
字符数组大小,0,1,0,105,,,,,,,,,,
RF输出频率-最小值,0,1,0,105,,,,,,,,,,
嵌入材料,1,0,105,0,,,,,,,,,,
开启电压Vgs（th）Gate-Source Threshold Voltage,1,0,105,0,,,,,,,,,,
外壳尺寸，MIL,1,0,105,0,,,,,,,,,,
Shell-Size,1,0,105,0,,,,,,,,,,
开启电压Vgs（th） Gate-Source Threshold Voltage,1,0,104,0,,,,,,,,,,
Rated current,1,0,104,0,,,,,,,,,,
Weight,1,0,104,0,,,,,,,,,,
背景颜色数量,0,1,0,103,,,,,,,,,,
Supplier Leadtime,1,0,103,0,,,,,,,,,,
工具类型,1,0,102,0,,,,,,,,,,
"Frequency, Switching",1,0,102,0,,,,,,,,,,
RoHS Compliant,1,0,102,0,,,,,,,,,,
Maximum-Operating-Temperature,1,0,101,0,,,,,,,,,,
封装/温度(℃),1,0,101,0,,,,,,,,,,
Kind of package,1,0,101,0,,,,,,,,,,
Product Depth (mm),1,0,101,0,,,,,,,,,,
杜比类型,0,1,0,101,,,,,,,,,,
播放/录制模式,0,1,0,101,,,,,,,,,,
外部页面内存支持,0,1,0,100,,,,,,,,,,
Load current,1,0,100,0,,,,,,,,,,
Diameter,1,0,100,0,,,,,,,,,,
视频输入处理器,0,1,0,100,,,,,,,,,,
接口,1,1,89,10,,,,,,,,,,
安装风格,1,0,98,0,,,,,,,,,,
Supplier Package,1,0,98,0,,,,,,,,,,
Minimum-Operating-Temperature,1,0,98,0,,,,,,,,,,
PCB changed,1,0,98,0,,,,,,,,,,
集电极电流,1,0,98,0,,,,,,,,,,
Operating-Supply-Voltage,1,0,97,0,,,,,,,,,,
Vout  (min)(V),0,1,0,97,,,,,,,,,,
Vout  (max)(V),0,1,0,97,,,,,,,,,,
Product Diameter,1,0,97,0,,,,,,,,,,
Electrical mounting,1,0,97,0,,,,,,,,,,
电源电压Voltage - Supply,1,0,96,0,,,,,,,,,,
Orientation,1,0,96,0,,,,,,,,,,
Operating Temp Range,1,0,96,0,,,,,,,,,,
Output  Adj.  Method,0,1,0,96,,,,,,,,,,
ABC-Code,1,0,95,0,,,,,,,,,,
Polarity,1,0,94,0,,,,,,,,,,
Cable-Diameter,1,0,93,0,,,,,,,,,,
Body Plating,1,0,93,0,,,,,,,,,,
Coil-Type,1,0,92,0,,,,,,,,,,
Speed,1,0,92,0,,,,,,,,,,
Coil-Voltage,1,0,92,0,,,,,,,,,,
晶体频率标称,0,1,0,92,,,,,,,,,,
Bushing-Thread,1,0,92,0,,,,,,,,,,
Product Height (mm),1,0,91,0,,,,,,,,,,
连接器样式,1,0,90,0,,,,,,,,,,
Number of Contacts,1,0,90,0,,,,,,,,,,
Leakage Current,1,0,90,0,,,,,,,,,,
MIL Type,1,0,90,0,,,,,,,,,,
每帧的行数,0,1,0,90,,,,,,,,,,
商品编号,1,0,89,0,,,,,,,,,,
IAV(V),0,1,0,89,,,,,,,,,,
Plating,1,0,89,0,,,,,,,,,,
总体接触长度,1,0,88,0,,,,,,,,,,
Shell-Plating,1,0,88,0,,,,,,,,,,
接触长度 - 配接,1,0,88,0,,,,,,,,,,
管压降VCE（sat）Collector-Emitter Saturation Voltage,1,0,88,0,,,,,,,,,,
护罩,1,0,88,0,,,,,,,,,,
DC电流增益(min),1,0,87,0,,,,,,,,,,
Color-Actuator-Cap,1,0,86,0,,,,,,,,,,
40dB Band Width(KHz),0,1,0,86,,,,,,,,,,
Shell-Style,1,0,86,0,,,,,,,,,,
3dB Band Width(KHz),0,1,0,86,,,,,,,,,,
6dB Band Width(KHz),0,1,0,86,,,,,,,,,,
Interface,1,0,86,0,,,,,,,,,,
功耗PdPower Dissipation,1,0,86,0,,,,,,,,,,
Stop Band Attenuation(dB),0,1,0,86,,,,,,,,,,
包括,1,0,86,0,,,,,,,,,,
50dB Band Width(KHz),0,1,0,86,,,,,,,,,,
Ripple,0,1,0,86,,,,,,,,,,
反向恢复时间TrrReverse Recovery Time,1,0,86,0,,,,,,,,,,
Iq  (typ)(mA),0,1,0,85,,,,,,,,,,
Leads,1,0,85,0,,,,,,,,,,
Cable-Exit,1,0,85,0,,,,,,,,,,
显示类型,1,0,85,0,,,,,,,,,,
耗散功率Pc Power Dissipation,1,0,85,0,,,,,,,,,,
集电极-基极反向击穿电压V(BR)CBO Collector-Base Voltage(VCBO),1,0,84,0,,,,,,,,,,
集电极连续输出电流IC Collector Current(IC),1,0,84,0,,,,,,,,,,
标准包装,1,0,84,0,,,,,,,,,,
集电极-发射极反向击穿电压V(BR)CEO Collector-Emitter Voltage(VCEO),1,0,84,0,,,,,,,,,,
使用,1,0,84,0,,,,,,,,,,
源漏极导通电阻ΩRds DΩ/Ohmain-SouΩ/Ohmce On-State Ω/Ohmesistance,1,0,83,0,,,,,,,,,,
Shell Style,1,0,83,0,,,,,,,,,,
"Current, Output",1,0,83,0,,,,,,,,,,
Package Length,1,0,82,0,,,,,,,,,,
Shell Size / Insert Arrangement,1,0,82,0,,,,,,,,,,
Number of Ports,1,0,82,0,,,,,,,,,,
Version,1,0,82,0,,,,,,,,,,
Part-#-Aliases,1,0,82,0,,,,,,,,,,
模拟输出数,1,0,82,0,,,,,,,,,,
시리즈,1,0,82,0,,,,,,,,,,
电缆开口,1,0,81,0,,,,,,,,,,
电池尺寸,1,1,1,80,,,,,,,,,,
杜比水平规范,0,1,0,81,,,,,,,,,,
最大峰点电流,0,1,0,81,,,,,,,,,,
Wave Length,1,0,81,0,,,,,,,,,,
Freq  (typ)(kHz),0,1,0,81,,,,,,,,,,
MIL-Type,1,0,81,0,,,,,,,,,,
Angular Function,1,0,81,0,,,,,,,,,,
Type of diode,1,0,81,0,,,,,,,,,,
Strain Relief,1,0,80,0,,,,,,,,,,
直流电流增益hFE DC Current Gain(hFE),1,0,79,0,,,,,,,,,,
底壳材料，镀层,1,0,79,0,,,,,,,,,,
OUTLINE,0,1,0,79,,,,,,,,,,
Shell-Material,1,0,79,0,,,,,,,,,,
Shell Material,1,0,79,0,,,,,,,,,,
最大测量范围（度）,0,1,0,79,,,,,,,,,,
Failure Rate,1,0,79,0,,,,,,,,,,
Wire-Gauge-Min,1,0,79,0,,,,,,,,,,
Wire-Gauge-Max,1,0,79,0,,,,,,,,,,
F(KN),0,1,0,79,,,,,,,,,,
间距,1,0,78,0,,,,,,,,,,
Wire-Gauge-Range,1,0,78,0,,,,,,,,,,
总抵抗力,0,1,0,78,,,,,,,,,,
最大传输功率,0,1,0,78,,,,,,,,,,
晶振类型,1,0,77,0,,,,,,,,,,
IFM(A),0,1,0,77,,,,,,,,,,
VFM(V),0,1,0,77,,,,,,,,,,
反向电压VRReverse Voltage,1,0,76,0,,,,,,,,,,
主要材料,1,0,76,0,,,,,,,,,,
제품,1,0,76,0,,,,,,,,,,
Number of Terminals,1,0,76,0,,,,,,,,,,
Contact Classification,1,0,76,0,,,,,,,,,,
Contact Configuration,1,0,75,0,,,,,,,,,,
Type of semiconductor component,1,0,75,0,,,,,,,,,,
管压降VCE（sat）Collector-Emitter SaturationVoltage,1,0,75,0,,,,,,,,,,
后壳线缆夹,0,1,0,75,,,,,,,,,,
Freq  (min)(kHz),0,1,0,74,,,,,,,,,,
Freq  (max)(kHz),0,1,0,74,,,,,,,,,,
耗散功率PcPoWer Dissipation,1,0,74,0,,,,,,,,,,
Fuse-Type,1,0,74,0,,,,,,,,,,
压力,0,1,0,73,,,,,,,,,,
Dissipation Factor,1,0,73,0,,,,,,,,,,
Preset Vout(V),0,1,0,73,,,,,,,,,,
背光,1,1,57,16,,,,,,,,,,
商标名,1,0,73,0,,,,,,,,,,
Lead Pitch For Radial,1,0,72,0,,,,,,,,,,
Dielectric,1,0,72,0,,,,,,,,,,
Housing Material,1,0,71,0,,,,,,,,,,
Cable-Length,1,0,71,0,,,,,,,,,,
Pd（mW）,0,1,0,70,,,,,,,,,,
Style,1,0,70,0,,,,,,,,,,
R2(KΩ）,0,1,0,70,,,,,,,,,,
IC (mA),0,1,0,70,,,,,,,,,,
R1/R2_TYPE,0,1,0,70,,,,,,,,,,
R1(KΩ）,0,1,0,70,,,,,,,,,,
Wire Form,1,0,70,0,,,,,,,,,,
电容值CDiode capacitance,1,0,69,0,,,,,,,,,,
Seated Plane Height,1,0,69,0,,,,,,,,,,
附件类型,1,0,68,0,,,,,,,,,,
Supply Voltage DC Max,1,0,68,0,,,,,,,,,,
过滤,1,0,68,0,,,,,,,,,,
最小谷点电流,0,1,0,68,,,,,,,,,,
Lamp-Wattage,1,0,68,0,,,,,,,,,,
Construction,1,0,68,0,,,,,,,,,,
容值,1,0,68,0,,,,,,,,,,
运营商类型（3）,0,1,0,68,,,,,,,,,,
电容比Capacitance ratio,1,0,68,0,,,,,,,,,,
Reel-Capacity,1,0,68,0,,,,,,,,,,
@反向电压VR@Reverse Voltage,1,0,68,0,,,,,,,,,,
Power Dissipation,1,0,68,0,,,,,,,,,,
最大基极间静态电阻,0,1,0,67,,,,,,,,,,
频率Frequency,1,0,67,0,,,,,,,,,,
Supply Voltage DC Min,1,0,67,0,,,,,,,,,,
最小本征偏离比,0,1,0,67,,,,,,,,,,
Switch Terminals,1,0,67,0,,,,,,,,,,
最大发射极电流,0,1,0,67,,,,,,,,,,
最小基极间静态电阻,0,1,0,67,,,,,,,,,,
最大本征偏离比,0,1,0,67,,,,,,,,,,
基极电压,1,0,67,0,,,,,,,,,,
基极输入电阻R1 Input Resistance(R1),1,0,67,0,,,,,,,,,,
Contact-Plating,1,0,66,0,,,,,,,,,,
标准,1,1,2,64,,,,,,,,,,
语言数量,0,1,0,66,,,,,,,,,,
Width,1,0,66,0,,,,,,,,,,
输入电压VINInput Voltage,1,0,66,0,,,,,,,,,,
Insertion Loss(dB),0,1,0,65,,,,,,,,,,
震荡频率FOSCOscillation Frequency,1,0,65,0,,,,,,,,,,
Bandwidth-1_5dB,0,1,0,65,,,,,,,,,,
Height,1,0,65,0,,,,,,,,,,
封装规格,1,0,65,0,,,,,,,,,,
屏幕对角线尺寸,1,0,65,0,,,,,,,,,,
上转换增益-最小值,0,1,0,65,,,,,,,,,,
Center Frequency(MHz),0,1,0,65,,,,,,,,,,
Supplier-Device-Package,1,0,65,0,,,,,,,,,,
商品目录,1,0,65,0,,,,,,,,,,
平均整流电流IoAverage Rectified Current,1,0,65,0,,,,,,,,,,
Current - Output 6,1,0,65,0,,,,,,,,,,
电池化学特性,0,1,0,64,,,,,,,,,,
内部存储页数,0,1,0,64,,,,,,,,,,
Package Height,1,0,64,0,,,,,,,,,,
可视范围,1,0,64,0,,,,,,,,,,
Military,1,0,63,0,,,,,,,,,,
Manufacturer,1,0,63,0,,,,,,,,,,
Sensing Range Max,1,0,63,0,,,,,,,,,,
最大基极间电压,0,1,0,63,,,,,,,,,,
Current Limit  (typ)(A),0,1,0,63,,,,,,,,,,
D(±0_1),0,1,0,62,,,,,,,,,,
Model Number,0,1,0,62,,,,,,,,,,
不同 Vr、F 时电容,1,0,62,0,,,,,,,,,,
d(±0_2),0,1,0,62,,,,,,,,,,
T(±0_05),0,1,0,62,,,,,,,,,,
"Range, Measurement",1,0,62,0,,,,,,,,,,
Staic Capacitance (PF)±30%,0,1,0,62,,,,,,,,,,
Resonant Frequency(KHz),0,1,0,62,,,,,,,,,,
Resonant Impedance(Ω Max),0,1,0,62,,,,,,,,,,
Shell-Size-MIL,1,0,62,0,,,,,,,,,,
Sound Carrier(dB),0,1,0,61,,,,,,,,,,
Wire Size,1,0,61,0,,,,,,,,,,
控制方式MODE,1,0,61,0,,,,,,,,,,
连接器主体材料,1,0,61,0,,,,,,,,,,
输出电流标称,0,1,0,61,,,,,,,,,,
PC-SC Distance(MHz),0,1,0,61,,,,,,,,,,
Product Dimensions,1,0,61,0,,,,,,,,,,
容量,1,1,3,58,,,,,,,,,,
Color Carrier(dB),0,1,0,61,,,,,,,,,,
电压 - 供电,1,0,61,0,,,,,,,,,,
F(MHz),0,1,0,61,,,,,,,,,,
电压 - DC 反向 (Vr)（最大值）,1,0,60,0,,,,,,,,,,
Ron_HS  (typ)(mOhm),0,1,0,60,,,,,,,,,,
电流 - 平均整流 (Io),1,0,60,0,,,,,,,,,,
Ron_LS  (typ)(mOhm),0,1,0,60,,,,,,,,,,
Number of  Outputs,0,1,0,60,,,,,,,,,,
输出电压VOUTOutput Voltage,1,0,60,0,,,,,,,,,,
工作温度 - 结,1,0,60,0,,,,,,,,,,
Contact Current Max,1,0,60,0,,,,,,,,,,
Category,1,0,60,0,,,,,,,,,,
Iout  (max)(A),0,1,0,60,,,,,,,,,,
Ext  Sync,0,1,0,60,,,,,,,,,,
反向击穿电压VBRBreakdown Voltage,1,0,59,0,,,,,,,,,,
不同温度时使用寿命,1,0,59,0,,,,,,,,,,
Contact Voltage DC Nom,1,0,59,0,,,,,,,,,,
极化,1,0,59,0,,,,,,,,,,
极性Polarization,1,0,59,0,,,,,,,,,,
Actuator Type,1,0,59,0,,,,,,,,,,
ESR（等效串联电阻）,1,0,59,0,,,,,,,,,,
Contact Voltage AC Nom,1,0,59,0,,,,,,,,,,
Power Rating,1,0,58,0,,,,,,,,,,
Switch Operation,1,0,58,0,,,,,,,,,,
Operating-Temperature-Range,1,0,57,0,,,,,,,,,,
Voltage-Supply,1,0,57,0,,,,,,,,,,
Connector-Usage,1,0,57,0,,,,,,,,,,
Dimensions(mm),0,1,0,56,,,,,,,,,,
Stability in Temperature(%),0,1,0,56,,,,,,,,,,
Frequency Accuracy(%),0,1,0,56,,,,,,,,,,
电流额定值,1,0,56,0,,,,,,,,,,
Pd(W),0,1,0,56,,,,,,,,,,
Contact-Layout-Typical,1,0,56,0,,,,,,,,,,
Aging For Ten Years(%),0,1,0,56,,,,,,,,,,
Frequency Range(MHz),0,1,0,56,,,,,,,,,,
基极-发射极输入电阻R2 Base-Emitter Resistance(R2),1,0,55,0,,,,,,,,,,
电压 - 电源,1,0,55,0,,,,,,,,,,
Valley Current-Min,0,1,0,55,,,,,,,,,,
电缆组,1,0,55,0,,,,,,,,,,
Light Source,1,0,55,0,,,,,,,,,,
峰值脉冲耗散功率PPPMPeak Pulse Power Dissipation,1,0,55,0,,,,,,,,,,
电流 - 输出 6,1,0,55,0,,,,,,,,,,
Contact Voltage AC Max,1,0,55,0,,,,,,,,,,
Part # Aliases,1,0,55,0,,,,,,,,,,
Sensor Output,1,0,55,0,,,,,,,,,,
峰值电流最大值,0,1,0,55,,,,,,,,,,
Mating-Style,1,0,55,0,,,,,,,,,,
Gate trigger voltage,0,1,0,55,,,,,,,,,,
额定电压 - AC,1,0,55,0,,,,,,,,,,
照明电压（标称值）,1,0,54,0,,,,,,,,,,
输出电流IOUTOutput Current,1,0,54,0,,,,,,,,,,
背景颜色,1,0,54,0,,,,,,,,,,
图形颜色,1,0,54,0,,,,,,,,,,
触摸屏,1,0,54,0,,,,,,,,,,
触头镀层,1,0,54,0,,,,,,,,,,
Rated Voltage,1,0,54,0,,,,,,,,,,
IFSM(KA),0,1,0,54,,,,,,,,,,
点像素,1,0,54,0,,,,,,,,,,
电路,1,0,54,0,,,,,,,,,,
电阻比(R1/R2) Resistance Ratio,1,0,54,0,,,,,,,,,,
Class,1,0,53,0,,,,,,,,,,
电源电流Current - Supply,1,0,53,0,,,,,,,,,,
Contact Type,1,0,53,0,,,,,,,,,,
兼容工具,1,0,53,0,,,,,,,,,,
要求,1,0,53,0,,,,,,,,,,
Contact Current AC Max,1,0,53,0,,,,,,,,,,
增益Gain,1,0,53,0,,,,,,,,,,
Response-Time,1,0,52,0,,,,,,,,,,
Power-Consumption,1,0,52,0,,,,,,,,,,
误差Tolerance,1,0,52,0,,,,,,,,,,
IP / NEMA Rating,1,0,52,0,,,,,,,,,,
表面贴装焊盘尺寸,1,0,52,0,,,,,,,,,,
IIP3,1,0,51,0,,,,,,,,,,
最大总误差,0,1,0,51,,,,,,,,,,
衰减值,1,0,51,0,,,,,,,,,,
Description,1,0,51,0,,,,,,,,,,
Cable-Opening,1,0,51,0,,,,,,,,,,
P1dB,1,0,51,0,,,,,,,,,,
Diameter-Outside,1,0,51,0,,,,,,,,,,
动作力,1,0,51,0,,,,,,,,,,
Breaking-Capacity-Rated-Voltage,1,0,51,0,,,,,,,,,,
平均整流电流IoAverAge Rectified Current,1,0,51,0,,,,,,,,,,
Mode,1,0,50,0,,,,,,,,,,
Contact Form,1,0,50,0,,,,,,,,,,
存储/冷藏温度,1,0,50,0,,,,,,,,,,
保质期,1,0,50,0,,,,,,,,,,
保质期起始日期,1,0,50,0,,,,,,,,,,
Package Width,1,0,50,0,,,,,,,,,,
Switching-Voltage,1,0,50,0,,,,,,,,,,
最大谐波电平,0,1,0,50,,,,,,,,,,
反向漏电流Ir,1,0,50,0,,,,,,,,,,
噪声系数Noise Figure,1,0,49,0,,,,,,,,,,
轴数,0,1,0,49,,,,,,,,,,
NEMA Type,1,0,49,0,,,,,,,,,,
Insertion Loss Min,1,0,49,0,,,,,,,,,,
Frequency Range Min,1,0,49,0,,,,,,,,,,
Contact Voltage DC Max,1,0,49,0,,,,,,,,,,
Frequency Range Max,1,0,49,0,,,,,,,,,,
反向恢复时间 (trr),1,0,48,0,,,,,,,,,,
Module-Size-W-x-H-x-T,1,0,48,0,,,,,,,,,,
转换至（适配器端）,1,0,48,0,,,,,,,,,,
毫烛光等级,1,0,48,0,,,,,,,,,,
Pole Throw Configuration,1,0,48,0,,,,,,,,,,
ITSM(KA),0,1,0,48,,,,,,,,,,
单位重量,1,0,48,0,,,,,,,,,,
波长 - 峰值,1,0,48,0,,,,,,,,,,
转换自（适配器端）,1,0,48,0,,,,,,,,,,
Insertion Loss Max,1,0,47,0,,,,,,,,,,
Contact Current DC Max,1,0,47,0,,,,,,,,,,
Fake Threat In the Open Market,1,0,47,0,,,,,,,,,,
Capacity,1,0,47,0,,,,,,,,,,
Class-Code,1,0,47,0,,,,,,,,,,
安装,1,0,47,0,,,,,,,,,,
장착 스타일,1,0,47,0,,,,,,,,,,
Win Source Part Number,1,0,47,0,,,,,,,,,,
触点数量,1,1,1,45,,,,,,,,,,
Tool-Type,1,0,46,0,,,,,,,,,,
不同低频时纹波电流,1,0,46,0,,,,,,,,,,
触头表面处理,1,0,46,0,,,,,,,,,,
板类型,1,0,46,0,,,,,,,,,,
额定电压 - DC,1,0,46,0,,,,,,,,,,
透镜颜色,1,0,46,0,,,,,,,,,,
No. of Switch Positions,1,0,45,0,,,,,,,,,,
Key-Removable-Positions,1,0,45,0,,,,,,,,,,
Resolution,1,0,45,0,,,,,,,,,,
Unit Weight,1,0,45,0,,,,,,,,,,
每像素最大位数,0,1,0,45,,,,,,,,,,
Product Category,1,0,45,0,,,,,,,,,,
Hardware,1,0,45,0,,,,,,,,,,
透镜透明度,1,0,44,0,,,,,,,,,,
Moisture Sensitivity Level(MSL),1,0,44,0,,,,,,,,,,
触头镀层厚度,1,0,44,0,,,,,,,,,,
Semiconductor structure,1,0,44,0,,,,,,,,,,
Frequency Max,1,0,44,0,,,,,,,,,,
Pd-Power-Dissipation,1,0,44,0,,,,,,,,,,
输出平坦度,0,1,0,44,,,,,,,,,,
恢复后的壁厚,1,0,43,0,,,,,,,,,,
横截面积,0,1,0,43,,,,,,,,,,
SCHEDULE B,1,0,43,0,,,,,,,,,,
收缩率,1,0,43,0,,,,,,,,,,
Number-of-Channels,1,0,43,0,,,,,,,,,,
额定耗散功率PdPower dissipation,1,0,43,0,,,,,,,,,,
谐振频率标称,0,1,0,43,,,,,,,,,,
触头表面处理厚度,1,0,43,0,,,,,,,,,,
内径 - 出厂,1,0,43,0,,,,,,,,,,
断路器类型,1,0,43,0,,,,,,,,,,
收缩温度,1,0,43,0,,,,,,,,,,
Case/Package,1,0,43,0,,,,,,,,,,
HTSN,1,0,42,0,,,,,,,,,,
基体材料,1,0,42,0,,,,,,,,,,
Viewing-Area-W-x-H,1,0,42,0,,,,,,,,,,
内径 - 恢复后,1,0,42,0,,,,,,,,,,
Angle of Throw,1,0,42,0,,,,,,,,,,
机械寿命,1,0,42,0,,,,,,,,,,
最长地址转换时间,0,1,0,41,,,,,,,,,,
Fiber Cable Type,1,0,41,0,,,,,,,,,,
商品毛重,1,0,41,0,,,,,,,,,,
可寻址页面数量,0,1,0,41,,,,,,,,,,
MIL 类型,1,0,41,0,,,,,,,,,,
Response Time,1,0,41,0,,,,,,,,,,
功率 - 最大值,1,0,41,0,,,,,,,,,,
Power-supply voltage,1,0,41,0,,,,,,,,,,
Isolation Max,1,0,41,0,,,,,,,,,,
Filter-Type,1,0,40,0,,,,,,,,,,
Fluid-Type,1,0,40,0,,,,,,,,,,
触点（交流）最大额定功率M负载,0,1,0,40,,,,,,,,,,
Mating Style,1,0,40,0,,,,,,,,,,
Display-Mode,1,0,40,0,,,,,,,,,,
Isolation Min,1,0,40,0,,,,,,,,,,
电缆直径,1,0,40,0,,,,,,,,,,
（先选择，然后应用筛选条件）兼容系列,1,0,40,0,,,,,,,,,,
Number-of-Positions-Loaded,1,0,40,0,,,,,,,,,,
操作系统,1,0,39,0,,,,,,,,,,
备注,1,0,39,0,,,,,,,,,,
透镜尺寸,1,0,39,0,,,,,,,,,,
Specifications,1,0,39,0,,,,,,,,,,
Background-Color,1,0,39,0,,,,,,,,,,
Qualification,1,0,39,0,,,,,,,,,,
Frequency Min,1,0,39,0,,,,,,,,,,
Requires,1,0,39,0,,,,,,,,,,
性别,1,0,39,0,,,,,,,,,,
Memory-Size,1,0,39,0,,,,,,,,,,
身体上的取向,1,0,39,0,,,,,,,,,,
基体表面,1,0,39,0,,,,,,,,,,
输出数和类型,1,0,38,0,,,,,,,,,,
中心触头镀层,1,0,38,0,,,,,,,,,,
Connector Colour,1,0,38,0,,,,,,,,,,
Application,1,0,38,0,,,,,,,,,,
-Select-First-Then-Apply-Filters-Compatible-Series,1,0,38,0,,,,,,,,,,
Number of Poles,1,0,38,0,,,,,,,,,,
Sensing Mode,1,0,38,0,,,,,,,,,,
Number-of-Circuits,1,0,38,0,,,,,,,,,,
Mounting Angle,1,0,38,0,,,,,,,,,,
输入数和类型,1,0,38,0,,,,,,,,,,
Termination-Finish-Thickness,1,0,37,0,,,,,,,,,,
Ratings,1,0,37,0,,,,,,,,,,
最大耗散功率PdPower Dissipation,1,0,37,0,,,,,,,,,,
移除工具,0,1,0,37,,,,,,,,,,
Character-Count-x-Line,1,0,37,0,,,,,,,,,,
厚度（最大值）,1,0,37,0,,,,,,,,,,
Memory-Type,1,0,37,0,,,,,,,,,,
No. of Poles,1,0,37,0,,,,,,,,,,
Core-Processor,1,0,37,0,,,,,,,,,,
频率 - 最大值,1,0,37,0,,,,,,,,,,
Voltage Rating VAC,1,0,37,0,,,,,,,,,,
Dropout Voltage,1,0,37,0,,,,,,,,,,
Maximum Operating Temperature (°C),1,0,37,0,,,,,,,,,,
Coil-Current,1,0,37,0,,,,,,,,,,
高度（最大值）,1,0,37,0,,,,,,,,,,
阳极到阴极的最大电压,0,1,0,36,,,,,,,,,,
引线样式,1,0,36,0,,,,,,,,,,
타입,1,0,36,0,,,,,,,,,,
功率（W）,1,0,36,0,,,,,,,,,,
Backlight-Type,1,0,36,0,,,,,,,,,,
IRRM(MA),0,1,0,36,,,,,,,,,,
正向电流If,1,0,36,0,,,,,,,,,,
Product-Type,1,0,36,0,,,,,,,,,,
Relay-Type,1,0,36,0,,,,,,,,,,
位置数量,1,0,36,0,,,,,,,,,,
反向电压Vr,1,0,36,0,,,,,,,,,,
包装规格,1,0,35,0,,,,,,,,,,
操作力,1,0,35,0,,,,,,,,,,
封装 / 箱体,1,0,35,0,,,,,,,,,,
外壳类型,1,0,35,0,,,,,,,,,,
종단 스타일,1,0,35,0,,,,,,,,,,
正向电压Vf,1,0,35,0,,,,,,,,,,
Accuracy(+/- %),0,1,0,35,,,,,,,,,,
最小测量范围（度）,0,1,0,35,,,,,,,,,,
触头尺寸,1,0,35,0,,,,,,,,,,
释放力,1,0,34,0,,,,,,,,,,
预行程,1,0,34,0,,,,,,,,,,
Last Purchase Order Date,1,0,34,0,,,,,,,,,,
Sensitivity,1,0,34,0,,,,,,,,,,
最大正向电压降VFForward Voltage(Vf),1,0,34,0,,,,,,,,,,
插入工具,0,1,0,34,,,,,,,,,,
Coil-Resistance,1,0,34,0,,,,,,,,,,
超程,1,0,34,0,,,,,,,,,,
Last Shipment Date,1,0,34,0,,,,,,,,,,
Viewing angle,1,0,34,0,,,,,,,,,,
电流,1,0,34,0,,,,,,,,,,
Control-Voltage-Range,1,0,34,0,,,,,,,,,,
Load-Current-Rating,1,0,34,0,,,,,,,,,,
Housing Style,1,0,34,0,,,,,,,,,,
差动行程,1,0,34,0,,,,,,,,,,
Frequency Range,1,0,34,0,,,,,,,,,,
Discontinue Issue Date,1,0,34,0,,,,,,,,,,
输出价值最小值,0,1,0,33,,,,,,,,,,
LED colour,1,0,33,0,,,,,,,,,,
PACKAGE,0,1,0,33,,,,,,,,,,
适配器系列,1,0,33,0,,,,,,,,,,
@VGS(V),0,1,0,33,,,,,,,,,,
VTH(GS),0,1,0,33,,,,,,,,,,
Rds_max(Ω）,0,1,0,33,,,,,,,,,,
V(BR)DS_min(V),0,1,0,33,,,,,,,,,,
Recommended Alternate Part No.,1,0,33,0,,,,,,,,,,
No. of Positions,1,0,33,0,,,,,,,,,,
转换类型,1,0,33,0,,,,,,,,,,
ID_max(A),0,1,0,33,,,,,,,,,,
Contact-Rating-Current,1,0,32,0,,,,,,,,,,
Housing Color,1,0,32,0,,,,,,,,,,
第 2 连接器公母,1,0,32,0,,,,,,,,,,
Number-of-Columns,1,0,32,0,,,,,,,,,,
超噪比,0,1,0,32,,,,,,,,,,
第 1 连接器外壳尺寸 - 插入,1,0,32,0,,,,,,,,,,
第 2 连接器安装类型,1,0,32,0,,,,,,,,,,
Release-Time,1,0,32,0,,,,,,,,,,
不同频率时 Q 值,1,0,32,0,,,,,,,,,,
Turn-On-Voltage-Max,1,0,32,0,,,,,,,,,,
第 2 连接器针位数,1,0,32,0,,,,,,,,,,
第 1 连接器安装类型,1,0,32,0,,,,,,,,,,
Fuse Current,1,0,32,0,,,,,,,,,,
Dimension,1,0,32,0,,,,,,,,,,
Turn-Off-Voltage-Min,1,0,32,0,,,,,,,,,,
第 1 连接器针位数,1,0,32,0,,,,,,,,,,
第 2 连接器外壳尺寸 - 插入,1,0,32,0,,,,,,,,,,
Interface-Type,1,0,32,0,,,,,,,,,,
Operate-Time,1,0,32,0,,,,,,,,,,
电缆材料,1,0,32,0,,,,,,,,,,
组装配置,1,0,32,0,,,,,,,,,,
Switch Configuration,1,0,32,0,,,,,,,,,,
第 1 连接器类型,1,0,32,0,,,,,,,,,,
第 1 连接器方向,1,0,32,0,,,,,,,,,,
外壳大小,1,0,32,0,,,,,,,,,,
端接方式,1,0,32,0,,,,,,,,,,
第 1 连接器安装针位数,1,0,32,0,,,,,,,,,,
第 2 连接器安装针位数,1,0,32,0,,,,,,,,,,
第 2 连接器方向,1,0,32,0,,,,,,,,,,
第 2 连接器类型,1,0,32,0,,,,,,,,,,
第 1 连接器公母,1,0,32,0,,,,,,,,,,
匹配联系人,0,1,0,31,,,,,,,,,,
频率 - 自谐振,1,0,31,0,,,,,,,,,,
Terminal-Type,1,0,31,0,,,,,,,,,,
Protection Class,1,0,31,0,,,,,,,,,,
电感频率 - 测试,1,0,31,0,,,,,,,,,,
材料 - 磁芯,1,0,31,0,,,,,,,,,,
照明颜色,1,0,31,0,,,,,,,,,,
Blow Characteristic,1,0,31,0,,,,,,,,,,
MIL 타입,1,0,31,0,,,,,,,,,,
Transistor-Polarity,1,0,31,0,,,,,,,,,,
Output Current,1,0,31,0,,,,,,,,,,
Terminal Type,1,0,31,0,,,,,,,,,,
Form-Factor,1,0,31,0,,,,,,,,,,
通信,1,0,31,0,,,,,,,,,,
集电极耗散,1,0,31,0,,,,,,,,,,
DC 电阻 (DCR),1,0,31,0,,,,,,,,,,
tf,1,0,30,0,,,,,,,,,,
触头外形,1,0,30,0,,,,,,,,,,
Ethernet,1,0,30,0,,,,,,,,,,
Sensor Input,1,0,30,0,,,,,,,,,,
Modulation-or-Protocol,1,0,30,0,,,,,,,,,,
Note,1,0,30,0,,,,,,,,,,
LED current,1,0,30,0,,,,,,,,,,
复位门限(V),1,0,30,0,,,,,,,,,,
Standard Package Name,1,0,30,0,,,,,,,,,,
配接次数,1,0,30,0,,,,,,,,,,
电流 - 饱和 （Isat）,1,0,30,0,,,,,,,,,,
电压额定值 AC,1,0,30,0,,,,,,,,,,
Power-Output,1,0,30,0,,,,,,,,,,
传感器输出1,1,0,30,0,,,,,,,,,,
Data-Rate-Max,1,0,30,0,,,,,,,,,,
频率范围,1,0,30,0,,,,,,,,,,
Temp.min.,1,0,30,0,,,,,,,,,,
关断功能,1,0,30,0,,,,,,,,,,
Temp.max.,1,0,30,0,,,,,,,,,,
parentfamilyid,0,1,0,30,,,,,,,,,,
Description-Function,1,0,30,0,,,,,,,,,,
Minimum Operating Temperature (°C),1,0,29,0,,,,,,,,,,
Operating voltage,1,0,29,0,,,,,,,,,,
Contact-Gender,1,0,29,0,,,,,,,,,,
"Current, Consumption",1,0,29,0,,,,,,,,,,
Base/Housing Material,1,0,29,0,,,,,,,,,,
Fuse Size Imperial,1,0,29,0,,,,,,,,,,
钳位电压Vc,1,0,29,0,,,,,,,,,,
Fuse Size Metric,1,0,29,0,,,,,,,,,,
Maximum-Switching-Current,1,0,29,0,,,,,,,,,,
限斜率(V/μs),1,0,29,0,,,,,,,,,,
Design,1,0,29,0,,,,,,,,,,
功率输出密度,0,1,0,29,,,,,,,,,,
Shell-Finish-Thickness,1,0,29,0,,,,,,,,,,
Length-Overall,1,0,29,0,,,,,,,,,,
反向工作电压Vrwm,1,0,29,0,,,,,,,,,,
Popularity,1,0,28,0,,,,,,,,,,
反向击穿电压Vbr,1,0,28,0,,,,,,,,,,
tr,1,0,28,0,,,,,,,,,,
Supply and Demand Status,1,0,28,0,,,,,,,,,,
外壳电镀,1,0,28,0,,,,,,,,,,
最小输出电压灵敏度,0,1,0,28,,,,,,,,,,
상표명,1,0,28,0,,,,,,,,,,
峰值脉冲电流Ipp,1,0,28,0,,,,,,,,,,
灯颜色,1,0,28,0,,,,,,,,,,
点间距,1,0,28,0,,,,,,,,,,
Operating-Supply-Current,1,0,28,0,,,,,,,,,,
点尺寸,1,0,28,0,,,,,,,,,,
核心处理器,1,0,28,0,,,,,,,,,,
正向浪涌电流Ifsm,1,0,28,0,,,,,,,,,,
集电极耗散功率,1,0,28,0,,,,,,,,,,
OVP,0,1,0,27,,,,,,,,,,
网孔类型,1,0,27,0,,,,,,,,,,
Actuator Style,1,0,27,0,,,,,,,,,,
Lens-Style-Size,1,0,27,0,,,,,,,,,,
眼型,1,0,27,0,,,,,,,,,,
Number of pins,1,0,27,0,,,,,,,,,,
断裂强度,1,0,27,0,,,,,,,,,,
捆扎长度,1,0,27,0,,,,,,,,,,
HV Start-up,0,1,0,27,,,,,,,,,,
认可,1,0,27,0,,,,,,,,,,
Peak load Application,0,1,0,27,,,,,,,,,,
Switching Frequency_Peak(kHz),0,1,0,27,,,,,,,,,,
插损,1,0,27,0,,,,,,,,,,
UVLO OFF(V),0,1,0,27,,,,,,,,,,
Brown-in/out,0,1,0,27,,,,,,,,,,
Contacts Supplied,1,0,27,0,,,,,,,,,,
触头端接,1,0,27,0,,,,,,,,,,
低电平复位,1,0,27,0,,,,,,,,,,
MeltingI2t,1,0,27,0,,,,,,,,,,
中心触头材料,1,0,27,0,,,,,,,,,,
Contacts configuration,1,0,27,0,,,,,,,,,,
VDD OVP(V),0,1,0,27,,,,,,,,,,
Feedback Regulation Mode,0,1,0,27,,,,,,,,,,
测试频率Test Frequency,1,0,27,0,,,,,,,,,,
Programmable Burst/Green-mode,0,1,0,27,,,,,,,,,,
UVLO ON(V),0,1,0,27,,,,,,,,,,
Format-Memory,1,0,27,0,,,,,,,,,,
CCM/Valley Multi-mode,0,1,0,27,,,,,,,,,,
栅源极击穿电压V(BR)GSGate-Source Voltage,1,0,27,0,,,,,,,,,,
Switching Frequency_Normal(kHz),0,1,0,27,,,,,,,,,,
External OTP,0,1,0,27,,,,,,,,,,
网孔长度,1,0,27,0,,,,,,,,,,
Cable Diameter Max,1,0,26,0,,,,,,,,,,
Test Frequency,1,0,26,0,,,,,,,,,,
Core-Size,1,0,26,0,,,,,,,,,,
压摆率,1,0,26,0,,,,,,,,,,
HTS,1,0,26,0,,,,,,,,,,
Connector,1,0,26,0,,,,,,,,,,
噪声电压(nV/√Hz) @1kHz,1,0,26,0,,,,,,,,,,
IT(A),0,1,0,26,,,,,,,,,,
漏极电流(Vgs=0V)IDSSDrain Current,1,0,26,0,,,,,,,,,,
关断电压Vgs(off)Gate-Source Cut-off Voltage,1,0,26,0,,,,,,,,,,
门源电压,1,0,26,0,,,,,,,,,,
每通道静态电流(μA),1,0,26,0,,,,,,,,,,
漏源电压,1,0,26,0,,,,,,,,,,
Tool-Is-For-Evaluation-Of,1,0,26,0,,,,,,,,,,
VTM(V),0,1,0,26,,,,,,,,,,
USB,1,0,26,0,,,,,,,,,,
偏置电流(pA),1,0,26,0,,,,,,,,,,
IGT(mA）,0,1,0,26,,,,,,,,,,
IT(Av)(A),0,1,0,26,,,,,,,,,,
典型复位脉宽(ms),1,0,26,0,,,,,,,,,,
平台,1,0,26,0,,,,,,,,,,
Body-Style,1,0,26,0,,,,,,,,,,
连续漏电流,1,0,26,0,,,,,,,,,,
Operating temperature,1,0,25,0,,,,,,,,,,
组成部分 1 的部件说明,0,1,0,25,,,,,,,,,,
芯片组的组成部分 1,0,1,0,25,,,,,,,,,,
Contactor series,1,0,25,0,,,,,,,,,,
灯类型,1,0,25,0,,,,,,,,,,
内容,1,0,25,0,,,,,,,,,,
Product type,1,0,25,0,,,,,,,,,,
反向峰值电压Vrrm,1,0,25,0,,,,,,,,,,
Iq  (typ)(uA),0,1,0,25,,,,,,,,,,
不同高频时纹波电流,1,0,25,0,,,,,,,,,,
Measuring Range,1,0,25,0,,,,,,,,,,
Fuse-Size-Group,1,0,25,0,,,,,,,,,,
Supported Device,1,0,25,0,,,,,,,,,,
必须释放电压,1,0,25,0,,,,,,,,,,
截止频率fT Transtion Frequency(fT),1,0,25,0,,,,,,,,,,
信号/输出频率,0,1,0,25,,,,,,,,,,
品牌,1,0,25,0,,,,,,,,,,
寿命,1,0,25,0,,,,,,,,,,
必须吸合电压,1,0,25,0,,,,,,,,,,
开关电压,1,1,23,2,,,,,,,,,,
IP 防护等级,1,0,24,0,,,,,,,,,,
Frequency-Range,1,0,24,0,,,,,,,,,,
传真率,0,1,0,24,,,,,,,,,,
Resistance,1,0,24,0,,,,,,,,,,
电缆直径最大值,1,0,24,0,,,,,,,,,,
唯一插入编号,0,1,0,24,,,,,,,,,,
家庭,1,0,24,0,,,,,,,,,,
views,1,0,24,0,,,,,,,,,,
分光比/耦合比,0,1,0,24,,,,,,,,,,
Contact Rating @ Voltage,1,0,24,0,,,,,,,,,,
Shielded,1,0,24,0,,,,,,,,,,
Power dissipation,1,0,24,0,,,,,,,,,,
安装角,1,0,24,0,,,,,,,,,,
漏源极电压Vds,1,0,24,0,,,,,,,,,,
Power supply,1,0,24,0,,,,,,,,,,
Voltage Rating V AC,1,0,24,0,,,,,,,,,,
Supported Device Technology,1,0,24,0,,,,,,,,,,
连接器颜色,1,0,24,0,,,,,,,,,,
分类,1,0,24,0,,,,,,,,,,
IC   max,1,0,24,0,,,,,,,,,,
Vds-Drain-Source-Breakdown-Voltage,1,0,24,0,,,,,,,,,,
Transistor-Type,1,0,24,0,,,,,,,,,,
执行器,1,0,24,0,,,,,,,,,,
Supply-Voltage-Min,1,0,24,0,,,,,,,,,,
Current,1,0,24,0,,,,,,,,,,
插入安排,1,0,24,0,,,,,,,,,,
Supply-Voltage-Max,1,0,24,0,,,,,,,,,,
Forward voltage at If,1,0,24,0,,,,,,,,,,
Cavity-B,1,0,23,0,,,,,,,,,,
Cavity-D,1,0,23,0,,,,,,,,,,
温度系数(材质),1,0,23,0,,,,,,,,,,
Cavity-E,1,0,23,0,,,,,,,,,,
输出电压VoVoltage - Output,1,0,23,0,,,,,,,,,,
Sealed,1,0,23,0,,,,,,,,,,
Cavity-F,1,0,23,0,,,,,,,,,,
Series Name,1,0,23,0,,,,,,,,,,
Vref(V),0,1,0,23,,,,,,,,,,
Number-of-Cores,1,0,23,0,,,,,,,,,,
Expansion-Site-Bus,1,0,23,0,,,,,,,,,,
Cavity-A,1,0,23,0,,,,,,,,,,
Io(mA),0,1,0,23,,,,,,,,,,
Supply-Current-Max,1,0,23,0,,,,,,,,,,
Cavity-C,1,0,23,0,,,,,,,,,,
Watchdog-Timer,1,0,23,0,,,,,,,,,,
IPP(A),0,1,0,23,,,,,,,,,,
不同 Vr 时电流 - 反向泄漏,1,0,23,0,,,,,,,,,,
Video-Outputs,1,0,23,0,,,,,,,,,,
Cooling-Type,1,0,23,0,,,,,,,,,,
Gain,1,0,23,0,,,,,,,,,,
MSL Level,1,0,23,0,,,,,,,,,,
Cj(pF),0,1,0,23,,,,,,,,,,
VC(V),0,1,0,23,,,,,,,,,,
VCE(sat)  max,1,0,23,0,,,,,,,,,,
Pins,1,0,23,0,,,,,,,,,,
其他说明,0,1,0,23,,,,,,,,,,
RAM-Capacity-Installed,1,0,23,0,,,,,,,,,,
输出电流IOUTCurrent - Output,1,0,23,0,,,,,,,,,,
RS-232-422-485,1,0,23,0,,,,,,,,,,
Breaking Capacity Current AC,1,0,23,0,,,,,,,,,,
Number-of-Poles,1,0,23,0,,,,,,,,,,
Mounting Hole Size,1,0,23,0,,,,,,,,,,
VBR(V),0,1,0,23,,,,,,,,,,
VRWM(V),0,1,0,23,,,,,,,,,,
触点形式,1,0,23,0,,,,,,,,,,
额定接触（电流）,1,0,23,0,,,,,,,,,,
技术文档PDF下载,1,0,23,0,,,,,,,,,,
Storage-Interface,1,0,23,0,,,,,,,,,,
Id-Continuous-Drain-Current,1,0,23,0,,,,,,,,,,
Pd(mW),0,1,0,23,,,,,,,,,,
IT(mA),0,1,0,23,,,,,,,,,,
category,0,1,0,23,,,,,,,,,,
Output-Type,1,0,22,0,,,,,,,,,,
Current Limit  (typ)(mA),0,1,0,22,,,,,,,,,,
Vdropout @   rated current   (typ)(mV),0,1,0,22,,,,,,,,,,
Footprint,1,0,22,0,,,,,,,,,,
Voltage-Rated,1,0,22,0,,,,,,,,,,
Capacitance,1,0,22,0,,,,,,,,,,
Fuse-Size,1,0,22,0,,,,,,,,,,
输入范围,1,0,22,0,,,,,,,,,,
IGT(MA),0,1,0,22,,,,,,,,,,
匹配样式,1,0,22,0,,,,,,,,,,
Iout  (max)(mA),0,1,0,22,,,,,,,,,,
IT（Av）,0,1,0,22,,,,,,,,,,
电压额定值,1,0,22,0,,,,,,,,,,
Kit Contents,1,0,22,0,,,,,,,,,,
LED version,1,0,22,0,,,,,,,,,,
VGE(th)  min max,1,0,22,0,,,,,,,,,,
Charge Pump,0,1,0,22,,,,,,,,,,
电压 - 输入（最大值）,1,0,22,0,,,,,,,,,,
Cout  (min)(uF),0,1,0,22,,,,,,,,,,
输出数Number of Outputs,1,0,22,0,,,,,,,,,,
Fuseholder-Type,1,0,22,0,,,,,,,,,,
Cout  Type,0,1,0,22,,,,,,,,,,
ESD(kV),1,0,22,0,,,,,,,,,,
GBP(MHz),1,0,22,0,,,,,,,,,,
Electrical capacity,1,0,22,0,,,,,,,,,,
晶体管类型,1,0,22,0,,,,,,,,,,
Bias Rail,0,1,0,22,,,,,,,,,,
Shell 스타일,1,0,22,0,,,,,,,,,,
螺纹尺寸 - 公制,1,0,22,0,,,,,,,,,,
Tpd(ns),1,0,22,0,,,,,,,,,,
Vcc(V),1,0,22,0,,,,,,,,,,
控制方法,1,0,22,0,,,,,,,,,,
Number-of-Wire-Entries,1,0,21,0,,,,,,,,,,
Enclosure Rating,1,0,21,0,,,,,,,,,,
阴极电流Current - Cathode,1,0,21,0,,,,,,,,,,
电流 - 供电,1,0,21,0,,,,,,,,,,
Insert-Arrangement,1,0,21,0,,,,,,,,,,
频率最大值(MHz),1,0,21,0,,,,,,,,,,
Viewing-Angle,1,0,21,0,,,,,,,,,,
连接器用途,1,0,21,0,,,,,,,,,,
静态电流(μA),1,0,21,0,,,,,,,,,,
Type of meter,1,0,21,0,,,,,,,,,,
Row-Spacing,1,0,21,0,,,,,,,,,,
제품 카테고리,1,0,21,0,,,,,,,,,,
Memory configuration,1,0,21,0,,,,,,,,,,
集电极-发射极反向击穿电压V(BR)CEO  Collector-Emitter Voltage(VCEO),1,0,21,0,,,,,,,,,,
RF 类型RF Type,1,0,21,0,,,,,,,,,,
集电极连续输出电流IC  Collector Current(IC),1,0,21,0,,,,,,,,,,
Feature,1,0,21,0,,,,,,,,,,
Stud-Tab-Size,1,0,21,0,,,,,,,,,,
Width-Outer-Edges,1,0,21,0,,,,,,,,,,
存储容量,1,0,20,0,,,,,,,,,,
작동 온도,1,0,20,0,,,,,,,,,,
最大跟踪速率,0,1,0,20,,,,,,,,,,
耗散功率Pc  Power Dissipation,1,0,20,0,,,,,,,,,,
Number-of-Conductors,1,0,20,0,,,,,,,,,,
类型Type,1,0,20,0,,,,,,,,,,
Indicator-Style,1,0,20,0,,,,,,,,,,
最大角精度,0,1,0,20,,,,,,,,,,
Shell 크기,1,0,20,0,,,,,,,,,,
电压 - 正向 (Vf)（典型值）,1,0,20,0,,,,,,,,,,
输入电压Voltage - Input,1,0,20,0,,,,,,,,,,
掉电比较器,1,0,20,0,,,,,,,,,,
Rds-On-Drain-Source-Resistance,1,0,20,0,,,,,,,,,,
前后比率,0,1,0,20,,,,,,,,,,
Thread Size - Imperial,1,0,20,0,,,,,,,,,,
电路终端,0,1,0,20,,,,,,,,,,
回波损耗,1,0,20,0,,,,,,,,,,
直流电流增益hFE  DC Current Gain(hFE),1,0,20,0,,,,,,,,,,
Digital-I-O-Lines,1,0,20,0,,,,,,,,,,
截止频率fT  Transtion Frequency(fT),1,0,20,0,,,,,,,,,,
장착 Angle,1,0,20,0,,,,,,,,,,
工作电流Icc典型值(μA),1,0,20,0,,,,,,,,,,
최대 작동 온도,1,0,20,0,,,,,,,,,,
封装类型,1,0,20,0,,,,,,,,,,
集电极-基极反向击穿电压V(BR)CBO  Collector-Base Voltage(VCBO),1,0,20,0,,,,,,,,,,
"Size, Thread",1,0,20,0,,,,,,,,,,
Mfr,1,0,19,0,,,,,,,,,,
不同 Ic、Vce 时 DC 电流增益 (hFE)（最小值）,1,0,19,0,,,,,,,,,,
Clockfrequency,1,0,19,0,,,,,,,,,,
ECC,1,0,19,0,,,,,,,,,,
RAM(KB),1,0,19,0,,,,,,,,,,
Flash(KB),1,0,19,0,,,,,,,,,,
芯片组的组成部分 2,0,1,0,19,,,,,,,,,,
Temp.coeff.,1,0,19,0,,,,,,,,,,
Cable Diameter Min,1,0,19,0,,,,,,,,,,
Wavelength-Peak,1,0,19,0,,,,,,,,,,
Core,1,0,19,0,,,,,,,,,,
组成部分 2 的部件说明,0,1,0,19,,,,,,,,,,
WDT,1,0,19,0,,,,,,,,,,
"Length, Housing",1,0,19,0,,,,,,,,,,
Max.oper.temp.,1,0,19,0,,,,,,,,,,
Millicandela-Rating,1,0,19,0,,,,,,,,,,
Operating Supply Voltage,1,0,19,0,,,,,,,,,,
面板开口形状,1,0,19,0,,,,,,,,,,
线规或范围 - AWG,1,0,19,0,,,,,,,,,,
Thread Size - Metric,1,0,19,0,,,,,,,,,,
Manufacturer Homepage,1,0,19,0,,,,,,,,,,
Sensor Housing,1,0,19,0,,,,,,,,,,
电流 - 集电极截止（最大值）,1,0,19,0,,,,,,,,,,
螺纹尺寸 - 英制,1,0,19,0,,,,,,,,,,
Mechanical mounting,1,0,19,0,,,,,,,,,,
电压 - 集射极击穿（最大值）,1,0,19,0,,,,,,,,,,
电线长度,1,0,19,0,,,,,,,,,,
Min.oper.temp.,1,0,19,0,,,,,,,,,,
ICpuls   max,1,0,19,0,,,,,,,,,,
Layout,1,0,19,0,,,,,,,,,,
Res.tolerance,1,0,19,0,,,,,,,,,,
电流 - 集电极 (Ic)（最大值）,1,0,19,0,,,,,,,,,,
导通电阻On-State Resistance,1,0,19,0,,,,,,,,,,
Timer,1,0,19,0,,,,,,,,,,
Length (Max.) / mm,1,0,19,0,,,,,,,,,,
不同 Ib、Ic 时 Vce 饱和压降（最大值）,1,0,19,0,,,,,,,,,,
Power rating,1,0,19,0,,,,,,,,,,
中心公母,1,0,19,0,,,,,,,,,,
频率 - 跃迁,1,0,19,0,,,,,,,,,,
Mating 스타일,1,0,19,0,,,,,,,,,,
Core Material,1,0,19,0,,,,,,,,,,
Thread Length,1,0,19,0,,,,,,,,,,
Registered,1,0,19,0,,,,,,,,,,
关闭时间(ns),1,0,18,0,,,,,,,,,,
导通时间(ns),1,0,18,0,,,,,,,,,,
Contact-Current-Rating,1,0,18,0,,,,,,,,,,
有效面积,0,1,0,18,,,,,,,,,,
电流 - IEC,1,0,18,0,,,,,,,,,,
Min. Sensing Object,1,0,18,0,,,,,,,,,,
Max.oper.volt.,1,0,18,0,,,,,,,,,,
Light Immunity,1,0,18,0,,,,,,,,,,
线圈类型,1,0,18,0,,,,,,,,,,
带宽@-3dB (MHz),1,0,18,0,,,,,,,,,,
Height-Above-Board,1,0,18,0,,,,,,,,,,
Beam Spacing,1,0,18,0,,,,,,,,,,
Lead Style,1,0,18,0,,,,,,,,,,
Filtered,1,0,18,0,,,,,,,,,,
面板厚度,1,0,18,0,,,,,,,,,,
电流 - 输出,1,0,18,0,,,,,,,,,,
전류 정격,1,0,18,0,,,,,,,,,,
Fused,1,0,18,0,,,,,,,,,,
电压 - IEC,1,0,18,0,,,,,,,,,,
Temperature Range,1,0,18,0,,,,,,,,,,
접촉 도금,1,0,18,0,,,,,,,,,,
Input Type,1,0,18,0,,,,,,,,,,
天线类型,1,0,18,0,,,,,,,,,,
접촉 소재,1,0,18,0,,,,,,,,,,
Measurement,1,0,18,0,,,,,,,,,,
Forward Voltage,1,0,18,0,,,,,,,,,,
保险丝座，抽屉,1,0,18,0,,,,,,,,,,
输入高电平电压最小值(V),1,0,18,0,,,,,,,,,,
Display,1,0,18,0,,,,,,,,,,
内置FETBuilt-in FET,1,0,18,0,,,,,,,,,,
节距,1,0,18,0,,,,,,,,,,
Other Names,1,0,18,0,,,,,,,,,,
切向信号灵敏度-最小值,0,1,0,18,,,,,,,,,,
通道,1,0,18,0,,,,,,,,,,
电压 - UL,1,0,18,0,,,,,,,,,,
CT Typ.,1,0,18,0,,,,,,,,,,
Includes,1,0,18,0,,,,,,,,,,
数模空间,1,0,18,0,,,,,,,,,,
Number of Beams,1,0,18,0,,,,,,,,,,
CT Test Condition,1,0,18,0,,,,,,,,,,
GPIO(兼容5V),1,0,18,0,,,,,,,,,,
For-Use-With,1,0,18,0,,,,,,,,,,
Coil-Termination,1,0,18,0,,,,,,,,,,
输入低电平电压最大值(V),1,0,18,0,,,,,,,,,,
导通电阻(Ω),1,0,18,0,,,,,,,,,,
电流 - UL,1,0,18,0,,,,,,,,,,
Body dimensions,1,0,18,0,,,,,,,,,,
Package / Case,1,0,18,0,,,,,,,,,,
For Use With/Related Products,1,0,18,0,,,,,,,,,,
Indication,1,0,18,0,,,,,,,,,,
Vgs-Gate-Source-Voltage,1,0,17,0,,,,,,,,,,
최소 작동 온도,1,0,17,0,,,,,,,,,,
电气连接,1,0,17,0,,,,,,,,,,
VCL(V),0,1,0,17,,,,,,,,,,
Test Current IT(mA),0,1,0,17,,,,,,,,,,
Number-of-Cable-Entries,1,0,17,0,,,,,,,,,,
Type of connector,1,0,17,0,,,,,,,,,,
Supply Voltage Max,1,0,17,0,,,,,,,,,,
Top-Termination,1,0,17,0,,,,,,,,,,
输出偏置电压(mV),1,0,17,0,,,,,,,,,,
Operation,1,0,17,0,,,,,,,,,,
开关配置Circuit,1,0,17,0,,,,,,,,,,
"Material, Element",1,0,17,0,,,,,,,,,,
Output-Voltage,1,0,17,0,,,,,,,,,,
检测范围,1,0,17,0,,,,,,,,,,
频率组,1,0,17,0,,,,,,,,,,
触点交流电压最大值,1,0,17,0,,,,,,,,,,
密封等级,1,0,17,0,,,,,,,,,,
额定电流 (Ip:Is),0,1,0,17,,,,,,,,,,
保险丝,1,0,17,0,,,,,,,,,,
引脚或插座,1,0,17,0,,,,,,,,,,
传感器样式,1,0,17,0,,,,,,,,,,
电源电压 直流 最小,1,0,17,0,,,,,,,,,,
频率（中心/带）,1,0,17,0,,,,,,,,,,
Alternate Keying,1,0,17,0,,,,,,,,,,
Bottom-Termination,1,0,17,0,,,,,,,,,,
触点电压 直流 最大,1,0,17,0,,,,,,,,,,
大小/尺寸,1,0,17,0,,,,,,,,,,
操作压力最大值,1,0,17,0,,,,,,,,,,
Thread Size,1,0,17,0,,,,,,,,,,
Reverse Breakdown  Voltage VBR(V) @IT,0,1,0,17,,,,,,,,,,
Terminal-Block-Type,1,0,17,0,,,,,,,,,,
摆角,1,0,17,0,,,,,,,,,,
工具方法,1,0,17,0,,,,,,,,,,
触点直流电流最大值,1,0,17,0,,,,,,,,,,
触点交流电流最大值,1,0,17,0,,,,,,,,,,
反向关断电压/工作电压VRWMReverse Standoff Voltage,1,0,17,0,,,,,,,,,,
Typical IR@ 85,0,1,0,17,,,,,,,,,,
电源电压 直流 最大,1,0,17,0,,,,,,,,,,
输出配置,1,0,17,0,,,,,,,,,,
Ipp(A),0,1,0,17,,,,,,,,,,
Max_ Reverse Leakage,0,1,0,17,,,,,,,,,,
检测类型,1,0,17,0,,,,,,,,,,
Bezel Color,1,0,17,0,,,,,,,,,,
Barrier-Type,1,0,17,0,,,,,,,,,,
开关位置数,1,0,17,0,,,,,,,,,,
Thickness,1,0,17,0,,,,,,,,,,
Cable-Entry-Angle,1,0,17,0,,,,,,,,,,
VSWR,1,0,17,0,,,,,,,,,,
每 IC 通道数,1,0,17,0,,,,,,,,,,
Stand-off Voltage Vso(V),0,1,0,17,,,,,,,,,,
Noise,1,0,16,0,,,,,,,,,,
Formed leads,1,0,16,0,,,,,,,,,,
Noise Figure,1,0,16,0,,,,,,,,,,
Tolerance pos.,1,0,16,0,,,,,,,,,,
C(N),1,0,16,0,,,,,,,,,,
Actuator Color,1,0,16,0,,,,,,,,,,
"Time, Trip",1,0,16,0,,,,,,,,,,
流体类型,1,1,3,13,,,,,,,,,,
Standards,1,0,16,0,,,,,,,,,,
Wavelength of red colour λd,1,0,16,0,,,,,,,,,,
Rutronik size,1,0,16,0,,,,,,,,,,
保险丝类型,1,0,16,0,,,,,,,,,,
电流 - 测试,1,0,16,0,,,,,,,,,,
端子密封,1,0,16,0,,,,,,,,,,
Switch Mounting,1,0,16,0,,,,,,,,,,
光源,1,0,16,0,,,,,,,,,,
最大电流,1,0,16,0,,,,,,,,,,
실장형,1,0,16,0,,,,,,,,,,
Supply Voltage  Vd,1,0,16,0,,,,,,,,,,
Permis.T(A) min,1,0,16,0,,,,,,,,,,
匝数比,1,0,16,0,,,,,,,,,,
Air-Flow,1,0,16,0,,,,,,,,,,
Permiss.Ta max,1,0,16,0,,,,,,,,,,
Bearing-Type,1,0,16,0,,,,,,,,,,
不同 If 时电压 - 正向 (Vf),1,0,16,0,,,,,,,,,,
Supp. case size,1,0,16,0,,,,,,,,,,
连接器外壳尺寸,1,0,16,0,,,,,,,,,,
最大切换电压,0,1,0,16,,,,,,,,,,
线规或范围 - mm²,1,0,16,0,,,,,,,,,,
波长 - 主,1,0,16,0,,,,,,,,,,
Kind of display used,1,0,16,0,,,,,,,,,,
Lifetime @Tamax,1,0,16,0,,,,,,,,,,
Inductance,1,0,16,0,,,,,,,,,,
RPM,1,0,16,0,,,,,,,,,,
引线类型,1,0,16,0,,,,,,,,,,
Operating current max.,1,0,16,0,,,,,,,,,,
保持电流IHHolding current,1,0,16,0,,,,,,,,,,
Illumination Color,1,0,16,0,,,,,,,,,,
最大隔离电压,1,0,16,0,,,,,,,,,,
Static-Pressure,1,0,16,0,,,,,,,,,,
压力测量类型,1,0,16,0,,,,,,,,,,
Fan-Type,1,0,16,0,,,,,,,,,,
Current Rating (Max),1,0,16,0,,,,,,,,,,
Cap. tol. neg,1,0,16,0,,,,,,,,,,
td(off),1,0,16,0,,,,,,,,,,
V(N),1,0,16,0,,,,,,,,,,
基级电压,1,0,15,0,,,,,,,,,,
Features of semiconductor devices,1,0,15,0,,,,,,,,,,
Connector series,1,0,15,0,,,,,,,,,,
线圈绝缘,1,0,15,0,,,,,,,,,,
频带数,1,0,15,0,,,,,,,,,,
执行器样式,1,0,15,0,,,,,,,,,,
版本,1,0,15,0,,,,,,,,,,
螺纹尺寸,1,0,15,0,,,,,,,,,,
感应范围最大值,1,0,15,0,,,,,,,,,,
Resistance Measure Max,1,0,15,0,,,,,,,,,,
媒体分发类型,1,0,15,0,,,,,,,,,,
On-state current,1,0,15,0,,,,,,,,,,
最大漏极电流Id(on)(A),1,0,15,0,,,,,,,,,,
噪声系数,1,0,15,0,,,,,,,,,,
Maximum Average Forward Rectified Current,1,0,15,0,,,,,,,,,,
电压 - 电源，单/双（±）,1,0,15,0,,,,,,,,,,
Connector Type B,1,0,15,0,,,,,,,,,,
通道极性,1,0,15,0,,,,,,,,,,
Connector Type A,1,0,15,0,,,,,,,,,,
Wavelength of green colour λd,1,0,15,0,,,,,,,,,,
Repetitive peak off-state current,1,0,15,0,,,,,,,,,,
Coupling,1,0,15,0,,,,,,,,,,
次级类型Type - Secondary,1,0,15,0,,,,,,,,,,
Warranty,1,0,15,0,,,,,,,,,,
截止电压,0,1,0,15,,,,,,,,,,
Contact plating,1,0,15,0,,,,,,,,,,
初级类型Type - Primary,1,0,15,0,,,,,,,,,,
工作电源电压,1,0,15,0,,,,,,,,,,
许可长度,1,0,15,0,,,,,,,,,,
电压额定值 DC,1,0,15,0,,,,,,,,,,
On-state voltage,1,0,15,0,,,,,,,,,,
源漏极间雪崩电压VBR(V),1,0,15,0,,,,,,,,,,
Purpose of use,1,0,15,0,,,,,,,,,,
Power Handling,1,0,15,0,,,,,,,,,,
许可 - 用户明细,1,0,15,0,,,,,,,,,,
峰值脉冲电流IPPmPeak Forward Surge Current,1,0,15,0,,,,,,,,,,
Supply voltage,1,0,14,0,,,,,,,,,,
Number-of-I-O,1,0,14,0,,,,,,,,,,
Luminosity of green colour,1,0,14,0,,,,,,,,,,
RAM-Size,1,0,14,0,,,,,,,,,,
Insertion-Loss,1,0,14,0,,,,,,,,,,
列数,1,0,14,0,,,,,,,,,,
像素格式,0,1,0,14,,,,,,,,,,
结构,1,0,14,0,,,,,,,,,,
Bandwidth,1,0,14,0,,,,,,,,,,
Voltage Measure AC Max,1,0,14,0,,,,,,,,,,
Con. design,1,0,14,0,,,,,,,,,,
输出电压(V),1,0,14,0,,,,,,,,,,
可燃性等级,1,0,14,0,,,,,,,,,,
光学技术,1,0,14,0,,,,,,,,,,
Leakage current,1,0,14,0,,,,,,,,,,
Program-Memory-Size,1,0,14,0,,,,,,,,,,
Program-Memory-Type,1,0,14,0,,,,,,,,,,
Peripherals,1,0,14,0,,,,,,,,,,
Current Measure AC Max,1,0,14,0,,,,,,,,,,
电压 - 输出（最大值）,1,0,14,0,,,,,,,,,,
On-Resistance-Max,1,0,14,0,,,,,,,,,,
Screening Level,1,0,14,0,,,,,,,,,,
显示字符 -  高度,1,0,14,0,,,,,,,,,,
Current rating,1,0,14,0,,,,,,,,,,
Actuator-Level,1,0,14,0,,,,,,,,,,
EEPROM-Size,1,0,14,0,,,,,,,,,,
Protection Style,1,0,14,0,,,,,,,,,,
Data-Converters,1,0,14,0,,,,,,,,,,
Washable,1,0,14,0,,,,,,,,,,
Operating-Frequency,1,0,14,0,,,,,,,,,,
Oscillator-Type,1,0,14,0,,,,,,,,,,
Length-Exposed-Ends,1,0,14,0,,,,,,,,,,
电压 - 输出,1,0,14,0,,,,,,,,,,
Input Voltage,1,0,14,0,,,,,,,,,,
Range,1,0,14,0,,,,,,,,,,
RF 类型,1,0,14,0,,,,,,,,,,
Number-of-Switches,1,0,14,0,,,,,,,,,,
Connectivity,1,0,14,0,,,,,,,,,,
Switch Function,1,0,14,0,,,,,,,,,,
防水等级,0,1,0,14,,,,,,,,,,
Input voltage,1,0,14,0,,,,,,,,,,
No. of Digits,1,0,14,0,,,,,,,,,,
Connector-End-B,1,0,14,0,,,,,,,,,,
IP rating,1,0,14,0,,,,,,,,,,
触头布局，典型,1,0,14,0,,,,,,,,,,
Terminate To,1,0,14,0,,,,,,,,,,
Voltage Measure DC Max,1,0,14,0,,,,,,,,,,
Maximum-Frequency,1,0,14,0,,,,,,,,,,
Measuring range,1,0,14,0,,,,,,,,,,
最大OCL电感,1,0,14,0,,,,,,,,,,
Product Group,1,0,14,0,,,,,,,,,,
Luminosity of red colour,1,0,14,0,,,,,,,,,,
中性,1,0,14,0,,,,,,,,,,
手动复位输入,1,0,14,0,,,,,,,,,,
Locking system,1,0,14,0,,,,,,,,,,
最小开关电压,0,1,0,14,,,,,,,,,,
Characteristic,1,0,14,0,,,,,,,,,,
源漏极最大导通电阻rDS(on)(mΩ),1,0,14,0,,,,,,,,,,
电压 - 输出（最小值/固定）,1,0,14,0,,,,,,,,,,
Peak Reverse Voltage,1,0,14,0,,,,,,,,,,
Module-Capacity,1,0,14,0,,,,,,,,,,
存储器类型,1,0,14,0,,,,,,,,,,
DMM Functions,1,0,14,0,,,,,,,,,,
Surge Current,1,0,14,0,,,,,,,,,,
Voltage-Supply-Vcc-Vdd,1,0,14,0,,,,,,,,,,
Formed pad,1,0,14,0,,,,,,,,,,
控制特性,1,0,13,0,,,,,,,,,,
公母,1,0,13,0,,,,,,,,,,
棘轮,1,0,13,0,,,,,,,,,,
Cable Gland Material,1,0,13,0,,,,,,,,,,
RF(mΩ),0,1,0,13,,,,,,,,,,
Type of contactors accessories,1,0,13,0,,,,,,,,,,
IP/NEMA级别,1,0,13,0,,,,,,,,,,
（首先选择，然后应用滤波器）兼容系列,1,0,13,0,,,,,,,,,,
Organization,1,0,13,0,,,,,,,,,,
Wavelength of blue colour λd,1,0,13,0,,,,,,,,,,
Output voltage,1,0,13,0,,,,,,,,,,
Lens-Transparency,1,0,13,0,,,,,,,,,,
电缆直径最小值,1,0,13,0,,,,,,,,,,
类别,1,1,1,12,,,,,,,,,,
交货期,1,0,13,0,,,,,,,,,,
Contents,1,0,13,0,,,,,,,,,,
Wire Gauge,1,0,13,0,,,,,,,,,,
Lens-Color,1,0,13,0,,,,,,,,,,
额定电流Current Rating,1,0,13,0,,,,,,,,,,
Vs  (typ)(V),0,1,0,13,,,,,,,,,,
端口数,1,0,13,0,,,,,,,,,,
I(100kHz/105°C),1,0,13,0,,,,,,,,,,
td(on),1,0,13,0,,,,,,,,,,
电缆出口角度,1,0,13,0,,,,,,,,,,
If-Forward-Current,1,0,13,0,,,,,,,,,,
Supplier Device Package,1,0,13,0,,,,,,,,,,
Lead-Style,1,0,13,0,,,,,,,,,,
用于测量,1,0,13,0,,,,,,,,,,
Lamp-Color,1,0,13,0,,,,,,,,,,
Panel-Cutout-Shape,1,0,13,0,,,,,,,,,,
输出电压Voltage - Output,1,0,13,0,,,,,,,,,,
Connection-Method,1,0,13,0,,,,,,,,,,
Hysteresis,1,0,13,0,,,,,,,,,,
Power,1,0,13,0,,,,,,,,,,
Case - mm,1,0,13,0,,,,,,,,,,
Case - inch,1,0,13,0,,,,,,,,,,
Gland Colour,1,0,13,0,,,,,,,,,,
"Material, Body",1,0,13,0,,,,,,,,,,
Zener voltage,1,0,12,0,,,,,,,,,,
CT Test Condition 1,1,0,12,0,,,,,,,,,,
Recovery Time,1,0,12,0,,,,,,,,,,
Control voltage,1,0,12,0,,,,,,,,,,
温度系数Temperature Coefficient,1,0,12,0,,,,,,,,,,
Cable-Connectors,1,0,12,0,,,,,,,,,,
AEC Qualified,0,1,0,12,,,,,,,,,,
Amplifier Type,1,0,12,0,,,,,,,,,,
电线间距,1,0,12,0,,,,,,,,,,
Accuracy %,1,0,12,0,,,,,,,,,,
AEC-Q200,1,0,12,0,,,,,,,,,,
Package Outlines,0,1,0,12,,,,,,,,,,
On-Time-Max,1,0,12,0,,,,,,,,,,
Number of terminals,1,0,12,0,,,,,,,,,,
Maximum service temperature,1,0,12,0,,,,,,,,,,
CT Test Condition 2,1,0,12,0,,,,,,,,,,
Condition2_IC (mA),0,1,0,12,,,,,,,,,,
Body-Material,1,0,12,0,,,,,,,,,,
PD (W) max.,0,1,0,12,,,,,,,,,,
压盖颜色,1,0,12,0,,,,,,,,,,
Spatial orientation,1,0,12,0,,,,,,,,,,
备用联系人功能,0,1,0,12,,,,,,,,,,
Min VB IR = 10 uA,1,0,12,0,,,,,,,,,,
Switch-Voltage-Max,1,0,12,0,,,,,,,,,,
제품 타입,1,0,12,0,,,,,,,,,,
DMM Response Type,1,0,12,0,,,,,,,,,,
电流 - 输出/通道,1,0,12,0,,,,,,,,,,
Breakdown voltage,1,0,12,0,,,,,,,,,,
保护功能,1,0,12,0,,,,,,,,,,
D-Sub外壳尺寸,1,0,12,0,,,,,,,,,,
Max. operating voltage,1,0,12,0,,,,,,,,,,
Rated voltage,1,0,12,0,,,,,,,,,,
Condition1_VCE (V),0,1,0,12,,,,,,,,,,
Typical Operating Supply Voltage,1,0,12,0,,,,,,,,,,
引线方向,1,0,12,0,,,,,,,,,,
Width (Max.) / mm,1,0,12,0,,,,,,,,,,
Dual-Supply-Voltage,1,0,12,0,,,,,,,,,,
VSWR Output,1,0,12,0,,,,,,,,,,
Cable-Termination,1,0,12,0,,,,,,,,,,
调制类型,0,1,0,12,,,,,,,,,,
IC (A),0,1,0,12,,,,,,,,,,
Actuator / Cap Colour,1,0,12,0,,,,,,,,,,
符合RoHS,0,1,0,12,,,,,,,,,,
Connector-End-A,1,0,12,0,,,,,,,,,,
高电平复位,1,0,12,0,,,,,,,,,,
Operating Temperature Max,1,0,12,0,,,,,,,,,,
Vr-Reverse-Voltage,1,0,12,0,,,,,,,,,,
hFE  max,0,1,0,12,,,,,,,,,,
峰值通态电压VTMOn-state voltage,1,0,12,0,,,,,,,,,,
Type of contactor,1,0,12,0,,,,,,,,,,
VCE (sat) (V),0,1,0,12,,,,,,,,,,
Cable Length - Metric,1,0,12,0,,,,,,,,,,
Kind of connector,1,0,12,0,,,,,,,,,,
CT Typ. 1,1,0,12,0,,,,,,,,,,
Cable Length - Imperial,1,0,12,0,,,,,,,,,,
Capacitance Ratio 1,1,0,12,0,,,,,,,,,,
符合Reach,0,1,0,12,,,,,,,,,,
电压 - 输入（最小值）,1,0,12,0,,,,,,,,,,
Operating Temperature Min,1,0,12,0,,,,,,,,,,
最大插塞直径,0,1,0,12,,,,,,,,,,
Cable Exit Angle,1,0,12,0,,,,,,,,,,
Time Delay,1,0,12,0,,,,,,,,,,
Condition2_IB (mA),0,1,0,12,,,,,,,,,,
电缆接头材料,1,0,12,0,,,,,,,,,,
Vf-Forward-Voltage,1,0,12,0,,,,,,,,,,
Off-Time-Max,1,0,12,0,,,,,,,,,,
fT (MHz) min.,0,1,0,12,,,,,,,,,,
VSWR Input,1,0,12,0,,,,,,,,,,
Supply-Type,1,0,12,0,,,,,,,,,,
Condition1_IC (mA),0,1,0,12,,,,,,,,,,
REACH Status,1,0,12,0,,,,,,,,,,
hFE  min,0,1,0,12,,,,,,,,,,
V(BR)CEO (V) min.,0,1,0,12,,,,,,,,,,
Connector Style,1,0,11,0,,,,,,,,,,
Withstanding Voltage / Vdc,1,0,11,0,,,,,,,,,,
IP3,1,0,11,0,,,,,,,,,,
Part Type,1,0,11,0,,,,,,,,,,
C dimension,1,0,11,0,,,,,,,,,,
RF-Series,1,0,11,0,,,,,,,,,,
电线直径,1,0,11,0,,,,,,,,,,
Number of Channels,1,0,11,0,,,,,,,,,,
ADC通道 x 位(模块数),1,0,11,0,,,,,,,,,,
Switch-Continuous-Current,1,0,11,0,,,,,,,,,,
Soldering Method,1,0,11,0,,,,,,,,,,
Inner-Diameter-Recovered,1,0,11,0,,,,,,,,,,
Lead Diameter (Max.) / mm,1,0,11,0,,,,,,,,,,
Backlighting,1,0,11,0,,,,,,,,,,
Q2基极输入电阻R1 Input Resistance(R1),1,0,11,0,,,,,,,,,,
Recovered-Wall-Thickness,1,0,11,0,,,,,,,,,,
Ron  (typ)(mOhm),0,1,0,11,,,,,,,,,,
Lead Gap (Max.) / mm,1,0,11,0,,,,,,,,,,
Flash,1,0,11,0,,,,,,,,,,
Lifecycle Status,1,0,11,0,,,,,,,,,,
Plug Type,1,0,11,0,,,,,,,,,,
调谐范围,0,1,0,11,,,,,,,,,,
Power Supply Type,1,0,11,0,,,,,,,,,,
A dimension,1,0,11,0,,,,,,,,,,
B dimension,1,0,11,0,,,,,,,,,,
Lead Diameter (Nom.) / mm,1,0,11,0,,,,,,,,,,
Pc（W）,0,1,0,11,,,,,,,,,,
Luminosity,1,0,11,0,,,,,,,,,,
Type of coilformer,1,0,11,0,,,,,,,,,,
齐纳阻抗Zzt,1,0,11,0,,,,,,,,,,
偏压,0,1,0,11,,,,,,,,,,
Wire diameter,1,0,11,0,,,,,,,,,,
Shrink-Temperature,1,0,11,0,,,,,,,,,,
产品长度,1,0,11,0,,,,,,,,,,
内含物,1,0,11,0,,,,,,,,,,
Date format,1,0,11,0,,,,,,,,,,
VB Min.,1,0,11,0,,,,,,,,,,
Harmonized Code,1,0,11,0,,,,,,,,,,
Bus type,1,0,11,0,,,,,,,,,,
Input  Source,0,1,0,11,,,,,,,,,,
Luminosity of blue colour,1,0,11,0,,,,,,,,,,
内部驱动器Internal Driver,1,0,11,0,,,,,,,,,,
Type of pin configuration,1,0,11,0,,,,,,,,,,
Maximum Operating Temperature,1,0,11,0,,,,,,,,,,
Collector current,1,0,11,0,,,,,,,,,,
Temperature Range - Operating,1,0,11,0,,,,,,,,,,
D dimension,1,0,11,0,,,,,,,,,,
照明类型，颜色,1,0,11,0,,,,,,,,,,
Number  of  Outputs,0,1,0,11,,,,,,,,,,
Thickness | Height (Max.) / mm,1,0,11,0,,,,,,,,,,
PWM,1,0,11,0,,,,,,,,,,
Battery Charge Voltage  (max)(V),0,1,0,11,,,,,,,,,,
Time format,1,0,11,0,,,,,,,,,,
Mrf. Cage Code,1,0,11,0,,,,,,,,,,
熔断器速度,1,0,11,0,,,,,,,,,,
Lead Gap (Min.) / mm,1,0,11,0,,,,,,,,,,
Lead Diameter (Min.) / mm,1,0,11,0,,,,,,,,,,
LED lens,1,0,11,0,,,,,,,,,,
Battery Charge Current  (max)(A),0,1,0,11,,,,,,,,,,
Mounting-Method,1,0,11,0,,,,,,,,,,
Change Rate of Temperature Characteristic,1,0,11,0,,,,,,,,,,
恒流Constant Current,1,0,11,0,,,,,,,,,,
齐纳电压Vz,1,0,11,0,,,,,,,,,,
Inductance factor Al,1,0,11,0,,,,,,,,,,
RT Test Condition If,1,0,11,0,,,,,,,,,,
IC(A),0,1,0,11,,,,,,,,,,
Number of poles,1,0,11,0,,,,,,,,,,
Inner-Diameter-Supplied,1,0,11,0,,,,,,,,,,
Supplier Standard Pack,1,0,11,0,,,,,,,,,,
Lead Gap (Nom.) / mm,1,0,11,0,,,,,,,,,,
引脚长度,1,0,11,0,,,,,,,,,,
Shrinkage-Ratio,1,0,11,0,,,,,,,,,,
External Width,1,0,11,0,,,,,,,,,,
Indicator,1,0,10,0,,,,,,,,,,
Interrupt-Rating,1,0,10,0,,,,,,,,,,
稳压器数,1,0,10,0,,,,,,,,,,
No. of Module Spaces,1,0,10,0,,,,,,,,,,
Range Selection,1,0,10,0,,,,,,,,,,
PSRR,1,0,10,0,,,,,,,,,,
Chemistry,1,0,10,0,,,,,,,,,,
法兰特征,1,0,10,0,,,,,,,,,,
风评,0,1,0,10,,,,,,,,,,
DC-Sparkover,1,0,10,0,,,,,,,,,,
Standard,1,0,10,0,,,,,,,,,,
Power-supply voltage standard,1,0,10,0,,,,,,,,,,
Insulation-Resistance,1,0,10,0,,,,,,,,,,
尖头 - 类型,1,0,10,0,,,,,,,,,,
Moisture Level,1,0,10,0,,,,,,,,,,
LED Function,1,0,10,0,,,,,,,,,,
主体类型,1,0,10,0,,,,,,,,,,
Connector type,1,0,10,0,,,,,,,,,,
保险丝大小/组,1,0,10,0,,,,,,,,,,
断态重复峰值电压VDRMRepetitive peak off-state voltage,1,0,10,0,,,,,,,,,,
卷筒容量,1,0,10,0,,,,,,,,,,
灯功率,1,0,10,0,,,,,,,,,,
RoHS Status,1,0,10,0,,,,,,,,,,
击穿电压VBOBreakover voltage,1,0,10,0,,,,,,,,,,
管压降VCE（sat）  Collector-Emitter Saturation Voltage,1,0,10,0,,,,,,,,,,
Measuring instrument features,1,0,10,0,,,,,,,,,,
通道数Number of Channels,1,0,10,0,,,,,,,,,,
Rad Hard,1,0,10,0,,,,,,,,,,
Battery-Chemistry,1,0,10,0,,,,,,,,,,
Socket type,1,0,10,0,,,,,,,,,,
Number of arrays,1,0,10,0,,,,,,,,,,
LO Input Power,1,0,10,0,,,,,,,,,,
Manufacturer series,1,0,10,0,,,,,,,,,,
Rohs,1,0,10,0,,,,,,,,,,
Touch-Panel,1,0,10,0,,,,,,,,,,
不同频率时电容,1,0,10,0,,,,,,,,,,
Type of core,1,0,10,0,,,,,,,,,,
Compatible-Tools,1,0,10,0,,,,,,,,,,
Core-Material,1,0,10,0,,,,,,,,,,
电压降（最大值）,1,0,10,0,,,,,,,,,,
Collector-emitter voltage,1,0,10,0,,,,,,,,,,
Colour temperature,1,0,10,0,,,,,,,,,,
Cable-Group,1,0,10,0,,,,,,,,,,
工作温度Max,1,0,10,0,,,,,,,,,,
射频系列/标准,1,0,10,0,,,,,,,,,,
Resitor value,1,0,10,0,,,,,,,,,,
看门狗时间(s),1,0,10,0,,,,,,,,,,
"Temperature, Operating",1,0,10,0,,,,,,,,,,
External Depth,1,0,10,0,,,,,,,,,,
指示器型式,1,0,10,0,,,,,,,,,,
最小响应度,0,1,0,10,,,,,,,,,,
RF Frequency,1,0,10,0,,,,,,,,,,
特点,1,0,10,0,,,,,,,,,,
Vf Test Condition If,1,0,10,0,,,,,,,,,,
"Current, Switching",1,0,10,0,,,,,,,,,,
应变救灾物资,1,0,10,0,,,,,,,,,,
Maximum-DC-Resistance,1,0,10,0,,,,,,,,,,
Fan-out,1,0,10,0,,,,,,,,,,
直径 - 外部,1,0,10,0,,,,,,,,,,
Output Signal Type,1,0,10,0,,,,,,,,,,
Minimum Operating Temperature,1,0,10,0,,,,,,,,,,
No.of contacts,1,0,10,0,,,,,,,,,,
Number-of-Electrodes,1,0,10,0,,,,,,,,,,
Battery Type,1,0,9,0,,,,,,,,,,
拓扑Topology,1,0,9,0,,,,,,,,,,
Input Logic,1,0,9,0,,,,,,,,,,
Type of connector accessories,1,0,9,0,,,,,,,,,,
Number  of  Negative  Outputs,0,1,0,9,,,,,,,,,,
Number  of  LED  Drivers,0,1,0,9,,,,,,,,,,
Processor-Type,1,0,9,0,,,,,,,,,,
Number of logic blocks/elements,1,0,9,0,,,,,,,,,,
Application Sub Type,1,0,9,0,,,,,,,,,,
Number  of  Buck  Converters,0,1,0,9,,,,,,,,,,
透镜样式/尺寸,1,0,9,0,,,,,,,,,,
衰减值Attenuation Value,1,0,9,0,,,,,,,,,,
芯片组的成分3,0,1,0,9,,,,,,,,,,
Transistor type,1,0,9,0,,,,,,,,,,
Jaw Opening Max,1,0,9,0,,,,,,,,,,
技术Technology,1,0,9,0,,,,,,,,,,
Cable type,1,0,9,0,,,,,,,,,,
작동 공급 전압,1,0,9,0,,,,,,,,,,
中心/截止频率Center / Cutoff Frequency,1,0,9,0,,,,,,,,,,
Q2基极-发射极输入电阻R2 Base-Emitter Resistance(R2),1,0,9,0,,,,,,,,,,
Dissipation Factor (Max.) / %,1,0,9,0,,,,,,,,,,
面板开孔形状,1,0,9,0,,,,,,,,,,
传感器类型,1,0,9,0,,,,,,,,,,
板上高度,1,0,9,0,,,,,,,,,,
전압 정격 AC,1,0,9,0,,,,,,,,,,
射频类型,1,0,9,0,,,,,,,,,,
Max-Surge-Current,1,0,9,0,,,,,,,,,,
Indicator 스타일,1,0,9,0,,,,,,,,,,
Number  of  Channels,0,1,0,9,,,,,,,,,,
Voltage Rating VDC,1,0,9,0,,,,,,,,,,
电压 - 齐纳（标称值）(Vz),1,0,9,0,,,,,,,,,,
Connectors application,1,0,9,0,,,,,,,,,,
전압 - 입력,1,0,9,0,,,,,,,,,,
Body material,1,0,9,0,,,,,,,,,,
Architecture,1,0,9,0,,,,,,,,,,
Silicon Manufacturer,1,0,9,0,,,,,,,,,,
Fuse 타입,1,0,9,0,,,,,,,,,,
Attn Range,1,0,9,0,,,,,,,,,,
Number  of  Boost  Converters,0,1,0,9,,,,,,,,,,
Kit Application Type,1,0,9,0,,,,,,,,,,
Ir-Reverse-Current,1,0,9,0,,,,,,,,,,
Supplier Lead time,1,0,9,0,,,,,,,,,,
Minimum Operating Supply Voltage,1,0,9,0,,,,,,,,,,
Typical-Turn-Off-Delay-Time,1,0,9,0,,,,,,,,,,
Jacket Color,1,0,9,0,,,,,,,,,,
排距,1,0,9,0,,,,,,,,,,
Stud Size,1,0,9,0,,,,,,,,,,
激励频率,0,1,0,9,,,,,,,,,,
RT,1,0,9,0,,,,,,,,,,
Number of gates,1,0,9,0,,,,,,,,,,
Operating Frequency,1,0,9,0,,,,,,,,,,
Output power,1,0,9,0,,,,,,,,,,
Package Length (mm),1,0,9,0,,,,,,,,,,
Body 스타일,1,0,9,0,,,,,,,,,,
Illuminated,1,0,9,0,,,,,,,,,,
Length-Threaded-Portion-Below-Head,1,0,9,0,,,,,,,,,,
Maximum Operating Supply Voltage,1,0,9,0,,,,,,,,,,
输出失调电压(mV),1,0,9,0,,,,,,,,,,
Shape/Type,1,0,9,0,,,,,,,,,,
Peak-Pulse-Current,1,0,9,0,,,,,,,,,,
구성,1,0,9,0,,,,,,,,,,
平均整流电流（Io）,1,0,9,0,,,,,,,,,,
Silicon Core Number,1,0,9,0,,,,,,,,,,
Q2电阻比(R1/R2) Q2 Resistance Ratio,1,0,9,0,,,,,,,,,,
Voltage Rating AC,1,0,9,0,,,,,,,,,,
Rechargeable-Non-Rechargeable,1,0,9,0,,,,,,,,,,
Switch Type,1,0,9,0,,,,,,,,,,
Number of macrocells,1,0,9,0,,,,,,,,,,
ESD 保护ESD Protection,1,0,9,0,,,,,,,,,,
Output Frequency,1,0,9,0,,,,,,,,,,
Measurement accuracy,1,0,9,0,,,,,,,,,,
Q1基极输入电阻R1 Input Resistance(R1),1,0,9,0,,,,,,,,,,
电流 - 电源,1,0,9,0,,,,,,,,,,
Rise-Time,1,0,9,0,,,,,,,,,,
正向压降（Vf）,1,0,9,0,,,,,,,,,,
Finish Variation,1,0,9,0,,,,,,,,,,
协议,1,0,9,0,,,,,,,,,,
针数目,1,0,9,0,,,,,,,,,,
可扩展,1,0,9,0,,,,,,,,,,
I/O数,1,0,9,0,,,,,,,,,,
成分3的部分描述,0,1,0,9,,,,,,,,,,
Resistor value,1,0,9,0,,,,,,,,,,
전압 - 출력,1,0,9,0,,,,,,,,,,
Number  of  LDO  Regulators,0,1,0,9,,,,,,,,,,
频率响应,0,1,0,9,,,,,,,,,,
Typical-Turn-On-Delay-Time,1,0,9,0,,,,,,,,,,
Categories,1,0,9,0,,,,,,,,,,
Maximum DC Resistance,1,0,9,0,,,,,,,,,,
Cable Diameter,1,0,9,0,,,,,,,,,,
直径 - 内部,1,0,8,0,,,,,,,,,,
Number of poles of the contact point,1,0,8,0,,,,,,,,,,
Typical Rise Time,1,0,8,0,,,,,,,,,,
Typical Output Power x Channels @ Load (W),1,0,8,0,,,,,,,,,,
Wire-Type,1,0,8,0,,,,,,,,,,
Supplied-Contents,1,0,8,0,,,,,,,,,,
Embedded,1,0,8,0,,,,,,,,,,
Rds (On),1,0,8,0,,,,,,,,,,
电流 - 静态 (Iq),1,0,8,0,,,,,,,,,,
Bits,1,0,8,0,,,,,,,,,,
集电极基极电压,1,0,8,0,,,,,,,,,,
Temperature Measuring Range,1,0,8,0,,,,,,,,,,
Termin.style,1,0,8,0,,,,,,,,,,
Relay Type,1,0,8,0,,,,,,,,,,
阻抗（最大值）(Zzt),1,0,8,0,,,,,,,,,,
二极管电容值CTDiode capacitance,1,0,8,0,,,,,,,,,,
Supply Voltage Min,1,0,8,0,,,,,,,,,,
Rs Typ,1,0,8,0,,,,,,,,,,
工作电流,1,0,8,0,,,,,,,,,,
Typ. Input Power for 1 dB Loss,1,0,8,0,,,,,,,,,,
Efficiency,1,1,6,2,,,,,,,,,,
暗电阻,0,1,0,8,,,,,,,,,,
主体定位,1,0,8,0,,,,,,,,,,
"Material, Contact",1,0,8,0,,,,,,,,,,
电流 - 供电（最大值）,1,0,8,0,,,,,,,,,,
电阻 - 通道 (Ω)Resistance - Channel (Ohms),1,0,8,0,,,,,,,,,,
Illumination-Color,1,0,8,0,,,,,,,,,,
Max.memory size,1,0,8,0,,,,,,,,,,
External Height,1,0,8,0,,,,,,,,,,
Supply Voltage VDC,1,0,8,0,,,,,,,,,,
Composition,1,0,8,0,,,,,,,,,,
Associated-Relay-Series,1,0,8,0,,,,,,,,,,
Max Forward Voltage VF,1,0,8,0,,,,,,,,,,
内部开关Internal Switch(s),1,0,8,0,,,,,,,,,,
对角线尺寸,0,1,0,8,,,,,,,,,,
Iocp  Adjustable,0,1,0,8,,,,,,,,,,
逻辑类型,1,0,8,0,,,,,,,,,,
触点数目,1,0,8,0,,,,,,,,,,
Current  Limit  (typ)(A),0,1,0,8,,,,,,,,,,
Material-Flammability-Rating,1,0,8,0,,,,,,,,,,
No. of Digital Inputs,1,0,8,0,,,,,,,,,,
手动复位,1,0,8,0,,,,,,,,,,
THDN,1,0,8,0,,,,,,,,,,
Channel Mode,1,0,8,0,,,,,,,,,,
Maximum Current,1,0,8,0,,,,,,,,,,
工作电源电流,1,0,8,0,,,,,,,,,,
Connector-End-A-Pin-Count,1,0,8,0,,,,,,,,,,
No. of Digital Outputs,1,0,8,0,,,,,,,,,,
致动器材料,1,0,8,0,,,,,,,,,,
触点镀层,1,0,8,0,,,,,,,,,,
Contact pitch,1,0,8,0,,,,,,,,,,
Vdd(V)forOD,1,0,8,0,,,,,,,,,,
电压 - 输入补偿,1,0,8,0,,,,,,,,,,
显示字符 - 高度,1,0,8,0,,,,,,,,,,
System chipset,1,0,8,0,,,,,,,,,,
Attenuation Step,1,0,8,0,,,,,,,,,,
Strain Relief Material,1,0,8,0,,,,,,,,,,
Number-of-Outputs,1,0,8,0,,,,,,,,,,
Rated Current,1,0,8,0,,,,,,,,,,
电压 - 输入Voltage - Input,1,0,8,0,,,,,,,,,,
电感值Inductance,1,0,8,0,,,,,,,,,,
Life,1,0,8,0,,,,,,,,,,
Stability,1,0,8,0,,,,,,,,,,
Channel-Mode,1,0,8,0,,,,,,,,,,
"Color, Emitted",1,0,8,0,,,,,,,,,,
Front,1,0,8,0,,,,,,,,,,
Memory type,1,0,8,0,,,,,,,,,,
No. of Modules,1,0,8,0,,,,,,,,,,
Wavelength,1,0,8,0,,,,,,,,,,
dB Value,1,0,8,0,,,,,,,,,,
直流反向耐压（Vr）,1,0,8,0,,,,,,,,,,
Fall-Time,1,0,8,0,,,,,,,,,,
Flammability-Rating,1,0,8,0,,,,,,,,,,
Port-Type,1,0,8,0,,,,,,,,,,
开关操作,1,0,8,0,,,,,,,,,,
MSCP-Mean-Spherical-Candle-Power,1,0,8,0,,,,,,,,,,
Mating-Cycles,1,0,8,0,,,,,,,,,,
平均正向整流电流IFForward Current(If),1,0,8,0,,,,,,,,,,
Electrical Options,1,0,8,0,,,,,,,,,,
길이,1,0,8,0,,,,,,,,,,
混频器数,1,0,8,0,,,,,,,,,,
Finish,1,0,8,0,,,,,,,,,,
Inductance Nominal,1,0,8,0,,,,,,,,,,
欧盟RoHS指令,1,0,8,0,,,,,,,,,,
Processor-Brand,1,0,8,0,,,,,,,,,,
DC电阻DCRDC Resistance (DCR),1,0,8,0,,,,,,,,,,
Cable Type,1,0,8,0,,,,,,,,,,
输入电压(V),1,0,8,0,,,,,,,,,,
Number of Rows,1,0,8,0,,,,,,,,,,
Safety,0,1,0,8,,,,,,,,,,
작동 온도 범위,1,0,8,0,,,,,,,,,,
Actuator,1,0,8,0,,,,,,,,,,
FLAG  Indicator,0,1,0,8,,,,,,,,,,
Failure-Rate,1,0,8,0,,,,,,,,,,
接点配置,1,0,8,0,,,,,,,,,,
盖颜色,1,0,8,0,,,,,,,,,,
接端类型,1,0,8,0,,,,,,,,,,
Effective core cross-section (Ae),1,0,8,0,,,,,,,,,,
引脚数目,1,0,8,0,,,,,,,,,,
"电源电压，单/双 (±)Voltage - Supply, Single/Dual (±)",1,0,8,0,,,,,,,,,,
Operating Temperature Classification,1,0,8,0,,,,,,,,,,
参考类型Reference Type,1,0,8,0,,,,,,,,,,
Q (min),1,0,8,0,,,,,,,,,,
Type of resistor,1,0,8,0,,,,,,,,,,
IP 等级,1,0,8,0,,,,,,,,,,
"Material, Cable",1,0,8,0,,,,,,,,,,
Voltage Measuring Range AC,1,0,8,0,,,,,,,,,,
Lead Free,1,0,8,0,,,,,,,,,,
Chipsets,1,0,8,0,,,,,,,,,,
Temperature-Coefficient,1,0,8,0,,,,,,,,,,
Effective core volume (Ve),1,0,8,0,,,,,,,,,,
Test Freq.,1,0,8,0,,,,,,,,,,
电流 - 输入偏置,1,0,8,0,,,,,,,,,,
Rs Typ Test Condition,1,0,8,0,,,,,,,,,,
朝向,1,0,8,0,,,,,,,,,,
电流限制Current Limit,1,0,7,0,,,,,,,,,,
Terminal Seal,1,0,7,0,,,,,,,,,,
表面,1,0,7,0,,,,,,,,,,
Must-Release,1,0,7,0,,,,,,,,,,
Maximum-Switched-Power,1,0,7,0,,,,,,,,,,
Actuator-Material,1,0,7,0,,,,,,,,,,
工艺侧连接,1,0,7,0,,,,,,,,,,
驱动器/接收器数,1,0,7,0,,,,,,,,,,
Typ. Input VSWR,1,0,7,0,,,,,,,,,,
Product name,1,0,7,0,,,,,,,,,,
Storage Condition,1,0,7,0,,,,,,,,,,
Fuse 크기 / Group,1,0,7,0,,,,,,,,,,
Repetitive peak off-state voltages,0,1,0,7,,,,,,,,,,
Vcc  (typ)(V),0,1,0,7,,,,,,,,,,
Alternative Parts  (Cross-Reference),1,0,7,0,,,,,,,,,,
压敏电压（最大）,1,0,7,0,,,,,,,,,,
No. of Pins,1,0,7,0,,,,,,,,,,
最小探测灵敏度,0,1,0,7,,,,,,,,,,
"Voltage, Control",1,0,7,0,,,,,,,,,,
Connection,1,0,7,0,,,,,,,,,,
压敏电压（典型）,1,0,7,0,,,,,,,,,,
Q1基极-发射极输入电阻R2 Base-Emitter Resistance(R2),1,0,7,0,,,,,,,,,,
接触电压直流喃,1,0,7,0,,,,,,,,,,
Output type,1,0,7,0,,,,,,,,,,
二极管材料,1,0,7,0,,,,,,,,,,
Q1电阻比(R1/R2) Q1 Resistance Ratio,1,0,7,0,,,,,,,,,,
包括主体/固定套圈,1,0,7,0,,,,,,,,,,
DC额定电压,1,0,7,0,,,,,,,,,,
No. of Gangs,1,0,7,0,,,,,,,,,,
"Material, Jacket",1,0,7,0,,,,,,,,,,
Maximum AC Voltage Rating,1,0,7,0,,,,,,,,,,
Connector-End-B-Pin-Count,1,0,7,0,,,,,,,,,,
"전압 - 공급, 단일/이중 (±)",1,0,7,0,,,,,,,,,,
Budgetary Price €/1k,1,0,7,0,,,,,,,,,,
峰值脉冲电流(10 x 1000us)Current - Peak Pulse (10 x 1000µs),1,0,7,0,,,,,,,,,,
Output Power,1,0,7,0,,,,,,,,,,
Contacts Classification,1,0,7,0,,,,,,,,,,
Reel step,1,0,7,0,,,,,,,,,,
Peak Reverse Repetitive Voltage,1,0,7,0,,,,,,,,,,
Inductance Max.,1,0,7,0,,,,,,,,,,
SATA ports,1,0,7,0,,,,,,,,,,
SRF Min,1,0,7,0,,,,,,,,,,
Form factor,1,0,7,0,,,,,,,,,,
Colour,1,0,7,0,,,,,,,,,,
I2t(A2S),0,1,0,7,,,,,,,,,,
Anti-resonant Frequency(fa),0,1,0,7,,,,,,,,,,
最大DCR初级侧,1,0,7,0,,,,,,,,,,
Resonant Resistance,0,1,0,7,,,,,,,,,,
Peak Reverse Current,1,0,7,0,,,,,,,,,,
输入失调电压（最大值）Voltage - Input Offset (Max),1,0,7,0,,,,,,,,,,
Withstanding Voltage,1,0,7,0,,,,,,,,,,
切面直径,1,0,7,0,,,,,,,,,,
IC,0,1,0,7,,,,,,,,,,
@VAK(V),0,1,0,7,,,,,,,,,,
Output 타입,1,0,7,0,,,,,,,,,,
Maximum-Switched-Current,1,0,7,0,,,,,,,,,,
Maximum-Clock-Frequency,1,0,7,0,,,,,,,,,,
Number of  Phases,0,1,0,7,,,,,,,,,,
Must-Operate,1,0,7,0,,,,,,,,,,
外形,1,0,7,0,,,,,,,,,,
SSD connector,1,0,7,0,,,,,,,,,,
Wire connection method,1,0,7,0,,,,,,,,,,
空载功耗,1,0,7,0,,,,,,,,,,
Delta F(Fa-Fr),0,1,0,7,,,,,,,,,,
使用地区,1,0,7,0,,,,,,,,,,
Ranging,1,0,7,0,,,,,,,,,,
@IDRM(uA),0,1,0,7,,,,,,,,,,
Typical Carrier Lifetime TL,1,0,7,0,,,,,,,,,,
Minimum service temperature,1,0,7,0,,,,,,,,,,
进线位置,1,0,7,0,,,,,,,,,,
电流 - 浪涌,1,0,7,0,,,,,,,,,,
Interface Type,1,0,7,0,,,,,,,,,,
Weight with battery,1,0,7,0,,,,,,,,,,
Inductance Min.,1,0,7,0,,,,,,,,,,
Wire length,1,0,7,0,,,,,,,,,,
Track Resistance,1,0,7,0,,,,,,,,,,
Diagonal,1,0,7,0,,,,,,,,,,
Display-Resolution-Pixels,1,0,7,0,,,,,,,,,,
能源,1,0,7,0,,,,,,,,,,
Output Device,1,0,7,0,,,,,,,,,,
Rated capacitance,1,0,7,0,,,,,,,,,,
Max VF @ Spec,1,0,7,0,,,,,,,,,,
额定纹波电流,1,0,7,0,,,,,,,,,,
Recovery-Time,1,0,7,0,,,,,,,,,,
控制侧连接,1,0,7,0,,,,,,,,,,
位密度(bit),1,0,7,0,,,,,,,,,,
Accuracy,1,0,7,0,,,,,,,,,,
Typ. Output VSWR,1,0,7,0,,,,,,,,,,
F dimension,1,0,7,0,,,,,,,,,,
Type of communications module,1,0,7,0,,,,,,,,,,
检测频谱,1,0,7,0,,,,,,,,,,
出力素子,1,0,7,0,,,,,,,,,,
E dimension,1,0,7,0,,,,,,,,,,
Contact style,1,0,7,0,,,,,,,,,,
输出和类型,1,0,7,0,,,,,,,,,,
Country Of Origin,1,0,7,0,,,,,,,,,,
独立看门狗输出,1,0,7,0,,,,,,,,,,
계열,1,0,7,0,,,,,,,,,,
输入偏置电流（最大值）Current - Input Bias (Max),1,0,7,0,,,,,,,,,,
Gate trigger current,0,1,0,7,,,,,,,,,,
最大 AC 电压,1,0,7,0,,,,,,,,,,
Typical Operating Supply Voltage (V),1,0,7,0,,,,,,,,,,
On-State Current,0,1,0,7,,,,,,,,,,
Nom. I Region Thickness,1,0,7,0,,,,,,,,,,
Connector variant,1,0,7,0,,,,,,,,,,
Package Width (mm),1,0,7,0,,,,,,,,,,
LED 大小,1,0,7,0,,,,,,,,,,
Peak Non-Repetitive Surge Current,1,0,7,0,,,,,,,,,,
Input type,1,0,7,0,,,,,,,,,,
间隙,1,0,7,0,,,,,,,,,,
触点电流最大值,1,0,7,0,,,,,,,,,,
额定寿命,1,0,7,0,,,,,,,,,,
感应范围,1,0,7,0,,,,,,,,,,
Plug variant,1,0,7,0,,,,,,,,,,
接触电压交流喃,1,0,7,0,,,,,,,,,,
长度 - 总,1,0,7,0,,,,,,,,,,
镀层,1,0,7,0,,,,,,,,,,
"Color, Actuator",1,0,7,0,,,,,,,,,,
USB ports,1,0,7,0,,,,,,,,,,
Temperature measuring range,1,0,7,0,,,,,,,,,,
전압 정격,1,0,7,0,,,,,,,,,,
最大 DC 电压,1,0,7,0,,,,,,,,,,
miniPCIe,1,0,7,0,,,,,,,,,,
制造商尺寸代码,1,0,7,0,,,,,,,,,,
증폭기 유형,1,0,7,0,,,,,,,,,,
Peak Forward Voltage,1,0,7,0,,,,,,,,,,
压敏电压（最小）,1,0,7,0,,,,,,,,,,
전류 - 출력,1,0,7,0,,,,,,,,,,
Memory sockets,1,0,7,0,,,,,,,,,,
Utilized-IC-Part,1,0,7,0,,,,,,,,,,
Rated Ripple Current Condition,1,0,7,0,,,,,,,,,,
Center Frequency (fn)(KHz),0,1,0,7,,,,,,,,,,
MS Number,1,0,7,0,,,,,,,,,,
Number of circuits,1,0,7,0,,,,,,,,,,
Accuracy  (Vout&gt;=1V)(+/- %),0,1,0,7,,,,,,,,,,
产品直径,1,0,7,0,,,,,,,,,,
Circuit-Type,1,0,7,0,,,,,,,,,,
Display-Type,1,0,7,0,,,,,,,,,,
额外特性,1,0,7,0,,,,,,,,,,
Wire-Orientation,1,0,7,0,,,,,,,,,,
Quality Factor @ Cmin Max,1,0,6,0,,,,,,,,,,
Output-Current,1,0,6,0,,,,,,,,,,
Load Capacitance,1,0,6,0,,,,,,,,,,
功耗电容,1,0,6,0,,,,,,,,,,
Fuse Size,1,0,6,0,,,,,,,,,,
Number of channels,1,0,6,0,,,,,,,,,,
长度 - 焊尾,1,0,6,0,,,,,,,,,,
Related items,1,0,6,0,,,,,,,,,,
栅极峰值电流,1,0,6,0,,,,,,,,,,
전류 - 출력/채널,1,0,6,0,,,,,,,,,,
Shock Resistance,1,0,6,0,,,,,,,,,,
Poles number,1,0,6,0,,,,,,,,,,
Lead Shape,1,0,6,0,,,,,,,,,,
Shaft Diameter,1,0,6,0,,,,,,,,,,
触头表面处理厚度 - 柱（配接）,1,0,6,0,,,,,,,,,,
Maximum Single Supply Voltage (V),1,0,6,0,,,,,,,,,,
COM ports,1,0,6,0,,,,,,,,,,
栅极触发电流IGTGate trigger current,1,0,6,0,,,,,,,,,,
磁心类型,1,0,6,0,,,,,,,,,,
Container-Type,1,0,6,0,,,,,,,,,,
Tuning Ratio,1,0,6,0,,,,,,,,,,
湿度敏感性,1,0,6,0,,,,,,,,,,
Onboard graphic,1,0,6,0,,,,,,,,,,
保险丝座类型,1,0,6,0,,,,,,,,,,
Shop By,1,0,6,0,,,,,,,,,,
Quality Factor @ Cmin Min,1,0,6,0,,,,,,,,,,
Top(min),1,0,6,0,,,,,,,,,,
发射极基极电压,1,0,6,0,,,,,,,,,,
直流发射极电流（PNP）-最大值,0,1,0,6,,,,,,,,,,
전압 - 드롭아웃,1,0,6,0,,,,,,,,,,
Vs  (max)(V),0,1,0,6,,,,,,,,,,
Maximum Output Voltage,1,0,6,0,,,,,,,,,,
Temperature Coefficient,1,0,6,0,,,,,,,,,,
Max Shunt Capacitance,1,0,6,0,,,,,,,,,,
Area-L-x-W,1,0,6,0,,,,,,,,,,
Integrated auxiliary contacts,1,0,6,0,,,,,,,,,,
Package Type,1,0,6,0,,,,,,,,,,
Ethernet chipse,1,0,6,0,,,,,,,,,,
Jacket-Color,1,0,6,0,,,,,,,,,,
Case Size,1,0,6,0,,,,,,,,,,
Electrical Box Mounting,1,0,6,0,,,,,,,,,,
正向压降VF,1,0,6,0,,,,,,,,,,
Angle,1,0,6,0,,,,,,,,,,
Current Measure DC Max,1,0,6,0,,,,,,,,,,
型式,1,0,6,0,,,,,,,,,,
工作电流/电池供电(μA),1,0,6,0,,,,,,,,,,
Designed-for,1,0,6,0,,,,,,,,,,
Rotation Electrical Angle,1,0,6,0,,,,,,,,,,
工具类型特性,1,0,6,0,,,,,,,,,,
Entry Size (mm),1,0,6,0,,,,,,,,,,
输出电流（典型值）Current - Output (Typ),1,0,6,0,,,,,,,,,,
Actuation-Type,1,0,6,0,,,,,,,,,,
Isolation,1,0,6,0,,,,,,,,,,
Receiver sensitivity,1,0,6,0,,,,,,,,,,
회로 개수,1,0,6,0,,,,,,,,,,
"Length, Probe",1,0,6,0,,,,,,,,,,
外部监测输入,1,0,6,0,,,,,,,,,,
Contact-Location,1,0,6,0,,,,,,,,,,
포장,1,0,6,0,,,,,,,,,,
直流发射极电流（NPN）-最大值,0,1,0,6,,,,,,,,,,
长度 - 柱（配接）,1,0,6,0,,,,,,,,,,
栅极触发电压VGTGate trigger voltage,1,0,6,0,,,,,,,,,,
Input-Return-Loss,1,0,6,0,,,,,,,,,,
VCE(sat),1,0,6,0,,,,,,,,,,
Clamp Voltage,1,0,6,0,,,,,,,,,,
光敏面积,0,1,0,6,,,,,,,,,,
压接工具类型,1,0,6,0,,,,,,,,,,
No. of Axes,1,0,6,0,,,,,,,,,,
VID  Table  Support,0,1,0,6,,,,,,,,,,
Equipment-Type,1,0,6,0,,,,,,,,,,
Number of I/O Lines,1,0,6,0,,,,,,,,,,
Maximum Output Current,1,0,6,0,,,,,,,,,,
计数器类型,1,0,6,0,,,,,,,,,,
Number of  MOSFET  Drivers,0,1,0,6,,,,,,,,,,
Number-of-Outputs-and-Type,1,0,6,0,,,,,,,,,,
通态最大电流IT(RMS)RMS on-state current,1,0,6,0,,,,,,,,,,
VOUT报警状态,1,0,6,0,,,,,,,,,,
Grade,1,0,6,0,,,,,,,,,,
Number-of-Pins,1,0,6,0,,,,,,,,,,
LED 颜色,1,0,6,0,,,,,,,,,,
Body-Finish,1,0,6,0,,,,,,,,,,
产品型号,1,0,6,0,,,,,,,,,,
通态电压,1,0,6,0,,,,,,,,,,
Number-of-Inputs-and-Type,1,0,6,0,,,,,,,,,,
Channel Type,1,0,6,0,,,,,,,,,,
重复峰值断态电压,1,0,6,0,,,,,,,,,,
触头表面处理 - 柱（配接）,1,0,6,0,,,,,,,,,,
外壳材料，表面处理,1,0,6,0,,,,,,,,,,
"Color, Lens",1,0,6,0,,,,,,,,,,
标准充电电流,0,1,0,6,,,,,,,,,,
Pushbutton Actuator Style,1,0,6,0,,,,,,,,,,
Gate-Trigger-Current-Igt,1,0,6,0,,,,,,,,,,
Automotive Qualifications Standard,1,0,6,0,,,,,,,,,,
Fiber-Type,1,0,6,0,,,,,,,,,,
导线进入位置,1,0,6,0,,,,,,,,,,
长度 - 总体引脚,1,0,6,0,,,,,,,,,,
MSL等级,0,1,0,6,,,,,,,,,,
平均栅极功率,1,0,6,0,,,,,,,,,,
Lens-Type,1,0,6,0,,,,,,,,,,
Min Shunt Capacitance,1,0,6,0,,,,,,,,,,
"浪涌电流ITSM(50Hz、60Hz)Current - Non Rep. Surge 50, 60Hz (Itsm)",1,0,6,0,,,,,,,,,,
-3db 带宽,1,0,6,0,,,,,,,,,,
RMS通态电流,1,0,6,0,,,,,,,,,,
Number of rows,1,0,6,0,,,,,,,,,,
NF-Noise-Figure,1,0,6,0,,,,,,,,,,
门极触发电压,1,0,6,0,,,,,,,,,,
额定电压 V AC,1,0,6,0,,,,,,,,,,
Maximum Operating Current,1,0,6,0,,,,,,,,,,
屏蔽材料,1,0,6,0,,,,,,,,,,
长度 - 插片,1,0,6,0,,,,,,,,,,
Products name,1,0,6,0,,,,,,,,,,
Contact point finish,1,0,6,0,,,,,,,,,,
Diode type,1,0,6,0,,,,,,,,,,
Base Style,1,0,6,0,,,,,,,,,,
长度 - 堆叠高度,1,0,6,0,,,,,,,,,,
Sample Rate,1,0,6,0,,,,,,,,,,
Battery-Cell-Size,1,0,6,0,,,,,,,,,,
电池低压监测门限(V),1,0,6,0,,,,,,,,,,
从发射器到基本电压限制（NPN）-最大值,0,1,0,6,,,,,,,,,,
Pin-or-Socket,1,0,6,0,,,,,,,,,,
Depth,1,0,6,0,,,,,,,,,,
集电极发射电压,1,0,6,0,,,,,,,,,,
Electrical Box Material,1,0,6,0,,,,,,,,,,
过/低压报警,1,0,6,0,,,,,,,,,,
Vgs-Gate-Source-Breakdown-Voltage,1,0,6,0,,,,,,,,,,
数值Values,1,0,6,0,,,,,,,,,,
致动器长度,1,0,6,0,,,,,,,,,,
开关端子,1,0,6,0,,,,,,,,,,
저항,1,0,6,0,,,,,,,,,,
Brand Family,1,0,6,0,,,,,,,,,,
反向重复峰值电压VRRM/断态重复峰值电压VDRMRepetitive peak reverse voltage/Repetitive peak off-state voltage,1,0,6,0,,,,,,,,,,
Power input,1,0,6,0,,,,,,,,,,
Vs  (min)(V),0,1,0,6,,,,,,,,,,
공차,1,0,6,0,,,,,,,,,,
峰值灵敏度的波长,1,0,6,0,,,,,,,,,,
Lumens,1,0,6,0,,,,,,,,,,
Display Type,1,0,6,0,,,,,,,,,,
Data-Retention,1,0,6,0,,,,,,,,,,
Current Measuring Range DC,1,0,6,0,,,,,,,,,,
外径,1,0,6,0,,,,,,,,,,
Resistance-Ohms,1,0,6,0,,,,,,,,,,
Insertion Loss .1-100MHz,1,0,6,0,,,,,,,,,,
Built-in  DAC  Generator,0,1,0,6,,,,,,,,,,
Number-of-Bits,1,0,6,0,,,,,,,,,,
最高频率,1,0,6,0,,,,,,,,,,
QGate,1,0,6,0,,,,,,,,,,
Top(max),1,0,6,0,,,,,,,,,,
Lead Diameter (nom),1,0,6,0,,,,,,,,,,
静态电流（最大值）Current - Quiescent (Max),1,0,6,0,,,,,,,,,,
电压 - 供电，单/双 (±),1,0,6,0,,,,,,,,,,
双工,1,0,6,0,,,,,,,,,,
衬套螺纹,1,0,6,0,,,,,,,,,,
Density,1,0,6,0,,,,,,,,,,
Internal Depth,1,0,6,0,,,,,,,,,,
전류 - 공급,1,0,6,0,,,,,,,,,,
Current Measuring Range AC,1,0,6,0,,,,,,,,,,
从发射极到基本电压极限（PNP）-最大值,0,1,0,6,,,,,,,,,,
框架类型,1,0,6,0,,,,,,,,,,
Gate-Source-Cutoff-Voltage,1,0,6,0,,,,,,,,,,
Main-Purpose,1,0,5,0,,,,,,,,,,
전압 - 입력 오프셋,1,0,5,0,,,,,,,,,,
模块容量,1,0,5,0,,,,,,,,,,
额定电压DCVoltage Rating - DC,1,0,5,0,,,,,,,,,,
Head Type,1,0,5,0,,,,,,,,,,
COO,1,0,5,0,,,,,,,,,,
Id,1,0,5,0,,,,,,,,,,
Non-Repetitive-On-State-Current,1,0,5,0,,,,,,,,,,
Xmod,1,0,5,0,,,,,,,,,,
产品厚度,1,0,5,0,,,,,,,,,,
Legend,1,0,5,0,,,,,,,,,,
Minimum-Dual-Supply-Voltage,1,0,5,0,,,,,,,,,,
最大视频电阻,0,1,0,5,,,,,,,,,,
Pin Out,1,0,5,0,,,,,,,,,,
电压输出 - 输出1,1,0,5,0,,,,,,,,,,
Number of Words,1,0,5,0,,,,,,,,,,
传播延迟（最大值）Propagation Delay (Max),1,0,5,0,,,,,,,,,,
Jacket-Insulation-Material,1,0,5,0,,,,,,,,,,
Shape,1,0,5,0,,,,,,,,,,
峰值反向电压VRRMPeak Reverse Voltage,1,0,5,0,,,,,,,,,,
Data-Rate,1,0,5,0,,,,,,,,,,
Coating-Housing-Type,1,0,5,0,,,,,,,,,,
CTB,1,0,5,0,,,,,,,,,,
Turn-On-Time,1,0,5,0,,,,,,,,,,
串行通讯,1,0,5,0,,,,,,,,,,
输出电压－输出4,1,0,5,0,,,,,,,,,,
保护端接,1,0,5,0,,,,,,,,,,
상승 시간,1,0,5,0,,,,,,,,,,
Typ. Coupled Port VSWR,1,0,5,0,,,,,,,,,,
Handle Style,1,0,5,0,,,,,,,,,,
外部尺寸,1,1,1,4,,,,,,,,,,
Flammability Rating,1,0,5,0,,,,,,,,,,
Turn-Off-Time,1,0,5,0,,,,,,,,,,
전류 - 입력 바이어스,1,0,5,0,,,,,,,,,,
Primary-Attributes,1,0,5,0,,,,,,,,,,
Energy E10/1000µs,1,0,5,0,,,,,,,,,,
最大输入电流(μA),1,0,5,0,,,,,,,,,,
CECC Qualified,1,0,5,0,,,,,,,,,,
套件包含,1,0,5,0,,,,,,,,,,
写周期时间 - 字，页,1,0,5,0,,,,,,,,,,
最小回波损耗,1,0,5,0,,,,,,,,,,
Lead Spacing (nom),1,0,5,0,,,,,,,,,,
非重复峰值浪涌电流IFSM(Max.)(A),1,0,5,0,,,,,,,,,,
Holding-Current-Ih-Max,1,0,5,0,,,,,,,,,,
No. of Ports,1,0,5,0,,,,,,,,,,
电源应用,1,0,5,0,,,,,,,,,,
Package Height (mm),1,0,5,0,,,,,,,,,,
访问时间,1,0,5,0,,,,,,,,,,
Lens Shape,1,0,5,0,,,,,,,,,,
Cable-Length-Unexposed,1,0,5,0,,,,,,,,,,
Off-State-Leakage-Current-VDRM-IDRM,1,0,5,0,,,,,,,,,,
Oper.temperatur,1,0,5,0,,,,,,,,,,
Graphic interf.,1,0,5,0,,,,,,,,,,
Varistor voltage,1,0,5,0,,,,,,,,,,
슬루율,1,0,5,0,,,,,,,,,,
针脚或引脚数（栅格）,1,0,5,0,,,,,,,,,,
Ribbon cable pitch,1,0,5,0,,,,,,,,,,
Circuit configuration,1,0,5,0,,,,,,,,,,
备用联系人来源,0,1,0,5,,,,,,,,,,
Reverse recovery time,1,0,5,0,,,,,,,,,,
产品高度,1,0,5,0,,,,,,,,,,
线规最大值,1,0,5,0,,,,,,,,,,
Display Mode,1,0,5,0,,,,,,,,,,
Weight without batteries,1,0,5,0,,,,,,,,,,
功率额定值,1,0,5,0,,,,,,,,,,
屏蔽Shielding,1,0,5,0,,,,,,,,,,
Military Standard,1,0,5,0,,,,,,,,,,
参考类型,1,0,5,0,,,,,,,,,,
Kind of module,1,0,5,0,,,,,,,,,,
Vds - 드레인-소스 항복 전압,1,0,5,0,,,,,,,,,,
Number of Circuits,1,0,5,0,,,,,,,,,,
AEC Qualified Number,1,0,5,0,,,,,,,,,,
Current-Input,1,0,5,0,,,,,,,,,,
NEMA Rating,1,0,5,0,,,,,,,,,,
输出电流 - 输出3,1,0,5,0,,,,,,,,,,
Current-Output,1,0,5,0,,,,,,,,,,
调节类型,1,0,5,0,,,,,,,,,,
Surge arrester type,1,0,5,0,,,,,,,,,,
输入电压范围(V),1,0,5,0,,,,,,,,,,
输出电压 - 输出3,1,0,5,0,,,,,,,,,,
Number-of-Positions-Contacts,1,0,5,0,,,,,,,,,,
Coding,1,0,5,0,,,,,,,,,,
Current-UL,1,0,5,0,,,,,,,,,,
Current-IEC,1,0,5,0,,,,,,,,,,
电流输出 - 输出1,1,0,5,0,,,,,,,,,,
Drain-to-Source-Voltage-Vdss,1,0,5,0,,,,,,,,,,
Rated-Repetitive-Off-State-Voltage-VDRM,1,0,5,0,,,,,,,,,,
Bezel,1,0,5,0,,,,,,,,,,
Pin_Count,1,0,5,0,,,,,,,,,,
Gate-Trigger-Voltage-Vgt,1,0,5,0,,,,,,,,,,
Mounting-Hole-Diameter,1,0,5,0,,,,,,,,,,
Topology,1,1,3,2,,,,,,,,,,
VF,1,0,5,0,,,,,,,,,,
接口类型,1,0,5,0,,,,,,,,,,
螺母镀层,1,0,5,0,,,,,,,,,,
额定电压ACVoltage Rating - AC,1,0,5,0,,,,,,,,,,
Insulation Type,1,0,5,0,,,,,,,,,,
Id - 연속 드레인 전류,1,0,5,0,,,,,,,,,,
颜色 - 致动器/盖帽,1,0,5,0,,,,,,,,,,
"Diameter, Cord",1,0,5,0,,,,,,,,,,
存储器接口,1,0,5,0,,,,,,,,,,
"Shell Material, Finish",1,0,5,0,,,,,,,,,,
하우징 소재,1,0,5,0,,,,,,,,,,
Measuring resolution,1,0,5,0,,,,,,,,,,
输出电压 - 输出2,1,0,5,0,,,,,,,,,,
P1dB-Compression-Point,1,0,5,0,,,,,,,,,,
连接器安装,1,0,5,0,,,,,,,,,,
Input,1,0,5,0,,,,,,,,,,
Type of sensor,1,0,5,0,,,,,,,,,,
조정기 개수,1,0,5,0,,,,,,,,,,
출력 수,1,0,5,0,,,,,,,,,,
Wire Size AWG Max,1,0,5,0,,,,,,,,,,
Voltage Rating (AC),1,0,5,0,,,,,,,,,,
하강 시간,1,0,5,0,,,,,,,,,,
电流输出 - 输出2,1,0,5,0,,,,,,,,,,
출력 유형,1,0,5,0,,,,,,,,,,
Polarisation,1,0,5,0,,,,,,,,,,
输入电压VAC,1,0,5,0,,,,,,,,,,
RoHS State,1,0,5,0,,,,,,,,,,
On-State-Voltage,1,0,5,0,,,,,,,,,,
参考编号,0,1,0,5,,,,,,,,,,
Product Type,1,0,5,0,,,,,,,,,,
DW Flag,1,0,5,0,,,,,,,,,,
Maximum Operating Supply Voltage (V),1,0,5,0,,,,,,,,,,
Maximum energy,1,0,5,0,,,,,,,,,,
Cable Length,1,0,5,0,,,,,,,,,,
Voltage-IEC,1,0,5,0,,,,,,,,,,
Breakover-Current-IBO-Max,1,0,5,0,,,,,,,,,,
Side-1-RF-Series,1,0,5,0,,,,,,,,,,
Temperature measurement accuracy,1,0,5,0,,,,,,,,,,
不同频率时的Q值Q @ Frequency,1,0,5,0,,,,,,,,,,
Wire Size AWG Min,1,0,5,0,,,,,,,,,,
Maximum input frequency,1,0,5,0,,,,,,,,,,
Switching Frequency,1,0,5,0,,,,,,,,,,
Case Code,1,0,5,0,,,,,,,,,,
CSO,1,0,5,0,,,,,,,,,,
Data Rate,1,0,5,0,,,,,,,,,,
Keying Position,1,0,5,0,,,,,,,,,,
Switch-Type,1,0,5,0,,,,,,,,,,
Address Bus Width,1,0,5,0,,,,,,,,,,
电源电压-最大,1,0,5,0,,,,,,,,,,
Output-Power,1,0,5,0,,,,,,,,,,
军用连接器配件,0,1,0,5,,,,,,,,,,
Number-of-Inputs,1,0,5,0,,,,,,,,,,
Military Qualified,1,0,5,0,,,,,,,,,,
自振谐频率SRFFrequency - Self Resonant,1,0,5,0,,,,,,,,,,
Rds On - Drain-Source 저항,1,0,5,0,,,,,,,,,,
Maximum Current Rating (A),1,0,5,0,,,,,,,,,,
Maximum-Dual-Supply-Voltage,1,0,5,0,,,,,,,,,,
Wave impedance,1,0,5,0,,,,,,,,,,
표준 턴-오프 지연 시간,1,0,5,0,,,,,,,,,,
典型输出电流(mA),1,0,5,0,,,,,,,,,,
凸片方向,1,0,5,0,,,,,,,,,,
Voltage-UL,1,0,5,0,,,,,,,,,,
Contact-Rating,1,0,5,0,,,,,,,,,,
反向峰值电压,1,0,5,0,,,,,,,,,,
Number of Bits per Word,1,0,5,0,,,,,,,,,,
Contacts,1,0,5,0,,,,,,,,,,
反向重复峰值电压VRRM(Max.)(V),1,0,5,0,,,,,,,,,,
存储器格式,1,0,5,0,,,,,,,,,,
Marketing Status,1,0,5,0,,,,,,,,,,
重复峰值断态电流IDRMRepetitive peak off-state current,1,0,5,0,,,,,,,,,,
Kind of modulation,1,0,5,0,,,,,,,,,,
输出电流－输出4,1,0,5,0,,,,,,,,,,
Side-2-Gender,1,0,5,0,,,,,,,,,,
Interrupt Rating,1,0,5,0,,,,,,,,,,
트랜지스터 극성,1,0,5,0,,,,,,,,,,
Max VF @ Spec Test,1,0,5,0,,,,,,,,,,
Peak Average Forward Current,1,0,5,0,,,,,,,,,,
Ethernet type,1,0,5,0,,,,,,,,,,
Temperature coefficient,1,0,5,0,,,,,,,,,,
Pd - 전력 발산,1,0,5,0,,,,,,,,,,
分断能力Interrupting Rating,1,0,5,0,,,,,,,,,,
长度 - 总体,1,0,5,0,,,,,,,,,,
Tab,1,0,5,0,,,,,,,,,,
Wirelength tol.,1,0,5,0,,,,,,,,,,
Resistance Tolerance,1,0,5,0,,,,,,,,,,
总谐波失真,1,0,5,0,,,,,,,,,,
峰值反向工作电压VRWM(V),1,0,5,0,,,,,,,,,,
平均整流电流IF,1,0,5,0,,,,,,,,,,
Surge arresters application,1,0,5,0,,,,,,,,,,
Display Count,1,0,5,0,,,,,,,,,,
Vgs - 게이트-소스 항복 전압,1,0,5,0,,,,,,,,,,
描述/功能,1,0,5,0,,,,,,,,,,
熔断积分I2T (A2sec)Melting I²t,1,0,5,0,,,,,,,,,,
Conductor-Strand,1,0,5,0,,,,,,,,,,
Maximum surge current,1,0,5,0,,,,,,,,,,
조정기 토폴로지,1,0,5,0,,,,,,,,,,
Cooler included,1,0,5,0,,,,,,,,,,
Fuse size,1,0,5,0,,,,,,,,,,
On-State-RMS-Current-It-RMS,1,0,5,0,,,,,,,,,,
Eon,1,0,5,0,,,,,,,,,,
Voltage Measuring Range DC,1,0,5,0,,,,,,,,,,
结电容Cj,1,0,5,0,,,,,,,,,,
Side-1-Gender,1,0,5,0,,,,,,,,,,
Shutdown,1,0,5,0,,,,,,,,,,
中断额定值,1,0,5,0,,,,,,,,,,
FET类型,1,0,5,0,,,,,,,,,,
Mounting Method,1,0,5,0,,,,,,,,,,
电源输出类型,1,0,5,0,,,,,,,,,,
Bulb Type,1,0,5,0,,,,,,,,,,
Supplier Temperature Grade,1,0,4,0,,,,,,,,,,
通道数量,1,0,4,0,,,,,,,,,,
"Size, Approximate Width",1,0,4,0,,,,,,,,,,
Resistor Element Type,1,0,4,0,,,,,,,,,,
带宽@-3dB(MHz),1,0,4,0,,,,,,,,,,
卡标准,1,0,4,0,,,,,,,,,,
Test accessories type,1,0,4,0,,,,,,,,,,
Battery-Type,1,0,4,0,,,,,,,,,,
Timing-Initiate-Method,1,0,4,0,,,,,,,,,,
Maximum-Attenuation,1,0,4,0,,,,,,,,,,
平均功耗,1,0,4,0,,,,,,,,,,
最大反向漏电流IR(uA),1,0,4,0,,,,,,,,,,
Side-2-Polarity,1,0,4,0,,,,,,,,,,
Indexing,1,0,4,0,,,,,,,,,,
Cable length,1,0,4,0,,,,,,,,,,
护套（绝缘）材料,1,0,4,0,,,,,,,,,,
"Size, Approximate Height",1,0,4,0,,,,,,,,,,
Rise/Fall time,1,0,4,0,,,,,,,,,,
开关频率(kHz),1,0,4,0,,,,,,,,,,
Fault-Protection,1,0,4,0,,,,,,,,,,
Crimp Tool Type,1,0,4,0,,,,,,,,,,
加密特性,1,0,4,0,,,,,,,,,,
MSL,1,0,4,0,,,,,,,,,,
Spec.features,1,0,4,0,,,,,,,,,,
Failsafe-Protection-Y-N,1,0,4,0,,,,,,,,,,
Reverse Current IR,1,0,4,0,,,,,,,,,,
门限滞后(mV),1,0,4,0,,,,,,,,,,
按钮形状,1,0,4,0,,,,,,,,,,
静态电流(μA)(无负载),1,0,4,0,,,,,,,,,,
按钮执行,1,0,4,0,,,,,,,,,,
Sound onboard,1,0,4,0,,,,,,,,,,
Coupling-Mechanism,1,0,4,0,,,,,,,,,,
谐振电阻,0,1,0,4,,,,,,,,,,
XPackage,1,0,4,0,,,,,,,,,,
Illumination Colour,1,0,4,0,,,,,,,,,,
Resistance value,1,0,4,0,,,,,,,,,,
内径,1,0,4,0,,,,,,,,,,
PSRR@1kHz(dB),1,0,4,0,,,,,,,,,,
电流 - 输出高、低,1,0,4,0,,,,,,,,,,
电压 - 跨度（最大值）,1,0,4,0,,,,,,,,,,
Manufacturer QTY,1,0,4,0,,,,,,,,,,
芯片组的成分4,0,1,0,4,,,,,,,,,,
CC Pins,0,1,0,4,,,,,,,,,,
LED-Size,1,0,4,0,,,,,,,,,,
通态平均电流IT(AV)Average on-state current,1,0,4,0,,,,,,,,,,
전압 정격 DC,1,0,4,0,,,,,,,,,,
Maximum Quiescent Current (mA),1,0,4,0,,,,,,,,,,
旋转度,0,1,0,4,,,,,,,,,,
브랜드,1,0,4,0,,,,,,,,,,
最大反向浪涌电流IRSM(A),1,0,4,0,,,,,,,,,,
Delay-Time,1,0,4,0,,,,,,,,,,
Voltage max.,1,0,4,0,,,,,,,,,,
Max.sensivity,1,0,4,0,,,,,,,,,,
Power Role,0,1,0,4,,,,,,,,,,
Output-Voltage-Channel-1,1,0,4,0,,,,,,,,,,
开路输出电压,0,1,0,4,,,,,,,,,,
Vcc(max),1,0,4,0,,,,,,,,,,
Side-1-Polarity,1,0,4,0,,,,,,,,,,
Gate Trigger Voltage,1,0,4,0,,,,,,,,,,
Fibre Type,1,0,4,0,,,,,,,,,,
激励功率,0,1,0,4,,,,,,,,,,
PWM Controller,0,1,0,4,,,,,,,,,,
Contact point type,1,0,4,0,,,,,,,,,,
标称频率,0,1,0,4,,,,,,,,,,
Voltage-DC-Spark-Over-Nom,1,0,4,0,,,,,,,,,,
Max VSWR,1,0,4,0,,,,,,,,,,
Cable accessories application,1,0,4,0,,,,,,,,,,
Maximum Clamping Voltage,1,0,4,0,,,,,,,,,,
속도,1,0,4,0,,,,,,,,,,
成分4的零件描述,0,1,0,4,,,,,,,,,,
Daughter Cards,1,0,4,0,,,,,,,,,,
存储容量Memory Size,1,0,4,0,,,,,,,,,,
Timing Type,1,0,4,0,,,,,,,,,,
Voltage Class,1,0,4,0,,,,,,,,,,
Sens.range max.,1,0,4,0,,,,,,,,,,
Maximum operating temperature,1,0,4,0,,,,,,,,,,
Cache-Memory,1,0,4,0,,,,,,,,,,
Maximum on-state resistance,1,0,4,0,,,,,,,,,,
Maximum current,1,0,4,0,,,,,,,,,,
VBUS Discharge,0,1,0,4,,,,,,,,,,
平均整流器前向电流Io(A),1,0,4,0,,,,,,,,,,
Contact-Rating-Voltage,1,0,4,0,,,,,,,,,,
Battery-Backup-Switching,1,0,4,0,,,,,,,,,,
Internal Power Path,0,1,0,4,,,,,,,,,,
Frequency Response Max,1,0,4,0,,,,,,,,,,
Reflector Type,1,0,4,0,,,,,,,,,,
棘爪,1,0,4,0,,,,,,,,,,
反向恢复时间Trr,1,0,4,0,,,,,,,,,,
Temperature Grade,1,0,4,0,,,,,,,,,,
Maximum Clock Rate,1,0,4,0,,,,,,,,,,
I(FSM),1,0,4,0,,,,,,,,,,
按钮类型,1,0,4,0,,,,,,,,,,
器件尺寸,1,0,4,0,,,,,,,,,,
输出电流最大值(A),1,0,4,0,,,,,,,,,,
"Size, Approximate Depth",1,0,4,0,,,,,,,,,,
PLD输入,1,0,4,0,,,,,,,,,,
Contacts pitch,1,0,4,0,,,,,,,,,,
Typical Single Supply Voltage (V),1,0,4,0,,,,,,,,,,
Chemical System,1,0,4,0,,,,,,,,,,
温度范围,1,0,4,0,,,,,,,,,,
电池化学Battery Chemistry,1,0,4,0,,,,,,,,,,
端接表面处理,1,0,4,0,,,,,,,,,,
ROM尺寸,1,0,4,0,,,,,,,,,,
深度,1,0,4,0,,,,,,,,,,
Op.temp.max.,1,0,4,0,,,,,,,,,,
Leakage-Current,1,0,4,0,,,,,,,,,,
Fibre Diameter,1,0,4,0,,,,,,,,,,
主频（MAX),1,0,4,0,,,,,,,,,,
Commercial/Medical,1,0,4,0,,,,,,,,,,
存储器格式Format - Memory,1,0,4,0,,,,,,,,,,
电源电压-最小,1,0,4,0,,,,,,,,,,
Gate Trigger Current,1,0,4,0,,,,,,,,,,
전류 - 제한,1,0,4,0,,,,,,,,,,
Meter Display Type,1,0,4,0,,,,,,,,,,
Number-of-Cells,1,0,4,0,,,,,,,,,,
Common electrode,1,0,4,0,,,,,,,,,,
UART/USART,1,0,4,0,,,,,,,,,,
Type of integrated circuit,1,0,4,0,,,,,,,,,,
Dominant Wavelength,1,0,4,0,,,,,,,,,,
I/O 数量,1,0,4,0,,,,,,,,,,
雪崩电压VBR(V),1,0,4,0,,,,,,,,,,
Repetitive Peak off-state volt,1,0,4,0,,,,,,,,,,
Timing-Adjustment-Method,1,0,4,0,,,,,,,,,,
Pb Free,1,0,4,0,,,,,,,,,,
Life Cycle,1,0,4,0,,,,,,,,,,
Contact-Mating-Length,1,0,4,0,,,,,,,,,,
Minimum Operating Supply Voltage (V),1,0,4,0,,,,,,,,,,
Outside-Diameter,1,0,4,0,,,,,,,,,,
Active Area,1,0,4,0,,,,,,,,,,
Maximum-DC-Current,1,0,4,0,,,,,,,,,,
Typ.capacity,1,0,4,0,,,,,,,,,,
Settling time,1,0,4,0,,,,,,,,,,
控制侧电缆夹,1,0,4,0,,,,,,,,,,
接口Interface,1,0,4,0,,,,,,,,,,
配用/相关产品,1,0,4,0,,,,,,,,,,
产品特点,1,0,4,0,,,,,,,,,,
Max Output Voltage(V),0,1,0,4,,,,,,,,,,
Impulse-Discharge-Current-8-20μs,1,0,4,0,,,,,,,,,,
Cap Color,1,0,4,0,,,,,,,,,,
DMM Type,1,0,4,0,,,,,,,,,,
RoHS compliant,1,0,4,0,,,,,,,,,,
RF类型RF Type,1,0,4,0,,,,,,,,,,
Reverse Voltage,1,0,4,0,,,,,,,,,,
软件,1,0,4,0,,,,,,,,,,
Stand-off Voltage,1,0,4,0,,,,,,,,,,
Measures,1,0,4,0,,,,,,,,,,
绿色产品,0,1,0,4,,,,,,,,,,
Drawing-Number,1,0,4,0,,,,,,,,,,
卡读/写类型和轨道,1,0,4,0,,,,,,,,,,
External Width - Imperial,1,0,4,0,,,,,,,,,,
Characteristic impedance,1,0,4,0,,,,,,,,,,
DMM Connectivity,1,0,4,0,,,,,,,,,,
频率 - 开关,1,0,4,0,,,,,,,,,,
存储器类型Memory Type,1,0,4,0,,,,,,,,,,
PD Version,0,1,0,4,,,,,,,,,,
Ptot  max,1,0,4,0,,,,,,,,,,
Resistor Case Style,1,0,4,0,,,,,,,,,,
Maximum Reverse Current (at Stand-off Voltage),1,0,4,0,,,,,,,,,,
Number of Pins,1,0,4,0,,,,,,,,,,
CPU位数,1,0,4,0,,,,,,,,,,
ECCN (EU),1,0,4,0,,,,,,,,,,
替换型号,1,0,4,0,,,,,,,,,,
Tolerance (+ or -),1,0,4,0,,,,,,,,,,
Package Style,1,0,4,0,,,,,,,,,,
Syn. Rectifier,0,1,0,4,,,,,,,,,,
Off-State Voltage,1,0,4,0,,,,,,,,,,
Vcc(min),1,0,4,0,,,,,,,,,,
Sealing,1,0,4,0,,,,,,,,,,
Amplitude Imbalance,1,0,4,0,,,,,,,,,,
Test-Frequency,1,0,4,0,,,,,,,,,,
Supply Current,1,0,4,0,,,,,,,,,,
Convert From Gender,1,0,4,0,,,,,,,,,,
功能Function,1,0,4,0,,,,,,,,,,
最大反向电压(钳位电压)VRSM(V),1,0,4,0,,,,,,,,,,
旋转寿命（最少次数）,1,0,4,0,,,,,,,,,,
Shaft-Type,1,0,4,0,,,,,,,,,,
总功率耗散,1,0,4,0,,,,,,,,,,
Forward-Transconductance-Min,1,0,4,0,,,,,,,,,,
Data-Bus-Width,1,0,4,0,,,,,,,,,,
Iq (Typ)(μA),0,1,0,4,,,,,,,,,,
Data Role,0,1,0,4,,,,,,,,,,
电流 - DC 正向 (If)（最大值）,1,0,4,0,,,,,,,,,,
Peak Pulse Power Dissipation,1,0,4,0,,,,,,,,,,
Alternate Mode,0,1,0,4,,,,,,,,,,
编码器类型,1,0,4,0,,,,,,,,,,
Maximum Random Access Time,1,0,4,0,,,,,,,,,,
同轴端接,1,0,4,0,,,,,,,,,,
Probe diameter,1,0,4,0,,,,,,,,,,
峰值电压最大值,0,1,0,4,,,,,,,,,,
Sampling,1,0,4,0,,,,,,,,,,
延迟时间,1,0,4,0,,,,,,,,,,
Cable accessories type,1,0,4,0,,,,,,,,,,
Screw Length,1,0,4,0,,,,,,,,,,
Side-2-RF-Series,1,0,4,0,,,,,,,,,,
最大交流电压,1,0,4,0,,,,,,,,,,
输出电流(mA),1,0,4,0,,,,,,,,,,
Maximum Supply Current (mA),1,0,4,0,,,,,,,,,,
SMD/THT,1,0,4,0,,,,,,,,,,
External Width - Metric,1,0,4,0,,,,,,,,,,
Voltage Rating (DC),1,0,4,0,,,,,,,,,,
Product Weight (g),1,0,4,0,,,,,,,,,,
反向恢复时间trr,1,0,4,0,,,,,,,,,,
Sens.range min,1,0,4,0,,,,,,,,,,
速度(ns),1,0,4,0,,,,,,,,,,
Supply Voltage - Max,1,0,4,0,,,,,,,,,,
输出个数,1,0,4,0,,,,,,,,,,
Applicable frequency,1,0,4,0,,,,,,,,,,
Policy Manager,0,1,0,4,,,,,,,,,,
块型,1,0,4,0,,,,,,,,,,
Development-Kit,1,0,4,0,,,,,,,,,,
卡速度,1,0,4,0,,,,,,,,,,
频差,0,1,0,4,,,,,,,,,,
Contact Size,1,0,4,0,,,,,,,,,,
电压 - 电源Voltage - Supply,1,0,4,0,,,,,,,,,,
绝缘,1,0,4,0,,,,,,,,,,
Measuring instruments application,1,0,4,0,,,,,,,,,,
触摸面板,1,0,4,0,,,,,,,,,,
External Power Path Control,0,1,0,4,,,,,,,,,,
Realtime VBUS Monitoring,0,1,0,4,,,,,,,,,,
连接器主体类型,1,0,4,0,,,,,,,,,,
同轴电缆类型,1,0,4,0,,,,,,,,,,
Peak Reverse Gate Voltage,1,0,4,0,,,,,,,,,,
LED diameter,1,0,4,0,,,,,,,,,,
이득 대역폭 곱(GAP),1,0,4,0,,,,,,,,,,
Compliance,1,0,4,0,,,,,,,,,,
MCU Integrated,0,1,0,4,,,,,,,,,,
Operating Temperature Range,1,0,4,0,,,,,,,,,,
管压降VCE（sat） Collector-Emitter Saturation Voltage,1,0,4,0,,,,,,,,,,
压差(mV),1,0,4,0,,,,,,,,,,
端接表面处理厚度,1,0,4,0,,,,,,,,,,
"Material, Lens",1,0,4,0,,,,,,,,,,
Housing,1,0,4,0,,,,,,,,,,
Quiescent Current  Id,1,0,4,0,,,,,,,,,,
峰值脉冲电流(8 x 20us)Current - Peak Pulse (8 x 20µs),1,0,4,0,,,,,,,,,,
接触终端类型,1,0,4,0,,,,,,,,,,
标准充电时间,0,1,0,4,,,,,,,,,,
열 수,1,0,4,0,,,,,,,,,,
JEDEC(电子器件工程联合会)型号,1,0,4,0,,,,,,,,,,
电压 - 跨度（最小值）,1,0,4,0,,,,,,,,,,
Irrm,1,0,4,0,,,,,,,,,,
读卡方向,1,0,4,0,,,,,,,,,,
波长/色温,1,0,4,0,,,,,,,,,,
每转脉冲数,1,0,4,0,,,,,,,,,,
Enclosure Mounting,1,0,4,0,,,,,,,,,,
Number of Decks,1,0,4,0,,,,,,,,,,
最小工作温度,1,0,4,0,,,,,,,,,,
包装类型,1,0,4,0,,,,,,,,,,
基极电流,1,0,4,0,,,,,,,,,,
CPU内核,1,0,4,0,,,,,,,,,,
External Height - Metric,1,0,4,0,,,,,,,,,,
Op.temp.min.,1,0,4,0,,,,,,,,,,
逻辑电路的归属系列,1,0,4,0,,,,,,,,,,
增益带宽积,1,0,4,0,,,,,,,,,,
Measuring unit,1,0,4,0,,,,,,,,,,
熔断器尺寸,1,0,4,0,,,,,,,,,,
内置开关,1,0,4,0,,,,,,,,,,
Maximum-Output-Current,1,0,4,0,,,,,,,,,,
Max. load current,1,0,4,0,,,,,,,,,,
Channels,1,0,4,0,,,,,,,,,,
Operating Force,1,0,4,0,,,,,,,,,,
Sensor-Type,1,0,4,0,,,,,,,,,,
Convert To Gender,1,0,4,0,,,,,,,,,,
速度Speed,1,0,4,0,,,,,,,,,,
Phase Imbalance,1,0,4,0,,,,,,,,,,
Fail-Short,1,0,4,0,,,,,,,,,,
读卡器类型,1,0,4,0,,,,,,,,,,
Forward Continuous Current,1,0,4,0,,,,,,,,,,
Dead Battery Support,0,1,0,4,,,,,,,,,,
Isolation-Type,1,0,4,0,,,,,,,,,,
Detection angle,1,0,4,0,,,,,,,,,,
Enclosure Material,1,0,4,0,,,,,,,,,,
ROM类型,1,0,4,0,,,,,,,,,,
Max Surge Current,1,0,4,0,,,,,,,,,,
Manufacturers Packaging,1,0,4,0,,,,,,,,,,
Resolution capability,1,0,4,0,,,,,,,,,,
External Height - Imperial,1,0,4,0,,,,,,,,,,
﻿基极输入电阻R1 Input Resistance(R1)﻿,1,0,4,0,,,,,,,,,,
Sensor Type,1,0,4,0,,,,,,,,,,
谷点最大电压,0,1,0,4,,,,,,,,,,
混频器数Number of Mixers,1,0,4,0,,,,,,,,,,
Body colour,1,0,4,0,,,,,,,,,,
입력 전압,1,0,4,0,,,,,,,,,,
Pitch Spacing,1,0,4,0,,,,,,,,,,
Output-Configuration,1,0,4,0,,,,,,,,,,
复位超时,1,0,3,0,,,,,,,,,,
Max. overload voltage,1,0,3,0,,,,,,,,,,
Number of Electrode,1,0,3,0,,,,,,,,,,
Sampling Rate (SPS),1,0,3,0,,,,,,,,,,
集电极-发射集电压VCES(V),1,0,3,0,,,,,,,,,,
Max. forward voltage,1,0,3,0,,,,,,,,,,
电流 - 峰值脉冲 (10/1000µs),1,0,3,0,,,,,,,,,,
Purpose,1,0,3,0,,,,,,,,,,
Base Product Number,1,0,3,0,,,,,,,,,,
Reverse V/Veco,1,0,3,0,,,,,,,,,,
可水洗,1,0,3,0,,,,,,,,,,
Isource/Isink  (max)(A),0,1,0,3,,,,,,,,,,
IC (@ 100°)  max,1,0,3,0,,,,,,,,,,
连接方法,1,0,3,0,,,,,,,,,,
Convert To,1,0,3,0,,,,,,,,,,
Emitter Configuration,1,0,3,0,,,,,,,,,,
最大栅源极电压Vgs(±)  Gate-Source Voltage,1,0,3,0,,,,,,,,,,
P(tot),1,0,3,0,,,,,,,,,,
连接方式,1,0,3,0,,,,,,,,,,
按钮材料,1,0,3,0,,,,,,,,,,
Built in NTC,1,0,3,0,,,,,,,,,,
源漏极导通电阻Rds  Drain-Source On-State,1,0,3,0,,,,,,,,,,
Voltage - DC Spark Over (Nom),1,0,3,0,,,,,,,,,,
针脚/触头数,1,0,3,0,,,,,,,,,,
Energy,1,0,3,0,,,,,,,,,,
Operating 공급 전류,1,0,3,0,,,,,,,,,,
Lens Style,1,0,3,0,,,,,,,,,,
覆盖/无覆盖,1,0,3,0,,,,,,,,,,
工作温度-结,1,0,3,0,,,,,,,,,,
Acting,1,0,3,0,,,,,,,,,,
출력 전류-Channel 1,1,0,3,0,,,,,,,,,,
Inner Diameter (Min.) / mm,1,0,3,0,,,,,,,,,,
稳压器拓扑,1,0,3,0,,,,,,,,,,
Frequency measuring accuracy,1,0,3,0,,,,,,,,,,
调制或协议,1,0,3,0,,,,,,,,,,
Size Code,1,0,3,0,,,,,,,,,,
Intensity,1,0,3,0,,,,,,,,,,
输出电流Iout(mA),1,0,3,0,,,,,,,,,,
其他名称,1,0,3,0,,,,,,,,,,
最大漏极电流Id  Drain Current,1,0,3,0,,,,,,,,,,
Camera Head Diameter,1,0,3,0,,,,,,,,,,
Lead Spacing,1,0,3,0,,,,,,,,,,
Maximum Reflow Temperature,1,0,3,0,,,,,,,,,,
IFpuls  max,1,0,3,0,,,,,,,,,,
参考电压(1.237V)输出,1,0,3,0,,,,,,,,,,
数据保存时间(年),1,0,3,0,,,,,,,,,,
Lamp-Type,1,0,3,0,,,,,,,,,,
Built-in  Power  MOSFETs,0,1,0,3,,,,,,,,,,
位密度,1,0,3,0,,,,,,,,,,
Memory  Supported,0,1,0,3,,,,,,,,,,
Lens-Color-Style,1,0,3,0,,,,,,,,,,
存储类型,1,0,3,0,,,,,,,,,,
Iout  (typ)(mA),0,1,0,3,,,,,,,,,,
"Transmitter output power, dBm",1,0,3,0,,,,,,,,,,
Eoff,1,0,3,0,,,,,,,,,,
容差Tolerance,1,0,3,0,,,,,,,,,,
长度 - 头部以下,1,0,3,0,,,,,,,,,,
Voltage-On-State-Vtm-Max,1,0,3,0,,,,,,,,,,
Voltage-Off-State,1,0,3,0,,,,,,,,,,
"Length, Actuator",1,0,3,0,,,,,,,,,,
峰值反向电压VRRM  Peak Reverse Voltage,1,0,3,0,,,,,,,,,,
Vin Max,1,0,3,0,,,,,,,,,,
供应商封装形式,1,0,3,0,,,,,,,,,,
Color - Actuator/Cap,1,0,3,0,,,,,,,,,,
Socket Terminals,1,0,3,0,,,,,,,,,,
Type of test accessories,1,0,3,0,,,,,,,,,,
Output configuration,1,0,3,0,,,,,,,,,,
按键数,1,0,3,0,,,,,,,,,,
Switching frequency max,1,0,3,0,,,,,,,,,,
数据速率（最大值）,1,0,3,0,,,,,,,,,,
IC   (@ 25°)   max,1,0,3,0,,,,,,,,,,
辅助属性Secondary Attributes,1,0,3,0,,,,,,,,,,
接受器,1,0,3,0,,,,,,,,,,
Cable external diameter,1,0,3,0,,,,,,,,,,
外设,1,0,3,0,,,,,,,,,,
Fibre Optic Connector B,1,0,3,0,,,,,,,,,,
三极管BJT管压降VCE（sat） Collector-Emitter Saturation Voltage,1,0,3,0,,,,,,,,,,
工作电压(Max.)(V),1,0,3,0,,,,,,,,,,
电缆端接,1,0,3,0,,,,,,,,,,
Voltage-Output,1,0,3,0,,,,,,,,,,
发射极电压,1,0,3,0,,,,,,,,,,
Plating-Thickness,1,0,3,0,,,,,,,,,,
最低温度,1,0,3,0,,,,,,,,,,
RoHS指令,1,0,3,0,,,,,,,,,,
Current-On-State-It-AV-Max,1,0,3,0,,,,,,,,,,
Gain Flatness,1,0,3,0,,,,,,,,,,
Contains SVHC,1,0,3,0,,,,,,,,,,
Package Quantity,1,0,3,0,,,,,,,,,,
Pmot   (10kHz),1,0,3,0,,,,,,,,,,
Type of module,1,0,3,0,,,,,,,,,,
硅芯制造商,1,0,3,0,,,,,,,,,,
电压 - 供电 (Vcc/Vdd),1,0,3,0,,,,,,,,,,
Socket Mounting,1,0,3,0,,,,,,,,,,
Type of device,1,0,3,0,,,,,,,,,,
Maximum Fall Time,1,0,3,0,,,,,,,,,,
Under Plating Material,1,0,3,0,,,,,,,,,,
最大延迟时间,1,0,3,0,,,,,,,,,,
Maximum Current Rating,1,0,3,0,,,,,,,,,,
双向通道,1,0,3,0,,,,,,,,,,
集电极电流IC(Nom.)(A),1,0,3,0,,,,,,,,,,
二极管DIODE正向电压降VF Forward Voltage(Vf),1,0,3,0,,,,,,,,,,
存储器容量,1,0,3,0,,,,,,,,,,
Jacket-Material,1,0,3,0,,,,,,,,,,
第二连接器,1,0,3,0,,,,,,,,,,
Outer Diameter (Max.) / mm,1,0,3,0,,,,,,,,,,
最大DCR次级侧,1,0,3,0,,,,,,,,,,
Isd  (typ)(uA),0,1,0,3,,,,,,,,,,
프로그램메모리유형,1,0,3,0,,,,,,,,,,
DC electricity gain,1,0,3,0,,,,,,,,,,
Conform to the norm,1,0,3,0,,,,,,,,,,
差动增益Diff Gain (%),1,0,3,0,,,,,,,,,,
额定功率 (对流冷却),1,0,3,0,,,,,,,,,,
Impedance Ratio,1,0,3,0,,,,,,,,,,
Maximum output frequency,1,0,3,0,,,,,,,,,,
电压 - 反向断态（典型值）,1,0,3,0,,,,,,,,,,
RMS电压,1,0,3,0,,,,,,,,,,
Vin Min,1,0,3,0,,,,,,,,,,
静态电流(mA),1,0,3,0,,,,,,,,,,
电源线路保护,1,0,3,0,,,,,,,,,,
Voltage - Supply,1,0,3,0,,,,,,,,,,
匝数,1,0,3,0,,,,,,,,,,
Voffset  (typ)(mV),0,1,0,3,,,,,,,,,,
메모리 크기,1,0,3,0,,,,,,,,,,
环境温度,1,0,3,0,,,,,,,,,,
Output Voltage,1,0,3,0,,,,,,,,,,
Fail Short,1,0,3,0,,,,,,,,,,
코어프로세서,1,0,3,0,,,,,,,,,,
연결성,1,0,3,0,,,,,,,,,,
电路/元件数,1,0,3,0,,,,,,,,,,
전압-공급(Vcc-Vdd),1,0,3,0,,,,,,,,,,
带宽-3dB(MHz),1,0,3,0,,,,,,,,,,
访问速度(ns),1,0,3,0,,,,,,,,,,
"Voltage, DC",1,0,3,0,,,,,,,,,,
总体长度,1,0,3,0,,,,,,,,,,
DC voltage measuring range,1,0,3,0,,,,,,,,,,
Moisture Sensitivity level,1,0,3,0,,,,,,,,,,
Body Thickness (Metric) (mm),1,0,3,0,,,,,,,,,,
漏源电压（Vdss）,1,0,3,0,,,,,,,,,,
程序存储容量,1,0,3,0,,,,,,,,,,
致动器水平,1,0,3,0,,,,,,,,,,
集电极电流Ic,1,0,3,0,,,,,,,,,,
Support FPGA,1,0,3,0,,,,,,,,,,
발진기유형,1,0,3,0,,,,,,,,,,
三极管BJT直流电流增益hFE DC Current Gain(hFE),1,0,3,0,,,,,,,,,,
Number-of-Terminations,1,0,3,0,,,,,,,,,,
LVDS/eDP,1,0,3,0,,,,,,,,,,
Ipeak  (typ)(mA),0,1,0,3,,,,,,,,,,
平均整流电流Io  Average Rectified Current,1,0,3,0,,,,,,,,,,
不同 Ipp 时电压 - 箝位（最大值）,1,0,3,0,,,,,,,,,,
PSRR  (typ)(dB),0,1,0,3,,,,,,,,,,
滤波,1,0,3,0,,,,,,,,,,
T(j)max,1,0,3,0,,,,,,,,,,
FLASH(位),1,0,3,0,,,,,,,,,,
喷嘴开口,1,0,3,0,,,,,,,,,,
"Color, Jacket",1,0,3,0,,,,,,,,,,
Weight / g,1,0,3,0,,,,,,,,,,
Wavelength of yellow colour λd,1,0,3,0,,,,,,,,,,
连接性别,1,0,3,0,,,,,,,,,,
Rated power,1,0,3,0,,,,,,,,,,
I/O口数,1,0,3,0,,,,,,,,,,
电容值,1,0,3,0,,,,,,,,,,
Functional operation,1,0,3,0,,,,,,,,,,
Ptot   max,1,0,3,0,,,,,,,,,,
钳口 - 类型,1,0,3,0,,,,,,,,,,
拓扑,1,0,3,0,,,,,,,,,,
毛重,1,0,3,0,,,,,,,,,,
外护套颜色,1,0,3,0,,,,,,,,,,
最大源漏极电压Vds  Drain-Source Voltage,1,0,3,0,,,,,,,,,,
使用于,1,0,3,0,,,,,,,,,,
Voltage Class  max,1,0,3,0,,,,,,,,,,
插入工具源,0,1,0,3,,,,,,,,,,
最小包装数,1,0,3,0,,,,,,,,,,
Current-Hold-Ih-Max,1,0,3,0,,,,,,,,,,
Insulator Colour,1,0,3,0,,,,,,,,,,
Contact Arrangement,1,0,3,0,,,,,,,,,,
Slew  Rate(V/us),0,1,0,3,,,,,,,,,,
Switching Frequency   min   max,1,0,3,0,,,,,,,,,,
Band,1,0,3,0,,,,,,,,,,
噪声 - 0.1Hz 至 10Hz,1,0,3,0,,,,,,,,,,
Voltage Class   max,1,0,3,0,,,,,,,,,,
复位,1,0,3,0,,,,,,,,,,
电介质,1,0,3,0,,,,,,,,,,
存储器接口类型,1,0,3,0,,,,,,,,,,
DC current measuring accuracy,1,0,3,0,,,,,,,,,,
工作温度范围,1,0,3,0,,,,,,,,,,
认证标记,1,0,3,0,,,,,,,,,,
Forward V/Vceo,1,0,3,0,,,,,,,,,,
Outer Diameter (Nom.) / mm,1,0,3,0,,,,,,,,,,
주변기기,1,0,3,0,,,,,,,,,,
静态电容Max,1,0,3,0,,,,,,,,,,
작동온도,1,0,3,0,,,,,,,,,,
피치,1,0,3,0,,,,,,,,,,
静态电容Min,1,0,3,0,,,,,,,,,,
Resistance Value,1,0,3,0,,,,,,,,,,
最低纵向平衡,1,0,3,0,,,,,,,,,,
最大工作温度,1,0,3,0,,,,,,,,,,
Standby Current  (typ)(mA),0,1,0,3,,,,,,,,,,
AC voltage measuring range,1,0,3,0,,,,,,,,,,
AC current measuring accuracy,1,0,3,0,,,,,,,,,,
Configuartion,1,0,3,0,,,,,,,,,,
断路能力 (于最大电压 R),1,0,3,0,,,,,,,,,,
有效磁导率 (µe),1,0,3,0,,,,,,,,,,
Number of Bits,1,0,3,0,,,,,,,,,,
功率 - 峰值脉冲,1,0,3,0,,,,,,,,,,
Lens Color,1,0,3,0,,,,,,,,,,
最大正向电压降VF  Forward Voltage(Vf),1,0,3,0,,,,,,,,,,
Number of Switches,1,0,3,0,,,,,,,,,,
Attenuation-Value,1,0,3,0,,,,,,,,,,
数据转换器,1,0,3,0,,,,,,,,,,
I/O개수,1,0,3,0,,,,,,,,,,
Wire Connection Method,1,0,3,0,,,,,,,,,,
压敏电压,1,0,3,0,,,,,,,,,,
Lamp-Size,1,0,3,0,,,,,,,,,,
Luminosity of yellow colour,1,0,3,0,,,,,,,,,,
Height (Nom.) / mm,1,0,3,0,,,,,,,,,,
内核规格,1,0,3,0,,,,,,,,,,
ICpuls  max,1,0,3,0,,,,,,,,,,
JTAG/ISP,1,0,3,0,,,,,,,,,,
Winding,1,0,3,0,,,,,,,,,,
注,1,0,3,0,,,,,,,,,,
VTT Output Tolerance  (max)(+/- mV),0,1,0,3,,,,,,,,,,
辐射通量,1,0,3,0,,,,,,,,,,
Thickness (Max.) / mm,1,0,3,0,,,,,,,,,,
Maximum Wave Temperature,1,0,3,0,,,,,,,,,,
防护等级,1,0,3,0,,,,,,,,,,
전력 발산,1,0,3,0,,,,,,,,,,
集电极-发射集饱和电压VCE(sat)(Typ.)(V),1,0,3,0,,,,,,,,,,
功率 - 输出,1,0,3,0,,,,,,,,,,
Switching Frequency  min max,1,0,3,0,,,,,,,,,,
V(DS),1,0,3,0,,,,,,,,,,
驱动器,1,0,3,0,,,,,,,,,,
Fibre Optic Connector A,1,0,3,0,,,,,,,,,,
电压 - 击穿（最小值）,1,0,3,0,,,,,,,,,,
三极管BJT集电极-基极反向击穿电压V(BR)CBO Collector-Base Voltage(VCBO),1,0,3,0,,,,,,,,,,
输入数/每元件位数,1,0,3,0,,,,,,,,,,
电阻材料,1,0,3,0,,,,,,,,,,
Insulator material,1,0,3,0,,,,,,,,,,
Vos-Input-Offset-Voltage,1,0,3,0,,,,,,,,,,
IP-Rating,1,0,3,0,,,,,,,,,,
DC current measuring range,1,0,3,0,,,,,,,,,,
USOC-Codes,1,0,3,0,,,,,,,,,,
连接能力,1,0,3,0,,,,,,,,,,
LED-Driver-Channels,1,0,3,0,,,,,,,,,,
跳断范围,1,0,3,0,,,,,,,,,,
Packing,1,0,3,0,,,,,,,,,,
电缆出口,1,0,3,0,,,,,,,,,,
Duplex,1,0,3,0,,,,,,,,,,
位/极数,1,0,3,0,,,,,,,,,,
Sensing-Distance,1,0,3,0,,,,,,,,,,
Proximity-Detection,1,0,3,0,,,,,,,,,,
Output current/channel,1,0,3,0,,,,,,,,,,
Inner Diameter (Max.) / mm,1,0,3,0,,,,,,,,,,
Maximum Gate Source Voltage,1,0,3,0,,,,,,,,,,
致动器标志,1,0,3,0,,,,,,,,,,
宏单元输入/输出,1,0,3,0,,,,,,,,,,
LAN Category,1,0,3,0,,,,,,,,,,
Non Linear Coefficient [1 to 10mA],1,0,3,0,,,,,,,,,,
输入钳位电流,1,0,3,0,,,,,,,,,,
最大擦写次数,1,0,3,0,,,,,,,,,,
Diode-Type,1,0,3,0,,,,,,,,,,
噪声 - 10Hz 至 10Hz,1,0,3,0,,,,,,,,,,
输出数目,1,0,3,0,,,,,,,,,,
Maximum Collector-Emitter Voltage (V),1,0,3,0,,,,,,,,,,
Special feature,1,0,3,0,,,,,,,,,,
按钮颜色,1,0,3,0,,,,,,,,,,
程序存储器类型,1,0,3,0,,,,,,,,,,
Logic level,1,0,3,0,,,,,,,,,,
IF  max,1,0,3,0,,,,,,,,,,
Dose Level,1,0,3,0,,,,,,,,,,
Ingress Protection,1,0,3,0,,,,,,,,,,
Inside Diameter (Metric) (mm),1,0,3,0,,,,,,,,,,
Lead Finish Material,1,0,3,0,,,,,,,,,,
致动器/开关盖颜色,1,0,3,0,,,,,,,,,,
Temperature measurement resolution,1,0,3,0,,,,,,,,,,
순 전압 강하,1,0,3,0,,,,,,,,,,
GBP-Gain-Bandwidth-Product,1,0,3,0,,,,,,,,,,
Temperature Coefficient of Varistor Voltage / (% / °C),1,0,3,0,,,,,,,,,,
Manufacturer Pack Quantity,1,0,3,0,,,,,,,,,,
Timing-Type,1,0,3,0,,,,,,,,,,
Number of Outputs,1,0,3,0,,,,,,,,,,
内部增益(dB),1,0,3,0,,,,,,,,,,
电压 - 阈值,1,0,3,0,,,,,,,,,,
출력 전압-Channel 1,1,0,3,0,,,,,,,,,,
背景色,1,0,3,0,,,,,,,,,,
Convert From,1,0,3,0,,,,,,,,,,
存储器构架(格式),1,0,3,0,,,,,,,,,,
Inner Diameter (Nom.) / mm,1,0,3,0,,,,,,,,,,
Base Material,1,0,3,0,,,,,,,,,,
Maximum DC Current,1,0,3,0,,,,,,,,,,
Backlight,1,0,3,0,,,,,,,,,,
资格,1,0,3,0,,,,,,,,,,
Supply Voltage - Min,1,0,3,0,,,,,,,,,,
感应方式,1,0,3,0,,,,,,,,,,
工作温度Min,1,0,3,0,,,,,,,,,,
AC current measuring range,1,0,3,0,,,,,,,,,,
功率 - 额定值,1,0,3,0,,,,,,,,,,
Maximum Dual Supply Voltage (V),1,0,3,0,,,,,,,,,,
IC   (@ 100°)   max,1,0,3,0,,,,,,,,,,
端接方法,1,0,3,0,,,,,,,,,,
显示颜色,1,0,3,0,,,,,,,,,,
功率耗散（最大值）,1,0,3,0,,,,,,,,,,
三极管BJT截止频率fT Transtion Frequency(fT),1,0,3,0,,,,,,,,,,
Unit of Measure,1,0,3,0,,,,,,,,,,
코어크기,1,0,3,0,,,,,,,,,,
"Voltage, AC",1,0,3,0,,,,,,,,,,
Viewing Angle,1,0,3,0,,,,,,,,,,
CMRR-Common-Mode-Rejection-Ratio,1,0,3,0,,,,,,,,,,
Resistance measuring range,1,0,3,0,,,,,,,,,,
功率耗散Pd,1,0,3,0,,,,,,,,,,
增益Gain AV(Min.)(V),1,0,3,0,,,,,,,,,,
Data Bus Width,1,0,3,0,,,,,,,,,,
输入电压最大值(V),1,0,3,0,,,,,,,,,,
Pitch-Connector,1,0,3,0,,,,,,,,,,
套件类型,1,0,3,0,,,,,,,,,,
DC Coil Voltage,1,0,3,0,,,,,,,,,,
输出电压噪声(uVRMS),1,0,3,0,,,,,,,,,,
Output [50Hz] / var,1,0,3,0,,,,,,,,,,
驱动器安装,1,0,3,0,,,,,,,,,,
Formfactor,1,0,3,0,,,,,,,,,,
Eoff (Hard Switching),1,0,3,0,,,,,,,,,,
硅芯号,1,0,3,0,,,,,,,,,,
IC (@ 25°)  max,1,0,3,0,,,,,,,,,,
二极管DIODE类型 TYPE,1,0,3,0,,,,,,,,,,
三极管BJT集电极-发射极反向击穿电压V(BR)CEO Collector-Emitter Voltage(VCEO),1,0,3,0,,,,,,,,,,
Current-Off-State-Max,1,0,3,0,,,,,,,,,,
Fault Pin,1,0,3,0,,,,,,,,,,
二极管DIODE反向电压VR Reverse Voltage,1,0,3,0,,,,,,,,,,
Insertion Loss,1,0,3,0,,,,,,,,,,
系列号,1,0,3,0,,,,,,,,,,
满幅,1,0,3,0,,,,,,,,,,
Number of LEDs,1,0,3,0,,,,,,,,,,
Maximum Interwinding Capacitance,1,0,3,0,,,,,,,,,,
AC voltage measuring accuracy,1,0,3,0,,,,,,,,,,
Inside-Diameter,1,0,3,0,,,,,,,,,,
Maximum Contact Resistance,1,0,3,0,,,,,,,,,,
Current-Non-Rep#-Surge-50-60Hz-Itsm,1,0,3,0,,,,,,,,,,
最大的初级漏感,1,0,3,0,,,,,,,,,,
"Voltage, Secondary",1,0,3,0,,,,,,,,,,
第一连接器,1,0,3,0,,,,,,,,,,
线规量程,1,0,3,0,,,,,,,,,,
工作电压(Min.)(V),1,0,3,0,,,,,,,,,,
Supply Current - Max,1,0,3,0,,,,,,,,,,
模块大小 - 宽x高x厚,1,0,3,0,,,,,,,,,,
Ribbon-Thickness,1,0,3,0,,,,,,,,,,
受监控电压数,1,0,3,0,,,,,,,,,,
Q(g),1,0,3,0,,,,,,,,,,
Input-Voltage,1,0,3,0,,,,,,,,,,
Pmot   max,1,0,3,0,,,,,,,,,,
线规最小值,1,0,3,0,,,,,,,,,,
Conductor Area CSA,1,0,3,0,,,,,,,,,,
Switch standard,1,0,3,0,,,,,,,,,,
Body Thickness (Imperial) (in),1,0,3,0,,,,,,,,,,
Adjustment Type,1,0,3,0,,,,,,,,,,
Case / Package,1,0,3,0,,,,,,,,,,
CMRR  (typ)(dB),0,1,0,3,,,,,,,,,,
Wire-Gauge-AWG,1,0,3,0,,,,,,,,,,
额定功率 (强制冷却),1,0,3,0,,,,,,,,,,
Ets   (max),1,0,3,0,,,,,,,,,,
铅形状,1,0,3,0,,,,,,,,,,
认证国家/地区,1,0,3,0,,,,,,,,,,
Humidity Range,1,0,3,0,,,,,,,,,,
对角线,1,0,3,0,,,,,,,,,,
耗散功率Pd  Power dissipation,1,0,3,0,,,,,,,,,,
电流Current,1,0,3,0,,,,,,,,,,
Isolation voltage,1,0,3,0,,,,,,,,,,
观察区域 - 宽x高,1,0,3,0,,,,,,,,,,
Coil Voltage,1,0,3,0,,,,,,,,,,
Reference Current / A,1,0,3,0,,,,,,,,,,
I(D)at Tc=25°C,1,0,3,0,,,,,,,,,,
Operation modes,1,0,3,0,,,,,,,,,,
Caution!,1,0,3,0,,,,,,,,,,
电压 - 峰值反向（最大值）,1,0,3,0,,,,,,,,,,
SCR-Type,1,0,3,0,,,,,,,,,,
I/O 数,1,0,3,0,,,,,,,,,,
电流 - 最大值,1,0,3,0,,,,,,,,,,
Output-Current-Channel-1,1,0,3,0,,,,,,,,,,
Kind of calibrator,1,0,3,0,,,,,,,,,,
定位,1,0,3,0,,,,,,,,,,
Exceed Limit,1,0,3,0,,,,,,,,,,
Voltage-Gate-Trigger-Vgt-Max,1,0,3,0,,,,,,,,,,
Current-Supply,1,0,3,0,,,,,,,,,,
Frequency measuring range,1,0,3,0,,,,,,,,,,
Viewing Area,1,0,3,0,,,,,,,,,,
Current-Gate-Trigger-Igt-Max,1,0,3,0,,,,,,,,,,
每片芯片元件数目,1,0,3,0,,,,,,,,,,
RDS(on)at 10V,1,0,3,0,,,,,,,,,,
紧固型,1,0,3,0,,,,,,,,,,
Enclosure material,1,0,3,0,,,,,,,,,,
螺纹规格,1,0,3,0,,,,,,,,,,
If - 正向电流,1,0,3,0,,,,,,,,,,
二极管DIODE正向整流电流Io Rectified Current,1,0,3,0,,,,,,,,,,
集射极击穿电压Vce,1,0,3,0,,,,,,,,,,
带宽@ -3dB(MHz),1,0,3,0,,,,,,,,,,
Display Size (in),1,0,3,0,,,,,,,,,,
输出端数量,1,0,3,0,,,,,,,,,,
LVDS type,1,0,3,0,,,,,,,,,,
Temperature,1,1,1,2,,,,,,,,,,
DC voltage measuring accuracy,1,0,3,0,,,,,,,,,,
Mated-Stacking-Heights,1,0,3,0,,,,,,,,,,
Maximum DC 저항,1,0,3,0,,,,,,,,,,
二极管配置,1,0,3,0,,,,,,,,,,
Impulse Discharge Current (8/20μs),1,0,3,0,,,,,,,,,,
轨对轨输出,1,0,3,0,,,,,,,,,,
Pd-功率耗散,1,0,3,0,,,,,,,,,,
Phase,1,0,3,0,,,,,,,,,,
AVOL  (typ)(dB),0,1,0,3,,,,,,,,,,
"Length, Overall",1,0,3,0,,,,,,,,,,
Ribbon-Width,1,0,3,0,,,,,,,,,,
Conductor-Material,1,0,3,0,,,,,,,,,,
三极管BJT类型 TYPE,1,0,3,0,,,,,,,,,,
Built in Rectifier,1,0,3,0,,,,,,,,,,
Reading Capacity,1,0,3,0,,,,,,,,,,
Response time,1,0,3,0,,,,,,,,,,
Pitch-Cable,1,0,3,0,,,,,,,,,,
三极管BJT集电极连续输出电流IC Collector Current(IC),1,0,3,0,,,,,,,,,,
Product lifetime,1,0,3,0,,,,,,,,,,
气流,1,0,3,0,,,,,,,,,,
RAM크기,1,0,3,0,,,,,,,,,,
单工/双工,1,0,3,0,,,,,,,,,,
尖头 - 形状,1,0,3,0,,,,,,,,,,
Impregnation,1,0,3,0,,,,,,,,,,
矩阵类型,1,0,3,0,,,,,,,,,,
Kind of resistor,1,0,3,0,,,,,,,,,,
内核类型,1,0,3,0,,,,,,,,,,
RAM 大小,1,0,3,0,,,,,,,,,,
轨对轨输入,1,0,3,0,,,,,,,,,,
Built in Bootstrap,1,0,3,0,,,,,,,,,,
Varistor Voltage (Max.) / V,1,0,3,0,,,,,,,,,,
Varistor Voltage (Min.) / V,1,0,3,0,,,,,,,,,,
"Cable, Length",1,0,3,0,,,,,,,,,,
"Cable, Diameter",1,0,3,0,,,,,,,,,,
备份电池切换,1,0,3,0,,,,,,,,,,
"Voltage, Primary",1,0,3,0,,,,,,,,,,
转换速率Slew Rate(V/μs),1,0,3,0,,,,,,,,,,
Outer Diameter (Min.) / mm,1,0,3,0,,,,,,,,,,
差动相位Diff Phase(o),1,0,3,0,,,,,,,,,,
Data-Interface,1,0,3,0,,,,,,,,,,
Terminal shape,1,0,3,0,,,,,,,,,,
Vds  (max)(V),0,1,0,3,,,,,,,,,,
EEPROM 容量,1,0,3,0,,,,,,,,,,
外壳表面,1,0,3,0,,,,,,,,,,
Current-On-State-It-RMS-Max,1,0,3,0,,,,,,,,,,
R1/R2,1,0,2,0,,,,,,,,,,
间距 - 柱,1,0,2,0,,,,,,,,,,
扇区(bit),1,0,2,0,,,,,,,,,,
导体数,1,0,2,0,,,,,,,,,,
Bushing Thread,1,0,2,0,,,,,,,,,,
Material of terminal,1,0,2,0,,,,,,,,,,
Maximum category temperature,1,0,2,0,,,,,,,,,,
Ripple Current,1,0,2,0,,,,,,,,,,
电压阀值,1,0,2,0,,,,,,,,,,
Maximum Drain Source Voltage,1,0,2,0,,,,,,,,,,
Maximum Carry Current,1,0,2,0,,,,,,,,,,
Total-Length-Supplied,1,0,2,0,,,,,,,,,,
Processor Speed (Hz),1,0,2,0,,,,,,,,,,
手动关闭功能,1,0,2,0,,,,,,,,,,
Disconnect-Type,1,0,2,0,,,,,,,,,,
RF Modulation,1,0,2,0,,,,,,,,,,
U(CL),1,0,2,0,,,,,,,,,,
电路配置Circuit,1,0,2,0,,,,,,,,,,
电缆长度 - 公制,1,0,2,0,,,,,,,,,,
"电感因子, Al",1,0,2,0,,,,,,,,,,
参考电压,1,0,2,0,,,,,,,,,,
Reverse Current-Max,1,0,2,0,,,,,,,,,,
Power-Rating,1,0,2,0,,,,,,,,,,
전압-입력,1,0,2,0,,,,,,,,,,
Non-contact temperature measuring accuracy,1,0,2,0,,,,,,,,,,
Processor Type,1,0,2,0,,,,,,,,,,
螺丝头类型,1,0,2,0,,,,,,,,,,
DLA Qualified,1,0,2,0,,,,,,,,,,
Number of Element Inputs,1,0,2,0,,,,,,,,,,
"Operating Temperature, Maximum",1,0,2,0,,,,,,,,,,
发货信息,1,0,2,0,,,,,,,,,,
Adapter Body Style,1,0,2,0,,,,,,,,,,
有效面积 (Ae) mm²,1,0,2,0,,,,,,,,,,
Off Time - Max,1,0,2,0,,,,,,,,,,
온스테이트 저항,1,0,2,0,,,,,,,,,,
Type of core accessories,1,0,2,0,,,,,,,,,,
Fan Type,1,0,2,0,,,,,,,,,,
可输出电流,1,0,2,0,,,,,,,,,,
License-Length,1,0,2,0,,,,,,,,,,
Fsw,0,1,0,2,,,,,,,,,,
叔叔电压,1,0,2,0,,,,,,,,,,
External Diameter,1,0,2,0,,,,,,,,,,
CAD 绘图,1,0,2,0,,,,,,,,,,
특징,1,0,2,0,,,,,,,,,,
筛选等级,1,0,2,0,,,,,,,,,,
Certification,1,0,2,0,,,,,,,,,,
输出信号类型,1,0,2,0,,,,,,,,,,
Maximum Continuous Forward Current,1,0,2,0,,,,,,,,,,
Port Types,1,0,2,0,,,,,,,,,,
DPS Range/Step,1,0,2,0,,,,,,,,,,
Reverse Voltage-Max [Vrrm],1,0,2,0,,,,,,,,,,
上升/下降时间（典型值）,1,0,2,0,,,,,,,,,,
数据传输速率,1,0,2,0,,,,,,,,,,
每插孔芯数,1,0,2,0,,,,,,,,,,
电流 - 供电（禁用）（最大值）,1,0,2,0,,,,,,,,,,
Maximum Gate Emitter Voltage (V),1,0,2,0,,,,,,,,,,
反向电压VR  Reverse Voltage,1,0,2,0,,,,,,,,,,
Amplitude Balance,1,0,2,0,,,,,,,,,,
Load Side Connections Per Pole,1,0,2,0,,,,,,,,,,
Fan connector,1,0,2,0,,,,,,,,,,
Maximum Continuous Collector Current (A),1,0,2,0,,,,,,,,,,
脉冲输出,1,0,2,0,,,,,,,,,,
范围,1,0,2,0,,,,,,,,,,
T-compensated,1,0,2,0,,,,,,,,,,
Maximum Quiescent Current,1,0,2,0,,,,,,,,,,
弯曲半径,1,0,2,0,,,,,,,,,,
Protocol,1,0,2,0,,,,,,,,,,
Logic Function,1,0,2,0,,,,,,,,,,
Schedule B,1,0,2,0,,,,,,,,,,
传感器端子,1,0,2,0,,,,,,,,,,
第 2 连接器,1,0,2,0,,,,,,,,,,
Slew Rate,1,0,2,0,,,,,,,,,,
Number  of  Series  Cells,0,1,0,2,,,,,,,,,,
Height (Max),1,0,2,0,,,,,,,,,,
Wavelength-Color-Temperature,1,0,2,0,,,,,,,,,,
内核尺寸,1,0,2,0,,,,,,,,,,
典型输出电压(VPP),1,0,2,0,,,,,,,,,,
电流 - 通态 (It (RMS))（最大值）,1,0,2,0,,,,,,,,,,
Core type,1,0,2,0,,,,,,,,,,
Lens-Shape,1,0,2,0,,,,,,,,,,
参考输入电流,1,0,2,0,,,,,,,,,,
Kind of cable,1,0,2,0,,,,,,,,,,
取向,1,0,2,0,,,,,,,,,,
最大二极管电容CT(Max.)(pF),1,0,2,0,,,,,,,,,,
Large-Diameter-Supplied,1,0,2,0,,,,,,,,,,
Z(100kHz/20°C),1,0,2,0,,,,,,,,,,
"Voltage, Surge",1,0,2,0,,,,,,,,,,
Fuse-Holder-Drawer,1,0,2,0,,,,,,,,,,
Typical DC Sparkover Voltage@100V/s,1,0,2,0,,,,,,,,,,
外部深度,1,0,2,0,,,,,,,,,,
Maximum Frequency (MHz),1,0,2,0,,,,,,,,,,
Dimming  Control,0,1,0,2,,,,,,,,,,
Duct-External-Width,1,0,2,0,,,,,,,,,,
Sensing-Method,1,0,2,0,,,,,,,,,,
FET 类型,1,0,2,0,,,,,,,,,,
封装/温度,1,0,2,0,,,,,,,,,,
Contact Mating Area Plating,1,0,2,0,,,,,,,,,,
最小磁心横截面 (Amin) mm²,1,0,2,0,,,,,,,,,,
Network Speeds,1,0,2,0,,,,,,,,,,
圈数Number of Turns,1,0,2,0,,,,,,,,,,
NTC-Thermistor,1,0,2,0,,,,,,,,,,
头部高度,1,0,2,0,,,,,,,,,,
控制侧电缆定位器,1,0,2,0,,,,,,,,,,
Panel Cutout Dimensions,1,0,2,0,,,,,,,,,,
阴极阳极反向击穿,1,0,2,0,,,,,,,,,,
等值串联电阻值,1,0,2,0,,,,,,,,,,
转折触发电压,1,0,2,0,,,,,,,,,,
공급 전류,1,0,2,0,,,,,,,,,,
胶带宽度 - 英制,1,0,2,0,,,,,,,,,,
Ethernet Switch Type,1,0,2,0,,,,,,,,,,
外部高度 -英制,1,0,2,0,,,,,,,,,,
电容(μF),1,0,2,0,,,,,,,,,,
Test Connector Type B,1,0,2,0,,,,,,,,,,
Line Side Connections Per Pole,1,0,2,0,,,,,,,,,,
反向恢复时间（trr）,1,0,2,0,,,,,,,,,,
输出电压VOUT(V),1,0,2,0,,,,,,,,,,
绝对牵引范围 (APR),1,0,2,0,,,,,,,,,,
"Current, Surge",1,0,2,0,,,,,,,,,,
高/低边,1,0,2,0,,,,,,,,,,
Container  | Qty.,1,0,2,0,,,,,,,,,,
Maximum Voltage Rating,1,0,2,0,,,,,,,,,,
Terminal-Width,1,0,2,0,,,,,,,,,,
中心触头表面处理,1,0,2,0,,,,,,,,,,
IQ (typ),1,0,2,0,,,,,,,,,,
Input IP3,1,0,2,0,,,,,,,,,,
Operating Magnetic Force Min,1,0,2,0,,,,,,,,,,
장착,1,0,2,0,,,,,,,,,,
"Frequency, Oscillator",1,0,2,0,,,,,,,,,,
页写/扇区擦除周期(ms),1,0,2,0,,,,,,,,,,
寿命时间,1,0,2,0,,,,,,,,,,
不同 Vgs 时栅极电荷 (Qg)（最大值）,1,0,2,0,,,,,,,,,,
Resistance measuring accuracy,1,0,2,0,,,,,,,,,,
不同电压时额定接触电流,1,0,2,0,,,,,,,,,,
Number of Bits/Stages,1,0,2,0,,,,,,,,,,
Fast bodydiode,1,0,2,0,,,,,,,,,,
核心材质级别,1,0,2,0,,,,,,,,,,
"Dimensions, Overall",1,0,2,0,,,,,,,,,,
25°C 时电流 - 连续漏极 (Id),1,0,2,0,,,,,,,,,,
부품 현황,1,0,2,0,,,,,,,,,,
扁平柔性类型,1,0,2,0,,,,,,,,,,
Storage Drive Form Factor,1,0,2,0,,,,,,,,,,
Operating Frequency (Hz),1,0,2,0,,,,,,,,,,
电压 - 负载,1,0,2,0,,,,,,,,,,
"Voltage, Operating",1,0,2,0,,,,,,,,,,
不同 Id 时 Vgs(th)（最大值）,1,0,2,0,,,,,,,,,,
H dimension,1,0,2,0,,,,,,,,,,
Actuator colour,1,0,2,0,,,,,,,,,,
License-User-Details,1,0,2,0,,,,,,,,,,
等效军用规范,1,0,2,0,,,,,,,,,,
Large-Diameter-Recovered,1,0,2,0,,,,,,,,,,
最高效率,1,0,2,0,,,,,,,,,,
套件应用类型,1,0,2,0,,,,,,,,,,
Input-Capacitance-Cies-Vce,1,0,2,0,,,,,,,,,,
Minimum category temperature,1,0,2,0,,,,,,,,,,
"Diameter, Insulation",1,0,2,0,,,,,,,,,,
IGBT-Type,1,0,2,0,,,,,,,,,,
不同 V、最大 CL 时最大传播延迟,1,0,2,0,,,,,,,,,,
SW  Freq  (typ)(kHz),0,1,0,2,,,,,,,,,,
线路侧连接类型,1,0,2,0,,,,,,,,,,
Open Frame/Enclosed,1,0,2,0,,,,,,,,,,
同步整流与否,1,0,2,0,,,,,,,,,,
Lens Transparency,1,0,2,0,,,,,,,,,,
Voltage Rating V DC,1,0,2,0,,,,,,,,,,
Fuse characteristics,1,0,2,0,,,,,,,,,,
Product Depth (Imperial - Decimal) (in),1,0,2,0,,,,,,,,,,
Continuity test,1,0,2,0,,,,,,,,,,
Maximum Supply Current,1,0,2,0,,,,,,,,,,
FET 功能,1,0,2,0,,,,,,,,,,
출력 전압,1,0,2,0,,,,,,,,,,
器件总功耗,1,0,2,0,,,,,,,,,,
Respirator Type,1,0,2,0,,,,,,,,,,
集电极 - 发射极电压,1,0,2,0,,,,,,,,,,
Vgs-th-Gate-Source-Threshold-Voltage,1,0,2,0,,,,,,,,,,
Coil Voltage DC Max,1,0,2,0,,,,,,,,,,
Ethernet Switch Mounting,1,0,2,0,,,,,,,,,,
Current - Gate Trigger (Igt) (Max),1,0,2,0,,,,,,,,,,
Door Type,1,0,2,0,,,,,,,,,,
Manufacturer Package,1,0,2,0,,,,,,,,,,
Sensor Mounting,1,0,2,0,,,,,,,,,,
工作峰值反向电压,1,0,2,0,,,,,,,,,,
Ib - 输入偏流,1,0,2,0,,,,,,,,,,
Relay Mounting,1,0,2,0,,,,,,,,,,
Processor Family,1,0,2,0,,,,,,,,,,
匝数比 - 初级:次级,1,0,2,0,,,,,,,,,,
Locknut Plating,1,0,2,0,,,,,,,,,,
圆形触芯类型,1,0,2,0,,,,,,,,,,
颜色 - 连接器,1,0,2,0,,,,,,,,,,
Maximum Dual Supply Voltage,1,0,2,0,,,,,,,,,,
P0.1 dB,1,0,2,0,,,,,,,,,,
Ripple current,1,0,2,0,,,,,,,,,,
Core diameter,1,0,2,0,,,,,,,,,,
集电极电压,1,0,2,0,,,,,,,,,,
Operating Temperature - Junction,1,0,2,0,,,,,,,,,,
Test Connector Type A,1,0,2,0,,,,,,,,,,
RDS-on,1,0,2,0,,,,,,,,,,
编码，键控,1,0,2,0,,,,,,,,,,
Type of fuse,1,0,2,0,,,,,,,,,,
Stable positions number,1,0,2,0,,,,,,,,,,
Analog-Digital,1,0,2,0,,,,,,,,,,
开启电压Vgs（th）  Gate-Source Threshold Voltage,1,0,2,0,,,,,,,,,,
共模抑制比CMRR(dB),1,0,2,0,,,,,,,,,,
No. of Batteries,1,0,2,0,,,,,,,,,,
Operation mode,1,0,2,0,,,,,,,,,,
Tone Mode,1,0,2,0,,,,,,,,,,
Q (Min.),1,0,2,0,,,,,,,,,,
"Shell Size, MIL",1,0,2,0,,,,,,,,,,
Logic-Supply-Current-Output,1,0,2,0,,,,,,,,,,
驱动电压（最大 Rds On，最小 Rds On）,1,0,2,0,,,,,,,,,,
X1 dimension,1,0,2,0,,,,,,,,,,
Jacket-Insulation-Diameter,1,0,2,0,,,,,,,,,,
실장타입,1,0,2,0,,,,,,,,,,
电源电压Voltage Supply Source,1,0,2,0,,,,,,,,,,
装置核芯,1,0,2,0,,,,,,,,,,
Integrated circuit type,1,0,2,0,,,,,,,,,,
U(DC),1,0,2,0,,,,,,,,,,
磁心因数 (ΣI/A) mm1,1,0,2,0,,,,,,,,,,
Supply Voltage Range DC,1,0,2,0,,,,,,,,,,
Kit-Type,1,0,2,0,,,,,,,,,,
有效长度 (le) mm,1,0,2,0,,,,,,,,,,
Mating Cycles,1,0,2,0,,,,,,,,,,
Peak Surge on-state current (Max),1,0,2,0,,,,,,,,,,
Number of Ethernet Ports,1,0,2,0,,,,,,,,,,
控制方式,1,0,2,0,,,,,,,,,,
IOUT Single (A),1,0,2,0,,,,,,,,,,
Fuse Type,1,0,2,0,,,,,,,,,,
"Material, Shell",1,0,2,0,,,,,,,,,,
每路连续输出电流(A),1,0,2,0,,,,,,,,,,
Breaking Capacity,1,0,2,0,,,,,,,,,,
Insulation colour,1,0,2,0,,,,,,,,,,
正向电压(VF)Forward Voltage(Vf),1,0,2,0,,,,,,,,,,
Amplified,1,0,2,0,,,,,,,,,,
U(RRM),1,0,2,0,,,,,,,,,,
最大待机电流(μA),1,0,2,0,,,,,,,,,,
On Time - Max,1,0,2,0,,,,,,,,,,
Maximum Capacitance@1MHz,1,0,2,0,,,,,,,,,,
包装高度,1,0,2,0,,,,,,,,,,
温度系数(介质),1,0,2,0,,,,,,,,,,
Contact Rating,1,0,2,0,,,,,,,,,,
可调输出和转换频率,1,0,2,0,,,,,,,,,,
"有效截面积, Ae",1,0,2,0,,,,,,,,,,
Relay Terminals,1,0,2,0,,,,,,,,,,
Shell Type,1,0,2,0,,,,,,,,,,
Terminal pitch,1,0,2,0,,,,,,,,,,
Resolution (°C),1,0,2,0,,,,,,,,,,
最大反向漏电流IR  Reverse Current,1,0,2,0,,,,,,,,,,
存储器组织,1,0,2,0,,,,,,,,,,
Operating Voltage,1,0,2,0,,,,,,,,,,
Minimum Single Supply Voltage (V),1,0,2,0,,,,,,,,,,
输出功率最大值,1,0,2,0,,,,,,,,,,
长度 - 头部下方的螺纹部分,1,0,2,0,,,,,,,,,,
最低CMRR,1,0,2,0,,,,,,,,,,
Switch Lens Colour,1,0,2,0,,,,,,,,,,
页(byte),1,0,2,0,,,,,,,,,,
Peak Repeat Off Current,1,0,2,0,,,,,,,,,,
Reset  Delay  Time  (typ)(ms),0,1,0,2,,,,,,,,,,
Fuse material,1,0,2,0,,,,,,,,,,
胶带宽度 - 公制,1,0,2,0,,,,,,,,,,
패널 컷아웃 지름,1,0,2,0,,,,,,,,,,
Maximum-Input-Frequency,1,0,2,0,,,,,,,,,,
No. of Outputs,1,0,2,0,,,,,,,,,,
有效面积Active Area,1,0,2,0,,,,,,,,,,
U(F),1,0,2,0,,,,,,,,,,
DLA Drawing,1,0,2,0,,,,,,,,,,
Logic-Supply-Voltage-Output,1,0,2,0,,,,,,,,,,
Active Area (mm),1,0,2,0,,,,,,,,,,
Humidity measuring accuracy,1,0,2,0,,,,,,,,,,
管道材料,1,0,2,0,,,,,,,,,,
电源类型,1,0,2,0,,,,,,,,,,
Breaking Capacity Current DC,1,0,2,0,,,,,,,,,,
服务类别,1,0,2,0,,,,,,,,,,
状态/出错报告,1,0,2,0,,,,,,,,,,
Cell size,1,0,2,0,,,,,,,,,,
元件数Number of Elements,1,0,2,0,,,,,,,,,,
Number of all positions,1,0,2,0,,,,,,,,,,
Lens Type,1,0,2,0,,,,,,,,,,
光纤直径,1,0,2,0,,,,,,,,,,
响应时间Response Time,1,0,2,0,,,,,,,,,,
电缆端类型,1,0,2,0,,,,,,,,,,
Voltage - Gate Trigger (Vgt) (Max),1,0,2,0,,,,,,,,,,
Button shape,1,0,2,0,,,,,,,,,,
跳断状态,1,0,2,0,,,,,,,,,,
BIOS,1,0,2,0,,,,,,,,,,
부시 크기,1,0,2,0,,,,,,,,,,
Minimum Dual Supply Voltage,1,0,2,0,,,,,,,,,,
Container  | Type,1,0,2,0,,,,,,,,,,
Body Color,1,0,2,0,,,,,,,,,,
-3db Bandwidth,1,0,2,0,,,,,,,,,,
输入失调电压Vio(Max.)(mV),1,0,2,0,,,,,,,,,,
材料 - 基体,1,0,2,0,,,,,,,,,,
Calibrated,1,0,2,0,,,,,,,,,,
Current - Input Bias,1,0,2,0,,,,,,,,,,
A/D,1,0,2,0,,,,,,,,,,
Product Height (Imperial - Decimal) (in),1,0,2,0,,,,,,,,,,
Switched current,1,0,2,0,,,,,,,,,,
Isolation Typ.,1,0,2,0,,,,,,,,,,
Input-Type,1,0,2,0,,,,,,,,,,
색상 - 액추에이터/캡,1,0,2,0,,,,,,,,,,
Output Voltage Single (V),1,0,2,0,,,,,,,,,,
端口位置,1,0,2,0,,,,,,,,,,
Ethernet Switch Application,1,0,2,0,,,,,,,,,,
Values,1,0,2,0,,,,,,,,,,
Input Voltage Type,1,0,2,0,,,,,,,,,,
종단 유형,1,0,2,0,,,,,,,,,,
输入类型Input Type,1,0,2,0,,,,,,,,,,
电流传输比（最大值）,1,0,2,0,,,,,,,,,,
Luminous-Intensity,1,0,2,0,,,,,,,,,,
액추에이터 유형,1,0,2,0,,,,,,,,,,
B25/75,1,0,2,0,,,,,,,,,,
Adhesive,1,0,2,0,,,,,,,,,,
Number-of-A-D-Converters,1,0,2,0,,,,,,,,,,
Overload Adjustment Current Max,1,0,2,0,,,,,,,,,,
最大正向压降VF  Forward Voltage(Vf),1,0,2,0,,,,,,,,,,
Lead Free Solder Processes,1,0,2,0,,,,,,,,,,
Lamp-Base-Type,1,0,2,0,,,,,,,,,,
Amplifier-Type,1,0,2,0,,,,,,,,,,
Voltage - Off State,1,0,2,0,,,,,,,,,,
外部宽度 -英制,1,0,2,0,,,,,,,,,,
Safety Category,1,0,2,0,,,,,,,,,,
Operating Vibration,1,0,2,0,,,,,,,,,,
显示器类型,1,0,2,0,,,,,,,,,,
Automotive Qualification Standard,1,0,2,0,,,,,,,,,,
Contact Current,1,0,2,0,,,,,,,,,,
模块内存,1,0,2,0,,,,,,,,,,
数据率(Kbps),1,0,2,0,,,,,,,,,,
Luminosity of white colour,1,0,2,0,,,,,,,,,,
Description/기능,1,0,2,0,,,,,,,,,,
包装长度,1,0,2,0,,,,,,,,,,
Pack Quantity,1,0,2,0,,,,,,,,,,
反向浪涌电压Vrrm,1,0,2,0,,,,,,,,,,
Average Rectified Current-Max,1,0,2,0,,,,,,,,,,
Current-DC-Forward-If-Max,1,0,2,0,,,,,,,,,,
波长Wavelength,1,0,2,0,,,,,,,,,,
瞬间前向电压VF(Typ.)(V)@IF,1,0,2,0,,,,,,,,,,
功能类型,1,0,2,0,,,,,,,,,,
工作电流(mA),1,0,2,0,,,,,,,,,,
Contact Style,1,0,2,0,,,,,,,,,,
Packing Type,1,0,2,0,,,,,,,,,,
Contact Termination,1,0,2,0,,,,,,,,,,
插入装置,1,0,2,0,,,,,,,,,,
On Resistance - Max,1,0,2,0,,,,,,,,,,
工作电压范围,1,0,2,0,,,,,,,,,,
Coil Voltage AC Max,1,0,2,0,,,,,,,,,,
회로,1,0,2,0,,,,,,,,,,
Actuator Material/Style,1,0,2,0,,,,,,,,,,
第 1 连接器,1,0,2,0,,,,,,,,,,
正向电流(IF)ForwArd Current(If),1,0,2,0,,,,,,,,,,
Fuse,1,0,2,0,,,,,,,,,,
Number of Element Outputs,1,0,2,0,,,,,,,,,,
Tool Type,1,0,2,0,,,,,,,,,,
频谱范围Spectral Range,1,0,2,0,,,,,,,,,,
Thickness-Overall,1,0,2,0,,,,,,,,,,
包装宽度,1,0,2,0,,,,,,,,,,
U(AC),1,0,2,0,,,,,,,,,,
密封材料,1,0,2,0,,,,,,,,,,
Supplied Contents,1,0,2,0,,,,,,,,,,
Non-contact temperature measuring range,1,0,2,0,,,,,,,,,,
Accuracy(±%),0,1,0,2,,,,,,,,,,
Total Max. Power w/2.0.1 All Ports,1,0,2,0,,,,,,,,,,
Minimum-Input-Frequency,1,0,2,0,,,,,,,,,,
功耗(mA)@1%工作周期,1,0,2,0,,,,,,,,,,
EOL Date,1,0,2,0,,,,,,,,,,
触头材料 - 配接,1,0,2,0,,,,,,,,,,
连接器/触头类型,1,0,2,0,,,,,,,,,,
Operating Systems,1,0,2,0,,,,,,,,,,
Cable kit,1,0,2,0,,,,,,,,,,
Impedance (Ohm),1,0,2,0,,,,,,,,,,
进线数,1,0,2,0,,,,,,,,,,
Reset  Time-out  Period  (typ)(ms),0,1,0,2,,,,,,,,,,
"Resistance, DC",1,0,2,0,,,,,,,,,,
R2R,1,0,2,0,,,,,,,,,,
Cable length with temperature probe,1,0,2,0,,,,,,,,,,
Sensing Method,1,0,2,0,,,,,,,,,,
Iout  (max)/channel(mA),0,1,0,2,,,,,,,,,,
Audio I/O,1,0,2,0,,,,,,,,,,
Dual Supply Voltage,1,0,2,0,,,,,,,,,,
Cutoff frequency,1,0,2,0,,,,,,,,,,
Fabrication Technology,1,0,2,0,,,,,,,,,,
Average on-state current,1,0,2,0,,,,,,,,,,
Rack U Height,1,0,2,0,,,,,,,,,,
低静态工作电流,1,0,2,0,,,,,,,,,,
Lockout Device Type,1,0,2,0,,,,,,,,,,
触芯涂层,1,0,2,0,,,,,,,,,,
Kind of integrated circuit,1,0,2,0,,,,,,,,,,
Off state voltage max.,1,0,2,0,,,,,,,,,,
Sensors features,1,0,2,0,,,,,,,,,,
Vgs-栅源极击穿电压,1,0,2,0,,,,,,,,,,
电源电压抑制比,1,0,2,0,,,,,,,,,,
输入工作电压范围(V),1,0,2,0,,,,,,,,,,
输出设备,1,0,2,0,,,,,,,,,,
透镜形状,1,0,2,0,,,,,,,,,,
二极管类型Diode Type,1,0,2,0,,,,,,,,,,
阴极工作电流,1,0,2,0,,,,,,,,,,
Coil Resistance,1,0,2,0,,,,,,,,,,
敏感度(dBm)@1%PER,1,0,2,0,,,,,,,,,,
Type of rechargeable battery,1,0,2,0,,,,,,,,,,
Optimisation,1,0,2,0,,,,,,,,,,
外壳材料，镀层,1,0,2,0,,,,,,,,,,
Dispensing Method,1,0,2,0,,,,,,,,,,
Character Count x Line,1,0,2,0,,,,,,,,,,
有效磁路长度,1,0,2,0,,,,,,,,,,
电容-uF,1,0,2,0,,,,,,,,,,
Number of Elements per Chip,1,0,2,0,,,,,,,,,,
颜色 - 电缆,1,0,2,0,,,,,,,,,,
Input Voltage Min (V),1,0,2,0,,,,,,,,,,
信噪比,1,0,2,0,,,,,,,,,,
25°C时欧姆阻值,1,0,2,0,,,,,,,,,,
DSA Range/Step,1,0,2,0,,,,,,,,,,
磁带长度 - 公制,1,0,2,0,,,,,,,,,,
Supply  Voltage  (min)(V),0,1,0,2,,,,,,,,,,
Load Side Wire Size Max,1,0,2,0,,,,,,,,,,
Height-Max,1,0,2,0,,,,,,,,,,
Jacket Colour,1,0,2,0,,,,,,,,,,
输出电流典型值(A),1,0,2,0,,,,,,,,,,
不同负载时的最大输出功率 x 通道数,1,0,2,0,,,,,,,,,,
每个元件位数,1,0,2,0,,,,,,,,,,
Processor-Series,1,0,2,0,,,,,,,,,,
System Memory Number of Socket Pins,1,0,2,0,,,,,,,,,,
工作电流典型值(μA)A),1,0,2,0,,,,,,,,,,
开关工作频率,1,0,2,0,,,,,,,,,,
Contact 大小,1,0,2,0,,,,,,,,,,
基本谐振器,1,0,2,0,,,,,,,,,,
Voltage-Peak-Reverse-Max,1,0,2,0,,,,,,,,,,
Max.current,1,0,2,0,,,,,,,,,,
护套颜色,1,0,2,0,,,,,,,,,,
Supply  Voltage  (max)(V),0,1,0,2,,,,,,,,,,
Approvals &amp; Standards,1,0,2,0,,,,,,,,,,
LCD Size,1,0,2,0,,,,,,,,,,
Current - Average Rectified (Io),1,0,2,0,,,,,,,,,,
Mounting Hole Dia,1,0,2,0,,,,,,,,,,
长度-引线,1,0,2,0,,,,,,,,,,
最大耗散功率Pd  Power dissipation,1,0,2,0,,,,,,,,,,
Qrr,1,0,2,0,,,,,,,,,,
Propagation Delay Test Condition,1,0,2,0,,,,,,,,,,
外壳尺寸，连接器布局,1,0,2,0,,,,,,,,,,
Minimum operating temperature,1,0,2,0,,,,,,,,,,
应用系统子类型,1,0,2,0,,,,,,,,,,
Termination Type,1,0,2,0,,,,,,,,,,
Package type,1,0,2,0,,,,,,,,,,
Volume,1,0,2,0,,,,,,,,,,
电源拓扑结构,1,0,2,0,,,,,,,,,,
Current-Collector-Cutoff-Max,1,0,2,0,,,,,,,,,,
静态工作电流,1,0,2,0,,,,,,,,,,
开关速度,1,0,2,0,,,,,,,,,,
Cassis height,1,0,2,0,,,,,,,,,,
온도 계수,1,0,2,0,,,,,,,,,,
静态电流Iq(mA),1,0,2,0,,,,,,,,,,
No. of Inputs,1,0,2,0,,,,,,,,,,
Number  of  LEDs  (max)(pcs),0,1,0,2,,,,,,,,,,
电压范围,1,0,2,0,,,,,,,,,,
元件数,1,0,2,0,,,,,,,,,,
동작온도,1,0,2,0,,,,,,,,,,
防振,1,0,2,0,,,,,,,,,,
致动器颜色,1,0,2,0,,,,,,,,,,
Communication  Interface,0,1,0,2,,,,,,,,,,
Voltage - Input Offset,1,0,2,0,,,,,,,,,,
Line Side Wire Size Max,1,0,2,0,,,,,,,,,,
Voltage - Forward (Vf) (Typ),1,0,2,0,,,,,,,,,,
VTH  (max)(V),0,1,0,2,,,,,,,,,,
Touchscreen,1,0,2,0,,,,,,,,,,
Switch 기능,1,0,2,0,,,,,,,,,,
视角Viewing Angle,1,0,2,0,,,,,,,,,,
PATA ports,1,0,2,0,,,,,,,,,,
Family Part Number,1,0,2,0,,,,,,,,,,
GPIO,1,0,2,0,,,,,,,,,,
Small-Diameter-Recovered,1,0,2,0,,,,,,,,,,
峰值输出电流,1,0,2,0,,,,,,,,,,
Polarization Type,1,0,2,0,,,,,,,,,,
Commercial-Medical,1,0,2,0,,,,,,,,,,
频段(GHz),1,0,2,0,,,,,,,,,,
输出端结构,1,0,2,0,,,,,,,,,,
Optical resolution,1,0,2,0,,,,,,,,,,
Voltage-Supply-Analog,1,0,2,0,,,,,,,,,,
Positions-Per-Level,1,0,2,0,,,,,,,,,,
Total Output Power (W),1,0,2,0,,,,,,,,,,
Position determination accuracy,1,0,2,0,,,,,,,,,,
电缆长度 - 英制,1,0,2,0,,,,,,,,,,
最大工作电源电压,1,0,2,0,,,,,,,,,,
不同 Vds 时输入电容 (Ciss)（最大值）,1,0,2,0,,,,,,,,,,
B25/85,1,0,2,0,,,,,,,,,,
Lead Length,1,0,2,0,,,,,,,,,,
电流传输比（最小值）,1,0,2,0,,,,,,,,,,
Lock Material,1,0,2,0,,,,,,,,,,
No. of Fibers,1,0,2,0,,,,,,,,,,
最低串音,1,0,2,0,,,,,,,,,,
Operating Supply Voltage (Min),1,0,2,0,,,,,,,,,,
Large-Recovered-Length,1,0,2,0,,,,,,,,,,
Luminousity of red colour,1,0,2,0,,,,,,,,,,
Luminousity of blue colour,1,0,2,0,,,,,,,,,,
Maximum Switching Current,1,0,2,0,,,,,,,,,,
最大钳口尺寸,1,0,2,0,,,,,,,,,,
头部直径,1,0,2,0,,,,,,,,,,
Ethernet Speed,1,0,2,0,,,,,,,,,,
Cooling solutio,1,0,2,0,,,,,,,,,,
电容-nF,1,0,2,0,,,,,,,,,,
Photo curr.max.,1,0,2,0,,,,,,,,,,
涂层,1,0,2,0,,,,,,,,,,
电流 - 阴极,1,0,2,0,,,,,,,,,,
Load Side Connection Method,1,0,2,0,,,,,,,,,,
峰值波长λp(nm)Peak Wavelength,1,0,2,0,,,,,,,,,,
Tab-Thickness,1,0,2,0,,,,,,,,,,
Small-Diameter-Supplied,1,0,2,0,,,,,,,,,,
X2 dimension,1,0,2,0,,,,,,,,,,
中心频率标称（fo）,0,1,0,2,,,,,,,,,,
Mounting hole diameter,1,0,2,0,,,,,,,,,,
端接柱长度,1,0,2,0,,,,,,,,,,
稳定输出,1,0,2,0,,,,,,,,,,
Number-of-Ports,1,0,2,0,,,,,,,,,,
전기적 수명,1,0,2,0,,,,,,,,,,
锁定位置,1,0,2,0,,,,,,,,,,
Fiber Type,1,0,2,0,,,,,,,,,,
With Switch,1,0,2,0,,,,,,,,,,
Maximum Propagation Delay Time @ Maximum CL,1,0,2,0,,,,,,,,,,
Panel-Thickness,1,0,2,0,,,,,,,,,,
Shield-Type,1,0,2,0,,,,,,,,,,
Diode Type,1,0,2,0,,,,,,,,,,
Voltage - DC Reverse (Vr) (Max),1,0,2,0,,,,,,,,,,
Voltage-Supply-Digital,1,0,2,0,,,,,,,,,,
Vce 饱和压降（最大）,1,0,2,0,,,,,,,,,,
外部宽度- 公制,1,0,2,0,,,,,,,,,,
监控芯片类型,1,0,2,0,,,,,,,,,,
输出电压（最大值）,1,0,2,0,,,,,,,,,,
Small-Recovered-Length,1,0,2,0,,,,,,,,,,
Number-of-Levels,1,0,2,0,,,,,,,,,,
标准包装名称,1,0,2,0,,,,,,,,,,
输出电流(A),1,0,2,0,,,,,,,,,,
初始磁导率 (µi),1,0,2,0,,,,,,,,,,
ESD保护(KV),1,0,2,0,,,,,,,,,,
Typical Efficiency (%),1,0,2,0,,,,,,,,,,
Current-Collector-Ic-Max,1,0,2,0,,,,,,,,,,
套件内容,1,0,2,0,,,,,,,,,,
外部高度- 公制,1,0,2,0,,,,,,,,,,
额定齐纳电压  Zener Voltage   （最大）,1,0,2,0,,,,,,,,,,
Transistor Type,1,0,2,0,,,,,,,,,,
电压 - DC 反向 (Vr)（最大值）Voltage - DC Reverse (Vr) (Max),1,0,2,0,,,,,,,,,,
P(max),1,0,2,0,,,,,,,,,,
Cable application,1,0,2,0,,,,,,,,,,
Operating Supply Voltage (Typ),1,0,2,0,,,,,,,,,,
Insert-Contact-Gender,1,0,2,0,,,,,,,,,,
光电阻,0,1,0,2,,,,,,,,,,
转换率,1,0,2,0,,,,,,,,,,
Kind of fuse,1,0,2,0,,,,,,,,,,
Backlight Type,1,0,2,0,,,,,,,,,,
APR,1,0,2,0,,,,,,,,,,
Min. colour rendering index,1,0,2,0,,,,,,,,,,
System Memory Socket Type,1,0,2,0,,,,,,,,,,
Wires,1,0,2,0,,,,,,,,,,
误差,1,0,2,0,,,,,,,,,,
自动关闭功能,1,0,2,0,,,,,,,,,,
Convert To Coax Type,1,0,2,0,,,,,,,,,,
Supply Type,1,0,2,0,,,,,,,,,,
출력 개수,1,0,2,0,,,,,,,,,,
Reset  Active  Type,0,1,0,2,,,,,,,,,,
DPS Bits,1,0,2,0,,,,,,,,,,
入口保护,1,0,2,0,,,,,,,,,,
光纤连接器类型,1,0,2,0,,,,,,,,,,
Switch-Features,1,0,2,0,,,,,,,,,,
Minimum Frequency (MHz),1,0,2,0,,,,,,,,,,
Connector 型,1,0,2,0,,,,,,,,,,
전기 용량,1,0,2,0,,,,,,,,,,
Varistor Voltage,1,0,2,0,,,,,,,,,,
瞬间前向电压VF(Max.)(V)@IF,1,0,2,0,,,,,,,,,,
输出电压的路数,1,0,2,0,,,,,,,,,,
IP密封等级,1,0,2,0,,,,,,,,,,
输出电压（最小值/固定）,1,0,2,0,,,,,,,,,,
Voltage - Forward (Vf) (Max) @ If,1,0,2,0,,,,,,,,,,
VTH  (min)(V),0,1,0,2,,,,,,,,,,
Adjustment,1,0,2,0,,,,,,,,,,
I²t,1,0,2,0,,,,,,,,,,
二极管电容CT(Typ.)(pF),1,0,2,0,,,,,,,,,,
Pixel Format (Pixels),1,0,2,0,,,,,,,,,,
Switch Circuit,1,0,2,0,,,,,,,,,,
Sensitive Area,1,0,2,0,,,,,,,,,,
패키지,1,0,2,0,,,,,,,,,,
Lens Size,1,0,2,0,,,,,,,,,,
Measurement System,1,0,2,0,,,,,,,,,,
Overload Adjustment Current Min,1,0,2,0,,,,,,,,,,
最大齐纳阻抗Zz  Dynamic Impedance,1,0,2,0,,,,,,,,,,
带颜色,1,0,2,0,,,,,,,,,,
磁带长度 - 帝国,1,0,2,0,,,,,,,,,,
Maximum Resonant Frequency,1,0,2,0,,,,,,,,,,
RF Transmitter Applications,1,0,2,0,,,,,,,,,,
Power-Max,1,0,2,0,,,,,,,,,,
复位门限Vtrip(V),1,0,2,0,,,,,,,,,,
数量,1,0,2,0,,,,,,,,,,
Operating Temperature - (°C),1,0,2,0,,,,,,,,,,
메모리 형식,1,0,2,0,,,,,,,,,,
PS/2,1,0,2,0,,,,,,,,,,
WDT周期(S),1,0,2,0,,,,,,,,,,
线路侧电线/螺柱尺寸,1,0,2,0,,,,,,,,,,
Device Type,1,0,2,0,,,,,,,,,,
Wavelength of peak sensitivity,1,0,2,0,,,,,,,,,,
Dielectric Strength,1,0,2,0,,,,,,,,,,
Touch Technology,1,0,2,0,,,,,,,,,,
瞬间反转电流IR(Max.)(µA),1,0,2,0,,,,,,,,,,
Shaft Length,1,0,2,0,,,,,,,,,,
Isolation-Voltage,1,0,2,0,,,,,,,,,,
"Current - Non Rep. Surge 50, 60Hz (Itsm)",1,0,2,0,,,,,,,,,,
端子类型Termination Style,1,0,2,0,,,,,,,,,,
Fastening 型,1,0,2,0,,,,,,,,,,
RAM模块类型,1,0,2,0,,,,,,,,,,
Qg-Gate-Charge,1,0,2,0,,,,,,,,,,
Heatpipe incl.,1,0,2,0,,,,,,,,,,
Humidity measuring range,1,0,2,0,,,,,,,,,,
Duct-External-Height,1,0,2,0,,,,,,,,,,
Frequency 2,1,0,2,0,,,,,,,,,,
Leads dimensions,1,0,2,0,,,,,,,,,,
卖备选方案,1,0,2,0,,,,,,,,,,
有效复位电平,1,0,2,0,,,,,,,,,,
Decade Test Range,1,0,2,0,,,,,,,,,,
Vce-on-Max-Vge-Ic,1,0,2,0,,,,,,,,,,
光强度,1,0,2,0,,,,,,,,,,
Power Range,1,0,2,0,,,,,,,,,,
Typ Phase Balance,1,0,2,0,,,,,,,,,,
逻辑电平 - 高,1,0,2,0,,,,,,,,,,
衬套大小,1,0,2,0,,,,,,,,,,
Terminal Pitch (mm),1,0,2,0,,,,,,,,,,
瞬间反转电流IR(Max.)(uA),1,0,2,0,,,,,,,,,,
Height-Stacking-Mating,1,0,2,0,,,,,,,,,,
Fuse Case Style,1,0,2,0,,,,,,,,,,
Turn-off time,1,0,2,0,,,,,,,,,,
每个芯片的通道数,1,0,2,0,,,,,,,,,,
Dark current,1,0,2,0,,,,,,,,,,
最小单电源电压,1,0,2,0,,,,,,,,,,
Outputs,1,0,2,0,,,,,,,,,,
Maximum Drain Gate Voltage,1,0,2,0,,,,,,,,,,
전력 정격,1,0,2,0,,,,,,,,,,
Lock Colour,1,0,2,0,,,,,,,,,,
Maximum-Collector-Current,1,0,2,0,,,,,,,,,,
Connection Size (in),1,0,2,0,,,,,,,,,,
Operating-System,1,0,2,0,,,,,,,,,,
Used On,1,0,2,0,,,,,,,,,,
针位/触头数,1,0,2,0,,,,,,,,,,
Minimum Sound Pressure,1,0,2,0,,,,,,,,,,
System Memory Maximum Size (B),1,0,2,0,,,,,,,,,,
Remarks,1,0,2,0,,,,,,,,,,
실장 유형,1,0,2,0,,,,,,,,,,
Number-of-Outlets,1,0,2,0,,,,,,,,,,
上电复位时间(ms),1,0,2,0,,,,,,,,,,
触头材料 - 柱,1,0,2,0,,,,,,,,,,
Shield structure,1,0,2,0,,,,,,,,,,
外形尺寸,1,0,2,0,,,,,,,,,,
照明类型,1,0,2,0,,,,,,,,,,
Capacitance measuring range,1,0,2,0,,,,,,,,,,
Optical Format,1,0,2,0,,,,,,,,,,
Current - Test,1,0,2,0,,,,,,,,,,
Cooler material,1,0,2,0,,,,,,,,,,
Product Length (Imperial - Decimal) (in),1,0,2,0,,,,,,,,,,
Outside-Height,1,0,2,0,,,,,,,,,,
Turn-on time,1,0,2,0,,,,,,,,,,
Maximum 전력 발산,1,0,2,0,,,,,,,,,,
Millicandela Rating,1,0,2,0,,,,,,,,,,
Contact 型,1,0,2,0,,,,,,,,,,
Enclosure Type,1,0,2,0,,,,,,,,,,
No. of Switch Holes,1,0,2,0,,,,,,,,,,
功耗Ptot(Max.)(W),1,0,2,0,,,,,,,,,,
Wavelength - Peak,1,0,2,0,,,,,,,,,,
﻿基极-发射极输入电阻R2 Base-Emitter Resistance(R2)﻿,1,0,2,0,,,,,,,,,,
负载侧连接类型,1,0,2,0,,,,,,,,,,
Number of Channels per Chip,1,0,2,0,,,,,,,,,,
V(F),1,0,2,0,,,,,,,,,,
外部宽度,1,0,2,0,,,,,,,,,,
Edition,1,0,2,0,,,,,,,,,,
锁定功能,1,0,2,0,,,,,,,,,,
메모리 유형,1,0,2,0,,,,,,,,,,
调整,1,0,2,0,,,,,,,,,,
感应范围Sensing Range,1,0,2,0,,,,,,,,,,
I(F),1,0,2,0,,,,,,,,,,
连接器主体涂层,1,0,2,0,,,,,,,,,,
备用联系人,0,1,0,2,,,,,,,,,,
极限电流(A),1,0,2,0,,,,,,,,,,
插入旋转,1,0,2,0,,,,,,,,,,
存储器应用,1,0,2,0,,,,,,,,,,
TCR,1,0,2,0,,,,,,,,,,
Bushing Type,1,0,2,0,,,,,,,,,,
Time measurement accuracy,1,0,2,0,,,,,,,,,,
정격 전압 - AC,1,0,2,0,,,,,,,,,,
Ratio-S-H:ADC,1,0,2,0,,,,,,,,,,
Insertion Loss Less 3 dB Split Typ.,1,0,2,0,,,,,,,,,,
P(min),1,0,2,0,,,,,,,,,,
DSA Bits,1,0,2,0,,,,,,,,,,
磁带背衬材料,1,0,2,0,,,,,,,,,,
Voltage-Collector-Emitter-Breakdown-Max,1,0,2,0,,,,,,,,,,
传输速率(Kbps),1,0,2,0,,,,,,,,,,
V(RRM),1,0,2,0,,,,,,,,,,
电压 - 最大值,1,0,2,0,,,,,,,,,,
Qual Level,1,0,2,0,,,,,,,,,,
颜色Color,1,0,2,0,,,,,,,,,,
Type of switch,1,0,2,0,,,,,,,,,,
插头类型,1,0,2,0,,,,,,,,,,
Operating Shock Rate,1,0,2,0,,,,,,,,,,
管道颜色,1,0,2,0,,,,,,,,,,
Plug / Receptacle,1,0,2,0,,,,,,,,,,
정격 전류,1,0,2,0,,,,,,,,,,
Shutter Type,1,0,2,0,,,,,,,,,,
With-Switch,1,0,2,0,,,,,,,,,,
액추에이터,1,0,2,0,,,,,,,,,,
Supplier Part,1,0,2,0,,,,,,,,,,
Diode test,1,0,2,0,,,,,,,,,,
Frame Rate (fps),1,0,2,0,,,,,,,,,,
Outer insulation material,1,0,2,0,,,,,,,,,,
Operating Supply Voltage (Max),1,0,2,0,,,,,,,,,,
Icc,1,0,2,0,,,,,,,,,,
电容范围,1,0,2,0,,,,,,,,,,
Icc/Channel,1,0,2,0,,,,,,,,,,
External Depth - Metric,1,0,2,0,,,,,,,,,,
PCB,1,0,2,0,,,,,,,,,,
Operation Mode,1,0,2,0,,,,,,,,,,
Media-Delivery-Type,1,0,2,0,,,,,,,,,,
Accessory,1,0,2,0,,,,,,,,,,
额定齐纳电压  Zener Voltage   （最小）,1,0,2,0,,,,,,,,,,
注意,1,0,2,0,,,,,,,,,,
Shaft 타입,1,0,2,0,,,,,,,,,,
逻辑电平 - 低,1,0,2,0,,,,,,,,,,
套圈材料,1,0,2,0,,,,,,,,,,
스위치 기능,1,0,2,0,,,,,,,,,,
Turns Ratio,1,0,2,0,,,,,,,,,,
No. of Decades,1,0,2,0,,,,,,,,,,
Thread Type,1,0,2,0,,,,,,,,,,
调节类型Adjustment Type,1,0,2,0,,,,,,,,,,
Width Across Flats (mm),1,0,2,0,,,,,,,,,,
电阻值Resistance,1,0,2,0,,,,,,,,,,
Velocity measuring accuracy,1,0,2,0,,,,,,,,,,
晶体管极性,1,0,2,0,,,,,,,,,,
Pixel Size (µm),1,0,2,0,,,,,,,,,,
不同 Id、Vgs 时导通电阻（最大值）,1,0,2,0,,,,,,,,,,
最大时钟频率(Hz),1,0,2,0,,,,,,,,,,
Switched voltage,1,0,2,0,,,,,,,,,,
Inside Diameter (Imperial) (in),1,0,2,0,,,,,,,,,,
最低频率,1,0,2,0,,,,,,,,,,
接通 / 关断时间（典型值）,1,0,2,0,,,,,,,,,,
Image size,1,0,2,0,,,,,,,,,,
Input Voltage Max (V),1,0,2,0,,,,,,,,,,
Isolation Voltage,1,0,2,0,,,,,,,,,,
Total-Length-Recovered,1,0,2,0,,,,,,,,,,
Output [60Hz] / var,1,0,2,0,,,,,,,,,,
电感因数 (Al),1,0,2,0,,,,,,,,,,
Width Across Flats (Imperial) (in),1,0,2,0,,,,,,,,,,
导线股数,1,0,2,0,,,,,,,,,,
工作电流典型值(μA),1,0,2,0,,,,,,,,,,
Vgs（最大值）,1,0,2,0,,,,,,,,,,
有效磁体体积 (Ve) mm³,1,0,2,0,,,,,,,,,,
透镜颜色/类型,1,0,2,0,,,,,,,,,,
Sensing-Range,1,0,2,0,,,,,,,,,,
峰值感应器距离,1,0,2,0,,,,,,,,,,
圆形连接器外壳类型,1,0,2,0,,,,,,,,,,
典型工作电源电压,1,0,2,0,,,,,,,,,,
耦合方式,1,0,2,0,,,,,,,,,,
Sensitivity dBm,1,0,2,0,,,,,,,,,,
触头数,1,0,2,0,,,,,,,,,,
MSL*,1,0,2,0,,,,,,,,,,
监控电压的组数,1,0,2,0,,,,,,,,,,
Outline Dimensions (mm),1,0,2,0,,,,,,,,,,
IC Function,1,0,2,0,,,,,,,,,,
Outside-Length,1,0,2,0,,,,,,,,,,
最大单电源电压,1,0,2,0,,,,,,,,,,
每路输出的RDS(on)(mΩ),1,0,2,0,,,,,,,,,,
Tolerance (%),1,0,2,0,,,,,,,,,,
转折电流,1,0,2,0,,,,,,,,,,
电源抑制比PSRR(dB),1,0,2,0,,,,,,,,,,
ECCN Code,1,0,2,0,,,,,,,,,,
噪声电压VN(nV/√Hz),1,0,2,0,,,,,,,,,,
输出电压典型值(V),1,0,2,0,,,,,,,,,,
Megapixels,1,0,2,0,,,,,,,,,,
SRAM(位),1,0,2,0,,,,,,,,,,
주파수 - 스위칭,1,0,2,0,,,,,,,,,,
Collector-Emitter Saturation Voltage,1,0,2,0,,,,,,,,,,
基极与基极-发射极输入电阻比(R1/R2)  Base-Emitter Input Resistance Ratio(R1/R2),1,0,2,0,,,,,,,,,,
DC电阻(DCR),1,0,2,0,,,,,,,,,,
Character Size - H x W,1,0,2,0,,,,,,,,,,
Number of System Memory,1,0,2,0,,,,,,,,,,
Convert From Coax Type,1,0,2,0,,,,,,,,,,
Connector B,1,0,2,0,,,,,,,,,,
Temperature-Range,1,0,2,0,,,,,,,,,,
负载调节,1,0,2,0,,,,,,,,,,
Background Color,1,0,2,0,,,,,,,,,,
位置数目,1,0,2,0,,,,,,,,,,
阻断电压DC,1,0,2,0,,,,,,,,,,
电压 - 断态,1,0,2,0,,,,,,,,,,
移除工具源,0,1,0,2,,,,,,,,,,
Data Rate Max,1,0,2,0,,,,,,,,,,
IC Package Type,1,0,2,0,,,,,,,,,,
Triggering Type,1,0,2,0,,,,,,,,,,
Decade Box Type,1,0,2,0,,,,,,,,,,
Package contents,1,0,2,0,,,,,,,,,,
标签类型,1,0,2,0,,,,,,,,,,
Current - Output / Channel,1,0,2,0,,,,,,,,,,
电流 - 暗（典型值）Current - Dark (Typ),1,0,2,0,,,,,,,,,,
Line Side Connection Method,1,0,2,0,,,,,,,,,,
Operating Force Max,1,0,2,0,,,,,,,,,,
负载侧电线/螺柱尺寸,1,0,2,0,,,,,,,,,,
Core structure,1,0,2,0,,,,,,,,,,
Photo curr.min.,1,0,2,0,,,,,,,,,,
Optical power,1,0,2,0,,,,,,,,,,
低功耗禁止模式,1,0,2,0,,,,,,,,,,
流明Lv(mcd)Luminous intensity,1,0,2,0,,,,,,,,,,
精确度,1,0,2,0,,,,,,,,,,
主波长λd(nm)Dominant Wavelength,1,0,2,0,,,,,,,,,,
Reference-Type,1,0,2,0,,,,,,,,,,
External Depth - Imperial,1,0,2,0,,,,,,,,,,
Fluid Type,1,0,2,0,,,,,,,,,,
Subcategory,1,0,2,0,,,,,,,,,,
Operating Temperature (Min),1,0,2,0,,,,,,,,,,
Operating Temperature (Max),1,0,2,0,,,,,,,,,,
外部高度,1,0,2,0,,,,,,,,,,
Attenuation Value,1,0,2,0,,,,,,,,,,
Connector A,1,0,2,0,,,,,,,,,,
Sampling-Rate-Per-Second,1,0,2,0,,,,,,,,,,
额定功率Power,1,0,2,0,,,,,,,,,,
FFC、FCB 厚度,1,0,2,0,,,,,,,,,,
摆动角度,1,0,2,0,,,,,,,,,,
电容 - 输入,1,0,1,0,,,,,,,,,,
T(min),1,0,1,0,,,,,,,,,,
Backplane Form Factor,1,0,1,0,,,,,,,,,,
Zero cross,1,0,1,0,,,,,,,,,,
图片尺寸,1,0,1,0,,,,,,,,,,
Hold Current,1,0,1,0,,,,,,,,,,
Maximum Input Current,1,0,1,0,,,,,,,,,,
连接器端口 B,1,0,1,0,,,,,,,,,,
DAC Resolution,1,0,1,0,,,,,,,,,,
Aspect Ratio,1,0,1,0,,,,,,,,,,
电源电压最大值,1,0,1,0,,,,,,,,,,
性别 B,1,0,1,0,,,,,,,,,,
Screw-Material,1,0,1,0,,,,,,,,,,
Modulation,1,0,1,0,,,,,,,,,,
测试频率范围,1,0,1,0,,,,,,,,,,
Center Frequency (Hz),1,0,1,0,,,,,,,,,,
"Diameter, Inner",1,0,1,0,,,,,,,,,,
luminous intensity,1,0,1,0,,,,,,,,,,
Resolution Standard,1,0,1,0,,,,,,,,,,
天线极化,1,0,1,0,,,,,,,,,,
Frame-Size-NEMA,1,0,1,0,,,,,,,,,,
Off-Isolation-Typ,1,0,1,0,,,,,,,,,,
Package / Case Size,1,0,1,0,,,,,,,,,,
元件类型,1,0,1,0,,,,,,,,,,
每字位数,1,0,1,0,,,,,,,,,,
Current - On State (It (RMS) (Max),1,0,1,0,,,,,,,,,,
电压 - 初级,1,0,1,0,,,,,,,,,,
可开启,1,0,1,0,,,,,,,,,,
Repetitive Peak Reverse Voltage,1,0,1,0,,,,,,,,,,
中心抽头,1,0,1,0,,,,,,,,,,
Battery NEDA Code,1,0,1,0,,,,,,,,,,
电压 - 次级（满负载）,1,0,1,0,,,,,,,,,,
Number-of-Gates,1,0,1,0,,,,,,,,,,
最小磁心横截面（Amin） mm²,1,0,1,0,,,,,,,,,,
Phase noise floor FOM,1,0,1,0,,,,,,,,,,
No. of Sensors,1,0,1,0,,,,,,,,,,
Inter Series Connector A,1,0,1,0,,,,,,,,,,
介电材料Dielectric Material,1,0,1,0,,,,,,,,,,
以太网,1,0,1,0,,,,,,,,,,
存储接口,1,0,1,0,,,,,,,,,,
门极 - 漏极电压,1,0,1,0,,,,,,,,,,
Light Transmission,1,0,1,0,,,,,,,,,,
最大許容電流,1,0,1,0,,,,,,,,,,
Inductance measuring range,1,0,1,0,,,,,,,,,,
Circuitry,1,0,1,0,,,,,,,,,,
Duty cycle factor,1,0,1,0,,,,,,,,,,
最大峰值脉冲电流,1,0,1,0,,,,,,,,,,
方向类型,1,0,1,0,,,,,,,,,,
Acceleration Rate,1,0,1,0,,,,,,,,,,
QtyPerPackage,1,0,1,0,,,,,,,,,,
Frequency-Operating,1,0,1,0,,,,,,,,,,
Maximum Input Offset Voltage (mV),1,0,1,0,,,,,,,,,,
Mounting Thread Size,1,0,1,0,,,,,,,,,,
分辨率(bits),1,0,1,0,,,,,,,,,,
切换容量,1,0,1,0,,,,,,,,,,
Actuator Length (inch),1,0,1,0,,,,,,,,,,
Measuring-Range,1,0,1,0,,,,,,,,,,
Panel Cutout Height,1,0,1,0,,,,,,,,,,
Polished shape,1,0,1,0,,,,,,,,,,
Hall elements,1,0,1,0,,,,,,,,,,
Connection Method,1,0,1,0,,,,,,,,,,
"Height, External",1,0,1,0,,,,,,,,,,
屏蔽覆盖范围,1,0,1,0,,,,,,,,,,
Number of Branches/Legs,1,0,1,0,,,,,,,,,,
"DC Current Gain (hFE) (Minimum) at Ic, Vce",1,0,1,0,,,,,,,,,,
Sound level measuring range,1,0,1,0,,,,,,,,,,
Mating Post 길이,1,0,1,0,,,,,,,,,,
Current - Collector (Ic) (Maximum),1,0,1,0,,,,,,,,,,
Operating Temperature Min Deg. C,1,0,1,0,,,,,,,,,,
LGATE Fall Time  (typ)(ns),0,1,0,1,,,,,,,,,,
电阻 - 25°C（典型值）,1,0,1,0,,,,,,,,,,
电压 - 额定 AC,1,0,1,0,,,,,,,,,,
电流-漏泄(IS(off))(最大值),1,0,1,0,,,,,,,,,,
Dimensions (length),1,0,1,0,,,,,,,,,,
IC(nom) / IF(nom),1,0,1,0,,,,,,,,,,
高分断能力熔断器,1,0,1,0,,,,,,,,,,
Current-Rating-Max,1,0,1,0,,,,,,,,,,
Operating-Point-Min-Max,1,0,1,0,,,,,,,,,,
Number of Cells,1,0,1,0,,,,,,,,,,
Shrink Ratio,1,0,1,0,,,,,,,,,,
电流传输比（最小值）Current Transfer Ratio (Min),1,0,1,0,,,,,,,,,,
GET 0.64 Connector System,1,0,1,0,,,,,,,,,,
Cable Diameter Min - Imperial,1,0,1,0,,,,,,,,,,
Maximum Pass Band Ripple (dB),1,0,1,0,,,,,,,,,,
Silicon Family Name,1,0,1,0,,,,,,,,,,
"Diameter, Outer",1,0,1,0,,,,,,,,,,
Insulation Material,1,0,1,0,,,,,,,,,,
"Capacitance @ Vr, F",1,0,1,0,,,,,,,,,,
电源电压标准,1,0,1,0,,,,,,,,,,
Non Repetitive On-State Current,1,0,1,0,,,,,,,,,,
Graphics Acceleration,1,0,1,0,,,,,,,,,,
I / O线数,1,0,1,0,,,,,,,,,,
Battery Chemistry,1,0,1,0,,,,,,,,,,
耦合器类型,1,0,1,0,,,,,,,,,,
Pixel Count,1,0,1,0,,,,,,,,,,
Relay height,1,0,1,0,,,,,,,,,,
导线长度,1,0,1,0,,,,,,,,,,
安装孔大小,1,0,1,0,,,,,,,,,,
线路数,1,0,1,0,,,,,,,,,,
带保险丝,1,0,1,0,,,,,,,,,,
Delay to First Tap,1,0,1,0,,,,,,,,,,
电流 - 断态（最大值）,1,0,1,0,,,,,,,,,,
Rail Material,1,0,1,0,,,,,,,,,,
最大功率耗散（Ta=25°C）,1,0,1,0,,,,,,,,,,
Resistance Measurement Range,1,0,1,0,,,,,,,,,,
磁心因数（ΣI/A） mm-,1,0,1,0,,,,,,,,,,
电流量程 交流,1,0,1,0,,,,,,,,,,
Voltage source accuracy,1,0,1,0,,,,,,,,,,
Inter Series Connector B,1,0,1,0,,,,,,,,,,
"Frequency, Output",1,0,1,0,,,,,,,,,,
Gain-Bandwidth-Product-fT,1,0,1,0,,,,,,,,,,
Active-Pixel-Array,1,0,1,0,,,,,,,,,,
Secondary Voltages,1,0,1,0,,,,,,,,,,
Tape Length - Imperial,1,0,1,0,,,,,,,,,,
Actuator Diameter,1,0,1,0,,,,,,,,,,
Temperature Accuracy ±,1,0,1,0,,,,,,,,,,
I²C,1,0,1,0,,,,,,,,,,
Voltage-Output-Max,1,0,1,0,,,,,,,,,,
转接头 B 型,1,0,1,0,,,,,,,,,,
WWWDisplay,1,0,1,0,,,,,,,,,,
Depth (inch),1,0,1,0,,,,,,,,,,
最大电阻,1,0,1,0,,,,,,,,,,
IP2,1,0,1,0,,,,,,,,,,
Body Finish,1,0,1,0,,,,,,,,,,
LED Material,1,0,1,0,,,,,,,,,,
커패시턴스 - nF,1,0,1,0,,,,,,,,,,
护套（绝缘）厚度,1,0,1,0,,,,,,,,,,
看门狗定时器,1,0,1,0,,,,,,,,,,
CPU,1,0,1,0,,,,,,,,,,
전기 용량 - uF,1,0,1,0,,,,,,,,,,
第一导体标志,1,0,1,0,,,,,,,,,,
Typical Voltage Gain,1,0,1,0,,,,,,,,,,
数据接口,1,0,1,0,,,,,,,,,,
Molded Part Type,1,0,1,0,,,,,,,,,,
Coil Suppression Diode,1,0,1,0,,,,,,,,,,
V out,1,0,1,0,,,,,,,,,,
Vsupply I/O(Max)(V),1,0,1,0,,,,,,,,,,
Vout Min,1,0,1,0,,,,,,,,,,
Hold-Current,1,0,1,0,,,,,,,,,,
旋转角度 - 电气，机械,1,0,1,0,,,,,,,,,,
插针或插口,1,0,1,0,,,,,,,,,,
Viewing Angle (°),1,0,1,0,,,,,,,,,,
Forward Voltage VF Max,1,0,1,0,,,,,,,,,,
Tab Fit (mm (in)),1,0,1,0,,,,,,,,,,
外设接口EPI,1,0,1,0,,,,,,,,,,
输出电压Out Voltage,1,0,1,0,,,,,,,,,,
ΔVO/VO(±%),1,0,1,0,,,,,,,,,,
Repetitive Reverse Voltage Vrrm Max,1,0,1,0,,,,,,,,,,
Core Size,1,0,1,0,,,,,,,,,,
磁特性,1,0,1,0,,,,,,,,,,
Mating-Orientation,1,0,1,0,,,,,,,,,,
开关安装,1,0,1,0,,,,,,,,,,
Front USB,1,0,1,0,,,,,,,,,,
存储温度,1,0,1,0,,,,,,,,,,
Size / Dimension,1,0,1,0,,,,,,,,,,
终端电压,1,0,1,0,,,,,,,,,,
Gain Bandwidth Product,1,0,1,0,,,,,,,,,,
Crimp Form-Wire Barrel Type,1,0,1,0,,,,,,,,,,
正向跨导 - 最小值,1,0,1,0,,,,,,,,,,
"(Select First, Then Apply Filters) Compatible Series",1,0,1,0,,,,,,,,,,
Dimensions-Panel,1,0,1,0,,,,,,,,,,
板侧间距,1,0,1,0,,,,,,,,,,
ADC Resolution,1,0,1,0,,,,,,,,,,
I/O Voltage,1,0,1,0,,,,,,,,,,
Ron  (typ)(Ohm),0,1,0,1,,,,,,,,,,
IR - (mA),1,0,1,0,,,,,,,,,,
Voltage Tolerance,1,0,1,0,,,,,,,,,,
集电极连续输出电流IC Collector Current(IC) Q1/Q2,1,0,1,0,,,,,,,,,,
关闭,1,0,1,0,,,,,,,,,,
字符,1,0,1,0,,,,,,,,,,
工业,1,0,1,0,,,,,,,,,,
Direct-current resistance,1,0,1,0,,,,,,,,,,
Product Height,1,0,1,0,,,,,,,,,,
Reverse Recovery Time,1,0,1,0,,,,,,,,,,
Eoff (Soft Switching),1,0,1,0,,,,,,,,,,
最大电流传输比,1,0,1,0,,,,,,,,,,
Voltage Rating DC,1,0,1,0,,,,,,,,,,
最大电线尺寸 AWG,1,0,1,0,,,,,,,,,,
电感因数（Al）,1,0,1,0,,,,,,,,,,
主体颜色,1,0,1,0,,,,,,,,,,
针位数（转换到）,1,0,1,0,,,,,,,,,,
显示器结构,1,0,1,0,,,,,,,,,,
Grip capacity,1,0,1,0,,,,,,,,,,
Load 전압 정격,1,0,1,0,,,,,,,,,,
旋钮直径,1,0,1,0,,,,,,,,,,
Element 타입,1,0,1,0,,,,,,,,,,
IF(AV),1,0,1,0,,,,,,,,,,
Outline Dimensions,1,0,1,0,,,,,,,,,,
Active power measuring accuracy,1,0,1,0,,,,,,,,,,
结电容值Cj  Junction capacitance(Cj),1,0,1,0,,,,,,,,,,
扣环材料,1,0,1,0,,,,,,,,,,
PartType,1,0,1,0,,,,,,,,,,
2nd Connector,1,0,1,0,,,,,,,,,,
轴直径,1,0,1,0,,,,,,,,,,
ESD保护,1,0,1,0,,,,,,,,,,
Switching Speed,1,0,1,0,,,,,,,,,,
Ifsm - Forward Surge Current,1,0,1,0,,,,,,,,,,
Typical Input Noise Voltage Density,1,0,1,0,,,,,,,,,,
线管轮毂尺寸,1,0,1,0,,,,,,,,,,
芯片启用信号,1,0,1,0,,,,,,,,,,
Power Cable Accessory,1,0,1,0,,,,,,,,,,
Maximum Forward Voltage per Color,1,0,1,0,,,,,,,,,,
引脚间隔,1,0,1,0,,,,,,,,,,
Iout,1,0,1,0,,,,,,,,,,
Interface Transfer Rate,1,0,1,0,,,,,,,,,,
Contact size,1,0,1,0,,,,,,,,,,
Coating Applications,1,0,1,0,,,,,,,,,,
包含LED,1,0,1,0,,,,,,,,,,
峰值反向电压VRRM(V),1,0,1,0,,,,,,,,,,
不同 If 时最小辐射强度 (Ie),1,0,1,0,,,,,,,,,,
Led Indicator,1,0,1,0,,,,,,,,,,
线路调节,1,0,1,0,,,,,,,,,,
VIN(Max)(V),1,0,1,0,,,,,,,,,,
Type of relays accessories,1,0,1,0,,,,,,,,,,
Viewing Area - W x H,1,0,1,0,,,,,,,,,,
Thermometer Filling,1,0,1,0,,,,,,,,,,
Wire Range (mm (AWG)),1,0,1,0,,,,,,,,,,
VO(V),1,0,1,0,,,,,,,,,,
PLD输出,1,0,1,0,,,,,,,,,,
Luminous-Flux,1,0,1,0,,,,,,,,,,
Overload Current,1,0,1,0,,,,,,,,,,
外部触头表面处理厚度,1,0,1,0,,,,,,,,,,
Input Signal Type,1,0,1,0,,,,,,,,,,
Chassis colour,1,0,1,0,,,,,,,,,,
输入失调电压(25℃)(Max.)(mV),1,0,1,0,,,,,,,,,,
Die Sets Type,1,0,1,0,,,,,,,,,,
Set/Reset,1,0,1,0,,,,,,,,,,
每个通道的输出电流,1,0,1,0,,,,,,,,,,
LGATE Source Resistance  (typ)(Ohm),0,1,0,1,,,,,,,,,,
齐纳电压容差,1,0,1,0,,,,,,,,,,
Number-of-frames-per-second,1,0,1,0,,,,,,,,,,
B端测试连接器类型,1,0,1,0,,,,,,,,,,
Mounting-Rails,1,0,1,0,,,,,,,,,,
密度,1,0,1,0,,,,,,,,,,
Convert To Fiber Optic Connector,1,0,1,0,,,,,,,,,,
Wire series,1,0,1,0,,,,,,,,,,
Tx/Rx,1,0,1,0,,,,,,,,,,
Storage temperature,1,0,1,0,,,,,,,,,,
Surge Current (Max),1,0,1,0,,,,,,,,,,
Address Bus,1,0,1,0,,,,,,,,,,
"Channel Capacitance(CS off, CD off)",1,0,1,0,,,,,,,,,,
典型下降时间,1,0,1,0,,,,,,,,,,
NEDA Number,1,0,1,0,,,,,,,,,,
Contact Pitch (mm),1,0,1,0,,,,,,,,,,
"Maximum Rds On at Id,Vgs",1,0,1,0,,,,,,,,,,
额定齐纳电压,1,0,1,0,,,,,,,,,,
Size range,1,0,1,0,,,,,,,,,,
Switch 타입,1,0,1,0,,,,,,,,,,
Maximum Frequency,1,0,1,0,,,,,,,,,,
LVDS onbord,1,0,1,0,,,,,,,,,,
典型功耗@最大转换范围(mW),1,0,1,0,,,,,,,,,,
T(j) max,1,0,1,0,,,,,,,,,,
ModelStatus,1,0,1,0,,,,,,,,,,
峰值脉冲功率耗散,1,0,1,0,,,,,,,,,,
Material of shell,1,0,1,0,,,,,,,,,,
Secondary-Resistance,1,0,1,0,,,,,,,,,,
峰值重复反向电压,1,0,1,0,,,,,,,,,,
第二个FLASH(位),1,0,1,0,,,,,,,,,,
切面宽度,1,0,1,0,,,,,,,,,,
平均正向整流电流IF  Forward Current(If),1,0,1,0,,,,,,,,,,
Crosstalk,1,0,1,0,,,,,,,,,,
Segment,1,0,1,0,,,,,,,,,,
驱动器数目,1,0,1,0,,,,,,,,,,
No. of Turns,1,0,1,0,,,,,,,,,,
Module Size - W x H x T,1,0,1,0,,,,,,,,,,
Number-of-Fibers,1,0,1,0,,,,,,,,,,
内部触头表面处理,1,0,1,0,,,,,,,,,,
Kind of core,1,0,1,0,,,,,,,,,,
Kit Includes,1,0,1,0,,,,,,,,,,
"Extern.5,25inch",1,0,1,0,,,,,,,,,,
Vgs=0时的漏-源电流,1,0,1,0,,,,,,,,,,
fosc,1,0,1,0,,,,,,,,,,
Parallel Enable Input,1,0,1,0,,,,,,,,,,
SRAM总容量(kB),1,0,1,0,,,,,,,,,,
Disable  Pin,0,1,0,1,,,,,,,,,,
Functioning Temperature,1,0,1,0,,,,,,,,,,
Light-Source,1,0,1,0,,,,,,,,,,
Guard Finish,1,0,1,0,,,,,,,,,,
集电极-基极反向击穿电压V(BR)CBO Collector-Base Voltage(VCBO) Q1/Q2,1,0,1,0,,,,,,,,,,
线性范围,1,0,1,0,,,,,,,,,,
Initial Resistance (Max),1,0,1,0,,,,,,,,,,
Humidity measuring resolution,1,0,1,0,,,,,,,,,,
Maximum Insertion Loss (dB),1,0,1,0,,,,,,,,,,
静电放电电压Vesd,1,0,1,0,,,,,,,,,,
Operate time,1,0,1,0,,,,,,,,,,
频率 - 下,1,0,1,0,,,,,,,,,,
Tolerance Voltage,1,0,1,0,,,,,,,,,,
最大尺寸,1,0,1,0,,,,,,,,,,
Switching capacity,1,0,1,0,,,,,,,,,,
收集器电流,1,0,1,0,,,,,,,,,,
Dot Pixels,1,0,1,0,,,,,,,,,,
Outside Diameter (Metric) (mm),1,0,1,0,,,,,,,,,,
CO measuring accuracy,1,0,1,0,,,,,,,,,,
最大全周期正向压降VFM(V),1,0,1,0,,,,,,,,,,
适用于,1,0,1,0,,,,,,,,,,
Antenna,1,0,1,0,,,,,,,,,,
操作力最大值,1,0,1,0,,,,,,,,,,
"Rds On(Max)@Id,Vgs",1,0,1,0,,,,,,,,,,
Ifsm-Forward-Surge-Current,1,0,1,0,,,,,,,,,,
产品更改通知,1,0,1,0,,,,,,,,,,
Iso.voltage,1,0,1,0,,,,,,,,,,
Temperature Range @ Derated Power,1,0,1,0,,,,,,,,,,
SCR 类型,1,0,1,0,,,,,,,,,,
Current source,1,0,1,0,,,,,,,,,,
Number of Taps,1,0,1,0,,,,,,,,,,
电压 - 栅极触发 (Vgt)（最大值）,1,0,1,0,,,,,,,,,,
Increment Range,1,0,1,0,,,,,,,,,,
Rise time,1,0,1,0,,,,,,,,,,
插座测试类型,1,0,1,0,,,,,,,,,,
en-Input-Voltage-Noise-Density,1,0,1,0,,,,,,,,,,
转换效率,1,0,1,0,,,,,,,,,,
Control Voltage Range,1,0,1,0,,,,,,,,,,
Shield Termination,1,0,1,0,,,,,,,,,,
Device Cooled,1,0,1,0,,,,,,,,,,
Input to Output Isolation Method,1,0,1,0,,,,,,,,,,
Input-Voltage-MIN,1,0,1,0,,,,,,,,,,
Number-of-Channels-Ports,1,0,1,0,,,,,,,,,,
입력 전압 최소,1,0,1,0,,,,,,,,,,
Lead Spacing B (inch),1,0,1,0,,,,,,,,,,
PackageQuantityNumber,1,0,1,0,,,,,,,,,,
Bandwidth for AC current measurements,1,0,1,0,,,,,,,,,,
OIP3-Third-Order-Intercept,1,0,1,0,,,,,,,,,,
Active power measurement,1,0,1,0,,,,,,,,,,
Lamp Base Type,1,0,1,0,,,,,,,,,,
镜片透明度,1,0,1,0,,,,,,,,,,
No. of Timing Ranges,1,0,1,0,,,,,,,,,,
Vf - 순방향 전압,1,0,1,0,,,,,,,,,,
通知,1,0,1,0,,,,,,,,,,
"Current, Supply",1,0,1,0,,,,,,,,,,
Single Wire Sealing System,1,0,1,0,,,,,,,,,,
Output Voltage Min,1,0,1,0,,,,,,,,,,
HDD/SSD instal.,1,0,1,0,,,,,,,,,,
Inside Diameter Range (Leg 1),1,0,1,0,,,,,,,,,,
Number of  Channels,0,1,0,1,,,,,,,,,,
Maximum Read Speed (Mbps),1,0,1,0,,,,,,,,,,
数值,1,0,1,0,,,,,,,,,,
Max Leakage Current (IS off),1,0,1,0,,,,,,,,,,
医疗认证,1,0,1,0,,,,,,,,,,
Pixel-Size-W-x-H,1,0,1,0,,,,,,,,,,
Better World认证,1,0,1,0,,,,,,,,,,
频率 - 上,1,0,1,0,,,,,,,,,,
Dimensions   (width),1,0,1,0,,,,,,,,,,
Product Style,1,0,1,0,,,,,,,,,,
变阻器电压Varistor Voltage,1,0,1,0,,,,,,,,,,
Cut-off/Nominal Frequency,1,0,1,0,,,,,,,,,,
Panel length,1,0,1,0,,,,,,,,,,
Fuse Material,1,0,1,0,,,,,,,,,,
温度特性,1,0,1,0,,,,,,,,,,
Mold type,1,0,1,0,,,,,,,,,,
Number of Stages,1,0,1,0,,,,,,,,,,
Inside Diameter Range (Leg 2),1,0,1,0,,,,,,,,,,
最大齐纳阻抗,1,0,1,0,,,,,,,,,,
Schematic diagram,1,0,1,0,,,,,,,,,,
Resolution (lx),1,0,1,0,,,,,,,,,,
Adhesive Pre-Coat,1,0,1,0,,,,,,,,,,
输入偏置电流Ibias (μA),1,0,1,0,,,,,,,,,,
In—输入噪声电流密度,1,0,1,0,,,,,,,,,,
反向漏电流,1,0,1,0,,,,,,,,,,
V(CEO),1,0,1,0,,,,,,,,,,
Zener voltage max.,1,0,1,0,,,,,,,,,,
Rechargeable batteries features,1,0,1,0,,,,,,,,,,
Duty cycle,1,0,1,0,,,,,,,,,,
SR - 转换速率,1,0,1,0,,,,,,,,,,
集电极-发射极反向击穿电压V(BR)CEO Collector-Emitter Voltage(VCEO) Q1/Q2,1,0,1,0,,,,,,,,,,
Trigger current,1,0,1,0,,,,,,,,,,
Adhesive Options,1,0,1,0,,,,,,,,,,
Off-State Leakage Current @ VDRM IDRM,1,0,1,0,,,,,,,,,,
Number of Cores/Bus Width,1,0,1,0,,,,,,,,,,
치수,1,0,1,0,,,,,,,,,,
Isolation LO-RF,1,0,1,0,,,,,,,,,,
性别 A,1,0,1,0,,,,,,,,,,
ESD电压(V),1,0,1,0,,,,,,,,,,
Trip-Current,1,0,1,0,,,,,,,,,,
Number of drivers/receivers,1,0,1,0,,,,,,,,,,
套件特点,1,0,1,0,,,,,,,,,,
Convert To Positions,1,0,1,0,,,,,,,,,,
Card Thickness,1,0,1,0,,,,,,,,,,
电流 - 栅极触发 (Igt)（最大值）,1,0,1,0,,,,,,,,,,
有效长度（e） mm,1,0,1,0,,,,,,,,,,
Type of oscilloscope,1,0,1,0,,,,,,,,,,
Operating Temperature (°C) (min),1,0,1,0,,,,,,,,,,
组织结构,1,0,1,0,,,,,,,,,,
电流ID,1,0,1,0,,,,,,,,,,
满足标准,1,0,1,0,,,,,,,,,,
DC额定电压Voltage Rating - DC,1,0,1,0,,,,,,,,,,
Emitter-Base-Voltage-VEBO,1,0,1,0,,,,,,,,,,
Cable Diameter (mm),1,0,1,0,,,,,,,,,,
加载位置的数目,1,0,1,0,,,,,,,,,,
Ib-Input-Bias-Current,1,0,1,0,,,,,,,,,,
Overload-Protection,1,0,1,0,,,,,,,,,,
Wake-on-LAN,1,0,1,0,,,,,,,,,,
Tape Backing Material,1,0,1,0,,,,,,,,,,
Output-Voltage-Channel-3,1,0,1,0,,,,,,,,,,
加密,1,0,1,0,,,,,,,,,,
存储器密度,1,0,1,0,,,,,,,,,,
Diode Configuration,1,0,1,0,,,,,,,,,,
Insulation-Material,1,0,1,0,,,,,,,,,,
Product Width (Imperial) (in),1,0,1,0,,,,,,,,,,
Mounting Hole Diameter (Imperial) (in),1,0,1,0,,,,,,,,,,
工作结温度,1,0,1,0,,,,,,,,,,
关断电流(µA),1,0,1,0,,,,,,,,,,
内存大小,1,0,1,0,,,,,,,,,,
速度 - 读取,1,0,1,0,,,,,,,,,,
Electrical Life,1,0,1,0,,,,,,,,,,
导体绝缘,1,0,1,0,,,,,,,,,,
전류 제한,1,0,1,0,,,,,,,,,,
IFSM(A),1,0,1,0,,,,,,,,,,
VF (Tvj=25°C typ),1,0,1,0,,,,,,,,,,
电压 - 开路,1,0,1,0,,,,,,,,,,
Vcl typ. reverse (TLP 16A),1,0,1,0,,,,,,,,,,
"沟道电容(CS(off),CD(off))",1,0,1,0,,,,,,,,,,
制造商保修,1,0,1,0,,,,,,,,,,
工場パックの数量,1,0,1,0,,,,,,,,,,
PSU power,1,0,1,0,,,,,,,,,,
Vin(max),1,0,1,0,,,,,,,,,,
内部壳体颜色,1,0,1,0,,,,,,,,,,
Source Meter Function,1,0,1,0,,,,,,,,,,
电流 - 输出/通道Current - Output / Channel,1,0,1,0,,,,,,,,,,
LED 数目,1,0,1,0,,,,,,,,,,
内部触头表面处理厚度,1,0,1,0,,,,,,,,,,
视频输出,1,0,1,0,,,,,,,,,,
排线宽度,1,0,1,0,,,,,,,,,,
内核数,1,0,1,0,,,,,,,,,,
Terminal Count Output,1,0,1,0,,,,,,,,,,
Maximum Forward Current,1,0,1,0,,,,,,,,,,
基准电压(V),1,0,1,0,,,,,,,,,,
Number of  Elements,1,0,1,0,,,,,,,,,,
Core Sub-Architecture,1,0,1,0,,,,,,,,,,
ROM(Byte),1,0,1,0,,,,,,,,,,
主波长,1,0,1,0,,,,,,,,,,
Amplifier Ratio,0,1,0,1,,,,,,,,,,
JTAG Support,1,0,1,0,,,,,,,,,,
功能完备的设备,1,0,1,0,,,,,,,,,,
GBP-增益带宽产品,1,0,1,0,,,,,,,,,,
Fastening thread,1,0,1,0,,,,,,,,,,
Reverse Recovery Time-Max,1,0,1,0,,,,,,,,,,
Maximum Gate-Source Voltage,1,0,1,0,,,,,,,,,,
Peak pulse power,1,0,1,0,,,,,,,,,,
睡眠模式最大电流(μA),1,0,1,0,,,,,,,,,,
Power Dissipation (Max),1,0,1,0,,,,,,,,,,
Voltage source,1,0,1,0,,,,,,,,,,
Application Field,1,0,1,0,,,,,,,,,,
최대 DC 전류,1,0,1,0,,,,,,,,,,
Memory Capacity,1,0,1,0,,,,,,,,,,
雪崩能力EAS,1,0,1,0,,,,,,,,,,
UGATE Source Resistance  (typ)(Ohm),0,1,0,1,,,,,,,,,,
Number of Regulators,1,0,1,0,,,,,,,,,,
转换至极性,1,0,1,0,,,,,,,,,,
Output-Voltage-Channel-2,1,0,1,0,,,,,,,,,,
输出电压Vout(V),1,0,1,0,,,,,,,,,,
Tape Length - Metric,1,0,1,0,,,,,,,,,,
Secondary Resistance,1,0,1,0,,,,,,,,,,
Resistance to,1,0,1,0,,,,,,,,,,
Product Height (Metric) (mm),1,0,1,0,,,,,,,,,,
扣环颜色,1,0,1,0,,,,,,,,,,
Bandwidth for AC voltage measurements,1,0,1,0,,,,,,,,,,
Product Width (Metric) (mm),1,0,1,0,,,,,,,,,,
TempRange,1,0,1,0,,,,,,,,,,
Phase Control,1,0,1,0,,,,,,,,,,
报警,1,0,1,0,,,,,,,,,,
Pliancy,1,0,1,0,,,,,,,,,,
长度 - 头部以下螺纹部分,1,0,1,0,,,,,,,,,,
排线厚度,1,0,1,0,,,,,,,,,,
Maximum Power,1,0,1,0,,,,,,,,,,
不同 Vr、F 时 Q 值,1,0,1,0,,,,,,,,,,
Panel width,1,0,1,0,,,,,,,,,,
感应温度Sensing Temperature,1,0,1,0,,,,,,,,,,
电流 - 保持 (Ih),1,0,1,0,,,,,,,,,,
VGE(th)   min,1,0,1,0,,,,,,,,,,
间距 - 连接器,1,0,1,0,,,,,,,,,,
Inside-Height,1,0,1,0,,,,,,,,,,
帽盖样式,1,0,1,0,,,,,,,,,,
Vsupply I/O(Min)(V),1,0,1,0,,,,,,,,,,
垂直输出电流,1,0,1,0,,,,,,,,,,
Operating Temperature (°C) (max),1,0,1,0,,,,,,,,,,
Rated Repetitive Off-State Voltage VDRM,1,0,1,0,,,,,,,,,,
Hole Size,1,0,1,0,,,,,,,,,,
Reel Diameter,1,0,1,0,,,,,,,,,,
Potentiometer Mounting,1,0,1,0,,,,,,,,,,
电路类型,1,0,1,0,,,,,,,,,,
Current Rating (Amps),1,0,1,0,,,,,,,,,,
IoMAX (mA),1,0,1,0,,,,,,,,,,
Type of Charger,1,0,1,0,,,,,,,,,,
Insulation Voltage,1,0,1,0,,,,,,,,,,
Charge Rate Control,1,0,1,0,,,,,,,,,,
连接器至连接器,1,0,1,0,,,,,,,,,,
Forward Current If(AV),1,0,1,0,,,,,,,,,,
CMRR - 共模抑制比,1,0,1,0,,,,,,,,,,
工作电压Voltage - Supply,1,0,1,0,,,,,,,,,,
Kind of sensor,1,0,1,0,,,,,,,,,,
Dimming,1,0,1,0,,,,,,,,,,
Voltage - Input (Maximum),1,0,1,0,,,,,,,,,,
Min. insulation resistance,1,0,1,0,,,,,,,,,,
Main Program Memory Type,1,0,1,0,,,,,,,,,,
输出电压—通道1,1,0,1,0,,,,,,,,,,
Indicators features,1,0,1,0,,,,,,,,,,
直流输出电线长度,1,0,1,0,,,,,,,,,,
Program Memory Type,1,0,1,0,,,,,,,,,,
电阻 (欧姆),1,0,1,0,,,,,,,,,,
Cable-Pitch,1,0,1,0,,,,,,,,,,
Type of switch accessories,1,0,1,0,,,,,,,,,,
Sync/Async,1,0,1,0,,,,,,,,,,
I(F)per diode,1,0,1,0,,,,,,,,,,
电流类型,1,0,1,0,,,,,,,,,,
Battery Technologies Supported,1,0,1,0,,,,,,,,,,
Reverse-Recovery-Time-trr,1,0,1,0,,,,,,,,,,
Number-of-I-Os,1,0,1,0,,,,,,,,,,
微型开关制动器,1,0,1,0,,,,,,,,,,
电流量程 直流,1,0,1,0,,,,,,,,,,
传感器外壳,1,0,1,0,,,,,,,,,,
硅芯系列号,1,0,1,0,,,,,,,,,,
LGATE Sink Resistance  (typ)(Ohm),0,1,0,1,,,,,,,,,,
UGATE Rise Time  (typ)(ns),0,1,0,1,,,,,,,,,,
Horsepower Rating,1,0,1,0,,,,,,,,,,
Peak Current-Max,1,0,1,0,,,,,,,,,,
Onboard flash,1,0,1,0,,,,,,,,,,
夹具材料 - 镀层,1,0,1,0,,,,,,,,,,
Switching-Frequency,1,0,1,0,,,,,,,,,,
集电极-发射极反向击穿电压V(BR)CEOCollector-EmitterVoltage(VCEO),1,0,1,0,,,,,,,,,,
扣箍材料,1,0,1,0,,,,,,,,,,
Voltage-Output-Min-Fixed,1,0,1,0,,,,,,,,,,
功率耗散,1,0,1,0,,,,,,,,,,
UGATE Sink Resistance  (typ)(Ohm),0,1,0,1,,,,,,,,,,
典型Choices PLL波动(ps)(p-p),1,0,1,0,,,,,,,,,,
DIODE反向电压Vr  Reverse Voltage,1,0,1,0,,,,,,,,,,
电源电压Vcc(V),1,0,1,0,,,,,,,,,,
Ir - Reverse Current,1,0,1,0,,,,,,,,,,
标签尺寸,1,0,1,0,,,,,,,,,,
Current Rating Nom,1,0,1,0,,,,,,,,,,
Wire/Cable Main Branch OD,1,0,1,0,,,,,,,,,,
On-state resistance,1,0,1,0,,,,,,,,,,
接口方式,1,0,1,0,,,,,,,,,,
Relay variant,1,0,1,0,,,,,,,,,,
内部宽度,1,0,1,0,,,,,,,,,,
EEPRPM(位),1,0,1,0,,,,,,,,,,
VCE(sat) (Tvj=25°C typ),1,0,1,0,,,,,,,,,,
Marker Dimensions,1,0,1,0,,,,,,,,,,
순방향 트랜스컨덕턴스 - 최소,1,0,1,0,,,,,,,,,,
Insulation Diameter (mm in),1,0,1,0,,,,,,,,,,
网络功能,1,0,1,0,,,,,,,,,,
电阻器数,1,0,1,0,,,,,,,,,,
Number of Digits,1,0,1,0,,,,,,,,,,
Load Impedance,1,0,1,0,,,,,,,,,,
Door,1,0,1,0,,,,,,,,,,
紧固件材料,1,0,1,0,,,,,,,,,,
过零电路,1,0,1,0,,,,,,,,,,
D/A,1,0,1,0,,,,,,,,,,
System length,1,0,1,0,,,,,,,,,,
Molding-Height-Above-Board,1,0,1,0,,,,,,,,,,
Material Code,1,0,1,0,,,,,,,,,,
采样比,1,0,1,0,,,,,,,,,,
电池数,1,0,1,0,,,,,,,,,,
Convert From Fiber Optic Connector,1,0,1,0,,,,,,,,,,
Ferrule Material,1,0,1,0,,,,,,,,,,
Secondary-Impedance,1,0,1,0,,,,,,,,,,
高ESD,1,0,1,0,,,,,,,,,,
PCIe,1,0,1,0,,,,,,,,,,
护套（绝缘）直径,1,0,1,0,,,,,,,,,,
数字 I/O 线,1,0,1,0,,,,,,,,,,
전압 - 공급,1,0,1,0,,,,,,,,,,
Maximum VSWR,1,0,1,0,,,,,,,,,,
Center Contact Material,1,0,1,0,,,,,,,,,,
If - 순방향 전류,1,0,1,0,,,,,,,,,,
螺丝长度,1,0,1,0,,,,,,,,,,
雪崩电压VBR(Min.)(V),1,0,1,0,,,,,,,,,,
面板厚度最大值,1,0,1,0,,,,,,,,,,
最大转换速率(MSPS),1,0,1,0,,,,,,,,,,
No.of outputs,1,0,1,0,,,,,,,,,,
Typical Oscillator Frequency (MHz),1,0,1,0,,,,,,,,,,
程序/数据 Flash(kB),1,0,1,0,,,,,,,,,,
Length (inch),1,0,1,0,,,,,,,,,,
CSYNC和SOG支持,1,0,1,0,,,,,,,,,,
USB端口数,1,0,1,0,,,,,,,,,,
路数,1,0,1,0,,,,,,,,,,
MOS最大源漏极电压Vds  Drain-Source Voltage,1,0,1,0,,,,,,,,,,
输出总功率,1,0,1,0,,,,,,,,,,
Output Voltage-Channel 1,1,0,1,0,,,,,,,,,,
仪表类型,1,0,1,0,,,,,,,,,,
平均整流电流Io  AverAge Rectified Current,1,0,1,0,,,,,,,,,,
SW Current Limit  (typ)(A),0,1,0,1,,,,,,,,,,
Vf - 正向电压,1,0,1,0,,,,,,,,,,
Seal Material,1,0,1,0,,,,,,,,,,
逻辑电压,1,0,1,0,,,,,,,,,,
Altitude,1,0,1,0,,,,,,,,,,
Voltage-Input-Min,1,0,1,0,,,,,,,,,,
静态电流Is(mA),1,0,1,0,,,,,,,,,,
Voltage-Input-Max,1,0,1,0,,,,,,,,,,
Tape Width - Imperial,1,0,1,0,,,,,,,,,,
输入,1,0,1,0,,,,,,,,,,
Post Trip Resistance (Max),1,0,1,0,,,,,,,,,,
Initial Resistance (Min),1,0,1,0,,,,,,,,,,
旋钮材料,1,0,1,0,,,,,,,,,,
Calibration Certificate,1,0,1,0,,,,,,,,,,
"Voltage, Switching",1,0,1,0,,,,,,,,,,
Trigger modes,1,0,1,0,,,,,,,,,,
Maximum Continuous Drain Current,1,0,1,0,,,,,,,,,,
Kind of oscilloscope,1,0,1,0,,,,,,,,,,
输入通道数量,0,1,0,1,,,,,,,,,,
Waveform frequency range,1,0,1,0,,,,,,,,,,
最小电线尺寸 mm2,1,0,1,0,,,,,,,,,,
Freq  Adj,0,1,0,1,,,,,,,,,,
Frame Type,1,0,1,0,,,,,,,,,,
直径 - 标签,1,0,1,0,,,,,,,,,,
I/O Isolation Voltage,1,0,1,0,,,,,,,,,,
Lead Spacing (Nom.) / mm,1,0,1,0,,,,,,,,,,
Diagonal Screen Size,1,0,1,0,,,,,,,,,,
最低工作电源电压,1,0,1,0,,,,,,,,,,
Number of Contact Rows,1,0,1,0,,,,,,,,,,
Current - On State (It (AV)) (Max),1,0,1,0,,,,,,,,,,
Max Input Capacitance,1,0,1,0,,,,,,,,,,
材料 - 壳体和棱柱,1,0,1,0,,,,,,,,,,
No.cables,1,0,1,0,,,,,,,,,,
Vsupply Pos(Max)(V),1,0,1,0,,,,,,,,,,
初级绕组,1,0,1,0,,,,,,,,,,
摆率,1,0,1,0,,,,,,,,,,
Current-Transfer-Ratio,1,0,1,0,,,,,,,,,,
最大反向电压VR,1,0,1,0,,,,,,,,,,
Vce 饱和值（最大值）Vce Saturation (Max),1,0,1,0,,,,,,,,,,
Conduit Material,1,0,1,0,,,,,,,,,,
UGATE Fall Time  (typ)(ns),0,1,0,1,,,,,,,,,,
"Material, Gasket",1,0,1,0,,,,,,,,,,
Number of Holes,1,0,1,0,,,,,,,,,,
Tactile,1,0,1,0,,,,,,,,,,
Number of Loaded Positions,1,0,1,0,,,,,,,,,,
最高温度,1,0,1,0,,,,,,,,,,
Conduit Colour,1,0,1,0,,,,,,,,,,
LEDs&#039; features,1,0,1,0,,,,,,,,,,
Bushing Material,1,0,1,0,,,,,,,,,,
"电压-供电,双 (V±)",1,0,1,0,,,,,,,,,,
Fuse Terminals,1,0,1,0,,,,,,,,,,
Isolation Transformer Primary Voltages,1,0,1,0,,,,,,,,,,
Maximum Input Offset Voltage,1,0,1,0,,,,,,,,,,
最大耗散功率Pd  Power Dissipation,1,0,1,0,,,,,,,,,,
隔离 @ 频率,1,0,1,0,,,,,,,,,,
Display-Count,1,0,1,0,,,,,,,,,,
Number of segments,1,0,1,0,,,,,,,,,,
Marker Material,1,0,1,0,,,,,,,,,,
直流电流増宽度率,1,0,1,0,,,,,,,,,,
Max. Vce(V),0,1,0,1,,,,,,,,,,
ESD Protection,1,0,1,0,,,,,,,,,,
电容(µF),1,0,1,0,,,,,,,,,,
Time Min,1,0,1,0,,,,,,,,,,
Display-Characters-Height,1,0,1,0,,,,,,,,,,
接收禁止,1,0,1,0,,,,,,,,,,
Maximum Input Bias Current (uA),1,0,1,0,,,,,,,,,,
插损 @ 频率,1,0,1,0,,,,,,,,,,
Kind of output connector,1,0,1,0,,,,,,,,,,
"Drain to Source Breakdown Voltage, BVDSS(V)",0,1,0,1,,,,,,,,,,
电流 - DC 正向 (If)Current - DC Forward (If),1,0,1,0,,,,,,,,,,
PackingOptionUOM,1,0,1,0,,,,,,,,,,
电流 - LED 触发 (Ift)（最大值）,1,0,1,0,,,,,,,,,,
适配器主体类型,1,0,1,0,,,,,,,,,,
Microswitch Type,1,0,1,0,,,,,,,,,,
Load 전류 정격,1,0,1,0,,,,,,,,,,
电压VDSS,1,0,1,0,,,,,,,,,,
Output Voltage-Channel 2,1,0,1,0,,,,,,,,,,
从同轴电缆类型转换,1,0,1,0,,,,,,,,,,
Vsupply Digital (Max) (V),1,0,1,0,,,,,,,,,,
间距 - 电缆,1,0,1,0,,,,,,,,,,
型号,1,0,1,0,,,,,,,,,,
差分 - 输入:输出,1,0,1,0,,,,,,,,,,
增量范围,1,0,1,0,,,,,,,,,,
COMe type,1,0,1,0,,,,,,,,,,
Frequency-Switching,1,0,1,0,,,,,,,,,,
Synchronous-Rectifier,1,0,1,0,,,,,,,,,,
Switch-Configuration,1,0,1,0,,,,,,,,,,
电流 - 保持 (Ih)（最大值）,1,0,1,0,,,,,,,,,,
Fixing Centers,1,0,1,0,,,,,,,,,,
颜色 - 背景,1,0,1,0,,,,,,,,,,
Light emitting method,1,0,1,0,,,,,,,,,,
漏源导通电阻,1,0,1,0,,,,,,,,,,
Test Frequency Max,1,0,1,0,,,,,,,,,,
Coating Type,1,0,1,0,,,,,,,,,,
Package1,1,0,1,0,,,,,,,,,,
Wire type,1,0,1,0,,,,,,,,,,
Output Function,1,0,1,0,,,,,,,,,,
ET（伏特-时间）,1,0,1,0,,,,,,,,,,
Operating Voltage (Max),1,0,1,0,,,,,,,,,,
Tool Is For Evaluation Of,1,0,1,0,,,,,,,,,,
On-State Voltage,1,0,1,0,,,,,,,,,,
人工复位,1,0,1,0,,,,,,,,,,
最小电流传输率,1,0,1,0,,,,,,,,,,
Step-Resolution,1,0,1,0,,,,,,,,,,
Ventilation,1,0,1,0,,,,,,,,,,
Coil Type,1,0,1,0,,,,,,,,,,
Maximum Low Level Output Current,1,0,1,0,,,,,,,,,,
Pattern Type,1,0,1,0,,,,,,,,,,
Drain Efficiency (Typ),1,0,1,0,,,,,,,,,,
启动电流(μA),1,0,1,0,,,,,,,,,,
Vsupply Digital (Min)(V),1,0,1,0,,,,,,,,,,
Stranding,1,0,1,0,,,,,,,,,,
Actuator Length,1,0,1,0,,,,,,,,,,
Bushing Size,1,0,1,0,,,,,,,,,,
Board format,1,0,1,0,,,,,,,,,,
"MCU supply voltage, V5V, Min(V)",0,1,0,1,,,,,,,,,,
Single Supply Voltage (V+),1,0,1,0,,,,,,,,,,
Cantilever Spring Material,1,0,1,0,,,,,,,,,,
Min Inductance,1,0,1,0,,,,,,,,,,
IO(MAX)(mA),1,0,1,0,,,,,,,,,,
Memory socket,1,0,1,0,,,,,,,,,,
电缆间距,1,0,1,0,,,,,,,,,,
Channel-to-Channel Matching (&Delta;Ron),1,0,1,0,,,,,,,,,,
齐纳类型,1,0,1,0,,,,,,,,,,
"Color, Cover",1,0,1,0,,,,,,,,,,
Coil Termination,1,0,1,0,,,,,,,,,,
Typical Dual Supply Voltage (V),1,0,1,0,,,,,,,,,,
Cable Group,1,0,1,0,,,,,,,,,,
Bracket size,1,0,1,0,,,,,,,,,,
Repetitive Peak Forward Blocking Voltage (V),1,0,1,0,,,,,,,,,,
通道至通道匹配(&Delta;Ron),1,0,1,0,,,,,,,,,,
SPI通道数目,1,0,1,0,,,,,,,,,,
Time Max,1,0,1,0,,,,,,,,,,
Output Configuration,1,0,1,0,,,,,,,,,,
Vout Max,1,0,1,0,,,,,,,,,,
采样相位的选择,1,0,1,0,,,,,,,,,,
DIODE最大正向压降VF  Forward Voltage(Vf),1,0,1,0,,,,,,,,,,
最小电阻,1,0,1,0,,,,,,,,,,
反向电压Vr  Reverse Voltage(Vr),1,0,1,0,,,,,,,,,,
扣环类型,1,0,1,0,,,,,,,,,,
Connector Body Style,1,0,1,0,,,,,,,,,,
触点配置,1,0,1,0,,,,,,,,,,
电流分享,1,0,1,0,,,,,,,,,,
DIODE平均整流电流Io  Average Rectified Current,1,0,1,0,,,,,,,,,,
Fiber-Cladding-Diameter,1,0,1,0,,,,,,,,,,
工作温度最高值,1,0,1,0,,,,,,,,,,
Mating System,1,0,1,0,,,,,,,,,,
电源模块类型,1,0,1,0,,,,,,,,,,
级别数,1,0,1,0,,,,,,,,,,
旋钮 / 表盘类型,1,0,1,0,,,,,,,,,,
CAN bus,1,0,1,0,,,,,,,,,,
噪声电压Vn(nV/√Hz),1,0,1,0,,,,,,,,,,
开关特性,1,0,1,0,,,,,,,,,,
Number of Independent Delay Inputs,1,0,1,0,,,,,,,,,,
Ethernet category,1,0,1,0,,,,,,,,,,
Shaft-Diameter,1,0,1,0,,,,,,,,,,
"Driver Supply Voltage, V15V, Max(V)",0,1,0,1,,,,,,,,,,
"Voltage - Supply, Single (V+)",1,0,1,0,,,,,,,,,,
定时启动方法,1,0,1,0,,,,,,,,,,
Output parameters,1,0,1,0,,,,,,,,,,
Convert From Positions,1,0,1,0,,,,,,,,,,
外壳尺寸 - 插件（转换到）,1,0,1,0,,,,,,,,,,
Average rectified current,1,0,1,0,,,,,,,,,,
外壳表面处理厚度,1,0,1,0,,,,,,,,,,
Maximum-Drain-Gate-Voltage,1,0,1,0,,,,,,,,,,
Height (Max.) / mm,1,0,1,0,,,,,,,,,,
Minimum PSRR,1,0,1,0,,,,,,,,,,
采样率（每秒）,1,0,1,0,,,,,,,,,,
UART,1,0,1,0,,,,,,,,,,
Core Processor,1,0,1,0,,,,,,,,,,
套件名称,1,0,1,0,,,,,,,,,,
Rated coil voltage,1,0,1,0,,,,,,,,,,
DC Voltage Range Accuracy,1,0,1,0,,,,,,,,,,
微型开关类型,1,0,1,0,,,,,,,,,,
Alternate Positions,1,0,1,0,,,,,,,,,,
"Drive Voltage (Max Rds On, Min Rds On)",1,0,1,0,,,,,,,,,,
通道数目,1,0,1,0,,,,,,,,,,
Capacitance-Vr-F,1,0,1,0,,,,,,,,,,
Current Rating (Ic / Id),1,0,1,0,,,,,,,,,,
Voltage Rating (Vces / Vdss),1,0,1,0,,,,,,,,,,
"Voltage, Battery",1,0,1,0,,,,,,,,,,
Maximum Insertion Loss,1,0,1,0,,,,,,,,,,
Track Taper,1,0,1,0,,,,,,,,,,
Transformer Type,1,0,1,0,,,,,,,,,,
Number-of-Batteries,1,0,1,0,,,,,,,,,,
Voltage(AC),1,0,1,0,,,,,,,,,,
开关电路,1,0,1,0,,,,,,,,,,
Protection Features,1,0,1,0,,,,,,,,,,
转换速率(典型值)(V/μs),1,0,1,0,,,,,,,,,,
瞬间前向最大电压VF(V)@IF,1,0,1,0,,,,,,,,,,
Bus Hold,1,0,1,0,,,,,,,,,,
多路复用器/解复用器电路,1,0,1,0,,,,,,,,,,
PCIe x1,1,0,1,0,,,,,,,,,,
"Length, Pin",1,0,1,0,,,,,,,,,,
Terminal-Style,1,0,1,0,,,,,,,,,,
"Drain-to-Source On-Resistance, Max RDS_ON(ohm)",0,1,0,1,,,,,,,,,,
E.T.,1,0,1,0,,,,,,,,,,
外部壳体材料,1,0,1,0,,,,,,,,,,
低动态输出阻抗,1,0,1,0,,,,,,,,,,
输出方式,1,0,1,0,,,,,,,,,,
线缆类型,1,0,1,0,,,,,,,,,,
紧固件镀层,1,0,1,0,,,,,,,,,,
Dimensions-Overall,1,0,1,0,,,,,,,,,,
捕捉/比较/PWM模块,1,0,1,0,,,,,,,,,,
Process Sealed,1,0,1,0,,,,,,,,,,
"Width, Panel",1,0,1,0,,,,,,,,,,
Pulsed collector current,1,0,1,0,,,,,,,,,,
App. Characteristic,1,0,1,0,,,,,,,,,,
清洁剂，处理方式,1,0,1,0,,,,,,,,,,
Shell Size - Insert,1,0,1,0,,,,,,,,,,
Voltage - Supply Span (Min),1,0,1,0,,,,,,,,,,
Return loss,1,0,1,0,,,,,,,,,,
Contact-Mating-Finish,1,0,1,0,,,,,,,,,,
商品信息,1,0,1,0,,,,,,,,,,
自动关断功能,1,0,1,0,,,,,,,,,,
Maximum-Turn-On-Delay-Time,1,0,1,0,,,,,,,,,,
Fluid/Chemical Resistance,1,0,1,0,,,,,,,,,,
Breakout Angle,1,0,1,0,,,,,,,,,,
每个芯片的元件数,1,0,1,0,,,,,,,,,,
ProductStatus,1,0,1,0,,,,,,,,,,
Mounting Hole Spacing (Metric) (mm),1,0,1,0,,,,,,,,,,
Air Flow,1,0,1,0,,,,,,,,,,
连续反向电压,1,0,1,0,,,,,,,,,,
电容值C Diode capacitance,1,0,1,0,,,,,,,,,,
电流IDM,1,0,1,0,,,,,,,,,,
反向电压VR Reverse Voltage,1,0,1,0,,,,,,,,,,
Package-Case-Size,1,0,1,0,,,,,,,,,,
模块尺寸,1,0,1,0,,,,,,,,,,
Pitch (mm),1,0,1,0,,,,,,,,,,
Output Current-Channel 2,1,0,1,0,,,,,,,,,,
相位数,1,0,1,0,,,,,,,,,,
Taper,1,0,1,0,,,,,,,,,,
Wavelength/Color Temperature,1,0,1,0,,,,,,,,,,
RF Frequency Range Min,1,0,1,0,,,,,,,,,,
最大电线尺寸 mm2,1,0,1,0,,,,,,,,,,
NEMA额定值,1,0,1,0,,,,,,,,,,
Current source accuracy,1,0,1,0,,,,,,,,,,
Audio Alarm Level,1,0,1,0,,,,,,,,,,
Dielectric(style),1,0,1,0,,,,,,,,,,
电压 @ Pmpp,1,0,1,0,,,,,,,,,,
A端连接器类型,1,0,1,0,,,,,,,,,,
VGE(th)   min   max,1,0,1,0,,,,,,,,,,
USOC 代码,1,0,1,0,,,,,,,,,,
高,1,0,1,0,,,,,,,,,,
Forward voltage,1,0,1,0,,,,,,,,,,
Optional equipment,1,0,1,0,,,,,,,,,,
汽车质量标准,1,0,1,0,,,,,,,,,,
DC Voltage Rating (Max),1,0,1,0,,,,,,,,,,
标准编号,1,0,1,0,,,,,,,,,,
RDS (on) (@ Tj = 150°C)  max,1,0,1,0,,,,,,,,,,
Current - Hold (Ih) (Max),1,0,1,0,,,,,,,,,,
IPM Case Style,1,0,1,0,,,,,,,,,,
Operating Supply Current,1,0,1,0,,,,,,,,,,
"Size, Stud",1,0,1,0,,,,,,,,,,
PLD乘积项,1,0,1,0,,,,,,,,,,
Load-Voltage-Rating,1,0,1,0,,,,,,,,,,
Voltage-Load,1,0,1,0,,,,,,,,,,
Cable Diameter Max - Metric,1,0,1,0,,,,,,,,,,
Indicator Style,1,0,1,0,,,,,,,,,,
Block Orientation,1,0,1,0,,,,,,,,,,
Coating,1,0,1,0,,,,,,,,,,
I.D. Max,1,0,1,0,,,,,,,,,,
Cable Entry,1,0,1,0,,,,,,,,,,
No. of Reels,1,0,1,0,,,,,,,,,,
Holding Temperature,1,0,1,0,,,,,,,,,,
Drain-source voltage,1,0,1,0,,,,,,,,,,
Typical Antenna Gain,1,0,1,0,,,,,,,,,,
Iout Max per Channel,1,0,1,0,,,,,,,,,,
Core Architecture,1,0,1,0,,,,,,,,,,
电阻 - 输入,1,0,1,0,,,,,,,,,,
Collector-emitter saturation voltage,1,0,1,0,,,,,,,,,,
外部壳体颜色,1,0,1,0,,,,,,,,,,
ΔVO/VO (±%),1,0,1,0,,,,,,,,,,
Output 구성,1,0,1,0,,,,,,,,,,
冷却方式,1,0,1,0,,,,,,,,,,
Voltage - Supply Span (Max),1,0,1,0,,,,,,,,,,
Word Size,1,0,1,0,,,,,,,,,,
典型电压温度系数,1,0,1,0,,,,,,,,,,
Maximum-Turn-Off-Delay-Time,1,0,1,0,,,,,,,,,,
Power Rating (VA),1,0,1,0,,,,,,,,,,
Mounting-Hole-Size,1,0,1,0,,,,,,,,,,
Insert mounting,1,0,1,0,,,,,,,,,,
被监测输入数,1,0,1,0,,,,,,,,,,
Insertion loss,1,0,1,0,,,,,,,,,,
屏蔽类型,1,0,1,0,,,,,,,,,,
Product Length (Metric) (mm),1,0,1,0,,,,,,,,,,
Tab-Width,1,0,1,0,,,,,,,,,,
"Voltage, Supply",1,0,1,0,,,,,,,,,,
结电容C(Max.)(pF),1,0,1,0,,,,,,,,,,
场效应管类型,1,0,1,0,,,,,,,,,,
螺纹大小,1,0,1,0,,,,,,,,,,
电流范围,1,0,1,0,,,,,,,,,,
Push to Test Button,1,0,1,0,,,,,,,,,,
"Operating Temperature, Minimum",1,0,1,0,,,,,,,,,,
转换至同轴电缆类型,1,0,1,0,,,,,,,,,,
显示器的外观,1,0,1,0,,,,,,,,,,
Pixel-Size,1,0,1,0,,,,,,,,,,
轴类型,1,0,1,0,,,,,,,,,,
Communications modules features,1,0,1,0,,,,,,,,,,
USB连接器类型,1,0,1,0,,,,,,,,,,
T(j)min,1,0,1,0,,,,,,,,,,
IEC-Series,1,0,1,0,,,,,,,,,,
Primary Resistance,1,0,1,0,,,,,,,,,,
Vsupply Pos(Min)(V),1,0,1,0,,,,,,,,,,
Power (Watts),1,0,1,0,,,,,,,,,,
Max Reference Frequency,1,0,1,0,,,,,,,,,,
Microswitch Actuator,1,0,1,0,,,,,,,,,,
比率 - S/H:ADC,1,0,1,0,,,,,,,,,,
安装方法,1,0,1,0,,,,,,,,,,
max.oper.temp.,1,0,1,0,,,,,,,,,,
RMS Voltage [AC] / Vrms,1,0,1,0,,,,,,,,,,
A/D 转换器数,1,0,1,0,,,,,,,,,,
Clamping Voltage,1,0,1,0,,,,,,,,,,
Program Memory Size,1,0,1,0,,,,,,,,,,
输出电流—通道1,1,0,1,0,,,,,,,,,,
Oper.temp.,1,0,1,0,,,,,,,,,,
ESR - (Ohm),1,0,1,0,,,,,,,,,,
Voltage-Regulation-Accuracy,1,0,1,0,,,,,,,,,,
剂量水平,1,0,1,0,,,,,,,,,,
Max Gate Charge,1,0,1,0,,,,,,,,,,
Max Charge Current,1,0,1,0,,,,,,,,,,
Power Consumption,1,0,1,0,,,,,,,,,,
Variant,1,0,1,0,,,,,,,,,,
电压 - 额定 DC,1,0,1,0,,,,,,,,,,
VCE(sat)   (Tvj=25°C typ),1,0,1,0,,,,,,,,,,
浪涌电流Current-Surge,1,0,1,0,,,,,,,,,,
Max. frequency,1,0,1,0,,,,,,,,,,
Mounting Size,1,0,1,0,,,,,,,,,,
Maximum Dropout Voltage,1,0,1,0,,,,,,,,,,
输出电流Output Current,1,0,1,0,,,,,,,,,,
Power Type,1,0,1,0,,,,,,,,,,
Guard Color,1,0,1,0,,,,,,,,,,
High Brightness,1,0,1,0,,,,,,,,,,
电源调整率,1,0,1,0,,,,,,,,,,
最大双电源电压,1,0,1,0,,,,,,,,,,
内存速度,1,0,1,0,,,,,,,,,,
Maximum power current,1,0,1,0,,,,,,,,,,
Signal Conditioner Input,1,0,1,0,,,,,,,,,,
Connector Pitch,1,0,1,0,,,,,,,,,,
VF(V),1,0,1,0,,,,,,,,,,
精度Accuracy,1,0,1,0,,,,,,,,,,
Module Type,1,0,1,0,,,,,,,,,,
"Shelf, Depth",1,0,1,0,,,,,,,,,,
System width,1,0,1,0,,,,,,,,,,
Shutdown Threshold,1,0,1,0,,,,,,,,,,
System height,1,0,1,0,,,,,,,,,,
Timer Functions,1,0,1,0,,,,,,,,,,
熔断器类型,1,0,1,0,,,,,,,,,,
Switch Voltage - Max,1,0,1,0,,,,,,,,,,
Product Length (Imperial) (in),1,0,1,0,,,,,,,,,,
内部开关,1,0,1,0,,,,,,,,,,
外部触头材料,1,0,1,0,,,,,,,,,,
使用的IC /部分,1,0,1,0,,,,,,,,,,
Maximum Reverse Stand-Off Voltage,1,0,1,0,,,,,,,,,,
编码,1,0,1,0,,,,,,,,,,
多个状态,1,0,1,0,,,,,,,,,,
外观尺寸,1,0,1,0,,,,,,,,,,
Release Current Min,1,0,1,0,,,,,,,,,,
触点额定值,1,0,1,0,,,,,,,,,,
Boot-Color,1,0,1,0,,,,,,,,,,
外部触头表面处理,1,0,1,0,,,,,,,,,,
Feature materia,1,0,1,0,,,,,,,,,,
Collector-Emitter-Voltage-VCEO-Max,1,0,1,0,,,,,,,,,,
DCL,1,0,1,0,,,,,,,,,,
相位数目,1,0,1,0,,,,,,,,,,
Blank Media Flash Memory Type,1,0,1,0,,,,,,,,,,
Configuration Memory,1,0,1,0,,,,,,,,,,
工作温度最小值,1,0,1,0,,,,,,,,,,
Marker Colour,1,0,1,0,,,,,,,,,,
턴 수,1,0,1,0,,,,,,,,,,
Service temperature range,1,0,1,0,,,,,,,,,,
比率 - 输入:输出,1,0,1,0,,,,,,,,,,
配接方向,1,0,1,0,,,,,,,,,,
螺丝材料 - 镀层,1,0,1,0,,,,,,,,,,
位置,1,0,1,0,,,,,,,,,,
Lead-Spacing,1,0,1,0,,,,,,,,,,
电压 - 通态 (Vtm)（最大值）,1,0,1,0,,,,,,,,,,
有效面积（Ae）mm²,1,0,1,0,,,,,,,,,,
Power Rating(s),1,0,1,0,,,,,,,,,,
短路电流 (Isc),1,0,1,0,,,,,,,,,,
-3dB 대역폭,1,0,1,0,,,,,,,,,,
Military Standard Series,1,0,1,0,,,,,,,,,,
Number of Outlets,1,0,1,0,,,,,,,,,,
min.oper.temp.,1,0,1,0,,,,,,,,,,
针位数（转换自）,1,0,1,0,,,,,,,,,,
LCR Type,1,0,1,0,,,,,,,,,,
方向（转换自）,1,0,1,0,,,,,,,,,,
耦合系数,1,0,1,0,,,,,,,,,,
Audio Interfaces,1,0,1,0,,,,,,,,,,
Lead 스타일,1,0,1,0,,,,,,,,,,
"Width, Overall",1,0,1,0,,,,,,,,,,
Load current max.,1,0,1,0,,,,,,,,,,
Label Colour,1,0,1,0,,,,,,,,,,
Voltage-DC-Reverse-Vr-Max,1,0,1,0,,,,,,,,,,
效率Efficiency(%),1,0,1,0,,,,,,,,,,
Min/Fixed Output Voltage,1,0,1,0,,,,,,,,,,
Sensing Distance (cm),1,0,1,0,,,,,,,,,,
Voltage Rating - AC,1,0,1,0,,,,,,,,,,
驱动器数量（配置数）Number of Configurations,1,0,1,0,,,,,,,,,,
最大DC电压Maximum DC Volts,1,0,1,0,,,,,,,,,,
Drain Source Voltage (Max),1,0,1,0,,,,,,,,,,
Integrated Magnetics,1,0,1,0,,,,,,,,,,
VO (V),1,0,1,0,,,,,,,,,,
AF Size - Metric,1,0,1,0,,,,,,,,,,
驱动器类型（配置/类型）Type/Configuration,1,0,1,0,,,,,,,,,,
Convert-To,1,0,1,0,,,,,,,,,,
Board-Thickness,1,0,1,0,,,,,,,,,,
SPI,1,0,1,0,,,,,,,,,,
模拟输入:输出,1,0,1,0,,,,,,,,,,
Forward Transconductance (Typ),1,0,1,0,,,,,,,,,,
Key Removable Positions,1,0,1,0,,,,,,,,,,
Maximum Write Speed (Mbps),1,0,1,0,,,,,,,,,,
Fuse Size Code,1,0,1,0,,,,,,,,,,
峰值集电极消费耗散,1,0,1,0,,,,,,,,,,
Vin(min),1,0,1,0,,,,,,,,,,
Clock Freq,1,0,1,0,,,,,,,,,,
Cooling design,1,0,1,0,,,,,,,,,,
输出信号,1,0,1,0,,,,,,,,,,
最大峰值脉冲电流Ipp,1,0,1,0,,,,,,,,,,
Number of Positions/Contacts,1,0,1,0,,,,,,,,,,
Tab Direction,1,0,1,0,,,,,,,,,,
导向照明颜色,1,0,1,0,,,,,,,,,,
Plug-Wire-Entry,1,0,1,0,,,,,,,,,,
速率(Kbps),1,0,1,0,,,,,,,,,,
Mounting Feature,1,0,1,0,,,,,,,,,,
T(max),1,0,1,0,,,,,,,,,,
Primary-Resistance,1,0,1,0,,,,,,,,,,
工作电压 (V),1,0,1,0,,,,,,,,,,
集电极功耗,1,0,1,0,,,,,,,,,,
Transfer rate,1,0,1,0,,,,,,,,,,
Equivalent Series Resistance Type,1,0,1,0,,,,,,,,,,
Non-contact temperature measuring resolution,1,0,1,0,,,,,,,,,,
Input Frequency,1,0,1,0,,,,,,,,,,
保存期限,1,0,1,0,,,,,,,,,,
同步整流器,1,0,1,0,,,,,,,,,,
Number-of-CablePairs,1,0,1,0,,,,,,,,,,
网络速度,1,0,1,0,,,,,,,,,,
Mounting Hole Spacing (Imperial) (in),1,0,1,0,,,,,,,,,,
Motor-Drive-Type,1,0,1,0,,,,,,,,,,
Pollution degree,1,0,1,0,,,,,,,,,,
Mounting Hole Diameter (Metric) (mm),1,0,1,0,,,,,,,,,,
Release Current Max,1,0,1,0,,,,,,,,,,
速率(Max.)(MHz),1,0,1,0,,,,,,,,,,
Tape Width - Metric,1,0,1,0,,,,,,,,,,
Shaft 길이,1,0,1,0,,,,,,,,,,
触头材料 - 镀层,1,0,1,0,,,,,,,,,,
处理器系列名称,1,0,1,0,,,,,,,,,,
Absolute Increment,1,0,1,0,,,,,,,,,,
最小电线尺寸 AWG,1,0,1,0,,,,,,,,,,
Lead-Diameter,1,0,1,0,,,,,,,,,,
外部深度 -英制,1,0,1,0,,,,,,,,,,
Integrated PSU,1,0,1,0,,,,,,,,,,
定时调节方法,1,0,1,0,,,,,,,,,,
RF Frequency Range Max,1,0,1,0,,,,,,,,,,
方向（转换到）,1,0,1,0,,,,,,,,,,
Fuse Size / Group,1,0,1,0,,,,,,,,,,
开环增益AVOL(dB),1,0,1,0,,,,,,,,,,
End-Size,1,0,1,0,,,,,,,,,,
VCE(sat)   max,1,0,1,0,,,,,,,,,,
连续漏极电流（Id）（25°C 时）,1,0,1,0,,,,,,,,,,
Current Type,1,0,1,0,,,,,,,,,,
直流输出连接器,1,0,1,0,,,,,,,,,,
Power per Element,1,0,1,0,,,,,,,,,,
Circuit 타입,1,0,1,0,,,,,,,,,,
IPM Power Device,1,0,1,0,,,,,,,,,,
"Material, Screw",1,0,1,0,,,,,,,,,,
最大输入电流,1,0,1,0,,,,,,,,,,
Maximum Collector Cut-Off Current (uA),1,0,1,0,,,,,,,,,,
No. of Phases,1,0,1,0,,,,,,,,,,
Bore Diameter Nom,1,0,1,0,,,,,,,,,,
"开关时间 (Ton,Toff)(最大值)",1,0,1,0,,,,,,,,,,
Butterfly,1,0,1,0,,,,,,,,,,
数据总线,1,0,1,0,,,,,,,,,,
峰值输出电流Current - Peak,1,0,1,0,,,,,,,,,,
最大电线数,1,0,1,0,,,,,,,,,,
Molded Part Shape,1,0,1,0,,,,,,,,,,
Typical NonInverting Input Noise Current Density,1,0,1,0,,,,,,,,,,
LabelType,1,0,1,0,,,,,,,,,,
Luminousity of green colour,1,0,1,0,,,,,,,,,,
Rail to Rail,1,0,1,0,,,,,,,,,,
AF Size - Imperial,1,0,1,0,,,,,,,,,,
Fibre Optic Connector Type,1,0,1,0,,,,,,,,,,
Output Power (Max),1,0,1,0,,,,,,,,,,
Direction Type,1,0,1,0,,,,,,,,,,
"Supply Voltage, Logic",1,0,1,0,,,,,,,,,,
最小双电源电压,1,0,1,0,,,,,,,,,,
Receiver-Hysteresis,1,0,1,0,,,,,,,,,,
メーカ,1,0,1,0,,,,,,,,,,
インダクタンス,1,0,1,0,,,,,,,,,,
UART通道数目,1,0,1,0,,,,,,,,,,
Contact Resistance,1,0,1,0,,,,,,,,,,
Load Max,1,0,1,0,,,,,,,,,,
Vrrm - Repetitive Reverse Voltage,1,0,1,0,,,,,,,,,,
Trip Time (Max),1,0,1,0,,,,,,,,,,
Number-of-Drivers,1,0,1,0,,,,,,,,,,
Current-Transmitting,1,0,1,0,,,,,,,,,,
功率失效检测,1,0,1,0,,,,,,,,,,
Number-Of-Characters-Per-Row,1,0,1,0,,,,,,,,,,
Fin Style,1,0,1,0,,,,,,,,,,
USB标准,1,0,1,0,,,,,,,,,,
Current-Max,1,0,1,0,,,,,,,,,,
Media-Lines-Protected,1,0,1,0,,,,,,,,,,
Core marking,1,0,1,0,,,,,,,,,,
Output Current-Channel 1,1,0,1,0,,,,,,,,,,
延迟到第一塔,1,0,1,0,,,,,,,,,,
Number-of-Contacts,1,0,1,0,,,,,,,,,,
High-Control-Voltage,1,0,1,0,,,,,,,,,,
最大非重复浪涌电流IFSM(A),1,0,1,0,,,,,,,,,,
读取/写入周期(次),1,0,1,0,,,,,,,,,,
Torque,1,0,1,0,,,,,,,,,,
保护类别,1,0,1,0,,,,,,,,,,
Voltage-Rated-AC,1,0,1,0,,,,,,,,,,
Diameter-Inside,1,0,1,0,,,,,,,,,,
Port Type,1,0,1,0,,,,,,,,,,
Zener Voltage Range,1,0,1,0,,,,,,,,,,
trr,1,0,1,0,,,,,,,,,,
Measurement frequency,1,0,1,0,,,,,,,,,,
电线端接,1,0,1,0,,,,,,,,,,
扭矩 - 螺丝,1,0,1,0,,,,,,,,,,
Programming Mode,1,0,1,0,,,,,,,,,,
Maximum Delay Time,1,0,1,0,,,,,,,,,,
不同电压时的触头额定电流,1,0,1,0,,,,,,,,,,
LCD Type,1,0,1,0,,,,,,,,,,
RF Prescaler,1,0,1,0,,,,,,,,,,
反激式峰值电压,1,0,1,0,,,,,,,,,,
Vesd - 静电放电电压气隙,1,0,1,0,,,,,,,,,,
Source Current Range,1,0,1,0,,,,,,,,,,
Forward volt.ty,1,0,1,0,,,,,,,,,,
P(tot)max,1,0,1,0,,,,,,,,,,
V(DRM),1,0,1,0,,,,,,,,,,
功率 (W) - 最大值,1,0,1,0,,,,,,,,,,
电缆长度 - 非裸露部分,1,0,1,0,,,,,,,,,,
Maximum Access Time,1,0,1,0,,,,,,,,,,
Number of Resistors,1,0,1,0,,,,,,,,,,
Voltage - I/O,1,0,1,0,,,,,,,,,,
输入电流类型,1,0,1,0,,,,,,,,,,
Recommended Operating Voltage  min max,1,0,1,0,,,,,,,,,,
次级绕组,1,0,1,0,,,,,,,,,,
Shutdown Current,1,0,1,0,,,,,,,,,,
Label-Size,1,0,1,0,,,,,,,,,,
程序存储器大小,1,0,1,0,,,,,,,,,,
电流 @ Pmpp,1,0,1,0,,,,,,,,,,
Contact Voltage VAC,1,0,1,0,,,,,,,,,,
Minimum Frequency,1,0,1,0,,,,,,,,,,
Luminescent color,1,0,1,0,,,,,,,,,,
No. of Test Leads,1,0,1,0,,,,,,,,,,
Noise Figure (dB Typ at f),1,0,1,0,,,,,,,,,,
TOP (°C),1,0,1,0,,,,,,,,,,
Source Voltage Range,1,0,1,0,,,,,,,,,,
Number of Segments,1,0,1,0,,,,,,,,,,
VF   (Tvj=25°C typ),1,0,1,0,,,,,,,,,,
定时类型,1,0,1,0,,,,,,,,,,
随附/必需的交流插头,1,0,1,0,,,,,,,,,,
"Driver Supply Voltage, V15V, Min(V)",0,1,0,1,,,,,,,,,,
Number of Slots,1,0,1,0,,,,,,,,,,
按钮制动器类型,1,0,1,0,,,,,,,,,,
平均整流器前向电流IO(Max.)(A),1,0,1,0,,,,,,,,,,
最小尺寸,1,0,1,0,,,,,,,,,,
电压 - 输出Voltage - Output,1,0,1,0,,,,,,,,,,
加载的针脚数,1,0,1,0,,,,,,,,,,
Bore Diameter Max,1,0,1,0,,,,,,,,,,
熔断器标准,1,0,1,0,,,,,,,,,,
Maximum Conversion Loss,1,0,1,0,,,,,,,,,,
Probe length,1,0,1,0,,,,,,,,,,
"Time, Response",1,0,1,0,,,,,,,,,,
Motor-Type-AC-DC,1,0,1,0,,,,,,,,,,
Noise Figure (Typ),1,0,1,0,,,,,,,,,,
内部高度,1,0,1,0,,,,,,,,,,
电阻器匹配率漂移,1,0,1,0,,,,,,,,,,
Material Systems Code,1,0,1,0,,,,,,,,,,
每元件功率,1,0,1,0,,,,,,,,,,
Relay series,1,0,1,0,,,,,,,,,,
Typical Fall Time,1,0,1,0,,,,,,,,,,
Graphic interfa,1,0,1,0,,,,,,,,,,
反向耐压VR,1,0,1,0,,,,,,,,,,
Dot Pitch,1,0,1,0,,,,,,,,,,
Input Voltage Range (VDC),1,0,1,0,,,,,,,,,,
Coaxial Termination,1,0,1,0,,,,,,,,,,
抽头数,1,0,1,0,,,,,,,,,,
电容比条件,1,0,1,0,,,,,,,,,,
串行I/O接口类型,1,0,1,0,,,,,,,,,,
Signal Conditioner Output,1,0,1,0,,,,,,,,,,
电容比,1,0,1,0,,,,,,,,,,
Input Voltage Max,1,0,1,0,,,,,,,,,,
Coating Colour,1,0,1,0,,,,,,,,,,
Continuous Drain Current at 25°C,1,0,1,0,,,,,,,,,,
校准内部脉冲,1,0,1,0,,,,,,,,,,
Touch techno.,1,0,1,0,,,,,,,,,,
Termination Post 길이,1,0,1,0,,,,,,,,,,
Time base,1,0,1,0,,,,,,,,,,
Applicator Style,1,0,1,0,,,,,,,,,,
Type of generator,1,0,1,0,,,,,,,,,,
Memory record length,1,0,1,0,,,,,,,,,,
Forward Voltage Drop,1,0,1,0,,,,,,,,,,
电压(V),1,0,1,0,,,,,,,,,,
Spread Spectrum,1,0,1,0,,,,,,,,,,
电机类型 - AC，DC,1,0,1,0,,,,,,,,,,
整流器类型,1,0,1,0,,,,,,,,,,
Tape Type,1,0,1,0,,,,,,,,,,
Chipset techno.,1,0,1,0,,,,,,,,,,
Output-Current-Channel-2,1,0,1,0,,,,,,,,,,
WLAN integrated,1,0,1,0,,,,,,,,,,
最大反向漏泄电流,1,0,1,0,,,,,,,,,,
Phase angle measuring accuracy,1,0,1,0,,,,,,,,,,
Tab-Length,1,0,1,0,,,,,,,,,,
Reactive power measuring accuracy,1,0,1,0,,,,,,,,,,
Price1000FormattedValue,1,0,1,0,,,,,,,,,,
负载故障保护,1,0,1,0,,,,,,,,,,
Sheath-Opening,1,0,1,0,,,,,,,,,,
Frequency (Min),1,0,1,0,,,,,,,,,,
Switching Regulator,1,0,1,0,,,,,,,,,,
系列名称,1,0,1,0,,,,,,,,,,
Convert-From,1,0,1,0,,,,,,,,,,
Tester Type,1,0,1,0,,,,,,,,,,
定时器模块,1,0,1,0,,,,,,,,,,
频率最大值(kHz),1,0,1,0,,,,,,,,,,
製品カテゴリ,1,0,1,0,,,,,,,,,,
A端测试连接器类型,1,0,1,0,,,,,,,,,,
Mode Of Operation,1,0,1,0,,,,,,,,,,
连接器 - 传感器,1,0,1,0,,,,,,,,,,
VIN (V),1,0,1,0,,,,,,,,,,
Lens Material,1,0,1,0,,,,,,,,,,
Built-In  Bootstrap  Diode,0,1,0,1,,,,,,,,,,
"Current, Ratings",1,0,1,0,,,,,,,,,,
导通电阻(最大值),1,0,1,0,,,,,,,,,,
Reverse Recovery Time trr Max,1,0,1,0,,,,,,,,,,
Maximum Continuous DC Collector Current (A),1,0,1,0,,,,,,,,,,
Motor-Type-Stepper,1,0,1,0,,,,,,,,,,
负荷调节,1,0,1,0,,,,,,,,,,
B端连接器类型,1,0,1,0,,,,,,,,,,
Length Tolerance,1,0,1,0,,,,,,,,,,
Control Features,1,0,1,0,,,,,,,,,,
Bezel Shape,1,0,1,0,,,,,,,,,,
Vesd - 静电放电电压触点,1,0,1,0,,,,,,,,,,
ADC resolution(bits),0,1,0,1,,,,,,,,,,
Data Rate Architecture,1,0,1,0,,,,,,,,,,
剥线范围,1,0,1,0,,,,,,,,,,
"Current, Secondary",1,0,1,0,,,,,,,,,,
Type of relay,1,0,1,0,,,,,,,,,,
低电平输出电流,1,0,1,0,,,,,,,,,,
Board-Side-Pitch,1,0,1,0,,,,,,,,,,
Form,1,0,1,0,,,,,,,,,,
Hub Style,1,0,1,0,,,,,,,,,,
Clamping Current,1,0,1,0,,,,,,,,,,
地区,1,0,1,0,,,,,,,,,,
合规,1,0,1,0,,,,,,,,,,
Voltage-Forward-Vf-Max-If,1,0,1,0,,,,,,,,,,
显示角,1,0,1,0,,,,,,,,,,
Battery IEC Code,1,0,1,0,,,,,,,,,,
"Voltage, Output",1,0,1,0,,,,,,,,,,
控制字(bit),1,0,1,0,,,,,,,,,,
INL - 积分非线性,1,0,1,0,,,,,,,,,,
Inside Diameter After Shrinking,1,0,1,0,,,,,,,,,,
Number of cores,1,0,1,0,,,,,,,,,,
Isolation LO-IF,1,0,1,0,,,,,,,,,,
Current-Average-Rectified-Io,1,0,1,0,,,,,,,,,,
Drain-Source Breakdown Voltage,1,0,1,0,,,,,,,,,,
VCE  max,1,0,1,0,,,,,,,,,,
外部深度- 公制,1,0,1,0,,,,,,,,,,
Marker Type,1,0,1,0,,,,,,,,,,
Standard equipment,1,0,1,0,,,,,,,,,,
打印机名称,1,0,1,0,,,,,,,,,,
Input coupling,1,0,1,0,,,,,,,,,,
Service Options,1,0,1,0,,,,,,,,,,
Bezel Style,1,0,1,0,,,,,,,,,,
Relay Construction,1,0,1,0,,,,,,,,,,
反向恢复时间Trr  Reverse Recovery Time,1,0,1,0,,,,,,,,,,
转换自,1,0,1,0,,,,,,,,,,
Reactive power measurement,1,0,1,0,,,,,,,,,,
Width (inch),1,0,1,0,,,,,,,,,,
Resolution (m/s²),1,0,1,0,,,,,,,,,,
Thread Pitch (Metric) (mm),1,0,1,0,,,,,,,,,,
Adapter-Style,1,0,1,0,,,,,,,,,,
Conductivity,1,0,1,0,,,,,,,,,,
静态工作电流 (Max),1,0,1,0,,,,,,,,,,
Displacement Max,1,0,1,0,,,,,,,,,,
PWM输出,1,0,1,0,,,,,,,,,,
Better World产品,1,0,1,0,,,,,,,,,,
Alignment Aids,1,0,1,0,,,,,,,,,,
Lens Shape Type,1,0,1,0,,,,,,,,,,
Current - Reverse Leakage @ Vr,1,0,1,0,,,,,,,,,,
CAN 通道数,1,0,1,0,,,,,,,,,,
Screen size,1,0,1,0,,,,,,,,,,
Typical Response Time (ms),1,0,1,0,,,,,,,,,,
连接器 - 电缆,1,0,1,0,,,,,,,,,,
耗散功率Pc  Power dissipation,1,0,1,0,,,,,,,,,,
Form Factor,1,0,1,0,,,,,,,,,,
Government Qualified,1,0,1,0,,,,,,,,,,
Maximum-Voltage,1,0,1,0,,,,,,,,,,
No. of Output Channels,1,0,1,0,,,,,,,,,,
Software,1,0,1,0,,,,,,,,,,
感应距离范围,1,0,1,0,,,,,,,,,,
模拟功能,1,0,1,0,,,,,,,,,,
Size - (mm),1,0,1,0,,,,,,,,,,
Resistor Values,1,0,1,0,,,,,,,,,,
最大反向电流IR(mA),1,0,1,0,,,,,,,,,,
도선 간격,1,0,1,0,,,,,,,,,,
内部壳体材料,1,0,1,0,,,,,,,,,,
Development Kit,1,0,1,0,,,,,,,,,,
Product Thickness,1,0,1,0,,,,,,,,,,
25°C 时电阻,1,0,1,0,,,,,,,,,,
Number of colors,1,0,1,0,,,,,,,,,,
"存储器容量, RAM",1,0,1,0,,,,,,,,,,
材料 - 磁铁,1,0,1,0,,,,,,,,,,
外壳尺寸 - 插件（转换自）,1,0,1,0,,,,,,,,,,
调光,1,0,1,0,,,,,,,,,,
Maximum High Level Output Current,1,0,1,0,,,,,,,,,,
Beam Type,1,0,1,0,,,,,,,,,,
Load Rating,1,0,1,0,,,,,,,,,,
漏源极电压,1,0,1,0,,,,,,,,,,
LED Color,1,0,1,0,,,,,,,,,,
电池化学,1,0,1,0,,,,,,,,,,
프로그램메모리크기,1,0,1,0,,,,,,,,,,
EEPROM 尺寸,1,0,1,0,,,,,,,,,,
Light Source Color,1,0,1,0,,,,,,,,,,
Contact Voltage VDC,1,0,1,0,,,,,,,,,,
Reverse Recovery Time (trr),1,0,1,0,,,,,,,,,,
Analog Supply Voltage,1,0,1,0,,,,,,,,,,
测试引线数量,1,0,1,0,,,,,,,,,,
Capacitance Measure Max,1,0,1,0,,,,,,,,,,
Used With,1,0,1,0,,,,,,,,,,
Wire/Cable OD,1,0,1,0,,,,,,,,,,
Frequency (Max),1,0,1,0,,,,,,,,,,
No. of pairs,1,0,1,0,,,,,,,,,,
Inside Diameter Range (Body),1,0,1,0,,,,,,,,,,
Adhesive Type,1,0,1,0,,,,,,,,,,
电流 - 饱和,1,0,1,0,,,,,,,,,,
Type of wire,1,0,1,0,,,,,,,,,,
IL (Short Circuit Current),1,0,1,0,,,,,,,,,,
最大输出峰值电流,1,0,1,0,,,,,,,,,,
有效磁体体积（Ve） mm³,1,0,1,0,,,,,,,,,,
螺栓尺寸,1,0,1,0,,,,,,,,,,
VESA Standard,1,0,1,0,,,,,,,,,,
Internal Diameter,1,0,1,0,,,,,,,,,,
Termination Resistance (RT or Rterm) (Typ),1,0,1,0,,,,,,,,,,
Fiber-Core-Diameter,1,0,1,0,,,,,,,,,,
Lifetime,1,0,1,0,,,,,,,,,,
PLL,1,0,1,0,,,,,,,,,,
Compatible series,1,0,1,0,,,,,,,,,,
每级针脚数,1,0,1,0,,,,,,,,,,
接端样式,1,0,1,0,,,,,,,,,,
Maximum Input Frequency,1,0,1,0,,,,,,,,,,
Capacitance measuring accuracy,1,0,1,0,,,,,,,,,,
ActualPackageType,1,0,1,0,,,,,,,,,,
Apparent power measurement,1,0,1,0,,,,,,,,,,
Voltage-Rated-DC,1,0,1,0,,,,,,,,,,
Max. diameter of measured cable,1,0,1,0,,,,,,,,,,
Connection / Termination,1,0,1,0,,,,,,,,,,
HDMI Rx,1,0,1,0,,,,,,,,,,
Number-of-Drivers-Receivers,1,0,1,0,,,,,,,,,,
Panel Cutout Width,1,0,1,0,,,,,,,,,,
输出端数量Number of Outputs,1,0,1,0,,,,,,,,,,
平均整流电流Io,1,0,1,0,,,,,,,,,,
Graduations,1,0,1,0,,,,,,,,,,
LED 数量,1,0,1,0,,,,,,,,,,
"Size, Screen",1,0,1,0,,,,,,,,,,
Temperature Threshold,1,0,1,0,,,,,,,,,,
Minimum DC Current Gain,1,0,1,0,,,,,,,,,,
Current - Supply,1,0,1,0,,,,,,,,,,
RAM(Byte),1,0,1,0,,,,,,,,,,
Coaxial Cable Types,1,0,1,0,,,,,,,,,,
比较器类型,1,0,1,0,,,,,,,,,,
转换至,1,0,1,0,,,,,,,,,,
Rate of Voltage Rise / (V/μs),1,0,1,0,,,,,,,,,,
Frequency Response,1,0,1,0,,,,,,,,,,
EPROM(位),1,0,1,0,,,,,,,,,,
LGATE Rise Time  (typ)(ns),0,1,0,1,,,,,,,,,,
数位数量,1,0,1,0,,,,,,,,,,
Frequency - Transition,1,0,1,0,,,,,,,,,,
Contact Mating Area Plating Material,1,0,1,0,,,,,,,,,,
출력 전류,1,0,1,0,,,,,,,,,,
输出通道数量,0,1,0,1,,,,,,,,,,
Current - Quiescent (Iq),1,0,1,0,,,,,,,,,,
内部尺寸,1,0,1,0,,,,,,,,,,
电压驻波比(VSWR),1,0,1,0,,,,,,,,,,
"Thickness, Material",1,0,1,0,,,,,,,,,,
R(thJC),1,0,1,0,,,,,,,,,,
可充电性,1,0,1,0,,,,,,,,,,
栅电流,1,0,1,0,,,,,,,,,,
平均整流输出电流,1,0,1,0,,,,,,,,,,
最大RMS反向电压,1,0,1,0,,,,,,,,,,
Product Width,1,0,1,0,,,,,,,,,,
Color-Sensing,1,0,1,0,,,,,,,,,,
适配器 A 型,1,0,1,0,,,,,,,,,,
Voltage Rating Max,1,0,1,0,,,,,,,,,,
垂直电源电压,1,0,1,0,,,,,,,,,,
Test Probe Attenuation,1,0,1,0,,,,,,,,,,
水平电源电流,1,0,1,0,,,,,,,,,,
Audio Sampling Rate (kHz,1,0,1,0,,,,,,,,,,
Peak Forward Surge Current (10ms),1,0,1,0,,,,,,,,,,
Gate-Source Threshold Voltage,1,0,1,0,,,,,,,,,,
Product Width (mm),1,0,1,0,,,,,,,,,,
Antenna-Connector,1,0,1,0,,,,,,,,,,
开发套件,1,0,1,0,,,,,,,,,,
Rows-Loaded,1,0,1,0,,,,,,,,,,
Input impedance,1,0,1,0,,,,,,,,,,
Pulse voltage max.,1,0,1,0,,,,,,,,,,
电流 - 非重复浪涌 50、60Hz (Itsm),1,0,1,0,,,,,,,,,,
电压输出的组数,1,0,1,0,,,,,,,,,,
Connector-AC-Input,1,0,1,0,,,,,,,,,,
Attachment Method,1,0,1,0,,,,,,,,,,
Region-Utilized,1,0,1,0,,,,,,,,,,
Connector-AC-Output,1,0,1,0,,,,,,,,,,
外部类型（适配器端）,1,0,1,0,,,,,,,,,,
Output-Current-Channel-3,1,0,1,0,,,,,,,,,,
压接定位应用,1,0,1,0,,,,,,,,,,
Number of Gangs,1,0,1,0,,,,,,,,,,
最大额定电压,1,0,1,0,,,,,,,,,,
螺纹,1,0,1,0,,,,,,,,,,
Tape Colour,1,0,1,0,,,,,,,,,,
电压 - 隔离Voltage - Isolation,1,0,1,0,,,,,,,,,,
平均整流电流Io  Average Rectified Current(Io),1,0,1,0,,,,,,,,,,
PackageDetail,1,0,1,0,,,,,,,,,,
Minimum Load Resistance (Ohm),1,0,1,0,,,,,,,,,,
Phase angle measuring resolution,1,0,1,0,,,,,,,,,,
Velocity Rate,1,0,1,0,,,,,,,,,,
No of Positions,1,0,1,0,,,,,,,,,,
手动关断功能,1,0,1,0,,,,,,,,,,
I2C通道数目,1,0,1,0,,,,,,,,,,
Center Frequency (MHz),1,0,1,0,,,,,,,,,,
OS installed,1,0,1,0,,,,,,,,,,
RAM 容量/已安装,1,0,1,0,,,,,,,,,,
数字数目,1,0,1,0,,,,,,,,,,
TA(°C),1,0,1,0,,,,,,,,,,
瞬间反转电流IR(Max.)(mA),1,0,1,0,,,,,,,,,,
频率 - 工作,1,0,1,0,,,,,,,,,,
RAM Controllers,1,0,1,0,,,,,,,,,,
Coded-Keyed,1,0,1,0,,,,,,,,,,
总体深度,1,0,1,0,,,,,,,,,,
IL - (uA),1,0,1,0,,,,,,,,,,
最大非繰り返しサージ電流,1,0,1,0,,,,,,,,,,
电压 - 供电，模拟,1,0,1,0,,,,,,,,,,
Adjustment-Type,1,0,1,0,,,,,,,,,,
Measurement Max,1,0,1,0,,,,,,,,,,
Cable Pitch,1,0,1,0,,,,,,,,,,
Power Gain (Typ)@Vds,1,0,1,0,,,,,,,,,,
VDE,1,0,1,0,,,,,,,,,,
Thread,1,0,1,0,,,,,,,,,,
工具用于评估,1,0,1,0,,,,,,,,,,
Shaft Type,1,0,1,0,,,,,,,,,,
Inside Diameter Before Shrinking,1,0,1,0,,,,,,,,,,
Integrated FANs,1,0,1,0,,,,,,,,,,
Relay type,1,0,1,0,,,,,,,,,,
Control current max.,1,0,1,0,,,,,,,,,,
电阻器匹配率,1,0,1,0,,,,,,,,,,
Lens Diameter,1,0,1,0,,,,,,,,,,
最大电流时的降电压,1,0,1,0,,,,,,,,,,
Insertion Loss Typ.,1,0,1,0,,,,,,,,,,
Access Time,1,0,1,0,,,,,,,,,,
Image-Size,1,0,1,0,,,,,,,,,,
Charge Injection,1,0,1,0,,,,,,,,,,
复位门限 (V),1,0,1,0,,,,,,,,,,
Typical Contrast Ratio,1,0,1,0,,,,,,,,,,
No. of Channels,1,0,1,0,,,,,,,,,,
Overall Size,1,0,1,0,,,,,,,,,,
A/D通道数(模块数),1,0,1,0,,,,,,,,,,
VRRM(V),1,0,1,0,,,,,,,,,,
Special Requirements,1,0,1,0,,,,,,,,,,
ton (Turn ON time)  max,1,0,1,0,,,,,,,,,,
静态 dV/dt（最小值）,1,0,1,0,,,,,,,,,,
Diagnostics,1,0,1,0,,,,,,,,,,
SSD Connector,1,0,1,0,,,,,,,,,,
GBW,1,0,1,0,,,,,,,,,,
Mode-of-Operation,1,0,1,0,,,,,,,,,,
Size (mm),1,0,1,0,,,,,,,,,,
从性别转换,1,0,1,0,,,,,,,,,,
Synchronous Pin,1,0,1,0,,,,,,,,,,
Shut Down Support,1,0,1,0,,,,,,,,,,
Mounting Orientation,1,0,1,0,,,,,,,,,,
最大平均正向电流(A),1,0,1,0,,,,,,,,,,
Maximum-Data-Rate,1,0,1,0,,,,,,,,,,
Panel height,1,0,1,0,,,,,,,,,,
Driver Type,1,0,1,0,,,,,,,,,,
片段数量,1,0,1,0,,,,,,,,,,
Product Height (Imperial) (in),1,0,1,0,,,,,,,,,,
MOS源漏极导通电阻Rds(on)  FET Drain-Source On-State Resistance,1,0,1,0,,,,,,,,,,
1st Connector,1,0,1,0,,,,,,,,,,
True effective value measurement,1,0,1,0,,,,,,,,,,
MOS最大栅源极电压Vgs(±)  Gate-Source Voltage,1,0,1,0,,,,,,,,,,
环境温度(℃),1,0,1,0,,,,,,,,,,
DeliveryUnit,1,0,1,0,,,,,,,,,,
Center Contact Plating,1,0,1,0,,,,,,,,,,
Header-Orientation,1,0,1,0,,,,,,,,,,
Sensor Terminals,1,0,1,0,,,,,,,,,,
Dimensions (width),1,0,1,0,,,,,,,,,,
电源电流—最大值,1,0,1,0,,,,,,,,,,
Switch Continuous Current,1,0,1,0,,,,,,,,,,
LED Lens Color,1,0,1,0,,,,,,,,,,
No of Outputs,1,0,1,0,,,,,,,,,,
Cable Diameter Min - Metric,1,0,1,0,,,,,,,,,,
Cable Diameter Max - Imperial,1,0,1,0,,,,,,,,,,
轨至轨,1,0,1,0,,,,,,,,,,
Maximum Output Current (mA),1,0,1,0,,,,,,,,,,
线性电流,1,0,1,0,,,,,,,,,,
CO measuring resolution,1,0,1,0,,,,,,,,,,
WLAN standard,1,0,1,0,,,,,,,,,,
传感器本体材料,1,0,1,0,,,,,,,,,,
Control Interface,1,0,1,0,,,,,,,,,,
天线安装,1,0,1,0,,,,,,,,,,
Dimensions   (length),1,0,1,0,,,,,,,,,,
パッケージ化,1,0,1,0,,,,,,,,,,
Slot bracket,1,0,1,0,,,,,,,,,,
Inside-Length,1,0,1,0,,,,,,,,,,
Transceivers amount,1,0,1,0,,,,,,,,,,
SRAM(bit),1,0,1,0,,,,,,,,,,
Io(A),1,0,1,0,,,,,,,,,,
Vrrm-Repetitive-Reverse-Voltage,1,0,1,0,,,,,,,,,,
Maximum-Operating-Frequency,1,0,1,0,,,,,,,,,,
速度 - 写入,1,0,1,0,,,,,,,,,,
Transistor Polarity,1,0,1,0,,,,,,,,,,
Forward (Drive) Current,1,0,1,0,,,,,,,,,,
Sub-Category,1,0,1,0,,,,,,,,,,
电压 - 供电，数字,1,0,1,0,,,,,,,,,,
Current-Reverse-Leakage-Vr,1,0,1,0,,,,,,,,,,
Approvals / Standards,1,0,1,0,,,,,,,,,,
主要目的,1,0,1,0,,,,,,,,,,
No. of Fibres,1,0,1,0,,,,,,,,,,
"Voltage - Supply, Dual (V±)",1,0,1,0,,,,,,,,,,
Off Isolation - Typ,1,0,1,0,,,,,,,,,,
Feed Type,1,0,1,0,,,,,,,,,,
电容比 Capacitance ratio C1V/C4V,1,0,1,0,,,,,,,,,,
Cord-Length,1,0,1,0,,,,,,,,,,
仪表精确度,1,0,1,0,,,,,,,,,,
Socket size,1,0,1,0,,,,,,,,,,
"Extern.3,5 inch",1,0,1,0,,,,,,,,,,
峰值反向重复电压,1,0,1,0,,,,,,,,,,
输出电压/电流,1,0,1,0,,,,,,,,,,
内部触头材料,1,0,1,0,,,,,,,,,,
USB 规格,1,0,1,0,,,,,,,,,,
像素尺寸,1,0,1,0,,,,,,,,,,
Thermocouple Type,1,0,1,0,,,,,,,,,,
内部类型（适配器端）,1,0,1,0,,,,,,,,,,
Limit Switch Actuator,1,0,1,0,,,,,,,,,,
面板孔尺寸,1,0,1,0,,,,,,,,,,
Overall dimensions (W x D x H),1,0,1,0,,,,,,,,,,
Lead Spacing A (inch),1,0,1,0,,,,,,,,,,
Duty cycle factor measurement accuracy,1,0,1,0,,,,,,,,,,
"Maximum Gate-to-Source Voltage, Max VGS(+-V)",0,1,0,1,,,,,,,,,,
Apparent power measuring accuracy,1,0,1,0,,,,,,,,,,
Current - On State (It (RMS)) (Max),1,0,1,0,,,,,,,,,,
ModelName,1,0,1,0,,,,,,,,,,
MOS最大漏极电流Id  Drain Current,1,0,1,0,,,,,,,,,,
Channel Number,0,1,0,1,,,,,,,,,,
装配孔直径,1,0,1,0,,,,,,,,,,
Dielectric Material,1,0,1,0,,,,,,,,,,
不同 If、F 时电阻,1,0,1,0,,,,,,,,,,
精准度,1,0,1,0,,,,,,,,,,
Filter Type,1,0,1,0,,,,,,,,,,
Wire cross section,1,0,1,0,,,,,,,,,,
Drain current,1,0,1,0,,,,,,,,,,
压接模具应用,1,0,1,0,,,,,,,,,,
反向漏电流IR,1,0,1,0,,,,,,,,,,
总体宽度,1,0,1,0,,,,,,,,,,
Luminous Intensity,1,0,1,0,,,,,,,,,,
PCIe x16,1,0,1,0,,,,,,,,,,
饱和电流Current - Saturation,1,0,1,0,,,,,,,,,,
Repetitive peak reverse voltage,1,0,1,0,,,,,,,,,,
栅源极阈值电压,1,0,1,0,,,,,,,,,,
Utilized IC / Part,1,0,1,0,,,,,,,,,,
Lock.front door,1,0,1,0,,,,,,,,,,
en - 输入电压噪声密度,1,0,1,0,,,,,,,,,,
Number-of-Transceivers,1,0,1,0,,,,,,,,,,
Contact Resistance Max,1,0,1,0,,,,,,,,,,
PSU manufact.,1,0,1,0,,,,,,,,,,
Terminal Design,1,0,1,0,,,,,,,,,,
Maximum Drain Source Voltage (V),1,0,1,0,,,,,,,,,,
颜色感应,1,0,1,0,,,,,,,,,,
额定电压(V),1,0,1,0,,,,,,,,,,
"Color, Button",1,0,1,0,,,,,,,,,,
Number of Detents,1,0,1,0,,,,,,,,,,
Input Channels,1,0,1,0,,,,,,,,,,
最大电缆长度,1,0,1,0,,,,,,,,,,
최대 입력 전압,1,0,1,0,,,,,,,,,,
Quantity per package,1,0,1,0,,,,,,,,,,
I.D. Min,1,0,1,0,,,,,,,,,,
Seal,1,0,1,0,,,,,,,,,,
"Rating, Load",1,0,1,0,,,,,,,,,,
准确性,1,0,1,0,,,,,,,,,,
按钮直径,1,0,1,0,,,,,,,,,,
仪表显示类型,1,0,1,0,,,,,,,,,,
外壳/屏蔽材料,1,0,1,0,,,,,,,,,,
VITA Standard,1,0,1,0,,,,,,,,,,
Max On Resistance,1,0,1,0,,,,,,,,,,
"Max Switch Time (Ton,Toff)",1,0,1,0,,,,,,,,,,
Maximum Movement Differential,1,0,1,0,,,,,,,,,,
Wire/Cable Sm Branch OD,1,0,1,0,,,,,,,,,,
线性电压,1,0,1,0,,,,,,,,,,
按钮标记,1,0,1,0,,,,,,,,,,
Screw-Plating,1,0,1,0,,,,,,,,,,
Oscilloscope Probe Function,1,0,1,0,,,,,,,,,,
动态电阻Rdyn,1,0,1,0,,,,,,,,,,
Operating Temperature Max Deg. C,1,0,1,0,,,,,,,,,,
Button marking,1,0,1,0,,,,,,,,,,
Outside-Width,1,0,1,0,,,,,,,,,,
Web Features,1,0,1,0,,,,,,,,,,
典型上升时间,1,0,1,0,,,,,,,,,,
开关致动液位,1,0,1,0,,,,,,,,,,
trr-Reverse-Recovery-time,1,0,1,0,,,,,,,,,,
Operating-Temperature-Junction,1,0,1,0,,,,,,,,,,
Rise Time,1,0,1,0,,,,,,,,,,
ECC Support,1,0,1,0,,,,,,,,,,
长度 - 尖头,1,0,1,0,,,,,,,,,,
抗辐射,1,0,1,0,,,,,,,,,,
电流 - 静态（最大值）,1,0,1,0,,,,,,,,,,
收集器发射器电压,1,0,1,0,,,,,,,,,,
扩展站点/总线,1,0,1,0,,,,,,,,,,
精度 %,1,0,1,0,,,,,,,,,,
步进分辨率,1,0,1,0,,,,,,,,,,
Capacity (byte),1,0,1,0,,,,,,,,,,
Maximum-DC-Collector-Current,1,0,1,0,,,,,,,,,,
Housing material,1,0,1,0,,,,,,,,,,
最大连续正向电流,1,0,1,0,,,,,,,,,,
Simplex-Duplex,1,0,1,0,,,,,,,,,,
Maximum Power Dissipation (mW),1,0,1,0,,,,,,,,,,
Voltage - Collector Emitter Breakdown (Maximum),1,0,1,0,,,,,,,,,,
定时延迟,0,1,0,1,,,,,,,,,,
Measurement Rate,1,0,1,0,,,,,,,,,,
"System Frequency, fSCLK(MHz)",0,1,0,1,,,,,,,,,,
Input-Voltage-MAX,1,0,1,0,,,,,,,,,,
Security,1,0,1,0,,,,,,,,,,
状态提示及使能控制,1,0,1,0,,,,,,,,,,
Triac Type,1,0,1,0,,,,,,,,,,
输入电压(输出开),1,0,1,0,,,,,,,,,,
"MCU supply voltage, V5V, Max(V)",0,1,0,1,,,,,,,,,,
电池备用开关,1,0,1,0,,,,,,,,,,
Surge Current Rating (A),1,0,1,0,,,,,,,,,,
数据总线宽度,1,0,1,0,,,,,,,,,,
看门狗计时器,1,0,1,0,,,,,,,,,,
隔离,1,0,1,0,,,,,,,,,,
Breakover voltage,1,0,1,0,,,,,,,,,,
Primary-Impedance,1,0,1,0,,,,,,,,,,
Chromatic coordinates,1,0,1,0,,,,,,,,,,
조명 색상,1,0,1,0,,,,,,,,,,
Adhesive Code,1,0,1,0,,,,,,,,,,
套件分类,1,0,1,0,,,,,,,,,,
Maximum Input Bias Current,1,0,1,0,,,,,,,,,,
Type of logger,1,0,1,0,,,,,,,,,,
"RS-232 (422, 485)",1,0,1,0,,,,,,,,,,
Fiber-Diameter,1,0,1,0,,,,,,,,,,
Memory Size,1,0,1,0,,,,,,,,,,
Lens-Dimensions,1,0,1,0,,,,,,,,,,
Type of transistor,1,0,1,0,,,,,,,,,,
Fiber Diameter,1,0,1,0,,,,,,,,,,
切边,1,0,1,0,,,,,,,,,,
震荡频率Oscillation Frequency,1,0,1,0,,,,,,,,,,
Tool Body Material,1,0,1,0,,,,,,,,,,
阻值,1,0,1,0,,,,,,,,,,
DCR Typ,1,0,1,0,,,,,,,,,,
Wire-Termination,1,0,1,0,,,,,,,,,,
转换器数量,1,0,1,0,,,,,,,,,,
Trip Current,1,0,1,0,,,,,,,,,,
线路电容CL,1,0,1,0,,,,,,,,,,
辅助作用,1,0,1,0,,,,,,,,,,
Typical Brightness (cd/m2),1,0,1,0,,,,,,,,,,
Inductance Measure Max,1,0,1,0,,,,,,,,,,
闸/源截止电压,1,0,1,0,,,,,,,,,,
Reg./Unreg.,1,0,1,0,,,,,,,,,,
频谱分析仪类型,1,0,1,0,,,,,,,,,,
On/Off Logic,1,0,1,0,,,,,,,,,,
出口数,1,0,1,0,,,,,,,,,,
材料 - 尖头,1,0,1,0,,,,,,,,,,
压差典型值(V),1,0,1,0,,,,,,,,,,
Timing-Range,1,0,1,0,,,,,,,,,,
引线节距,1,0,1,0,,,,,,,,,,
最大反向漏电流IR(nA),1,0,1,0,,,,,,,,,,
Gas Detector Type,1,0,1,0,,,,,,,,,,
Vos - 输入偏置电压,1,0,1,0,,,,,,,,,,
Matching board,1,0,1,0,,,,,,,,,,
硬件,1,0,1,0,,,,,,,,,,
图象大小,1,0,1,0,,,,,,,,,,
输出电压最小值,1,0,1,0,,,,,,,,,,
Vertical resolution,1,0,1,0,,,,,,,,,,
유형,1,0,1,0,,,,,,,,,,
Slots,1,0,1,0,,,,,,,,,,
Output current,1,0,1,0,,,,,,,,,,
Emissivity value,1,0,1,0,,,,,,,,,,
동기식 정류기,1,0,1,0,,,,,,,,,,
@反向电压VR @Reverse Voltage,1,0,1,0,,,,,,,,,,
SR-Slew-Rate,1,0,1,0,,,,,,,,,,
电机类型 - 步进,1,0,1,0,,,,,,,,,,
切面高度,1,0,1,0,,,,,,,,,,
输入电压（最大值）,1,0,1,0,,,,,,,,,,
Wire size,1,0,1,0,,,,,,,,,,
电容值Capacitance,1,0,1,0,,,,,,,,,,
输入失调电压(Max.) (mV),1,0,1,0,,,,,,,,,,
Chipset manufac,1,0,1,0,,,,,,,,,,
Breaking capacity,1,0,1,0,,,,,,,,,,
Minimum Insulation Resistance,1,0,1,0,,,,,,,,,,
Operating temp.,1,0,1,0,,,,,,,,,,
比较器组数,1,0,1,0,,,,,,,,,,
可编程输入带宽(MHz),1,0,1,0,,,,,,,,,,
Phase angle measurement,1,0,1,0,,,,,,,,,,
倒退间距,1,0,1,0,,,,,,,,,,
Timer Output,1,0,1,0,,,,,,,,,,
Fastening Type,1,0,1,0,,,,,,,,,,
Number  of  Phases,0,1,0,1,,,,,,,,,,
